label,feature_1,feature_2,feature_3,feature_4,feature_5,feature_6,feature_7,feature_8,feature_9,feature_10,feature_11,feature_12,feature_13,feature_14,feature_15,feature_16,feature_17,feature_18,feature_19,feature_20,feature_21,feature_22,feature_23,feature_24,feature_25,feature_26,feature_27,feature_28,feature_29,feature_30,feature_31,feature_32,feature_33,feature_34,feature_35,feature_36,feature_37,feature_38,feature_39,feature_40,feature_41,feature_42,feature_43,feature_44,feature_45,feature_46,feature_47,feature_48,feature_49,feature_50,feature_51,feature_52,feature_53,feature_54,feature_55,feature_56,feature_57,feature_58,feature_59,feature_60,feature_61,feature_62,feature_63
HELLO,0.6639077663421631,1.130162000656128,8.485801572533092e-7,0.5873722434043884,1.0827438831329346,-0.03937866911292076,0.523159384727478,0.9943811297416687,-0.07192773371934891,0.4573240280151367,0.9263771772384644,-0.09973400831222534,0.403288871049881,0.8690921664237976,-0.1307382732629776,0.586879551410675,0.8574182391166687,-0.07658921182155609,0.5604168772697449,0.7060519456863403,-0.11989761888980865,0.5493873953819275,0.6036058068275452,-0.1498178243637085,0.5451890230178833,0.5220448970794678,-0.1696562021970749,0.654086709022522,0.850504994392395,-0.08222635090351105,0.6506376266479492,0.6826460957527161,-0.12022284418344498,0.6513266563415527,0.5714490413665771,-0.1485169380903244,0.6551731824874878,0.48115402460098267,-0.16781330108642578,0.7178380489349365,0.8787466883659363,-0.08976060152053833,0.7273162603378296,0.722804844379425,-0.12694405019283295,0.7322896718978882,0.6228572130203247,-0.15014304220676422,0.7363702058792114,0.5383539199829102,-0.16488634049892426,0.7746840715408325,0.928760826587677,-0.09843312948942184,0.8012595772743225,0.8243576884269714,-0.133882075548172,0.8136519193649292,0.7563322186470032,-0.1461319923400879,0.8217162489891052,0.6939829587936401,-0.1518775373697281
HELLO,0.6551234126091003,1.1118062734603882,9.199929422720743e-7,0.5651439428329468,1.0704790353775024,-0.05544500797986984,0.48713067173957825,0.9780862331390381,-0.09265073388814926,0.42710018157958984,0.8862446546554565,-0.12246378511190414,0.373645544052124,0.8048155903816223,-0.15124672651290894,0.5704407095909119,0.7912735939025879,-0.07174523174762726,0.5416895151138306,0.6383389830589294,-0.11089001595973969,0.5297120213508606,0.5414446592330933,-0.13912759721279144,0.5260336995124817,0.4629650413990021,-0.1588817685842514,0.6399672627449036,0.7817376852035522,-0.07089689373970032,0.6351357698440552,0.614957332611084,-0.10319437831640244,0.6366214156150818,0.5098696947097778,-0.12700845301151276,0.640473484992981,0.4253927767276764,-0.14349046349525452,0.7051512002944946,0.8097876906394958,-0.075199194252491,0.7135019898414612,0.6572284698486328,-0.10804202407598495,0.7187530994415283,0.5639156103134155,-0.12700845301151276,0.721799910068512,0.4836374819278717,-0.13973353803157806,0.7663393020629883,0.864525556564331,-0.08331900835037231,0.7917494177818298,0.7604786157608032,-0.1141015887260437,0.8041542768478394,0.6910004615783691,-0.1251905858516693,0.8116722106933594,0.6256191730499268,-0.13088658452033997
HELLO,0.6470386385917664,1.1333483457565308,7.148788085942215e-7,0.5568091869354248,1.082481026649475,-0.05908343195915222,0.4835434556007385,0.9833378791809082,-0.09513214230537415,0.4258139431476593,0.8880828022956848,-0.12408822029829025,0.3740304410457611,0.798970639705658,-0.15148264169692993,0.5726311206817627,0.7891576886177063,-0.06367085874080658,0.5439151525497437,0.6342460513114929,-0.10274530202150345,0.5286382436752319,0.5386466979980469,-0.13202674686908722,0.5216575860977173,0.4585092067718506,-0.15265388786792755,0.6417418718338013,0.7815433740615845,-0.06201157346367836,0.6366900205612183,0.6158747673034668,-0.09324511140584946,0.6371573209762573,0.5138490200042725,-0.11803672462701797,0.6402687430381775,0.4310636818408966,-0.135996013879776,0.7060003876686096,0.8099837899208069,-0.06702195107936859,0.7145305871963501,0.6570054292678833,-0.0992315411567688,0.719907820224762,0.56538987159729,-0.11745110154151917,0.7220786809921265,0.4846370220184326,-0.13033492863178253,0.7667433023452759,0.8637844920158386,-0.07691257447004318,0.7917996644973755,0.7569011449813843,-0.10612894594669342,0.8033905029296875,0.6890741586685181,-0.11621476709842682,0.8093748092651367,0.6259260177612305,-0.12200599163770676
HELLO,0.6380878686904907,1.109030842781067,8.476450830130489e-7,0.5449538826942444,1.0549603700637817,-0.05649912729859352,0.46811553835868835,0.9460145235061646,-0.0895049124956131,0.4071221351623535,0.8440468311309814,-0.11550331115722656,0.3561437427997589,0.7559001445770264,-0.13906435668468475,0.5568512082099915,0.7456564903259277,-0.05138746649026871,0.5268798470497131,0.5825369358062744,-0.08496873080730438,0.5137172341346741,0.4828554093837738,-0.11211809515953064,0.5093907713890076,0.4033919870853424,-0.13087214529514313,0.6256042718887329,0.7369780540466309,-0.046986691653728485,0.6231993436813354,0.5646923780441284,-0.06953217834234238,0.6257760524749756,0.46072301268577576,-0.08869245648384094,0.6290314197540283,0.38107579946517944,-0.10257180780172348,0.6904671788215637,0.7631067037582397,-0.049661003053188324,0.69887775182724,0.6125615835189819,-0.07129248976707458,0.7049253582954407,0.520177960395813,-0.08381775766611099,0.7081957459449768,0.44132497906684875,-0.0934317484498024,0.7521581053733826,0.8162159323692322,-0.05781935900449753,0.7757571339607239,0.7122591733932495,-0.07657340914011002,0.7888013124465942,0.64593505859375,-0.0807710736989975,0.7984678745269775,0.5843483805656433,-0.0826667919754982
HELLO,0.6262159943580627,1.1009266376495361,7.967441320033686e-7,0.5273011922836304,1.0368396043777466,-0.052571602165699005,0.4509966969490051,0.9177058339118958,-0.07971222698688507,0.39074885845184326,0.8099915981292725,-0.10065538436174393,0.3399425148963928,0.7168711423873901,-0.11846417933702469,0.5426269769668579,0.7111347317695618,-0.03462032228708267,0.5150479674339294,0.5457335710525513,-0.0613691508769989,0.5020708441734314,0.44799235463142395,-0.0851973369717598,0.4961010217666626,0.36690711975097656,-0.102721206843853,0.612638533115387,0.7034823298454285,-0.03088047169148922,0.6103343963623047,0.530331015586853,-0.046944018453359604,0.6121758222579956,0.4259845018386841,-0.06361305713653564,0.6135309338569641,0.34548208117485046,-0.07672034204006195,0.6782510280609131,0.7311148643493652,-0.03499430790543556,0.6876678466796875,0.5786455273628235,-0.05242913216352463,0.6939138174057007,0.4884636700153351,-0.06357744336128235,0.6946842670440674,0.4106624126434326,-0.07294487953186035,0.7418481707572937,0.7844418883323669,-0.04473572596907616,0.7689335346221924,0.6776726841926575,-0.0607636533677578,0.7825211882591248,0.6131778955459595,-0.0645034983754158,0.790335476398468,0.5530191659927368,-0.06664055585861206
HELLO,0.6266202926635742,1.1145529747009277,6.944745791770401e-7,0.5251253247261047,1.0435295104980469,-0.05473518371582031,0.4501309394836426,0.9203236699104309,-0.08087067306041718,0.3920361399650574,0.8074674010276794,-0.10095766186714172,0.3368462920188904,0.7145135998725891,-0.1180577501654625,0.544844925403595,0.710437536239624,-0.030074480921030045,0.5147427320480347,0.5468935966491699,-0.05783410742878914,0.4995681047439575,0.4491795301437378,-0.08318553119897842,0.49186113476753235,0.3654789626598358,-0.10185374319553375,0.6163079738616943,0.7021302580833435,-0.026415511965751648,0.6134222745895386,0.5306978821754456,-0.042190149426460266,0.6152441501617432,0.4268980324268341,-0.0591408833861351,0.6184357404708862,0.3466925323009491,-0.073030024766922,0.6812894940376282,0.7312631607055664,-0.031679946929216385,0.6918214559555054,0.5793463587760925,-0.04913472384214401,0.6970720291137695,0.4903096854686737,-0.05992494896054268,0.6980422735214233,0.4146396815776825,-0.06948307156562805,0.742698073387146,0.7861565351486206,-0.04316089302301407,0.7683370113372803,0.6794815063476562,-0.05839415267109871,0.7812552452087402,0.6160886883735657,-0.061306390911340714,0.7910125851631165,0.5576931238174438,-0.0635465756058693
HELLO,0.6149808168411255,1.1089025735855103,8.287934747386316e-7,0.5119121074676514,1.0321248769760132,-0.05114548280835152,0.4348066449165344,0.8985268473625183,-0.07444550842046738,0.3730001747608185,0.78173828125,-0.09243619441986084,0.3182356655597687,0.6838249564170837,-0.10656899958848953,0.5315886735916138,0.6885796785354614,-0.015966251492500305,0.5042257308959961,0.5163185596466064,-0.035427507013082504,0.4900677800178528,0.41822516918182373,-0.056187450885772705,0.483425110578537,0.33433371782302856,-0.07169534265995026,0.6023110151290894,0.6809430122375488,-0.011019769124686718,0.5992737412452698,0.5039764642715454,-0.01693071983754635,0.5999615788459778,0.39498960971832275,-0.02857118658721447,0.6012319326400757,0.31394368410110474,-0.03869333118200302,0.668192982673645,0.7081383466720581,-0.015183216892182827,0.6773691177368164,0.5553202033042908,-0.0210846196860075,0.6829359531402588,0.46238645911216736,-0.02629847824573517,0.6844866871833801,0.38254907727241516,-0.03315480053424835,0.7313493490219116,0.7589634656906128,-0.026088396087288857,0.7576436400413513,0.6554790735244751,-0.03174151852726936,0.7699021100997925,0.5902464389801025,-0.03059561736881733,0.7803221940994263,0.5290248394012451,-0.030213648453354836
HELLO,0.6163512468338013,1.1111209392547607,6.98174574154109e-7,0.5109081268310547,1.0280721187591553,-0.05018863454461098,0.43304893374443054,0.8974200487136841,-0.07255187630653381,0.37214213609695435,0.7809840440750122,-0.09000706672668457,0.31717538833618164,0.6831313967704773,-0.104097880423069,0.531225860118866,0.6843948364257812,-0.015664158388972282,0.503049910068512,0.5149815082550049,-0.03801749646663666,0.48945116996765137,0.41824397444725037,-0.06123172119259834,0.4833182096481323,0.3325619697570801,-0.07892440259456635,0.6032395362854004,0.6767755746841431,-0.012873701751232147,0.6012154817581177,0.5007517337799072,-0.022264281287789345,0.603573203086853,0.3958062529563904,-0.03607802838087082,0.6062904000282288,0.3170412480831146,-0.04860540106892586,0.6699133515357971,0.7069981694221497,-0.01954309083521366,0.6810159683227539,0.552177369594574,-0.030398163944482803,0.6856478452682495,0.46231189370155334,-0.03793833777308464,0.6861935257911682,0.3868865370750427,-0.04650760814547539,0.7320992946624756,0.7625032663345337,-0.032674070447683334,0.7579591274261475,0.6551603078842163,-0.04254951328039169,0.7695136070251465,0.5905819535255432,-0.04314322769641876,0.7791776657104492,0.5301718711853027,-0.04456814378499985
HELLO,0.6087221503257751,1.1070793867111206,7.842223794796155e-7,0.5020558834075928,1.017331600189209,-0.04871923476457596,0.42535868287086487,0.8759689927101135,-0.06932507455348969,0.36163419485092163,0.7549716234207153,-0.08569793403148651,0.3031412959098816,0.6599240303039551,-0.09847673773765564,0.5257962942123413,0.6696614027023315,-0.009404408745467663,0.49742555618286133,0.49740591645240784,-0.030788958072662354,0.48407116532325745,0.39809489250183105,-0.054110292345285416,0.477522075176239,0.31082335114479065,-0.07136169821023941,0.5971453189849854,0.6612551212310791,-0.005730499979108572,0.5977299809455872,0.48281487822532654,-0.011341198347508907,0.5978557467460632,0.37364938855171204,-0.022482726722955704,0.5971174836158752,0.2917403280735016,-0.032486144453287125,0.6638606786727905,0.6896287202835083,-0.011680634692311287,0.6743773818016052,0.5324196219444275,-0.016612458974123,0.6783952116966248,0.43990424275398254,-0.019737279042601585,0.6777871251106262,0.3618248701095581,-0.025218194350600243,0.7255486249923706,0.7432077527046204,-0.024679085239768028,0.7521570324897766,0.6378993988037109,-0.028991935774683952,0.76273512840271,0.5727885961532593,-0.025897067040205002,0.7724424600601196,0.5121649503707886,-0.024219848215579987
HELLO,0.6104992032051086,1.1086609363555908,7.164699127315544e-7,0.503633439540863,1.0221507549285889,-0.04687291011214256,0.4282262921333313,0.8844967484474182,-0.06716544926166534,0.36926499009132385,0.7637726664543152,-0.08361996710300446,0.3104516863822937,0.666053831577301,-0.09668558090925217,0.527773380279541,0.6662915349006653,-0.005894840229302645,0.4984326660633087,0.4941703677177429,-0.024804262444376945,0.485385537147522,0.39651918411254883,-0.04736287146806717,0.4802205264568329,0.30909398198127747,-0.06483814120292664,0.5986849069595337,0.6587790846824646,-0.0045193773694336414,0.5955239534378052,0.47867551445961,-0.008819294162094593,0.5962673425674438,0.3696745038032532,-0.020925408229231834,0.5970650911331177,0.2894367575645447,-0.03268446400761604,0.6644467711448669,0.6898884773254395,-0.012708356603980064,0.6755136251449585,0.5313626527786255,-0.017577342689037323,0.679606556892395,0.4385758936405182,-0.02210947871208191,0.6789290308952332,0.36155277490615845,-0.029581381008028984,0.7262600064277649,0.7470049262046814,-0.027784857898950577,0.751926064491272,0.6407213807106018,-0.03221491724252701,0.7620384693145752,0.574993908405304,-0.029948849231004715,0.7706958651542664,0.5131773352622986,-0.029928434640169144
HELLO,0.6121830344200134,1.0961816310882568,7.264069949997065e-7,0.5031771659851074,1.0083179473876953,-0.04801798239350319,0.4260564148426056,0.8652637004852295,-0.06706030666828156,0.3663174510002136,0.7385376691818237,-0.08210457116365433,0.3064550459384918,0.6431458592414856,-0.09372780472040176,0.5282491445541382,0.6532348394393921,-0.006594744045287371,0.4979581832885742,0.47813525795936584,-0.026935407891869545,0.48363280296325684,0.37822216749191284,-0.04995518550276756,0.4775390923023224,0.288785457611084,-0.06722517311573029,0.5995230674743652,0.644183874130249,-0.0031659924425184727,0.5964982509613037,0.46271371841430664,-0.008207364939153194,0.5961396098136902,0.3530857563018799,-0.01952662505209446,0.5960590839385986,0.2705468535423279,-0.030170952901244164,0.6658746004104614,0.6737610101699829,-0.009490248747169971,0.6753595471382141,0.5134527683258057,-0.014601176604628563,0.678939938545227,0.4208642244338989,-0.018630150705575943,0.6787161827087402,0.3423808515071869,-0.02514246292412281,0.7277076840400696,0.7289208769798279,-0.022834302857518196,0.754618227481842,0.6218981146812439,-0.027409406378865242,0.7653561234474182,0.5569146871566772,-0.025204287841916084,0.7751337885856628,0.4951499402523041,-0.024689072743058205
HELLO,0.6156998872756958,1.0863569974899292,7.475238135157269e-7,0.5117514133453369,0.997291624546051,-0.05151795595884323,0.4376111924648285,0.8598361015319824,-0.07418917119503021,0.3792418837547302,0.734243631362915,-0.0924256220459938,0.31966227293014526,0.6377456188201904,-0.10726345330476761,0.5345780849456787,0.6420309543609619,-0.012765511870384216,0.5065248608589172,0.4673118591308594,-0.03688735514879227,0.4935397505760193,0.36661970615386963,-0.06258416175842285,0.4875187277793884,0.27633532881736755,-0.08206400275230408,0.6064763069152832,0.6319993734359741,-0.00987980142235756,0.6086901426315308,0.4488648474216461,-0.019200075417757034,0.6119146347045898,0.34018802642822266,-0.033820316195487976,0.613282322883606,0.2569248676300049,-0.047248970717191696,0.6730027794837952,0.6622681617736816,-0.0168687105178833,0.6870356798171997,0.5004209280014038,-0.026546461507678032,0.6925592422485352,0.4057752192020416,-0.033385127782821655,0.6921937465667725,0.32650265097618103,-0.04204744100570679,0.7353482246398926,0.7200272679328918,-0.03098123148083687,0.7648823261260986,0.6121824979782104,-0.03935341536998749,0.7787421345710754,0.5462753176689148,-0.03873172402381897,0.7901180386543274,0.4858165383338928,-0.03958137705922127
HELLO,0.6179322004318237,1.0979363918304443,7.728551167929254e-7,0.5118324160575867,1.0027679204940796,-0.047981858253479004,0.4362817108631134,0.856480598449707,-0.06957577913999557,0.3726288080215454,0.7278416752815247,-0.08837666362524033,0.30975186824798584,0.626218855381012,-0.10396763682365417,0.5406414866447449,0.6427938342094421,-0.0001317377609666437,0.5105217099189758,0.4650452136993408,-0.019895169883966446,0.4950409531593323,0.3640878200531006,-0.0447719544172287,0.487521767616272,0.2724032700061798,-0.06428151577711105,0.6104142665863037,0.635928750038147,0.0014160588616505265,0.607151448726654,0.4538413882255554,-0.0026249850634485483,0.6092580556869507,0.34039536118507385,-0.015747305005788803,0.612303614616394,0.2552044093608856,-0.028555667027831078,0.6754835247993469,0.6669888496398926,-0.00719102518633008,0.683987021446228,0.5082498788833618,-0.009171162731945515,0.6902667284011841,0.41313469409942627,-0.011505641043186188,0.6915809512138367,0.3337114453315735,-0.018185999244451523,0.7377287745475769,0.7252174615859985,-0.02349068410694599,0.763458251953125,0.6173569560050964,-0.023845024406909943,0.7741350531578064,0.5499946475028992,-0.01894678920507431,0.7838804721832275,0.4883663058280945,-0.01769617572426796
HELLO,0.6196451187133789,1.0981656312942505,7.309363354579546e-7,0.5147029757499695,0.9988946914672852,-0.048913776874542236,0.4434067904949188,0.8538799285888672,-0.07069536298513412,0.3837493062019348,0.7250109314918518,-0.08940140902996063,0.321544349193573,0.6249995827674866,-0.10473699122667313,0.5447471141815186,0.6393139362335205,-0.0026766180526465178,0.5173395276069641,0.46223142743110657,-0.02683727629482746,0.5035253763198853,0.36092695593833923,-0.054011594504117966,0.4968990087509155,0.26872748136520386,-0.074571393430233,0.6171451210975647,0.631087064743042,-0.0013942639343440533,0.6198371648788452,0.4483013451099396,-0.00976906344294548,0.62311190366745,0.3379618227481842,-0.024836067110300064,0.6233243346214294,0.25074341893196106,-0.038612816482782364,0.6838473081588745,0.6633337736129761,-0.010559014044702053,0.6980258226394653,0.5028126239776611,-0.019085220992565155,0.7053331136703491,0.40582162141799927,-0.024520086124539375,0.7059083580970764,0.3234458863735199,-0.032040420919656754,0.7453998923301697,0.7223691344261169,-0.02698473259806633,0.7745615839958191,0.6116849184036255,-0.033409666270017624,0.7884065508842468,0.5461183786392212,-0.03046051599085331,0.7996457815170288,0.48531612753868103,-0.029554707929491997
HELLO,0.617206335067749,1.108647108078003,7.443848630828143e-7,0.5122092962265015,1.0123355388641357,-0.05239605903625488,0.43999767303466797,0.8698301911354065,-0.07810540497303009,0.37902936339378357,0.7380324602127075,-0.10045765340328217,0.3184118866920471,0.6312520503997803,-0.11966528743505478,0.5468965172767639,0.6491601467132568,-0.006305162329226732,0.5176289677619934,0.47154784202575684,-0.031148672103881836,0.5020625591278076,0.36915671825408936,-0.05970516428351402,0.495815634727478,0.27514541149139404,-0.08163246512413025,0.6183661222457886,0.6419041156768799,-0.004326499532908201,0.6186974048614502,0.45876291394233704,-0.012716562487185001,0.6215238571166992,0.3444863557815552,-0.028513995930552483,0.6248371601104736,0.2552248537540436,-0.043387167155742645,0.6831013560295105,0.6739166975021362,-0.01288654189556837,0.693703293800354,0.514915943145752,-0.018570218235254288,0.6999441981315613,0.4181755483150482,-0.022246016189455986,0.7024945020675659,0.335090696811676,-0.029767591506242752,0.7450786232948303,0.7331697940826416,-0.029491376131772995,0.7707861661911011,0.6228955984115601,-0.03284846618771553,0.7827104330062866,0.5545361638069153,-0.02893894352018833,0.7925027012825012,0.4912862777709961,-0.028344016522169113
HELLO,0.6181142330169678,1.1198151111602783,6.608014473385992e-7,0.5138373374938965,1.0293633937835693,-0.05316600576043129,0.43425190448760986,0.8866387605667114,-0.07845279574394226,0.366379976272583,0.7594845294952393,-0.09970219433307648,0.3034321665763855,0.6569808721542358,-0.11746670305728912,0.5324577689170837,0.6637672781944275,-0.012133408337831497,0.49662643671035767,0.48903965950012207,-0.03890765830874443,0.478285551071167,0.3866264522075653,-0.06727560609579086,0.4713820219039917,0.2961576581001282,-0.08797252923250198,0.6020722985267639,0.6502071022987366,-0.00960472971200943,0.5961505770683289,0.46707746386528015,-0.01969819702208042,0.5946623682975769,0.35520079731941223,-0.034424033015966415,0.5956505537033081,0.26816117763519287,-0.047301169484853745,0.6673820614814758,0.6776359677314758,-0.017498884350061417,0.6753568053245544,0.5162373781204224,-0.025690527632832527,0.6801431179046631,0.42066752910614014,-0.029919158667325974,0.6805946230888367,0.3399754762649536,-0.03646397218108177,0.7310925722122192,0.7337179183959961,-0.033234063535928726,0.7559886574745178,0.622694194316864,-0.03892890736460686,0.7689623832702637,0.5512243509292603,-0.03627273067831993,0.7803108096122742,0.4855603575706482,-0.03538025915622711
HELLO,0.6189551949501038,1.10252845287323,6.943577091078623e-7,0.5158998370170593,1.01882004737854,-0.05255556479096413,0.4354967772960663,0.8890734910964966,-0.07891880720853806,0.372147798538208,0.7687838077545166,-0.10058194398880005,0.31134673953056335,0.6727845668792725,-0.11929686367511749,0.5300775170326233,0.6571987271308899,-0.02162041887640953,0.49832776188850403,0.4811513423919678,-0.050290971994400024,0.4808379113674164,0.37917977571487427,-0.07891880720853806,0.4722355902194977,0.287936270236969,-0.09989830106496811,0.6000393629074097,0.6463577151298523,-0.01954810693860054,0.5978429317474365,0.46251150965690613,-0.03326382860541344,0.5978821516036987,0.3533550500869751,-0.05046188831329346,0.5990087389945984,0.2660304009914398,-0.06550218164920807,0.6657041907310486,0.6744980812072754,-0.026875976473093033,0.6778135299682617,0.5145284533500671,-0.0391816683113575,0.6819800734519958,0.42061373591423035,-0.04678727313876152,0.681172788143158,0.34017080068588257,-0.05580290034413338,0.7291500568389893,0.731260359287262,-0.04129670932888985,0.7562826871871948,0.6217693090438843,-0.0509319007396698,0.7701595425605774,0.5533133745193481,-0.05059007182717323,0.7814543843269348,0.4890441298484802,-0.051487360149621964
HELLO,0.6167961955070496,1.095824956893921,7.299400408555812e-7,0.5140842795372009,1.0151950120925903,-0.05629895254969597,0.4348903298377991,0.8839927315711975,-0.08369442075490952,0.36741548776626587,0.7626001238822937,-0.10572809725999832,0.3033018410205841,0.665290117263794,-0.12457818537950516,0.5304879546165466,0.6557990312576294,-0.022138390690088272,0.49795854091644287,0.48113390803337097,-0.04963858798146248,0.4794730544090271,0.3801916241645813,-0.07753672450780869,0.4702581465244293,0.2883588671684265,-0.09835560619831085,0.6009302735328674,0.6455362439155579,-0.01822175830602646,0.5981339812278748,0.4631328880786896,-0.030097320675849915,0.5985970497131348,0.35352039337158203,-0.045952342450618744,0.600342333316803,0.2665446102619171,-0.060236524790525436,0.6675102114677429,0.6749708652496338,-0.024170011281967163,0.6786937713623047,0.5168790221214294,-0.034998342394828796,0.6836464405059814,0.42356038093566895,-0.04100942984223366,0.6838060617446899,0.34315645694732666,-0.049010246992111206,0.7313061952590942,0.732200026512146,-0.03763735666871071,0.7575881481170654,0.6233970522880554,-0.04607800766825676,0.7707050442695618,0.5564642548561096,-0.04465378448367119,0.7818728685379028,0.49398374557495117,-0.04490511491894722
HELLO,0.6168418526649475,1.1081331968307495,6.797893661314447e-7,0.5113722085952759,1.0282717943191528,-0.04943634569644928,0.4280969500541687,0.897374153137207,-0.07345064729452133,0.355881929397583,0.7816448211669922,-0.09431824833154678,0.29261258244514465,0.6847649812698364,-0.11195634305477142,0.5166480541229248,0.6734333038330078,-0.009341771714389324,0.4756765365600586,0.5039301514625549,-0.03457231447100639,0.45486199855804443,0.4036348760128021,-0.06123647838830948,0.4456344544887543,0.3149343729019165,-0.08073775470256805,0.5858038067817688,0.6570596694946289,-0.008270444348454475,0.5743862390518188,0.4763502776622772,-0.016478780657052994,0.5690388083457947,0.3642140030860901,-0.03022489883005619,0.566270649433136,0.277904748916626,-0.0425218790769577,0.6538372039794922,0.680738627910614,-0.017213700339198112,0.6551106572151184,0.5196856260299683,-0.023413946852087975,0.6551270484924316,0.42292776703834534,-0.027036795392632484,0.6509732604026794,0.3420192301273346,-0.03353722020983696,0.7200384736061096,0.7328438758850098,-0.033640727400779724,0.7413710951805115,0.6245549917221069,-0.037988144904375076,0.7519057989120483,0.5530847311019897,-0.03480003774166107,0.7606066465377808,0.4891682267189026,-0.033723536878824234
HELLO,0.6158357858657837,1.09005606174469,7.386401534859033e-7,0.511349618434906,1.0193367004394531,-0.0545051246881485,0.4263896346092224,0.9006420373916626,-0.08092807978391647,0.3575233817100525,0.7870268225669861,-0.10212451964616776,0.29565146565437317,0.6949282288551331,-0.12012698501348495,0.514931857585907,0.6679583787918091,-0.022378625348210335,0.47664520144462585,0.4967951774597168,-0.0486564002931118,0.45521703362464905,0.3978133499622345,-0.0752037987112999,0.4427451491355896,0.30854523181915283,-0.09482399374246597,0.5850724577903748,0.6530597805976868,-0.018189115449786186,0.5774468183517456,0.47055956721305847,-0.029513241723179817,0.5734525322914124,0.36173272132873535,-0.04479873552918434,0.5706437230110168,0.277111291885376,-0.05865315720438957,0.6518367528915405,0.6769866347312927,-0.023623036220669746,0.656937837600708,0.5159904956817627,-0.03438717871904373,0.6561463475227356,0.422225683927536,-0.04193659499287605,0.6521271467208862,0.3430902659893036,-0.05097929760813713,0.7173312306404114,0.7280954718589783,-0.036170829087495804,0.7427719235420227,0.6207083463668823,-0.04575277864933014,0.755561113357544,0.5529619455337524,-0.04645794630050659,0.7660576105117798,0.4904826283454895,-0.04807567596435547
HELLO,0.6166324615478516,1.0867449045181274,7.622136308782501e-7,0.5092388391494751,1.0130410194396973,-0.051903385668992996,0.42415428161621094,0.8910961747169495,-0.07718443125486374,0.35365965962409973,0.7773395776748657,-0.09819778800010681,0.29057443141937256,0.6824741959571838,-0.11616277694702148,0.5127512812614441,0.6647579073905945,-0.011461826972663403,0.4711449444293976,0.49806129932403564,-0.032719049602746964,0.4483105540275574,0.40138787031173706,-0.057268496602773666,0.43345218896865845,0.3135983645915985,-0.0764528289437294,0.5825222730636597,0.6503549218177795,-0.008479516953229904,0.5720385313034058,0.47329217195510864,-0.015089374035596848,0.5652647614479065,0.3640511631965637,-0.029487788677215576,0.5598753094673157,0.2805927097797394,-0.043083470314741135,0.6493809819221497,0.6743233799934387,-0.015180825255811214,0.6488152146339417,0.5182615518569946,-0.020464647561311722,0.6480706334114075,0.4233882427215576,-0.025463955476880074,0.6426138281822205,0.3425525426864624,-0.03369452431797981,0.7142971754074097,0.7250346541404724,-0.029203275218605995,0.7356821298599243,0.6183639764785767,-0.03349129855632782,0.7447590231895447,0.5502548217773438,-0.031154224649071693,0.7521478533744812,0.4875953793525696,-0.031398091465234756
HELLO,0.6138986349105835,1.0818833112716675,7.477876806660788e-7,0.5088255405426025,1.0120298862457275,-0.052110251039266586,0.4241718351840973,0.8935491442680359,-0.07774221152067184,0.35454732179641724,0.781190037727356,-0.09857825189828873,0.2912406921386719,0.6890164613723755,-0.11614985018968582,0.5110078454017639,0.6636978387832642,-0.01800483837723732,0.4698180556297302,0.496013343334198,-0.041631780564785004,0.4481208324432373,0.3986664414405823,-0.0662158876657486,0.4350370168685913,0.3114855885505676,-0.08495623618364334,0.5807307362556458,0.6501206159591675,-0.014901597984135151,0.5684707760810852,0.47131916880607605,-0.025390146300196648,0.5637407898902893,0.3625156581401825,-0.040402572602033615,0.56061190366745,0.2796846926212311,-0.05376262590289116,0.6481108069419861,0.6745908260345459,-0.021178605034947395,0.647609293460846,0.5158772468566895,-0.03216085210442543,0.6466295123100281,0.4212319254875183,-0.04003985971212387,0.6417213678359985,0.3420321047306061,-0.04896670952439308,0.7144789695739746,0.7248073816299438,-0.034175943583250046,0.7371664047241211,0.6149656176567078,-0.04400958865880966,0.7477060556411743,0.5470157861709595,-0.04485592618584633,0.7560722231864929,0.48422443866729736,-0.04646799713373184
HELLO,0.6143126487731934,1.0827885866165161,7.481365287276276e-7,0.5084919333457947,1.012435793876648,-0.05372422933578491,0.42337363958358765,0.8909361362457275,-0.08040578663349152,0.35272401571273804,0.7759883403778076,-0.10223250836133957,0.28889575600624084,0.6817633509635925,-0.12084941565990448,0.5113630294799805,0.663921058177948,-0.01783451810479164,0.4702334702014923,0.4982950985431671,-0.04192816838622093,0.4477188289165497,0.4007813632488251,-0.06724555790424347,0.4337896406650543,0.31375426054000854,-0.08674517273902893,0.5822487473487854,0.649371325969696,-0.014484276995062828,0.5703678727149963,0.47166943550109863,-0.02543775923550129,0.5655572414398193,0.36303168535232544,-0.04074455052614212,0.5625187754631042,0.27979397773742676,-0.05444643646478653,0.649799108505249,0.6738592386245728,-0.02078353241086006,0.6485423445701599,0.5159953832626343,-0.032078057527542114,0.6471728086471558,0.4213300347328186,-0.039380379021167755,0.6423093676567078,0.34110623598098755,-0.04810705780982971,0.7153595089912415,0.7251425981521606,-0.03402400761842728,0.7375635504722595,0.6152482032775879,-0.04413491114974022,0.7476041316986084,0.5470234155654907,-0.04461638629436493,0.7549617886543274,0.4840003550052643,-0.04614104703068733
HELLO,0.6167106032371521,1.0717118978500366,7.130447556846775e-7,0.5135781764984131,0.9943355321884155,-0.049620620906353,0.43491581082344055,0.8694964647293091,-0.07274480164051056,0.36873310804367065,0.7556778788566589,-0.09129231423139572,0.3044910132884979,0.6701775193214417,-0.10646755248308182,0.5211787819862366,0.6464638113975525,-0.01607852801680565,0.48032063245773315,0.4795539081096649,-0.04014613479375839,0.45984217524528503,0.3821571469306946,-0.06471557170152664,0.44775429368019104,0.2963453233242035,-0.08270103484392166,0.5911163091659546,0.6323317289352417,-0.013147858902812004,0.581137478351593,0.4539264440536499,-0.022682568058371544,0.5762438774108887,0.34766218066215515,-0.036673493683338165,0.5715062022209167,0.2666906714439392,-0.04877755418419838,0.6588795781135559,0.6567295789718628,-0.01933036372065544,0.6615307331085205,0.4979342222213745,-0.02912602201104164,0.6606127023696899,0.40627527236938477,-0.03564976900815964,0.6552099585533142,0.3300451338291168,-0.043076805770397186,0.7243620157241821,0.7083063721656799,-0.03209683299064636,0.7489515542984009,0.5991774797439575,-0.039804890751838684,0.7604392170906067,0.5342198610305786,-0.03850014507770538,0.769821047782898,0.47540801763534546,-0.03799831494688988
HELLO,0.6172982454299927,1.0781699419021606,6.621597208322783e-7,0.5144053101539612,0.999103307723999,-0.049918774515390396,0.43279027938842773,0.8677834272384644,-0.07422986626625061,0.3608854413032532,0.7506768703460693,-0.09424599260091782,0.2939337491989136,0.65939861536026,-0.11126375198364258,0.5236716270446777,0.6466990113258362,-0.013320451602339745,0.4832228422164917,0.4821358025074005,-0.0373377799987793,0.46050089597702026,0.3865954279899597,-0.06328987330198288,0.4464203715324402,0.30052751302719116,-0.08281978219747543,0.5935772061347961,0.6325493454933167,-0.010929861105978489,0.5837464928627014,0.4580845832824707,-0.019935093820095062,0.5787680745124817,0.3505657911300659,-0.034582529217004776,0.5749984383583069,0.267198771238327,-0.04773077741265297,0.6596689224243164,0.6583579182624817,-0.017838262021541595,0.6623358726501465,0.5054366588592529,-0.02611416205763817,0.6635329127311707,0.41390103101730347,-0.031097937375307083,0.659365177154541,0.33682113885879517,-0.03812789544463158,0.7232391834259033,0.7111498117446899,-0.031584158539772034,0.7463955283164978,0.6042312383651733,-0.03758089616894722,0.7575300931930542,0.5391990542411804,-0.034764859825372696,0.7658982276916504,0.48001620173454285,-0.03387345373630524
HELLO,0.6167415976524353,1.05902099609375,6.947965403014678e-7,0.5150995254516602,0.9690563678741455,-0.05057546868920326,0.4448354244232178,0.8341822028160095,-0.07411501556634903,0.38267868757247925,0.7134520411491394,-0.0936703234910965,0.3191205859184265,0.6255670189857483,-0.10993252694606781,0.5421586036682129,0.6267665028572083,-0.015865817666053772,0.5056373476982117,0.45648646354675293,-0.04203781113028526,0.4878683090209961,0.3592938780784607,-0.06826062500476837,0.47734981775283813,0.2749398946762085,-0.08732806891202927,0.6119962930679321,0.6159071326255798,-0.013243535533547401,0.6077355146408081,0.4347245395183563,-0.02608051896095276,0.6060476899147034,0.33121582865715027,-0.04329812899231911,0.6041061282157898,0.2508689761161804,-0.05756822228431702,0.6784820556640625,0.6426122784614563,-0.019860222935676575,0.6872683763504028,0.4844698905944824,-0.033215560019016266,0.6878328919410706,0.3930853307247162,-0.04268829897046089,0.684569776058197,0.317046582698822,-0.05187644809484482,0.7435833215713501,0.6955503821372986,-0.032991956919431686,0.7755072712898254,0.586569607257843,-0.04268829897046089,0.791023313999176,0.519599199295044,-0.04293223097920418,0.8032792210578918,0.45956745743751526,-0.04366403445601463
HELLO,0.6180141568183899,1.0746043920516968,6.081118613110448e-7,0.5172502398490906,0.9828168153762817,-0.04569236561655998,0.44302406907081604,0.8409357070922852,-0.06819146126508713,0.38029807806015015,0.7193524837493896,-0.0876280814409256,0.31729114055633545,0.6267008781433105,-0.10436969250440598,0.5421705842018127,0.6243423819541931,-0.008610703982412815,0.5088969469070435,0.455735445022583,-0.034116148948669434,0.49037784337997437,0.35718679428100586,-0.06173982098698616,0.4803973138332367,0.27220815420150757,-0.08227892965078354,0.612869143486023,0.6140120625495911,-0.009371221996843815,0.6095635890960693,0.43844637274742126,-0.020906606689095497,0.6071595549583435,0.332907497882843,-0.03813822567462921,0.6050693988800049,0.25175604224205017,-0.0527973473072052,0.6783080697059631,0.6417880654335022,-0.019365152344107628,0.686764121055603,0.4865143895149231,-0.030563661828637123,0.6897720098495483,0.39531415700912476,-0.03854655474424362,0.6888077855110168,0.3204098641872406,-0.0474073626101017,0.7401819229125977,0.6971766948699951,-0.03581072762608528,0.7691331505775452,0.5909202694892883,-0.04418153688311577,0.7839676737785339,0.5250637531280518,-0.04356904327869415,0.7957473993301392,0.4655500650405884,-0.04405903443694115
HELLO,0.618065357208252,1.0784382820129395,5.790164436803025e-7,0.5179473757743835,0.987235963344574,-0.04456207901239395,0.4445202052593231,0.8442169427871704,-0.06636463105678558,0.3852122128009796,0.7200148105621338,-0.08521301299333572,0.3225215673446655,0.6292799711227417,-0.10127367079257965,0.5428623557090759,0.6254456639289856,-0.0098298704251647,0.5090258717536926,0.4572705328464508,-0.03649014234542847,0.48976409435272217,0.3583276569843292,-0.06490835547447205,0.47894400358200073,0.27230921387672424,-0.08579552918672562,0.6130130290985107,0.6140714287757874,-0.010714038275182247,0.6112951636314392,0.43833127617836,-0.02280113846063614,0.6092655062675476,0.33380040526390076,-0.039943598210811615,0.6070210337638855,0.2514699697494507,-0.05446476489305496,0.677855372428894,0.6411851644515991,-0.020523106679320335,0.6873534917831421,0.48611146211624146,-0.03185085952281952,0.6897920966148376,0.39602673053741455,-0.038840990513563156,0.6876721978187561,0.3223935067653656,-0.04680890589952469,0.7399197816848755,0.6974893808364868,-0.0367605946958065,0.7692787051200867,0.5902062058448792,-0.04468690603971481,0.7843126654624939,0.524126410484314,-0.04302258417010307,0.7951885461807251,0.46525490283966064,-0.04260650649666786
HELLO,0.6294906139373779,1.0555721521377563,6.113169206400926e-7,0.5294480919837952,0.9537365436553955,-0.04119357839226723,0.45845869183540344,0.8025839924812317,-0.05986465513706207,0.40253832936286926,0.6749944090843201,-0.07648441940546036,0.3494948744773865,0.5805618166923523,-0.09017375111579895,0.5635227560997009,0.5938034653663635,-0.009455894120037556,0.5359320640563965,0.42263180017471313,-0.0356048159301281,0.5235661268234253,0.3243262767791748,-0.062041547149419785,0.5159695744514465,0.24126562476158142,-0.08138243854045868,0.6349912881851196,0.5880907773971558,-0.01210898719727993,0.6407927870750427,0.4094763696193695,-0.025620397180318832,0.6431050300598145,0.306874543428421,-0.042449481785297394,0.6425334215164185,0.22792616486549377,-0.05613880977034569,0.7010775804519653,0.6189566254615784,-0.023317908868193626,0.7197924852371216,0.4630658030509949,-0.03734214976429939,0.7244132161140442,0.3721971809864044,-0.04563109949231148,0.7228376865386963,0.2980973720550537,-0.05383632332086563,0.7624951004981995,0.6799518465995789,-0.04048189893364906,0.8011937737464905,0.5732268691062927,-0.051533836871385574,0.8184875845909119,0.5070529580116272,-0.05128265917301178,0.8305391073226929,0.44922760128974915,-0.051157064735889435
HELLO,0.6266040802001953,1.0579781532287598,5.57140481305396e-7,0.5288069248199463,0.9554210305213928,-0.037928469479084015,0.45581406354904175,0.8020519018173218,-0.055191732943058014,0.40287572145462036,0.6742512583732605,-0.07087024301290512,0.3490990400314331,0.5792558789253235,-0.08418218791484833,0.5640407800674438,0.5895723700523376,-0.002908025635406375,0.5385164022445679,0.42146050930023193,-0.028779150918126106,0.5237279534339905,0.32222476601600647,-0.057135697454214096,0.5158483982086182,0.23662465810775757,-0.07826577126979828,0.6349464058876038,0.5853054523468018,-0.007094420026987791,0.641396701335907,0.4108566343784332,-0.01849937252700329,0.6453031897544861,0.3081354796886444,-0.03507591038942337,0.6473779082298279,0.22846612334251404,-0.04935983568429947,0.6998327970504761,0.6184486746788025,-0.020094692707061768,0.7163833975791931,0.4636375904083252,-0.03131476044654846,0.7231438755989075,0.3743062913417816,-0.03845672309398651,0.7232584953308105,0.3019986152648926,-0.046612925827503204,0.7598437070846558,0.6821683049201965,-0.039111752063035965,0.7959560751914978,0.5774416327476501,-0.047584909945726395,0.8133284449577332,0.5110020637512207,-0.04682422801852226,0.8263148665428162,0.45098352432250977,-0.047077786177396774
HELLO,0.6374441385269165,1.023863673210144,6.350077228489681e-7,0.5367984771728516,0.9207724332809448,-0.03983777388930321,0.471648246049881,0.7629671692848206,-0.05672966688871384,0.42699986696243286,0.6299090385437012,-0.07175878435373306,0.38119447231292725,0.5293405652046204,-0.08424777537584305,0.5838786363601685,0.5585061311721802,-0.011039000004529953,0.5647122859954834,0.3881765604019165,-0.036768440157175064,0.5574748516082764,0.2909686267375946,-0.062021609395742416,0.5546187162399292,0.2090516984462738,-0.08039524406194687,0.6567601561546326,0.5596956014633179,-0.01425650343298912,0.6723669767379761,0.3835936188697815,-0.02851300686597824,0.6798351407051086,0.2815321385860443,-0.04517205432057381,0.6853354573249817,0.2026347815990448,-0.058550093322992325,0.7223361730575562,0.5968266725540161,-0.02574002556502819,0.7484083771705627,0.4461119771003723,-0.04115017503499985,0.7572993636131287,0.35781851410865784,-0.050379328429698944,0.761085033416748,0.28492847084999084,-0.05884644016623497,0.7804372310638428,0.663029670715332,-0.04288593307137489,0.8258360624313354,0.5616020560264587,-0.05567127466201782,0.8490142822265625,0.4968087673187256,-0.05672966688871384,0.868293285369873,0.4391399025917053,-0.057237688452005386
HELLO,0.6348472237586975,1.020386815071106,5.847136321790458e-7,0.5385987162590027,0.9212870597839355,-0.03871851786971092,0.47100400924682617,0.7624611854553223,-0.05431085452437401,0.4220717251300812,0.628937840461731,-0.06778363883495331,0.37246325612068176,0.5305136442184448,-0.07878011465072632,0.5859918594360352,0.5558581948280334,-0.004202376119792461,0.5682525634765625,0.38752731680870056,-0.027113454416394234,0.5577728152275085,0.289265513420105,-0.05191848799586296,0.5534705519676208,0.20523273944854736,-0.07046980410814285,0.658519446849823,0.558302104473114,-0.006909524090588093,0.6729922294616699,0.3846404552459717,-0.015875641256570816,0.681270182132721,0.2812046706676483,-0.029736662283539772,0.6870176196098328,0.2016240358352661,-0.04178242385387421,0.7231793999671936,0.597505509853363,-0.01827850006520748,0.7467396259307861,0.44634073972702026,-0.028540480881929398,0.7576457262039185,0.35850539803504944,-0.034689273685216904,0.7630976438522339,0.28661489486694336,-0.041698481887578964,0.7803015112876892,0.6648840308189392,-0.035528700798749924,0.8201795816421509,0.5650413632392883,-0.04386000335216522,0.8425050377845764,0.5020139217376709,-0.0430205762386322,0.8624506592750549,0.44492053985595703,-0.04276874661445618
HELLO,0.6347229480743408,1.0163824558258057,5.815982149215415e-7,0.5391309261322021,0.9183790683746338,-0.040409233421087265,0.47150325775146484,0.7614259719848633,-0.05775725841522217,0.4236125648021698,0.6279061436653137,-0.07289507985115051,0.37440234422683716,0.5302886366844177,-0.08565589040517807,0.5853933095932007,0.5557535886764526,-0.008470716886222363,0.5680043697357178,0.38846102356910706,-0.034195635467767715,0.5577608346939087,0.289706289768219,-0.06050959229469299,0.5543282628059387,0.2050820291042328,-0.08002611994743347,0.6572795510292053,0.5568862557411194,-0.011144856922328472,0.6724933981895447,0.38452666997909546,-0.023019500076770782,0.6811836361885071,0.2813231945037842,-0.037927962839603424,0.6876766085624695,0.20164525508880615,-0.05050111189484596,0.7217684388160706,0.5951864123344421,-0.02256077714264393,0.7465469241142273,0.44646304845809937,-0.03536329045891762,0.7582171559333801,0.35920313000679016,-0.04216071590781212,0.7648344039916992,0.2880937457084656,-0.049250051379203796,0.7779024839401245,0.6627276539802551,-0.03995050862431526,0.8190958499908447,0.5621151924133301,-0.05033430829644203,0.8424020409584045,0.49991607666015625,-0.05012579262256622,0.8632880449295044,0.4435725510120392,-0.05012579262256622
HELLO,0.6387001872062683,0.9978576898574829,6.823468652328302e-7,0.5385419130325317,0.8932923674583435,-0.041692860424518585,0.47906237840652466,0.7247322201728821,-0.05665421485900879,0.44280290603637695,0.5828732252120972,-0.06896314024925232,0.3983386158943176,0.48073604702949524,-0.07849530875682831,0.5989805459976196,0.5325745344161987,-0.008148964494466782,0.586950421333313,0.360807865858078,-0.030627258121967316,0.5855827927589417,0.2634347677230835,-0.053380124270915985,0.5880501866340637,0.1809024214744568,-0.07041368633508682,0.6739035248756409,0.5387009382247925,-0.01005539670586586,0.6968635320663452,0.3630632758140564,-0.020939679816365242,0.7111515402793884,0.26041537523269653,-0.035559117794036865,0.7216677069664001,0.18199583888053894,-0.04770227149128914,0.7384013533592224,0.5808243751525879,-0.020711736753582954,0.7714415788650513,0.42868751287460327,-0.03470951318740845,0.7861877679824829,0.33918696641921997,-0.0434749610722065,0.7949085235595703,0.2651382088661194,-0.05168090760707855,0.7936578989028931,0.6505378484725952,-0.0370718315243721,0.8418008089065552,0.5513668656349182,-0.050064586102962494,0.8690798878669739,0.48981955647468567,-0.05159802362322807,0.8923603296279907,0.43432313203811646,-0.052468352019786835
HELLO,0.6403660774230957,0.9947746992111206,6.17518026047037e-7,0.5425055027008057,0.8947231769561768,-0.043019916862249374,0.48063966631889343,0.7319232225418091,-0.058572303503751755,0.439009428024292,0.5903658270835876,-0.07123997807502747,0.39202049374580383,0.4875444173812866,-0.08093932271003723,0.6031840443611145,0.5319321155548096,-0.0038018696941435337,0.5912999510765076,0.36194661259651184,-0.025251729413866997,0.5844836235046387,0.26304227113723755,-0.048580314964056015,0.5836790204048157,0.17763561010360718,-0.06634850054979324,0.6772658228874207,0.5371679067611694,-0.004329688847064972,0.6980962753295898,0.36458390951156616,-0.011998752132058144,0.7107807397842407,0.25994640588760376,-0.024352869018912315,0.7200543880462646,0.18013814091682434,-0.03532733395695686,0.7402886748313904,0.5800474286079407,-0.014308616518974304,0.7716381549835205,0.42924731969833374,-0.024729136377573013,0.7882386445999146,0.34106341004371643,-0.030540376901626587,0.7989266514778137,0.26770955324172974,-0.03708324953913689,0.7933415770530701,0.64924156665802,-0.030603088438510895,0.8384631872177124,0.5532599687576294,-0.040532369166612625,0.8643466234207153,0.49279388785362244,-0.04103405773639679,0.8883236050605774,0.4363834261894226,-0.041431229561567307
HELLO,0.6353002786636353,0.9815565943717957,7.271150934684556e-7,0.5381987690925598,0.875129222869873,-0.04445602744817734,0.48171988129615784,0.7051320672035217,-0.05906715989112854,0.4425031542778015,0.5574098825454712,-0.07060663402080536,0.3975549340248108,0.4516353905200958,-0.07878388464450836,0.6059127449989319,0.5154495239257812,-0.0020949020981788635,0.597758948802948,0.34202659130096436,-0.021439343690872192,0.5955082774162292,0.2418552041053772,-0.04211077839136124,0.5996513962745667,0.15590068697929382,-0.057904910296201706,0.6803146004676819,0.5237431526184082,-0.0014320568880066276,0.7066846489906311,0.3492981493473053,-0.0066102915443480015,0.7245287895202637,0.24472692608833313,-0.01640639267861843,0.7376766800880432,0.16675621271133423,-0.025361934676766396,0.743096113204956,0.5689147710800171,-0.010678163729608059,0.7780023217201233,0.4191235899925232,-0.020069550722837448,0.7949566841125488,0.3297412097454071,-0.025092126801609993,0.8064744472503662,0.25564414262771606,-0.03079960122704506,0.7959624528884888,0.6390901803970337,-0.026420412585139275,0.8433904051780701,0.542262852191925,-0.0368598997592926,0.8720618486404419,0.4813472628593445,-0.03764856606721878,0.899327278137207,0.42486971616744995,-0.03787686675786972
HELLO,0.6311715841293335,0.9825929999351501,6.703351687065151e-7,0.5351579189300537,0.8738269805908203,-0.04305329918861389,0.47784051299095154,0.7060949206352234,-0.057557664811611176,0.43906861543655396,0.5619475245475769,-0.06934507191181183,0.3949832618236542,0.4557362198829651,-0.07799753546714783,0.6060420870780945,0.5150420665740967,-0.00042223845957778394,0.597800076007843,0.34435611963272095,-0.019614331424236298,0.5938963294029236,0.24520975351333618,-0.04069163650274277,0.597174882888794,0.1585853397846222,-0.057097870856523514,0.6804001927375793,0.5242156982421875,-0.001180177670903504,0.7065672874450684,0.35172298550605774,-0.006797614507377148,0.7248625755310059,0.24585655331611633,-0.016845127567648888,0.738028347492218,0.1659146547317505,-0.026249974966049194,0.7424436807632446,0.5697975754737854,-0.011902356520295143,0.7778322100639343,0.42256876826286316,-0.021902844309806824,0.7971045970916748,0.3321428894996643,-0.027336755767464638,0.8095564246177673,0.2569347023963928,-0.033460356295108795,0.7936009168624878,0.6394445896148682,-0.029092326760292053,0.8419240713119507,0.5439812541007996,-0.03977205604314804,0.8714627027511597,0.4820491373538971,-0.0410260334610939,0.8995076417922974,0.42454084753990173,-0.04198741912841797
HELLO,0.6215837597846985,0.9760935306549072,6.812736614847381e-7,0.5256336331367493,0.8700777888298035,-0.0408681221306324,0.4665988087654114,0.6988570094108582,-0.052834104746580124,0.42743945121765137,0.5560872554779053,-0.06239853799343109,0.3840852379798889,0.4528413712978363,-0.06916464120149612,0.5963762998580933,0.5070773363113403,0.0009723668335936964,0.5883991718292236,0.3325898349285126,-0.017134537920355797,0.5864201784133911,0.23366209864616394,-0.03752683103084564,0.5912726521492004,0.14965170621871948,-0.052834104746580124,0.6716389060020447,0.5150656700134277,0.0005031508626416326,0.6994283199310303,0.34171372652053833,-0.003020210424438119,0.7173041701316833,0.23597955703735352,-0.012884839437901974,0.729876697063446,0.1582353115081787,-0.021843666210770607,0.7338239550590515,0.5584376454353333,-0.009517448022961617,0.7734367847442627,0.409188449382782,-0.01681085117161274,0.7938814759254456,0.32047104835510254,-0.022261327132582664,0.8071252107620239,0.24932453036308289,-0.028442706912755966,0.7834898233413696,0.6265032887458801,-0.025790562853217125,0.8331527709960938,0.537006139755249,-0.034665852785110474,0.8635164499282837,0.4777993857860565,-0.035772655159235,0.8926612734794617,0.42520493268966675,-0.03616943210363388
HELLO,0.5981025695800781,0.983647882938385,6.091665909480071e-7,0.5015197396278381,0.8753831386566162,-0.038031287491321564,0.4352831542491913,0.7126087546348572,-0.05282356217503548,0.3898181915283203,0.5826148986816406,-0.06606096774339676,0.34663107991218567,0.4830857515335083,-0.07736530154943466,0.557476282119751,0.507750928401947,-0.0028786109760403633,0.5446081757545471,0.3356073796749115,-0.02651684172451496,0.541752815246582,0.23462796211242676,-0.05164690315723419,0.544694185256958,0.15371966361999512,-0.0701792761683464,0.6327651143074036,0.512187659740448,-0.006398080848157406,0.6545050740242004,0.3388080298900604,-0.017870502546429634,0.6688848733901978,0.23918890953063965,-0.03399702534079552,0.6815919876098633,0.16623088717460632,-0.047402527183294296,0.6986364126205444,0.5525398850440979,-0.01882653683423996,0.7324479222297668,0.404186487197876,-0.03195888549089432,0.7509340047836304,0.319983571767807,-0.04246476665139198,0.7649181485176086,0.25305241346359253,-0.05231928080320358,0.7543094158172607,0.62323397397995,-0.036875639110803604,0.8054653406143188,0.5276644825935364,-0.04773871973156929,0.8345346450805664,0.46712806820869446,-0.05021810531616211,0.8596717119216919,0.413108229637146,-0.05257142335176468
HELLO,0.6010831594467163,0.9901291131973267,6.269125947255816e-7,0.5048553943634033,0.8836026191711426,-0.037329092621803284,0.4383847713470459,0.7182062864303589,-0.05084735527634621,0.3944171667098999,0.5821586847305298,-0.06302864849567413,0.3492323160171509,0.48306262493133545,-0.07334243506193161,0.5580772757530212,0.5122734308242798,-0.0017720176838338375,0.5461418032646179,0.33946362137794495,-0.024447476491332054,0.5424836874008179,0.23952296376228333,-0.04910717532038689,0.5450072288513184,0.15653708577156067,-0.06757011264562607,0.6327145099639893,0.5139039754867554,-0.005533576011657715,0.6577457189559937,0.3391376733779907,-0.01530089508742094,0.6753478646278381,0.23947292566299438,-0.030134910717606544,0.6897082328796387,0.16668710112571716,-0.04265575483441353,0.6977247595787048,0.5518054962158203,-0.0181658323854208,0.7342957258224487,0.4032074809074402,-0.0298590287566185,0.751663863658905,0.31860947608947754,-0.03902683034539223,0.7639353275299072,0.2522936165332794,-0.04779142141342163,0.7519387006759644,0.6192851662635803,-0.036480218172073364,0.8012107610702515,0.523189902305603,-0.046984992921352386,0.8310938477516174,0.4625169336795807,-0.04897984117269516,0.8582589030265808,0.40950897336006165,-0.05059269815683365
HELLO,0.5781078338623047,0.9952031970024109,5.719064120057737e-7,0.47694024443626404,0.8929871320724487,-0.035488639026880264,0.4033229947090149,0.7373490333557129,-0.04955987632274628,0.3508310317993164,0.6134037375450134,-0.06335268169641495,0.297426700592041,0.5194340348243713,-0.0753035917878151,0.510109543800354,0.521079957485199,0.0027467820327728987,0.48648786544799805,0.3533959984779358,-0.020303700119256973,0.47865059971809387,0.25440722703933716,-0.045447733253240585,0.47739177942276,0.17338934540748596,-0.06450922042131424,0.5834856033325195,0.5178698897361755,-0.0024308753199875355,0.593376100063324,0.34657713770866394,-0.014660213142633438,0.6026250123977661,0.24710440635681152,-0.03141932934522629,0.6105177998542786,0.17370662093162537,-0.045619070529937744,0.6510542035102844,0.550326406955719,-0.01690904051065445,0.6738519072532654,0.401376336812973,-0.03148358687758446,0.6841016411781311,0.3166866898536682,-0.043498747050762177,0.6905256509780884,0.24917760491371155,-0.054400209337472916,0.7112219333648682,0.6131373643875122,-0.036902185529470444,0.7574659585952759,0.5159450769424438,-0.04866034537553787,0.7828312516212463,0.4534769058227539,-0.05320083349943161,0.8044852018356323,0.3975650668144226,-0.05756998434662819
HELLO,0.5843912363052368,1.0064489841461182,5.86558201121079e-7,0.4847024083137512,0.9122703075408936,-0.035491861402988434,0.40678757429122925,0.747447669506073,-0.04849635064601898,0.34978795051574707,0.6144379377365112,-0.06063104420900345,0.29393890500068665,0.5223606824874878,-0.07081400603055954,0.5118224620819092,0.5277796983718872,-0.0003825239837169647,0.4879903495311737,0.3579695224761963,-0.02337838150560856,0.4765984117984772,0.2591320276260376,-0.048156917095184326,0.47294121980667114,0.1770656406879425,-0.06695296615362167,0.5833012461662292,0.5208789110183716,-0.005242633633315563,0.5918174982070923,0.3472057282924652,-0.01633516699075699,0.5997238159179688,0.2463022768497467,-0.031779322773218155,0.60577791929245,0.17198428511619568,-0.044805027544498444,0.6504006385803223,0.550483226776123,-0.018933942541480064,0.6744683384895325,0.40057724714279175,-0.03258547559380531,0.6843844652175903,0.31907516717910767,-0.04285329580307007,0.6898075938224792,0.25524821877479553,-0.05218767374753952,0.710179328918457,0.6111177206039429,-0.03812246024608612,0.7555384635925293,0.5129448175430298,-0.05036322399973869,0.7816022038459778,0.4488823115825653,-0.05490313097834587,0.8048961162567139,0.39129602909088135,-0.058509595692157745
HELLO,0.5864352583885193,1.009669303894043,5.650074967888941e-7,0.4861332178115845,0.9155824184417725,-0.03373069316148758,0.40839147567749023,0.7477420568466187,-0.04556338116526604,0.35177141427993774,0.6135714054107666,-0.05694345012307167,0.29383811354637146,0.5239211320877075,-0.0666423812508583,0.5119479298591614,0.5287642478942871,0.00043510441901162267,0.48716408014297485,0.3582850396633148,-0.02336362563073635,0.47512274980545044,0.2592483162879944,-0.04862392693758011,0.47060340642929077,0.17615163326263428,-0.06772003322839737,0.5833659172058105,0.5208250880241394,-0.00533710140734911,0.5919444561004639,0.34602755308151245,-0.01655282825231552,0.5994885563850403,0.2464633285999298,-0.03181246668100357,0.6049454212188721,0.17303326725959778,-0.04470125213265419,0.6508160829544067,0.5500708222389221,-0.019785800948739052,0.6755083799362183,0.3997877538204193,-0.03273925185203552,0.685062050819397,0.3173120319843292,-0.041770029813051224,0.6902860999107361,0.25326400995254517,-0.050391290336847305,0.7101401090621948,0.6121212840080261,-0.03976558521389961,0.7554800510406494,0.5124328136444092,-0.05095167085528374,0.7816689014434814,0.447845995426178,-0.054313965141773224,0.8045775890350342,0.38990718126296997,-0.05711587890982628
HELLO,0.5757855772972107,1.0153099298477173,5.766777917415311e-7,0.4664532244205475,0.9273459315299988,-0.036079227924346924,0.3810175657272339,0.7753323912620544,-0.04781636968255043,0.31819236278533936,0.6533421874046326,-0.059011127799749374,0.2621404230594635,0.560502827167511,-0.06751567125320435,0.47430580854415894,0.5428672432899475,0.007956738583743572,0.43622514605522156,0.374958872795105,-0.01339682750403881,0.41733235120773315,0.27563542127609253,-0.037554509937763214,0.4077457785606384,0.1930200457572937,-0.054889023303985596,0.545569658279419,0.5299450159072876,0.005727550480514765,0.5432628989219666,0.3559436798095703,0.0002496650558896363,0.5446534156799316,0.2577959895133972,-0.010180504061281681,0.5454429984092712,0.18705886602401733,-0.01896166242659092,0.6154841184616089,0.5544423460960388,-0.006351289805024862,0.624494731426239,0.40508002042770386,-0.011682901531457901,0.6270947456359863,0.3185782730579376,-0.015089058317244053,0.627079427242279,0.2511858642101288,-0.020046425983309746,0.6789944767951965,0.6097701787948608,-0.02505803294479847,0.7142528295516968,0.5100017786026001,-0.027357731014490128,0.733706533908844,0.4460190534591675,-0.024667520076036453,0.7510015964508057,0.38947468996047974,-0.023322410881519318
HELLO,0.5720218420028687,1.0056748390197754,6.559427561114717e-7,0.4646821916103363,0.9157974123954773,-0.037220146507024765,0.3817726969718933,0.7698493599891663,-0.049252431839704514,0.3191767632961273,0.6463747620582581,-0.06048544496297836,0.2584620416164398,0.563017725944519,-0.06891020387411118,0.47439274191856384,0.5439285039901733,0.00797111727297306,0.43813055753707886,0.37674665451049805,-0.011729855090379715,0.4178321361541748,0.2810073494911194,-0.03469271957874298,0.4066474437713623,0.19754889607429504,-0.05136942118406296,0.5431183576583862,0.5294259190559387,0.006637196987867355,0.5441823601722717,0.3557647466659546,0.0029999699909240007,0.5456246733665466,0.25717461109161377,-0.007134041748940945,0.546308696269989,0.18568256497383118,-0.015553398989140987,0.6097700595855713,0.5517920851707458,-0.004333890043199062,0.6217571496963501,0.40130582451820374,-0.008710983209311962,0.6229227185249329,0.3156979978084564,-0.011891870759427547,0.6224886178970337,0.24840375781059265,-0.01632026955485344,0.6713970303535461,0.6039632558822632,-0.021861165761947632,0.7073547840118408,0.5069848895072937,-0.02512305974960327,0.7271572351455688,0.4436718225479126,-0.022919662296772003,0.7468567490577698,0.38740086555480957,-0.020986288785934448
HELLO,0.5734598636627197,1.0028902292251587,6.493345381386462e-7,0.4653949737548828,0.9144150018692017,-0.037512049078941345,0.38190990686416626,0.7692538499832153,-0.049703992903232574,0.3194926381111145,0.6461489200592041,-0.060938455164432526,0.2592659890651703,0.5621551871299744,-0.06932175159454346,0.4740099012851715,0.5435709357261658,0.007617306895554066,0.4378300905227661,0.3770776689052582,-0.012213224545121193,0.4175853133201599,0.28131788969039917,-0.035490695387125015,0.40685731172561646,0.19779330492019653,-0.05255516618490219,0.5430766344070435,0.5292763113975525,0.006345983128994703,0.5429012179374695,0.3572930097579956,0.0025546171236783266,0.5440738797187805,0.2587701380252838,-0.0079843420535326,0.5449994802474976,0.18669497966766357,-0.016851697117090225,0.6100579500198364,0.5512921214103699,-0.004571979865431786,0.6219714879989624,0.4020061492919922,-0.009074809029698372,0.6236819624900818,0.3163597583770752,-0.012617495842278004,0.6238297820091248,0.24929124116897583,-0.017372993752360344,0.6729151010513306,0.6032872796058655,-0.022064656019210815,0.7077884674072266,0.5060918927192688,-0.025341374799609184,0.7268013954162598,0.44346997141838074,-0.023192359134554863,0.7468131184577942,0.3880244195461273,-0.021468888968229294
HELLO,0.5696519613265991,1.0014567375183105,6.497961066997959e-7,0.4598330557346344,0.923149824142456,-0.03317572921514511,0.37233835458755493,0.784237265586853,-0.039836250245571136,0.3058498799800873,0.6710983514785767,-0.04634875804185867,0.247775137424469,0.582324206829071,-0.0491398349404335,0.45358195900917053,0.5514619946479797,0.02469678409397602,0.40930232405662537,0.3882373571395874,0.017528796568512917,0.3858189582824707,0.296640008687973,0.0036897165700793266,0.373135507106781,0.21626409888267517,-0.006602372508496046,0.5238387584686279,0.5333709716796875,0.024168172851204872,0.5104969143867493,0.361415296792984,0.03706631809473038,0.5051012635231018,0.2598896026611328,0.03941335901618004,0.4990542232990265,0.18941617012023926,0.0395825169980526,0.5932453274726868,0.5555939674377441,0.013194172643125057,0.5957701206207275,0.4056723713874817,0.02226516604423523,0.5971836447715759,0.32073092460632324,0.029221709817647934,0.5926759243011475,0.25297367572784424,0.03131501376628876,0.6578078269958496,0.6030250787734985,-0.0049689593724906445,0.6870327591896057,0.5032013058662415,-0.0011120688868686557,0.6990950703620911,0.43946197628974915,0.0060473293997347355,0.709970235824585,0.38238412141799927,0.012189808301627636
HELLO,0.5711521506309509,1.0000269412994385,6.749870067324082e-7,0.46036186814308167,0.9217926263809204,-0.03506404906511307,0.3749573230743408,0.7845636606216431,-0.04436245933175087,0.31185629963874817,0.668764591217041,-0.0527963861823082,0.25054559111595154,0.5856843590736389,-0.05773023143410683,0.45488569140434265,0.5502679347991943,0.01932423748075962,0.4110066890716553,0.3900086581707001,0.00869748741388321,0.3855665922164917,0.2994309663772583,-0.008997946977615356,0.3699394464492798,0.21708440780639648,-0.022813772782683372,0.5246110558509827,0.5341808199882507,0.018533553928136826,0.5154154896736145,0.36409464478492737,0.025133103132247925,0.5114068984985352,0.26188230514526367,0.01971430517733097,0.5076430439949036,0.186492919921875,0.013726216740906239,0.592518150806427,0.5569032430648804,0.007970061153173447,0.5957287549972534,0.4100150763988495,0.01218702457845211,0.5968822240829468,0.3239445686340332,0.013325604610145092,0.5947617888450623,0.25407055020332336,0.011122241616249084,0.6567459106445312,0.6053342819213867,-0.009324761107563972,0.6818789839744568,0.503180205821991,-0.00627800403162837,0.6945464611053467,0.4395594596862793,0.00001687403164396528,0.7077873945236206,0.3816452622413635,0.004556956235319376
HELLO,0.5745208263397217,0.993208110332489,6.943217272237234e-7,0.46150141954421997,0.91727614402771,-0.03554011136293411,0.3745715022087097,0.7795956134796143,-0.04462398216128349,0.3108599781990051,0.6625416874885559,-0.05253573879599571,0.2487310767173767,0.5805336833000183,-0.05684743821620941,0.45567747950553894,0.5483982563018799,0.019664272665977478,0.40885046124458313,0.38786792755126953,0.010512379929423332,0.3824304938316345,0.29679545760154724,-0.005939049646258354,0.3663210868835449,0.21393045783042908,-0.01893170364201069,0.5256852507591248,0.5323304533958435,0.019727064296603203,0.5145541429519653,0.3612957298755646,0.027858590707182884,0.5099108815193176,0.2584823966026306,0.02417481131851673,0.5058321356773376,0.18477177619934082,0.019454969093203545,0.5936822295188904,0.5544906854629517,0.009921091608703136,0.5939088463783264,0.40445220470428467,0.015603742562234402,0.5930660963058472,0.31752896308898926,0.018115410581231117,0.5885739922523499,0.24768003821372986,0.016597943380475044,0.6581268310546875,0.6025415062904358,-0.006666387431323528,0.6820737719535828,0.4989987015724182,-0.0032128430902957916,0.6928622126579285,0.4357258379459381,0.003422148758545518,0.7052227258682251,0.3772129416465759,0.008141993544995785
HELLO,0.5752062797546387,0.9955170750617981,6.723220735693758e-7,0.4628666043281555,0.9189473390579224,-0.03600282967090607,0.3755749762058258,0.7807666063308716,-0.04606030136346817,0.3104531764984131,0.6630574464797974,-0.05468099191784859,0.24826914072036743,0.5796132683753967,-0.059595201164484024,0.4565733075141907,0.5484675765037537,0.016148174181580544,0.4099433422088623,0.3880190849304199,0.005169290117919445,0.38328817486763,0.2969517111778259,-0.01237922627478838,0.3661877512931824,0.21444231271743774,-0.026195235550403595,0.5267244577407837,0.5323200225830078,0.015606778673827648,0.5147883296012878,0.3615375757217407,0.020854154601693153,0.5097250938415527,0.25855258107185364,0.015211143530905247,0.5050421953201294,0.18368560075759888,0.009208937175571918,0.5944339036941528,0.5554333925247192,0.005466016940772533,0.5958870649337769,0.4061107039451599,0.00798038486391306,0.5955318808555603,0.31908994913101196,0.00871959887444973,0.5911234021186829,0.24919748306274414,0.006361402105540037,0.6590319275856018,0.604290783405304,-0.011233964934945107,0.6831591725349426,0.49976271390914917,-0.010250082239508629,0.6944047212600708,0.43508803844451904,-0.0047918749041855335,0.7056610584259033,0.3754391074180603,-0.0007697973633185029
HELLO,0.5759004950523376,0.9949510097503662,6.796902880523703e-7,0.46254271268844604,0.9187778830528259,-0.03585263341665268,0.3751744031906128,0.7806785106658936,-0.04550526663661003,0.3108237683773041,0.6630072593688965,-0.05394609645009041,0.2485535740852356,0.579521656036377,-0.05875151976943016,0.45649486780166626,0.5485002994537354,0.018511325120925903,0.4099862575531006,0.3884848952293396,0.0084617231041193,0.38335341215133667,0.2972385287284851,-0.008775120601058006,0.36629873514175415,0.21459633111953735,-0.02250191569328308,0.526596188545227,0.5321236848831177,0.01802033558487892,0.5146059989929199,0.3615005910396576,0.024507656693458557,0.5094234943389893,0.25873950123786926,0.019493304193019867,0.504858672618866,0.18414098024368286,0.013779028318822384,0.5944337844848633,0.5547322034835815,0.007756579201668501,0.5950238704681396,0.40546542406082153,0.011658374220132828,0.5948328375816345,0.31885647773742676,0.013256699778139591,0.5910294651985168,0.24879491329193115,0.01121961884200573,0.6585938930511475,0.6032676696777344,-0.009250439703464508,0.682532787322998,0.49994462728500366,-0.0072394744493067265,0.6934293508529663,0.43588000535964966,-0.0012548944214358926,0.7048609852790833,0.3767562806606293,0.0029981660190969706
HELLO,0.5872792601585388,0.9922921657562256,6.040922357897216e-7,0.4789435565471649,0.9111997485160828,-0.03230242431163788,0.39691007137298584,0.7622889876365662,-0.04113495722413063,0.333721399307251,0.6471496224403381,-0.04973779618740082,0.2703838646411896,0.5723795890808105,-0.05579319968819618,0.47752535343170166,0.535088062286377,0.008926494978368282,0.43616244196891785,0.372816264629364,-0.008665485307574272,0.41340336203575134,0.2789403200149536,-0.029253844171762466,0.3978080749511719,0.1986101269721985,-0.04489348083734512,0.5466534495353699,0.5201205015182495,0.004648562986403704,0.5383771657943726,0.34921324253082275,0.0011132017243653536,0.5342186689376831,0.2500767707824707,-0.008895172737538815,0.5289266705513,0.17745527625083923,-0.017529338598251343,0.6156642436981201,0.5433549880981445,-0.00844623800367117,0.6202625036239624,0.3937004506587982,-0.014616481959819794,0.618527352809906,0.3092173933982849,-0.018552493304014206,0.612682044506073,0.2413865029811859,-0.023428132757544518,0.6819232702255249,0.5955823063850403,-0.027311939746141434,0.7146190404891968,0.49013468623161316,-0.03274092078208923,0.7295503616333008,0.4245414733886719,-0.03084077686071396,0.7419294118881226,0.36521053314208984,-0.029295606538653374
HELLO,0.586475670337677,0.9956132173538208,5.984718995932781e-7,0.47960251569747925,0.9106352925300598,-0.0323534719645977,0.39384880661964417,0.7591741681098938,-0.03985542058944702,0.32771068811416626,0.6387822031974792,-0.04678679630160332,0.26408663392066956,0.5593936443328857,-0.05092871934175491,0.4801773726940155,0.5328960418701172,0.01566956378519535,0.43900570273399353,0.37120169401168823,0.0005378818023018539,0.41531890630722046,0.27831119298934937,-0.019853748381137848,0.3997346758842468,0.19704574346542358,-0.0353119894862175,0.5487326383590698,0.5196437239646912,0.013038598001003265,0.5425658822059631,0.3503017723560333,0.013915585353970528,0.5383975505828857,0.2501859664916992,0.005600046366453171,0.5332875847816467,0.17654377222061157,-0.002167376223951578,0.6156630516052246,0.5436839461326599,0.0011279338505119085,0.6211195588111877,0.39503973722457886,-0.0005464667337946594,0.6197425127029419,0.311191588640213,-0.0028396460693329573,0.6149463057518005,0.24421823024749756,-0.006920811254531145,0.6785380840301514,0.5959551334381104,-0.016821270808577538,0.7089453935623169,0.495702862739563,-0.018342792987823486,0.7235373258590698,0.43241822719573975,-0.015257484279572964,0.738064169883728,0.3745906949043274,-0.013006899505853653
HELLO,0.6053478121757507,0.9844332337379456,5.78581705212855e-7,0.4975261092185974,0.8866393566131592,-0.033829573541879654,0.421661913394928,0.7260137796401978,-0.04410342499613762,0.36517834663391113,0.5989384055137634,-0.05452556163072586,0.30897194147109985,0.5052801966667175,-0.062320977449417114,0.5158061981201172,0.5130411386489868,0.005666506476700306,0.4796243906021118,0.34737569093704224,-0.015728527680039406,0.4617769122123718,0.2525065243244171,-0.03859579190611839,0.45019668340682983,0.170909583568573,-0.05592365190386772,0.5859718322753906,0.5072075128555298,-0.0004180372634436935,0.5832191705703735,0.3334105908870697,-0.010236782021820545,0.5848870277404785,0.23370495438575745,-0.024593697860836983,0.587401270866394,0.15769657492637634,-0.03611735627055168,0.6539247632026672,0.5376986265182495,-0.015431961975991726,0.663324773311615,0.3857738971710205,-0.029868315905332565,0.666736364364624,0.30072516202926636,-0.0386381633579731,0.6674761772155762,0.2297024428844452,-0.04609464854001999,0.7187784910202026,0.5970062613487244,-0.03586316108703613,0.7566099762916565,0.49259018898010254,-0.0499076247215271,0.7786874771118164,0.429012656211853,-0.052195411175489426,0.7985396385192871,0.3715772032737732,-0.05308510363101959
HELLO,0.600877583026886,0.9908905625343323,5.507571358975838e-7,0.5019403100013733,0.8934804201126099,-0.032940953969955444,0.4247584342956543,0.7295911312103271,-0.04252919554710388,0.36754536628723145,0.5984281301498413,-0.05164868012070656,0.307072252035141,0.5093981027603149,-0.058765292167663574,0.5160292983055115,0.5121596455574036,0.008560172282159328,0.48388412594795227,0.347411572933197,-0.012411451898515224,0.4661041498184204,0.25059759616851807,-0.036435335874557495,0.45570337772369385,0.16670164465904236,-0.05501522496342659,0.586157500743866,0.5039384961128235,0.0034038270823657513,0.5857934951782227,0.3349640369415283,-0.004780805669724941,0.5884277820587158,0.23642298579216003,-0.019037995487451553,0.5901221036911011,0.16071733832359314,-0.03136421740055084,0.6537623405456543,0.5326953530311584,-0.010792103596031666,0.6677298545837402,0.3859468698501587,-0.022543029859662056,0.671347439289093,0.304085910320282,-0.031151147559285164,0.6712111234664917,0.2367139756679535,-0.03933311626315117,0.7164181470870972,0.5927861332893372,-0.03040539287030697,0.7547848224639893,0.49299776554107666,-0.04067546874284744,0.7761192321777344,0.42946428060531616,-0.04306187853217125,0.7943716049194336,0.37053486704826355,-0.0450008325278759
HELLO,0.6231197714805603,0.9767187237739563,5.794737489850377e-7,0.5246968269348145,0.8650578260421753,-0.03387836739420891,0.45775744318962097,0.6980875730514526,-0.04574331268668175,0.4058302640914917,0.5705760717391968,-0.0577155239880085,0.3551531434059143,0.47341352701187134,-0.06797129660844803,0.5671622157096863,0.4928218722343445,0.0014509339816868305,0.5438609719276428,0.32372531294822693,-0.02222798764705658,0.5319066643714905,0.22545015811920166,-0.047588493674993515,0.5248185992240906,0.14174073934555054,-0.06689851731061935,0.6376268267631531,0.49576014280319214,-0.005771552678197622,0.648505449295044,0.32104578614234924,-0.018290886655449867,0.6573922634124756,0.22121354937553406,-0.03707525506615639,0.6669785976409912,0.1431487798690796,-0.052480362355709076,0.7032071352005005,0.5348954796791077,-0.0212303027510643,0.7291764616966248,0.3849748969078064,-0.03625994175672531,0.7401503920555115,0.2987675368785858,-0.04793177917599678,0.7471399307250977,0.22543248534202576,-0.058702487498521805,0.7620687484741211,0.6044686436653137,-0.041945669800043106,0.8073148727416992,0.5069574117660522,-0.055226679891347885,0.8334205746650696,0.44682419300079346,-0.057372238487005234,0.8558849096298218,0.39312976598739624,-0.05930324271321297
HELLO,0.6240100264549255,0.9741238355636597,5.771138944510312e-7,0.5285822749137878,0.8674333095550537,-0.037285104393959045,0.45930129289627075,0.7011961936950684,-0.05237516388297081,0.40669557452201843,0.5676878094673157,-0.06611291319131851,0.3539995551109314,0.47156786918640137,-0.07821929454803467,0.565778911113739,0.4935321509838104,-0.004660638049244881,0.5460736155509949,0.32427743077278137,-0.031017258763313293,0.5348537564277649,0.22473439574241638,-0.05855714902281761,0.5309144854545593,0.1400364339351654,-0.07920670509338379,0.6383868455886841,0.4927670359611511,-0.009337374940514565,0.6509701609611511,0.319262832403183,-0.021969662979245186,0.6606581807136536,0.21929991245269775,-0.039088185876607895,0.668878436088562,0.1421758532524109,-0.053791869431734085,0.704685628414154,0.5305455923080444,-0.02268875017762184,0.7313944697380066,0.38267701864242554,-0.03646942600607872,0.7425509095191956,0.29891785979270935,-0.046837132424116135,0.7477626800537109,0.23099148273468018,-0.056968722492456436,0.762664258480072,0.6001682877540588,-0.04164254665374756,0.8077501058578491,0.502710223197937,-0.052933257073163986,0.8336533308029175,0.44205164909362793,-0.055509086698293686,0.8560866117477417,0.3874515891075134,-0.058084916323423386
HELLO,0.6230431199073792,0.9743701219558716,5.69912572245812e-7,0.5284186601638794,0.868744969367981,-0.03726402297616005,0.45932191610336304,0.702836275100708,-0.05231543257832527,0.4071989059448242,0.5692360997200012,-0.06590886414051056,0.3547692894935608,0.47223734855651855,-0.07782991975545883,0.5655362010002136,0.4926568269729614,-0.0038110932800918818,0.5459455847740173,0.32400980591773987,-0.029824083670973778,0.5349065661430359,0.22479680180549622,-0.05716104060411453,0.5308707356452942,0.14075112342834473,-0.07770128548145294,0.6380406618118286,0.4924926459789276,-0.008415495045483112,0.6498746871948242,0.31950291991233826,-0.020861849188804626,0.6599885821342468,0.22002875804901123,-0.03790724277496338,0.6692180037498474,0.14303076267242432,-0.05252983793616295,0.7040081024169922,0.5308262705802917,-0.021740920841693878,0.7310844659805298,0.3831046521663666,-0.0354415588080883,0.742152988910675,0.299055278301239,-0.045668795704841614,0.7478580474853516,0.23049211502075195,-0.055703066289424896,0.7625299692153931,0.6006568074226379,-0.04065166413784027,0.80745530128479,0.503594160079956,-0.051672205328941345,0.8327187299728394,0.44293150305747986,-0.05403069034218788,0.8545520901679993,0.38722968101501465,-0.05647493153810501
HELLO,0.6386085748672485,0.9644603729248047,6.275097916841332e-7,0.5441610813140869,0.8469218015670776,-0.03687909618020058,0.484300434589386,0.6718000173568726,-0.04768553003668785,0.43998968601226807,0.5392063856124878,-0.05746278166770935,0.39700376987457275,0.43743959069252014,-0.06470994651317596,0.6045675873756409,0.4786413908004761,-0.0021910364739596844,0.5909057855606079,0.30144932866096497,-0.024014296010136604,0.5869001150131226,0.20036178827285767,-0.0464419350028038,0.5860200524330139,0.11499464511871338,-0.06290887296199799,0.6784713268280029,0.4874858856201172,-0.005853484850376844,0.7020873427391052,0.31290149688720703,-0.014344253577291965,0.7181074023246765,0.212638258934021,-0.02828112244606018,0.7317990064620972,0.13642659783363342,-0.03968791291117668,0.7442407011985779,0.5314418077468872,-0.01797855831682682,0.7785683274269104,0.38595932722091675,-0.0285169780254364,0.795752763748169,0.3027825951576233,-0.03567838296294212,0.8070640563964844,0.2330426573753357,-0.04271114245057106,0.8004165291786194,0.603844404220581,-0.03580702841281891,0.8508580923080444,0.5100732445716858,-0.044855277985334396,0.8793802261352539,0.453283429145813,-0.043740324676036835,0.903845489025116,0.403979629278183,-0.04249672591686249
HELLO,0.6375483274459839,0.96091628074646,6.174443001327745e-7,0.5459447503089905,0.8489516973495483,-0.03730754181742668,0.485528826713562,0.679528534412384,-0.05086025223135948,0.44350141286849976,0.5426097512245178,-0.06284506618976593,0.39889103174209595,0.44108209013938904,-0.07285387814044952,0.6058922410011292,0.48003286123275757,-0.003431134158745408,0.5954640507698059,0.30451732873916626,-0.027857160195708275,0.5903303027153015,0.20036479830741882,-0.05279328674077988,0.5901287794113159,0.11388006806373596,-0.07066310942173004,0.6809260249137878,0.4856491684913635,-0.007377744186669588,0.7080840468406677,0.310371071100235,-0.018009426072239876,0.7246324419975281,0.20822685956954956,-0.03277565538883209,0.7360243797302246,0.13225579261779785,-0.044588636606931686,0.7447854280471802,0.5268972516059875,-0.019953198730945587,0.7824641466140747,0.3822561502456665,-0.032303135842084885,0.8015141487121582,0.297061949968338,-0.04055074602365494,0.8130046725273132,0.23013770580291748,-0.04798218235373497,0.7982739806175232,0.5972561836242676,-0.0381881482899189,0.8488948941230774,0.5046147704124451,-0.04819696769118309,0.8799647092819214,0.4486139118671417,-0.048540618270635605,0.9070771932601929,0.40052422881126404,-0.048325832933187485
HELLO,0.6509547829627991,0.9588561654090881,6.569450761162443e-7,0.5520775318145752,0.8416827917098999,-0.03770408779382706,0.4958062171936035,0.6580156683921814,-0.0460183247923851,0.4588083028793335,0.510550856590271,-0.05315094813704491,0.41166090965270996,0.4065481424331665,-0.057103969156742096,0.624121904373169,0.4718998670578003,0.008287379518151283,0.6188364028930664,0.297228068113327,-0.007809365168213844,0.6178968548774719,0.1966829001903534,-0.026253215968608856,0.6218100190162659,0.110361248254776,-0.04094814136624336,0.700796902179718,0.48154744505882263,0.005389750935137272,0.7289124727249146,0.30798274278640747,0.0015454917447641492,0.7493194341659546,0.20391139388084412,-0.007938267663121223,0.7631568312644958,0.1276147961616516,-0.016413632780313492,0.7653711438179016,0.528449296951294,-0.007191705983132124,0.8063868880271912,0.3816111981868744,-0.01791749894618988,0.8284590840339661,0.29975995421409607,-0.022772841155529022,0.8414565324783325,0.23311501741409302,-0.027370374649763107,0.8205294013023376,0.6008399128913879,-0.02575908973813057,0.877163290977478,0.5099400281906128,-0.03770408779382706,0.9096455574035645,0.4547992944717407,-0.03847750648856163,0.9372185468673706,0.4051739573478699,-0.037961892783641815
HELLO,0.6495153903961182,0.9618644714355469,6.778647616556555e-7,0.5550137162208557,0.844160258769989,-0.03778886795043945,0.49736183881759644,0.6640133857727051,-0.047052957117557526,0.4562373161315918,0.5161105394363403,-0.05476585030555725,0.4102000296115875,0.41036391258239746,-0.059117820113897324,0.6286492347717285,0.47518008947372437,0.011677062138915062,0.6200907230377197,0.2993127107620239,-0.0030296805780380964,0.6171422600746155,0.19807612895965576,-0.021178141236305237,0.6213549971580505,0.11146718263626099,-0.03507427126169205,0.7035282850265503,0.48590022325515747,0.010233587585389614,0.7316896319389343,0.3128538131713867,0.011003799736499786,0.7514839172363281,0.20675912499427795,0.004241552669554949,0.7650449872016907,0.12682059407234192,-0.0024022001307457685,0.7664515972137451,0.5327016711235046,-0.001286604325287044,0.8058920502662659,0.3887403607368469,-0.005418415181338787,0.8292757272720337,0.29960569739341736,-0.008817044086754322,0.8443855047225952,0.2264341115951538,-0.013432929292321205,0.8183488845825195,0.6035085320472717,-0.019196053966879845,0.8716734647750854,0.5154328346252441,-0.024840686470270157,0.904550313949585,0.45933157205581665,-0.02400045469403267,0.9362970590591431,0.40896451473236084,-0.023052502423524857
HELLO,0.6543171405792236,0.9630941152572632,6.756504831173515e-7,0.5584355592727661,0.8472452163696289,-0.043096061795949936,0.5017794370651245,0.6729642748832703,-0.05581187829375267,0.4614657759666443,0.5248649716377258,-0.06618247181177139,0.41688644886016846,0.4145292043685913,-0.07276628911495209,0.6321545243263245,0.4782412052154541,0.005787739064544439,0.6259371042251587,0.30336835980415344,-0.011166678741574287,0.6224665641784668,0.2026883065700531,-0.03031570464372635,0.6275164484977722,0.11572352051734924,-0.04492489993572235,0.7073370218276978,0.49061980843544006,0.005922212731093168,0.7348042726516724,0.3182087242603302,0.004370388109236956,0.753231406211853,0.21324771642684937,-0.0027432593051344156,0.7670705914497375,0.13244333863258362,-0.009569133631885052,0.770912766456604,0.5404491424560547,-0.004448383115231991,0.8142857551574707,0.39821672439575195,-0.011941245757043362,0.8376002311706543,0.31220245361328125,-0.014888904988765717,0.8538758754730225,0.2396640181541443,-0.01846051961183548,0.8247029185295105,0.6136108636856079,-0.021612579002976418,0.8796518445014954,0.523351788520813,-0.030810566619038582,0.9137732982635498,0.46578362584114075,-0.0307029876857996,0.9459024667739868,0.41116806864738464,-0.029691746458411217
HELLO,0.6540959477424622,0.964820384979248,7.069773459988937e-7,0.5561477541923523,0.8509002923965454,-0.04246430844068527,0.49997061491012573,0.6727886199951172,-0.05394056811928749,0.4612502455711365,0.5223570466041565,-0.06291641294956207,0.4166261851787567,0.41243141889572144,-0.06817369908094406,0.6319379806518555,0.4800199866294861,0.008259916678071022,0.6243106126785278,0.302773118019104,-0.006518174894154072,0.62232905626297,0.2010515034198761,-0.024384384974837303,0.6287269592285156,0.11383992433547974,-0.0382755771279335,0.7083300948143005,0.49176913499832153,0.00866062380373478,0.7347412705421448,0.31922847032546997,0.00901324674487114,0.7540422081947327,0.21238872408866882,0.002309410599991679,0.7684230208396912,0.13058236241340637,-0.0043222978711128235,0.7716463804244995,0.5400646924972534,-0.001418504398316145,0.8120309710502625,0.3967452049255371,-0.0069081964902579784,0.8355889320373535,0.30675461888313293,-0.01066950336098671,0.8514910936355591,0.23132142424583435,-0.015387166291475296,0.824144721031189,0.6117062568664551,-0.018186775967478752,0.8773925304412842,0.523189902305603,-0.02600858546793461,0.9106841683387756,0.46584266424179077,-0.02622229792177677,0.9425021409988403,0.41189703345298767,-0.02581624500453472
HELLO,0.6505527496337891,0.9732808470726013,6.76456011206028e-7,0.5532488822937012,0.8612756729125977,-0.041507966816425323,0.4937892556190491,0.6894940137863159,-0.05494457110762596,0.4537287652492523,0.5414300560951233,-0.06607040762901306,0.4101616442203522,0.430324524641037,-0.07390130311250687,0.6249970197677612,0.49036651849746704,0.003284264588728547,0.6162906885147095,0.3126280605792999,-0.014570580795407295,0.6139480471611023,0.21049651503562927,-0.034875255078077316,0.6196011304855347,0.12376606464385986,-0.05036585032939911,0.7022784948348999,0.4999241828918457,0.002518025226891041,0.7283034920692444,0.32601648569107056,-0.0008170544169843197,0.7475870251655579,0.21851328015327454,-0.01074072252959013,0.7620563507080078,0.13719522953033447,-0.019898150116205215,0.766330897808075,0.546755850315094,-0.008157172240316868,0.8048644065856934,0.4026010036468506,-0.015308738686144352,0.8284751176834106,0.3136574625968933,-0.02067909762263298,0.8438161611557007,0.23952162265777588,-0.027065763249993324,0.8188543915748596,0.6179076433181763,-0.02526850998401642,0.8716846704483032,0.5300576686859131,-0.032949626445770264,0.9040627479553223,0.4721660912036896,-0.03348451852798462,0.9342990517616272,0.4186539053916931,-0.03395523130893707
HELLO,0.6490224599838257,0.9747692346572876,6.735816668879124e-7,0.5504958033561707,0.8627047538757324,-0.04118664190173149,0.4917208254337311,0.6908114552497864,-0.053872641175985336,0.4531444311141968,0.5429733991622925,-0.06437287479639053,0.40881818532943726,0.4343164563179016,-0.07161589711904526,0.6247671246528625,0.4906209111213684,0.004221523646265268,0.6155527234077454,0.3135204017162323,-0.013586019165813923,0.6118762493133545,0.2107422649860382,-0.034029338508844376,0.6160948872566223,0.12253677845001221,-0.04975826293230057,0.7012519836425781,0.5007468461990356,0.0031152486335486174,0.7273104786872864,0.3279739022254944,-0.0003555883595254272,0.7458073496818542,0.21970844268798828,-0.010253801941871643,0.7600284814834595,0.13649693131446838,-0.01936114951968193,0.7650746703147888,0.5472947359085083,-0.007955536246299744,0.8044784665107727,0.40321362018585205,-0.016200365498661995,0.8271757960319519,0.31308186054229736,-0.02194335125386715,0.8433387875556946,0.23780015110969543,-0.028200635686516762,0.8174067735671997,0.6190353631973267,-0.025414859876036644,0.8705364465713501,0.5291945338249207,-0.03501507267355919,0.9037749767303467,0.4707423150539398,-0.03627939149737358,0.9355109333992004,0.4160730838775635,-0.03681511431932449
HELLO,0.6380511522293091,0.9818653464317322,6.608091212001455e-7,0.5377810001373291,0.8774148225784302,-0.04202171415090561,0.4724248945713043,0.7123327851295471,-0.05744252726435661,0.4264947175979614,0.5730431079864502,-0.07063588500022888,0.3826918303966522,0.46737444400787354,-0.08143046498298645,0.5984115600585938,0.50489342212677,-0.004072058480232954,0.5874703526496887,0.3278724253177643,-0.02685791440308094,0.585054874420166,0.22221684455871582,-0.05084584653377533,0.5891069173812866,0.1366003453731537,-0.06870828568935394,0.6777459979057312,0.5112876296043396,-0.006013046484440565,0.7043744921684265,0.33504003286361694,-0.016149017959833145,0.7235541939735413,0.22937560081481934,-0.03171975165605545,0.7389781475067139,0.15142956376075745,-0.04480602964758873,0.7445392608642578,0.555195152759552,-0.017273452132940292,0.7825762629508972,0.40988022089004517,-0.030327599495649338,0.8055660724639893,0.32320255041122437,-0.041100747883319855,0.8212164044380188,0.2536044716835022,-0.05101718753576279,0.7983506917953491,0.6276740431785583,-0.03450406715273857,0.8524139523506165,0.5403664708137512,-0.04626243934035301,0.8850074410438538,0.48336002230644226,-0.049475107342004776,0.9141604900360107,0.4327215552330017,-0.05200241133570671
HELLO,0.6133830547332764,0.999919593334198,6.387598432411323e-7,0.5150671005249023,0.8959872126579285,-0.04711049050092697,0.44726014137268066,0.7363027930259705,-0.066398486495018,0.3953765034675598,0.6026633381843567,-0.08244336396455765,0.34775105118751526,0.4967203438282013,-0.09567184746265411,0.5723097920417786,0.5203107595443726,-0.0100867236033082,0.5550409555435181,0.34321528673171997,-0.03616498410701752,0.548541784286499,0.2381247580051422,-0.0627286434173584,0.5484691262245178,0.1524313986301422,-0.08197396248579025,0.6508306860923767,0.5240530371665955,-0.010230743326246738,0.6698998808860779,0.34585365653038025,-0.021506965160369873,0.681769609451294,0.24115481972694397,-0.03738115355372429,0.6906141638755798,0.1642245054244995,-0.0502682626247406,0.7188896536827087,0.5662331581115723,-0.020045429468154907,0.7525011301040649,0.41937658190727234,-0.032943204045295715,0.7722568511962891,0.3295203447341919,-0.04256586730480194,0.7857317328453064,0.256538063287735,-0.05146309360861778,0.7751884460449219,0.6389787197113037,-0.036378346383571625,0.8252785205841064,0.547538697719574,-0.04715316370129585,0.8562600016593933,0.48929014801979065,-0.04856135696172714,0.8840088248252869,0.43717706203460693,-0.04945748299360275
HELLO,0.6142226457595825,0.9973729848861694,6.47699437195115e-7,0.5163755416870117,0.8987278938293457,-0.047958072274923325,0.44850337505340576,0.7398263216018677,-0.0675029307603836,0.3981285095214844,0.6024460792541504,-0.0836898535490036,0.35223138332366943,0.49593326449394226,-0.0966910570859909,0.5740033984184265,0.5239101648330688,-0.01280747540295124,0.5581604838371277,0.34681436419487,-0.04046731814742088,0.5493707656860352,0.24209174513816833,-0.06776123493909836,0.5485088229179382,0.15355849266052246,-0.08721998333930969,0.650547981262207,0.5259541273117065,-0.01187113020569086,0.6710031032562256,0.3485105335712433,-0.022924302145838737,0.683747410774231,0.24092558026313782,-0.03607618063688278,0.6925925612449646,0.15958842635154724,-0.04692486673593521,0.7177827954292297,0.5673715472221375,-0.02095475047826767,0.7537090182304382,0.42004042863845825,-0.03342858701944351,0.7737644910812378,0.32948580384254456,-0.03949868306517601,0.7864911556243896,0.25549396872520447,-0.04528895393013954,0.7739503979682922,0.6383302211761475,-0.03693718835711479,0.8254907131195068,0.5414355397224426,-0.04761367291212082,0.8566715717315674,0.4798625111579895,-0.047742825001478195,0.8846465945243835,0.42413976788520813,-0.047183167189359665
HELLO,0.5975598096847534,1.015260934829712,6.334991553558211e-7,0.49884745478630066,0.9122406244277954,-0.04741138964891434,0.42916691303253174,0.754423975944519,-0.06607695668935776,0.3722487688064575,0.6209851503372192,-0.08158176392316818,0.3199118971824646,0.5167127847671509,-0.09396851062774658,0.5474487543106079,0.5395489931106567,-0.005739554297178984,0.5228367447853088,0.35906726121902466,-0.030582481995224953,0.5127812623977661,0.2531897723674774,-0.05710723251104355,0.5102157592773438,0.16495686769485474,-0.07632806897163391,0.6250497102737427,0.5376245379447937,-0.004746478050947189,0.635826587677002,0.35774821043014526,-0.01390306930989027,0.6442926526069641,0.2502673864364624,-0.028745824471116066,0.6501572132110596,0.17064619064331055,-0.04094037786126137,0.6939184069633484,0.5759415030479431,-0.013860356993973255,0.7213830351829529,0.4268168807029724,-0.024987082928419113,0.738030195236206,0.3350568115711212,-0.03380730748176575,0.7479403614997864,0.2601771354675293,-0.041986845433712006,0.7521091103553772,0.6436242461204529,-0.029685508459806442,0.8003448247909546,0.5481264591217041,-0.03914643079042435,0.829068124294281,0.48633110523223877,-0.04023560881614685,0.8535283803939819,0.43020355701446533,-0.04083359241485596
HELLO,0.5994847416877747,1.020906925201416,6.554267883984721e-7,0.5009407997131348,0.919182538986206,-0.04383814334869385,0.4307464361190796,0.758936882019043,-0.06214536726474762,0.3753867745399475,0.6211498379707336,-0.07792968302965164,0.3228396773338318,0.5183166861534119,-0.09065201133489609,0.5487964749336243,0.5411650538444519,-0.006026935763657093,0.5265941023826599,0.36339887976646423,-0.03202146664261818,0.5150884985923767,0.2589801251888275,-0.05904025211930275,0.5130038857460022,0.16967326402664185,-0.0782746896147728,0.624488115310669,0.5384858250617981,-0.006873294245451689,0.6391780376434326,0.35910385847091675,-0.01608620397746563,0.6503784656524658,0.24930599331855774,-0.02917511574923992,0.6578667163848877,0.16719266772270203,-0.04004300385713577,0.6924687623977661,0.5760204195976257,-0.017498601227998734,0.7215760350227356,0.426805317401886,-0.027924444526433945,0.7393353581428528,0.3338732421398163,-0.03398372232913971,0.7494446039199829,0.2595760226249695,-0.04004300385713577,0.7508169412612915,0.6432526707649231,-0.034738440066576004,0.7988145351409912,0.5438213348388672,-0.043277498334646225,0.827677845954895,0.4809218645095825,-0.04265216365456581,0.8533709049224854,0.4254657030105591,-0.041681814938783646
HELLO,0.5922108888626099,1.0250269174575806,6.571140716005175e-7,0.4903947412967682,0.9263461232185364,-0.04169715195894241,0.41455185413360596,0.7690386772155762,-0.05530678853392601,0.35233187675476074,0.6377869248390198,-0.06715824455022812,0.3000222146511078,0.534496009349823,-0.07592745870351791,0.5288125276565552,0.5502820611000061,0.005947433412075043,0.4977617859840393,0.37087833881378174,-0.01230728067457676,0.48199743032455444,0.26612070202827454,-0.03390470892190933,0.4760371744632721,0.17724958062171936,-0.049619827419519424,0.6042656302452087,0.5445841550827026,0.006245890632271767,0.6093592643737793,0.360523521900177,0.006734274793416262,0.6155904531478882,0.2500659227371216,-0.0003362727875355631,0.6194730401039124,0.170587956905365,-0.007304056081920862,0.6735374331474304,0.5799276232719421,-0.003850094974040985,0.6967021226882935,0.4249076843261719,-0.005410211160778999,0.7113240957260132,0.3307705819606781,-0.007548247929662466,0.7183892726898193,0.2545388340950012,-0.012057661078870296,0.7333424091339111,0.6437763571739197,-0.02103307843208313,0.7786784768104553,0.5478518605232239,-0.023833146318793297,0.8046453595161438,0.4836561977863312,-0.021771080791950226,0.829214334487915,0.42527884244918823,-0.02033848501741886
HELLO,0.5962978601455688,1.0336525440216064,6.787166171307035e-7,0.49000754952430725,0.9314329624176025,-0.04287160187959671,0.4128420352935791,0.771721601486206,-0.058915842324495316,0.3521463871002197,0.634936511516571,-0.07256866246461868,0.29313337802886963,0.534966766834259,-0.08296046406030655,0.5282912850379944,0.5513638854026794,0.0015734444605186582,0.5013872981071472,0.3724915087223053,-0.018663931638002396,0.4861682653427124,0.26869404315948486,-0.04243680089712143,0.47984227538108826,0.17805621027946472,-0.06056809797883034,0.604417085647583,0.5458512902259827,0.00041408216929994524,0.6126346588134766,0.3650338053703308,-0.004331727512180805,0.6206969022750854,0.2534383237361908,-0.01634860411286354,0.625933051109314,0.1686423122882843,-0.027392607182264328,0.6726440787315369,0.5823413133621216,-0.010815730318427086,0.698386013507843,0.4270903468132019,-0.018783502280712128,0.7138925194740295,0.33119529485702515,-0.025131627917289734,0.7223379611968994,0.2522803843021393,-0.032327622175216675,0.7330257892608643,0.6459881663322449,-0.02865353599190712,0.7781737446784973,0.5442182421684265,-0.03654521331191063,0.8041513562202454,0.4780638813972473,-0.0366104319691658,0.8283357620239258,0.41740620136260986,-0.036806099116802216
HELLO,0.595848023891449,1.0331943035125732,7.84257281338796e-7,0.4853847324848175,0.9358424544334412,-0.0437859408557415,0.4042600989341736,0.7779372930526733,-0.058702029287815094,0.3396513760089874,0.6420628428459167,-0.07217463105916977,0.28135204315185547,0.5380650758743286,-0.08214784413576126,0.5196757912635803,0.5558390617370605,0.01387721300125122,0.4872589111328125,0.3770226836204529,-0.001455795019865036,0.4715249240398407,0.27250581979751587,-0.021882036700844765,0.4662545323371887,0.1816680133342743,-0.03746519237756729,0.5953664779663086,0.5486116409301758,0.014500539749860764,0.6002302765846252,0.36654195189476013,0.018142078071832657,0.6064421534538269,0.25375422835350037,0.01258681807667017,0.6105925440788269,0.17059850692749023,0.006293409038335085,0.664389967918396,0.5808036923408508,0.0035786586813628674,0.6843268275260925,0.42409151792526245,0.004177380353212357,0.6962101459503174,0.32748648524284363,0.0036552075762301683,0.7011690735816956,0.2467758059501648,-0.00026279492885805666,0.7246654033660889,0.6400480270385742,-0.015047316439449787,0.7678960561752319,0.5443471074104309,-0.017081327736377716,0.792809009552002,0.4795859456062317,-0.014839541167020798,0.8165447115898132,0.41927772760391235,-0.013614759780466557
HELLO,0.5970577001571655,1.0334821939468384,7.370070420620323e-7,0.4841950237751007,0.9391591548919678,-0.04289501905441284,0.4044976532459259,0.7753780484199524,-0.05601636320352554,0.34249264001846313,0.6371223330497742,-0.06713245064020157,0.28052660822868347,0.5382978320121765,-0.07493550330400467,0.5190000534057617,0.5538631677627563,0.007803057786077261,0.4866715371608734,0.37668105959892273,-0.008309820666909218,0.46946266293525696,0.273032546043396,-0.02794279158115387,0.4631948471069336,0.18268796801567078,-0.04311298578977585,0.5934642553329468,0.5476841330528259,0.0077758124098181725,0.5979435443878174,0.36611396074295044,0.008288024924695492,0.603569507598877,0.25298187136650085,0.0017941037658602,0.6070923805236816,0.16832441091537476,-0.0050403825007379055,0.6625373363494873,0.5832120180130005,-0.0031958750914782286,0.6841492652893066,0.4267997741699219,-0.008151797577738762,0.6971012949943542,0.3296045660972595,-0.011900752782821655,0.7028745412826538,0.24902096390724182,-0.017142750322818756,0.7230796813964844,0.6448483467102051,-0.021131465211510658,0.768373966217041,0.5429289937019348,-0.02829153463244438,0.7943041324615479,0.47762104868888855,-0.028422310948371887,0.8185788989067078,0.4164183735847473,-0.028553087264299393
HELLO,0.5952231884002686,1.0323243141174316,7.484156299142342e-7,0.4827725291252136,0.9353422522544861,-0.0429389663040638,0.40344560146331787,0.7736942768096924,-0.0567283071577549,0.3397367596626282,0.6367087960243225,-0.06877215951681137,0.277815043926239,0.5373033881187439,-0.07741232216358185,0.5193008184432983,0.5533233284950256,0.009758359752595425,0.48701635003089905,0.37628212571144104,-0.00699830986559391,0.46946460008621216,0.2730775773525238,-0.027360498905181885,0.4626618027687073,0.182894766330719,-0.043048061430454254,0.5938182473182678,0.5478498339653015,0.009616539813578129,0.598363995552063,0.36714881658554077,0.009294714778661728,0.6041783690452576,0.25476089119911194,0.0023032238241285086,0.6077678203582764,0.17015835642814636,-0.004742813762277365,0.6626179218292236,0.5834466814994812,-0.0016773033421486616,0.6844572424888611,0.42737728357315063,-0.007080129347741604,0.6974058151245117,0.3295676112174988,-0.010396553203463554,0.7038245797157288,0.24845066666603088,-0.015185731463134289,0.7230316400527954,0.6452669501304626,-0.020018545910716057,0.7683423757553101,0.5438799858093262,-0.02731686271727085,0.79335618019104,0.47824662923812866,-0.027120495215058327,0.8172917366027832,0.4163573086261749,-0.026858672499656677
HELLO,0.595320463180542,1.0229697227478027,7.267384489750839e-7,0.48536068201065063,0.9298602342605591,-0.04186438024044037,0.40503811836242676,0.7651704549789429,-0.05554370582103729,0.3410136103630066,0.6259185075759888,-0.06728748232126236,0.2772464156150818,0.5297199487686157,-0.07585608214139938,0.5167598128318787,0.5475894212722778,0.0049177054315805435,0.4845295548439026,0.37162473797798157,-0.012613683938980103,0.4680362343788147,0.2669436037540436,-0.03231712803244591,0.461931049823761,0.176999032497406,-0.047540538012981415,0.5918887853622437,0.541965901851654,0.003740609623491764,0.596373438835144,0.3607858121395111,0.002203316893428564,0.6023864150047302,0.24899882078170776,-0.004542557056993246,0.6060605049133301,0.1650746762752533,-0.011439306661486626,0.661977231502533,0.5779672861099243,-0.008052096702158451,0.6833123564720154,0.4214767515659332,-0.015517005696892738,0.6955291032791138,0.32298606634140015,-0.019920920953154564,0.7011661529541016,0.24145367741584778,-0.025423096492886543,0.7235962748527527,0.6407831311225891,-0.026445239782333374,0.769196629524231,0.5385972261428833,-0.035709772258996964,0.7960855960845947,0.47298499941825867,-0.0365796834230423,0.8207721710205078,0.4114791452884674,-0.03718861937522888
HELLO,0.5966523885726929,1.0247197151184082,7.492114946217043e-7,0.4848680794239044,0.9313669204711914,-0.04316845163702965,0.40397900342941284,0.767998456954956,-0.058409467339515686,0.3402315676212311,0.6283442974090576,-0.0717453584074974,0.278106689453125,0.5263515710830688,-0.0814874917268753,0.5178823471069336,0.5457504987716675,0.00621331250295043,0.48593050241470337,0.37079867720603943,-0.010645980946719646,0.4691108465194702,0.2681877613067627,-0.030222246423363686,0.4626832902431488,0.17943406105041504,-0.04546326398849487,0.5929428935050964,0.5414639711380005,0.005358170252293348,0.5972449779510498,0.36143550276756287,0.004687045700848103,0.6025037169456482,0.24956491589546204,-0.001669692457653582,0.6058183312416077,0.1650727093219757,-0.008210448548197746,0.6625897884368896,0.5779197812080383,-0.006359444465488195,0.6832132935523987,0.4227287471294403,-0.012686415575444698,0.6960914731025696,0.3245798945426941,-0.015749774873256683,0.7019237875938416,0.24244481325149536,-0.02040434442460537,0.7241930961608887,0.641492486000061,-0.02498314529657364,0.7703067064285278,0.5412764549255371,-0.03346962109208107,0.7962585687637329,0.4757823944091797,-0.033686112612485886,0.8211389780044556,0.4140024185180664,-0.03372940793633461
HELLO,0.6017539501190186,1.0115940570831299,7.094244551808515e-7,0.4922294616699219,0.9196648597717285,-0.041917286813259125,0.4141156077384949,0.753852367401123,-0.05551384389400482,0.3557305932044983,0.6157943606376648,-0.06683345884084702,0.29652437567710876,0.5177260041236877,-0.07472683489322662,0.5263835787773132,0.5314889550209045,-0.0021725755650550127,0.4986751973628998,0.3547239601612091,-0.02214048244059086,0.48397666215896606,0.2522925138473511,-0.04313165321946144,0.4771997928619385,0.16377535462379456,-0.05950390174984932,0.6032347083091736,0.5274358987808228,-0.0041310107335448265,0.6115749478340149,0.3470239043235779,-0.010349211283028126,0.6187348961830139,0.23788440227508545,-0.02073094993829727,0.6228553056716919,0.1560072898864746,-0.03001217171549797,0.6733212471008301,0.5657063126564026,-0.015938544645905495,0.6994237899780273,0.4108654856681824,-0.028255676850676537,0.713979959487915,0.3184261620044708,-0.035216595977544785,0.7209293246269226,0.24149200320243835,-0.04193897172808647,0.7351089715957642,0.6326345801353455,-0.03393717110157013,0.7862529754638672,0.5350576043128967,-0.047880690544843674,0.8138968348503113,0.4723498225212097,-0.05113345757126808,0.8376787900924683,0.41193631291389465,-0.05273814871907234
HELLO,0.5998368263244629,1.0185675621032715,6.744037932548963e-7,0.4907645583152771,0.9229744672775269,-0.04345892369747162,0.41086506843566895,0.7561553716659546,-0.05845225229859352,0.35002970695495605,0.6156514286994934,-0.07083804905414581,0.29282671213150024,0.5126004219055176,-0.07996442914009094,0.529531717300415,0.5357770323753357,-0.000774791173171252,0.5008055567741394,0.36001697182655334,-0.021490439772605896,0.4843500554561615,0.2578609883785248,-0.04434983432292938,0.47680073976516724,0.16867756843566895,-0.06197242811322212,0.6060176491737366,0.5316372513771057,-0.0019407125655561686,0.612891674041748,0.3528823256492615,-0.007866065949201584,0.6192395687103271,0.24199330806732178,-0.01923057623207569,0.6233738660812378,0.1570654809474945,-0.029421692714095116,0.6750122308731079,0.5690385699272156,-0.013254973106086254,0.6999768614768982,0.41659969091415405,-0.02416316233575344,0.7155103087425232,0.32146450877189636,-0.031246965751051903,0.7243753671646118,0.24191027879714966,-0.03835250064730644,0.7356755137443542,0.6350018978118896,-0.031073132529854774,0.7834715247154236,0.5370598435401917,-0.04272012412548065,0.8118128776550293,0.47250962257385254,-0.044979989528656006,0.8379305601119995,0.41129881143569946,-0.04641412943601608
HELLO,0.6031538248062134,1.0196614265441895,6.710562843181833e-7,0.49475422501564026,0.9257641434669495,-0.04005948081612587,0.4140962064266205,0.7535349726676941,-0.051728978753089905,0.3537865877151489,0.6117318868637085,-0.061308421194553375,0.29223453998565674,0.5148716568946838,-0.06775277853012085,0.5289329290390015,0.5361405611038208,0.004786998964846134,0.4998629093170166,0.36065298318862915,-0.012866931036114693,0.4837886691093445,0.25820648670196533,-0.033440954983234406,0.47735142707824707,0.16873487830162048,-0.04946475103497505,0.6047840118408203,0.5310425162315369,0.0028738323599100113,0.6114153861999512,0.35241276025772095,0.0006208266713656485,0.6185567378997803,0.24067798256874084,-0.007854052819311619,0.622938334941864,0.1567683219909668,-0.015925820916891098,0.673839807510376,0.5685684680938721,-0.00915489811450243,0.6986238956451416,0.41661354899406433,-0.017221221700310707,0.7139855027198792,0.32043200731277466,-0.022468144074082375,0.7213919758796692,0.24103012681007385,-0.02823757939040661,0.7356773614883423,0.6338478922843933,-0.027519119903445244,0.7822767496109009,0.5350098013877869,-0.036880847066640854,0.8101693391799927,0.47080087661743164,-0.03768639266490936,0.8357957601547241,0.4106430411338806,-0.037947650998830795
HELLO,0.6097033619880676,1.004319190979004,6.817884923293605e-7,0.5046869516372681,0.903812050819397,-0.040950942784547806,0.4303789734840393,0.7318065166473389,-0.0532340481877327,0.3775790333747864,0.5947961807250977,-0.06401175260543823,0.32310914993286133,0.49688270688056946,-0.07142961770296097,0.5493137836456299,0.5213998556137085,-0.005667026154696941,0.5249924063682556,0.3423069417476654,-0.02895146608352661,0.5138072371482849,0.2395419180393219,-0.05057234317064285,0.5098850131034851,0.15204131603240967,-0.06601893901824951,0.6252724528312683,0.5202634334564209,-0.007788751740008593,0.6372547149658203,0.33967188000679016,-0.016210203990340233,0.6461755633354187,0.23168882727622986,-0.025657065212726593,0.6517492532730103,0.1512603759765625,-0.03283493220806122,0.6959308981895447,0.558597207069397,-0.01959187537431717,0.7238355875015259,0.40965110063552856,-0.03196224570274353,0.7389029860496521,0.32158711552619934,-0.0359547957777977,0.748387336730957,0.2484184205532074,-0.03920556604862213,0.7584949135780334,0.6259761452674866,-0.037852898240089417,0.8120994567871094,0.5317585468292236,-0.05000509321689606,0.8416920900344849,0.469196617603302,-0.05057234317064285,0.8679341077804565,0.4103590250015259,-0.049176041036844254
HELLO,0.609038233757019,1.0001204013824463,6.900529569975333e-7,0.5068457126617432,0.903220534324646,-0.04372166842222214,0.4312431812286377,0.7378575801849365,-0.05884687975049019,0.37506231665611267,0.5988086462020874,-0.07116468250751495,0.322704553604126,0.4949052333831787,-0.08026158064603806,0.5513063669204712,0.518264651298523,-0.00409142579883337,0.5273200869560242,0.34227633476257324,-0.02652897499501705,0.5145035982131958,0.2399269938468933,-0.050185248255729675,0.5104710459709167,0.15142866969108582,-0.06742146611213684,0.6282848119735718,0.5171714425086975,-0.003996212966740131,0.6419750452041626,0.33984965085983276,-0.010076223872601986,0.6516265869140625,0.23200926184654236,-0.020859740674495697,0.65741366147995,0.15072625875473022,-0.03011985495686531,0.6970673203468323,0.5569012761116028,-0.013830323703587055,0.7254528403282166,0.41010165214538574,-0.023678036406636238,0.7410435676574707,0.3180047273635864,-0.03011985495686531,0.7494301199913025,0.24299383163452148,-0.036278754472732544,0.756329357624054,0.6258600354194641,-0.030141618102788925,0.807659387588501,0.5319545269012451,-0.039869632571935654,0.8379788398742676,0.46926647424697876,-0.041197169572114944,0.865347683429718,0.4119965434074402,-0.041393037885427475
HELLO,0.6189213395118713,0.9966195821762085,6.753821253369097e-7,0.5189327001571655,0.8873921632766724,-0.03805307298898697,0.45191699266433716,0.7100650072097778,-0.04824238270521164,0.4003104567527771,0.5740255117416382,-0.057458192110061646,0.3473396599292755,0.4792978763580322,-0.0638616681098938,0.5756878852844238,0.5084818601608276,-0.0022728543262928724,0.5579223036766052,0.32620769739151,-0.024164456874132156,0.5492861270904541,0.22067049145698547,-0.045689646154642105,0.5452945232391357,0.13225239515304565,-0.061308931559324265,0.6517881155014038,0.5122945308685303,-0.005143329966813326,0.6719008088111877,0.332839697599411,-0.011952429078519344,0.6846754550933838,0.22554519772529602,-0.022055204957723618,0.6925449371337891,0.14639601111412048,-0.0298972986638546,0.7220544219017029,0.5545424818992615,-0.0172201506793499,0.7557124495506287,0.4066440463066101,-0.027993561699986458,0.7732473611831665,0.32091188430786133,-0.03307740017771721,0.7846737504005432,0.2506793737411499,-0.037317536771297455,0.7815671563148499,0.6256664395332336,-0.03541380539536476,0.8381186723709106,0.5343254208564758,-0.04672804847359657,0.8718490600585938,0.4758853614330292,-0.047290511429309845,0.9031925201416016,0.42209628224372864,-0.045819446444511414
HELLO,0.6180525422096252,0.9870953559875488,6.832970598225074e-7,0.519517183303833,0.8827806711196899,-0.0429474338889122,0.45077019929885864,0.7139216661453247,-0.058179810643196106,0.39871060848236084,0.5746933817863464,-0.07088072597980499,0.3504570424556732,0.47330179810523987,-0.08057008683681488,0.5775846242904663,0.505251407623291,-0.007239741273224354,0.5604041814804077,0.32413724064826965,-0.03149041905999184,0.5499641299247742,0.21915468573570251,-0.05564834922552109,0.5480273962020874,0.12975403666496277,-0.07249561697244644,0.6555852293968201,0.5088176727294922,-0.006732359528541565,0.6776628494262695,0.3319471776485443,-0.013148286379873753,0.6909396648406982,0.22451981902122498,-0.02302314154803753,0.6988319158554077,0.14337918162345886,-0.031294018030166626,0.7242813110351562,0.5512956976890564,-0.015810679644346237,0.7613685727119446,0.40610191226005554,-0.02420157939195633,0.7807263135910034,0.3169625997543335,-0.027976935729384422,0.792747437953949,0.24546796083450317,-0.0319923460483551,0.7801863551139832,0.6218066215515137,-0.031446777284145355,0.8350088596343994,0.530669629573822,-0.03921572118997574,0.8676371574401855,0.4698243737220764,-0.038255512714385986,0.8986860513687134,0.41589730978012085,-0.03633510321378708
HELLO,0.6159663796424866,0.9856325387954712,6.518026225421636e-7,0.5185447931289673,0.8823291659355164,-0.0431048683822155,0.4501485824584961,0.7140756845474243,-0.05850870907306671,0.3993614912033081,0.5755573511123657,-0.07132367044687271,0.35153698921203613,0.4733286499977112,-0.08137715607881546,0.5776738524436951,0.505386471748352,-0.00859184842556715,0.5600854754447937,0.32578808069229126,-0.03369859978556633,0.5502768158912659,0.21994158625602722,-0.05850870907306671,0.5486404299736023,0.13091349601745605,-0.07611309736967087,0.6553527116775513,0.5094723105430603,-0.008839949034154415,0.6766722798347473,0.33285096287727356,-0.017162123695015907,0.6903023719787598,0.22532492876052856,-0.02830510027706623,0.6990925669670105,0.14527544379234314,-0.037581924349069595,0.7234089374542236,0.5529770255088806,-0.01867230422794819,0.7609360218048096,0.40812385082244873,-0.02938379906117916,0.7803887128829956,0.3191375732421875,-0.034734152257442474,0.7929834127426147,0.24755209684371948,-0.03986876830458641,0.7796459197998047,0.6245060563087463,-0.034949891269207,0.8348337411880493,0.5327075123786926,-0.04491708427667618,0.867155909538269,0.4718981981277466,-0.0454348623752594,0.8973613977432251,0.4170967638492584,-0.044830791652202606
HELLO,0.631401002407074,0.974079966545105,7.494454052903166e-7,0.5296932458877563,0.867477536201477,-0.04404066130518913,0.46760094165802,0.6941262483596802,-0.05823345109820366,0.42486220598220825,0.5489681363105774,-0.07044784724712372,0.3736441135406494,0.4461626410484314,-0.07930759340524673,0.5961143374443054,0.49413561820983887,-0.0051395101472735405,0.5833559036254883,0.31297776103019714,-0.02593410015106201,0.5784516334533691,0.2072911560535431,-0.046191081404685974,0.5793472528457642,0.11921408772468567,-0.06180315092206001,0.6752085089683533,0.5019654631614685,-0.006607173942029476,0.7027328014373779,0.3224274516105652,-0.016343211755156517,0.72150057554245,0.21491160988807678,-0.028729647397994995,0.734941840171814,0.13616886734962463,-0.03855707868933678,0.7426621913909912,0.5483807921409607,-0.01776249147951603,0.7838918566703796,0.398453950881958,-0.03475083410739899,0.8047828674316406,0.3165174722671509,-0.0438041128218174,0.8189403414726257,0.2496853470802307,-0.05027688294649124,0.7998622059822083,0.6228745579719543,-0.0349658764898777,0.8616437911987305,0.5348935127258301,-0.05328747630119324,0.8981431126594543,0.47951507568359375,-0.05866353213787079,0.9305497407913208,0.42688101530075073,-0.060641925781965256
HELLO,0.6301431059837341,0.9756577014923096,6.93017113917449e-7,0.5306103825569153,0.8682737350463867,-0.04472877457737923,0.4662117063999176,0.6961316466331482,-0.05897826701402664,0.4210585653781891,0.5510590076446533,-0.07021427154541016,0.37565669417381287,0.44330742955207825,-0.07839373499155045,0.5997673273086548,0.4940767288208008,-0.00499916123226285,0.5862495303153992,0.314397931098938,-0.02533482387661934,0.5800248384475708,0.20910656452178955,-0.04670906439423561,0.5811848640441895,0.12069708108901978,-0.0625944510102272,0.6791671514511108,0.5028604865074158,-0.003863722085952759,0.7042792439460754,0.3255557715892792,-0.009056607261300087,0.7210884690284729,0.217042475938797,-0.019738346338272095,0.7330154180526733,0.1355043649673462,-0.029316933825612068,0.7458115220069885,0.5492185354232788,-0.012495213188230991,0.784760057926178,0.4036814570426941,-0.022149138152599335,0.8062649965286255,0.3173607289791107,-0.02912321127951145,0.8197833895683289,0.24606019258499146,-0.03588203340768814,0.8010066747665405,0.6215193867683411,-0.02759493887424469,0.8581323027610779,0.5339555740356445,-0.03784079849720001,0.8921383619308472,0.4756784439086914,-0.040359217673540115,0.9235361218452454,0.4217999577522278,-0.041693758219480515
HELLO,0.6368651390075684,0.974175214767456,7.583694809909503e-7,0.5352477431297302,0.862312912940979,-0.046733953058719635,0.4729706048965454,0.6922386884689331,-0.06281352788209915,0.42966312170028687,0.5436326265335083,-0.07635648548603058,0.3834324777126312,0.4329983592033386,-0.08615899831056595,0.6080187559127808,0.4913623034954071,-0.0018245374085381627,0.5959182977676392,0.3134586215019226,-0.02185145393013954,0.5899866223335266,0.20787516236305237,-0.04215514287352562,0.5935457348823547,0.11857768893241882,-0.057611312717199326,0.6870158314704895,0.5008124709129333,-0.0013395168352872133,0.7141920924186707,0.32426437735557556,-0.006481272634118795,0.7337145209312439,0.21668076515197754,-0.014349086210131645,0.7491747140884399,0.1361369788646698,-0.021389272063970566,0.7532901167869568,0.5491015315055847,-0.011683488264679909,0.7967709898948669,0.40132421255111694,-0.023968886584043503,0.8214613199234009,0.3144473135471344,-0.028375720605254173,0.8379496335983276,0.24315068125724792,-0.03228812664747238,0.8086822032928467,0.6232311129570007,-0.028956133872270584,0.8701192140579224,0.5352296829223633,-0.04363841935992241,0.9058051705360413,0.47748517990112305,-0.046733953058719635,0.938259482383728,0.4243532419204712,-0.04729286581277847
HELLO,0.638322114944458,0.9717704057693481,7.293112957995618e-7,0.536535382270813,0.8630504608154297,-0.04517187550663948,0.47169163823127747,0.6913400888442993,-0.060960520058870316,0.4279617965221405,0.5415841341018677,-0.07416791468858719,0.3819734752178192,0.4292067885398865,-0.08401968330144882,0.6092446446418762,0.49088242650032043,-0.0010721598519012332,0.5971719026565552,0.31385818123817444,-0.019897133111953735,0.5919201374053955,0.20937305688858032,-0.03990182280540466,0.5952529907226562,0.121622234582901,-0.055539894849061966,0.6890141367912292,0.501544177532196,-0.001373977866023779,0.71463942527771,0.3253821134567261,-0.006383216008543968,0.7326648235321045,0.21601316332817078,-0.016003748401999474,0.7463810443878174,0.13272544741630554,-0.024952081963419914,0.7549805045127869,0.5497280359268188,-0.012035077437758446,0.7955992817878723,0.40108609199523926,-0.02374749816954136,0.8196393251419067,0.3118782937526703,-0.03026515617966652,0.8366376161575317,0.23733142018318176,-0.03667525574564934,0.8092889785766602,0.6224844455718994,-0.029254166409373283,0.8680959343910217,0.5356484055519104,-0.043192919343709946,0.9045597314834595,0.47738754749298096,-0.047193851321935654,0.9379264116287231,0.42227333784103394,-0.049430932849645615
HELLO,0.6383151412010193,0.9757485389709473,7.546418032688962e-7,0.5356677174568176,0.8663986921310425,-0.044279564172029495,0.4719284176826477,0.6956043243408203,-0.060066189616918564,0.4276924133300781,0.5475245714187622,-0.07375649362802505,0.3808337152004242,0.4358137547969818,-0.08423811942338943,0.6077343225479126,0.4922713339328766,0.000798823602963239,0.5954568982124329,0.3128003180027008,-0.016931049525737762,0.5896361470222473,0.20783135294914246,-0.03632207214832306,0.5926224589347839,0.11939027905464172,-0.05159531906247139,0.6876654624938965,0.5024163126945496,-0.0002675557916518301,0.7119507193565369,0.3248184025287628,-0.004096394404768944,0.729160726070404,0.21354520320892334,-0.012888132594525814,0.7417581677436829,0.13109305500984192,-0.02127344161272049,0.754097044467926,0.5498958230018616,-0.011807883158326149,0.7943082451820374,0.4002561569213867,-0.022203955799341202,0.8174758553504944,0.309044748544693,-0.027979549020528793,0.8323529362678528,0.2340089976787567,-0.034076008945703506,0.809103786945343,0.6225599050521851,-0.030011704191565514,0.8680202960968018,0.533073365688324,-0.0434025302529335,0.9029080271720886,0.47310686111450195,-0.04714597016572952,0.9356860518455505,0.41754597425460815,-0.04915672913193703
HELLO,0.6380285024642944,0.975994348526001,7.513381206081249e-7,0.5354818105697632,0.8667923808097839,-0.04614068567752838,0.4717266261577606,0.6969960331916809,-0.0631852000951767,0.4271673560142517,0.5479937791824341,-0.07790546119213104,0.3794097900390625,0.4354761838912964,-0.08918237686157227,0.6084500551223755,0.4921231269836426,-0.0014069252647459507,0.5958566069602966,0.313556045293808,-0.020165031775832176,0.5896453857421875,0.20798644423484802,-0.04007181152701378,0.5920413732528687,0.11930787563323975,-0.05565290153026581,0.6880080699920654,0.5024325847625732,-0.0018521376186981797,0.7124782204627991,0.32557809352874756,-0.006397070828825235,0.7292354702949524,0.21534812450408936,-0.01518295519053936,0.7419213056564331,0.13218697905540466,-0.02350076287984848,0.7541111707687378,0.5503838658332825,-0.012890985235571861,0.7945334911346436,0.400420606136322,-0.02401726320385933,0.8178625106811523,0.3107984960079193,-0.02913922443985939,0.8335778713226318,0.2363215684890747,-0.034605517983436584,0.8091145753860474,0.6234250068664551,-0.030753284692764282,0.8674668073654175,0.5336741209030151,-0.04467727243900299,0.9034191370010376,0.4736911654472351,-0.04807756468653679,0.9362075328826904,0.4175966680049896,-0.049713149666786194
HELLO,0.6297487020492554,0.9785160422325134,7.3584652682257e-7,0.5293252468109131,0.8776221871376038,-0.04512706398963928,0.46176907420158386,0.7122257351875305,-0.06160338968038559,0.4110322594642639,0.5702028870582581,-0.075498566031456,0.36463773250579834,0.4637703597545624,-0.08668354898691177,0.592054545879364,0.4991896152496338,-0.00591512955725193,0.5761930346488953,0.31968948245048523,-0.02908092923462391,0.5695070624351501,0.21201342344284058,-0.05269843339920044,0.571072518825531,0.12451446056365967,-0.07025023549795151,0.6723781228065491,0.5042717456817627,-0.006087206304073334,0.6991989016532898,0.3257257044315338,-0.015680473297834396,0.7188767790794373,0.2155345380306244,-0.028951874002814293,0.7327197790145874,0.13578325510025024,-0.04002929851412773,0.739840030670166,0.5489096641540527,-0.016271984204649925,0.781421422958374,0.40040671825408936,-0.03032848611474037,0.8046374320983887,0.3130696713924408,-0.03970665484666824,0.8194587826728821,0.2429376244544983,-0.04766519367694855,0.7947179079055786,0.6220417618751526,-0.03275906294584274,0.8540669679641724,0.5344893932342529,-0.0472780205309391,0.8900066614151001,0.47535020112991333,-0.052225224673748016,0.922742486000061,0.42045384645462036,-0.05510750412940979
HELLO,0.6294782161712646,0.9809921979904175,7.326143531827256e-7,0.5283486247062683,0.8806025385856628,-0.045340459793806076,0.4608573615550995,0.714224100112915,-0.06305427104234695,0.41239750385284424,0.5721849799156189,-0.0780959278345108,0.3626483678817749,0.46659398078918457,-0.09033612161874771,0.5920762419700623,0.49936315417289734,-0.011087293736636639,0.5782793760299683,0.31850922107696533,-0.03432858735322952,0.5715433359146118,0.21145093441009521,-0.0569341704249382,0.5729269981384277,0.12319901585578918,-0.07369979470968246,0.6714162230491638,0.5065235495567322,-0.011938504874706268,0.6980701684951782,0.32659170031547546,-0.021344926208257675,0.7167722582817078,0.2174498736858368,-0.03277701511979103,0.7308467030525208,0.13666489720344543,-0.04253900423645973,0.7386354207992554,0.5518288612365723,-0.022540932521224022,0.7796820998191833,0.40182846784591675,-0.03697919473052025,0.803788959980011,0.31404435634613037,-0.04478016868233681,0.8197202682495117,0.24408823251724243,-0.05163295194506645,0.7935680150985718,0.6241502165794373,-0.03945740684866905,0.8540504574775696,0.532971978187561,-0.05482230335474014,0.8896902799606323,0.4728371500968933,-0.05921843275427818,0.9209965467453003,0.4179704785346985,-0.06137339770793915
HELLO,0.6162064075469971,0.9919241666793823,7.236733381432714e-7,0.5123868584632874,0.8896942138671875,-0.05079576373100281,0.44125211238861084,0.7292783856391907,-0.07187427580356598,0.3856942057609558,0.5904654264450073,-0.08923812955617905,0.33310139179229736,0.48435962200164795,-0.1036648228764534,0.5679268836975098,0.5085399746894836,-0.011932252906262875,0.5476579070091248,0.3286179006099701,-0.03772967308759689,0.5382160544395447,0.222070574760437,-0.064142607152462,0.5361096262931824,0.1342310905456543,-0.08345018327236176,0.649343729019165,0.5095264315605164,-0.010317889042198658,0.6714157462120056,0.3321947753429413,-0.02093813382089138,0.686457097530365,0.22558116912841797,-0.03615310415625572,0.6974436640739441,0.1474778950214386,-0.048722464591264725,0.7195427417755127,0.5514943599700928,-0.01895122416317463,0.7556158304214478,0.40628644824028015,-0.032503239810466766,0.7762521505355835,0.31923434138298035,-0.042588964104652405,0.7894648909568787,0.24776709079742432,-0.051443666219711304,0.7775204181671143,0.6231683492660522,-0.034403759986162186,0.8332638144493103,0.5354052782058716,-0.04738346114754677,0.8670475482940674,0.4773828685283661,-0.05101172998547554,0.8976547122001648,0.42408013343811035,-0.05299863964319229
HELLO,0.5999714732170105,1.0059775114059448,7.005812676652567e-7,0.4951530396938324,0.9062916040420532,-0.04717179015278816,0.42139601707458496,0.7439959049224854,-0.0648774802684784,0.3631640672683716,0.6068885326385498,-0.07928506284952164,0.3085229694843292,0.5006683468818665,-0.09052470326423645,0.5477141737937927,0.5220398902893066,-0.004410149995237589,0.5213627815246582,0.34211477637290955,-0.02473589777946472,0.5094949007034302,0.236133873462677,-0.047345373779535294,0.506546139717102,0.14752519130706787,-0.06457370519638062,0.6283034086227417,0.521580696105957,-0.003919229377061129,0.6435630321502686,0.34046122431755066,-0.009113225154578686,0.6572443842887878,0.23163741827011108,-0.020754283294081688,0.6670686602592468,0.15247848629951477,-0.03120194748044014,0.6981417536735535,0.5626357197761536,-0.013713234104216099,0.7294921278953552,0.41308772563934326,-0.02404155768454075,0.7505032420158386,0.3203395903110504,-0.03298119455575943,0.7638064622879028,0.24343633651733398,-0.04163875803351402,0.7560744285583496,0.6328080296516418,-0.030117040500044823,0.8093751668930054,0.5407743453979492,-0.04172555357217789,0.8428084850311279,0.48029372096061707,-0.04521895572543144,0.8726603984832764,0.423492431640625,-0.047562357038259506
HELLO,0.5993157625198364,1.0062134265899658,7.171908009695471e-7,0.497028112411499,0.9074300527572632,-0.04809386655688286,0.4235342741012573,0.7478832006454468,-0.06788180768489838,0.36552515625953674,0.6103804111480713,-0.083956778049469,0.31062573194503784,0.5060641765594482,-0.09653718769550323,0.5481414198875427,0.5221807360649109,-0.009468070231378078,0.525648832321167,0.34212610125541687,-0.032040733844041824,0.5136834979057312,0.236893892288208,-0.055650848895311356,0.5110021829605103,0.146569162607193,-0.07338573783636093,0.6262998580932617,0.5229708552360535,-0.008250435814261436,0.6424481272697449,0.3436427712440491,-0.015845641493797302,0.6546066403388977,0.232882559299469,-0.027541490271687508,0.6630861759185791,0.14867648482322693,-0.03785043954849243,0.69493567943573,0.5650755763053894,-0.01710149645805359,0.7271221876144409,0.41569286584854126,-0.028742747381329536,0.7478461265563965,0.32276076078414917,-0.03619052469730377,0.7610330581665039,0.2448001205921173,-0.04337621107697487,0.7534189224243164,0.6342329978942871,-0.03263044357299805,0.8073476552963257,0.5388886332511902,-0.04449010267853737,0.8393293023109436,0.4761895537376404,-0.04708918184041977,0.868321418762207,0.4169401526451111,-0.04848700389266014
HELLO,0.6007852554321289,1.0066468715667725,7.172753271333931e-7,0.49788472056388855,0.9093461036682129,-0.046659477055072784,0.42391639947891235,0.7492555379867554,-0.06583639234304428,0.3656858801841736,0.6110786199569702,-0.08162146061658859,0.3104226589202881,0.507024884223938,-0.0940147116780281,0.5481106042861938,0.5230571031570435,-0.008283904753625393,0.5253688097000122,0.3435267210006714,-0.030635228380560875,0.5130214095115662,0.23767679929733276,-0.05426936224102974,0.5101954340934753,0.1472141146659851,-0.07209824025630951,0.6261957287788391,0.5235837697982788,-0.00812083575874567,0.6419796943664551,0.3435250520706177,-0.015458939597010612,0.6541622877120972,0.23269060254096985,-0.02706945315003395,0.6624402403831482,0.14864835143089294,-0.03744063898921013,0.6951636075973511,0.5652991533279419,-0.01795933209359646,0.7275881171226501,0.4139329195022583,-0.02950461581349373,0.7475589513778687,0.31962722539901733,-0.03717973083257675,0.760047972202301,0.2404380440711975,-0.044702645391225815,0.7540417909622192,0.6347225904464722,-0.03437494486570358,0.8081444501876831,0.5385522246360779,-0.0464855320751667,0.8399107456207275,0.474908709526062,-0.04931206256151199,0.868708074092865,0.4147101640701294,-0.05100797861814499
HELLO,0.591772735118866,1.0173218250274658,7.421926397910283e-7,0.48942798376083374,0.919128954410553,-0.043919872492551804,0.4151472747325897,0.7549206614494324,-0.05999555066227913,0.3537379801273346,0.6156429648399353,-0.07400466501712799,0.2969852685928345,0.5095102190971375,-0.08448974043130875,0.5379126071929932,0.5326987504959106,0.004769406747072935,0.5095319747924805,0.35425281524658203,-0.01329125463962555,0.49548986554145813,0.2477426528930664,-0.03358706459403038,0.49231091141700745,0.15873336791992188,-0.04881436377763748,0.6158137917518616,0.5316618084907532,0.0044403886422514915,0.6288813948631287,0.3501242697238922,0.002566887065768242,0.6422078013420105,0.2374376654624939,-0.00488633057102561,0.6512874364852905,0.154517263174057,-0.011790278367698193,0.6858680844306946,0.5712393522262573,-0.006667380221188068,0.7132869362831116,0.42145776748657227,-0.013095475733280182,0.731946587562561,0.32523298263549805,-0.017152462154626846,0.7420017719268799,0.24518775939941406,-0.02226448245346546,0.7450978755950928,0.638150691986084,-0.024689972400665283,0.7954326272010803,0.5446810722351074,-0.03262992203235626,0.8270542621612549,0.4800914227962494,-0.03341303765773773,0.8562718629837036,0.4190130829811096,-0.03371758386492729
HELLO,0.5925942063331604,1.0139485597610474,7.937035206850851e-7,0.48859894275665283,0.9155969023704529,-0.046197693794965744,0.41458237171173096,0.7576310038566589,-0.06544673442840576,0.3538476824760437,0.6187149286270142,-0.08242088556289673,0.2959219515323639,0.5129453539848328,-0.09528274089097977,0.5361620187759399,0.5316545963287354,0.00194541085511446,0.5094313025474548,0.3521580398082733,-0.01661323383450508,0.49556106328964233,0.24609783291816711,-0.03694503381848335,0.4929978549480438,0.1563061773777008,-0.05210364609956741,0.6136192083358765,0.530941903591156,0.0022489111870527267,0.6267954707145691,0.349877268075943,0.000621013983618468,0.6387791633605957,0.23678752779960632,-0.005334499292075634,0.646846354007721,0.1536707878112793,-0.01117209903895855,0.6833047866821289,0.5707310438156128,-0.008508950471878052,0.7122991681098938,0.4175281524658203,-0.015016437508165836,0.73075270652771,0.32217785716056824,-0.01718195527791977,0.7406117916107178,0.24276238679885864,-0.020638033747673035,0.7441649436950684,0.6374697685241699,-0.026467429473996162,0.7969017624855042,0.5408351421356201,-0.034582652151584625,0.8274194002151489,0.4756549894809723,-0.03438578173518181,0.8560701608657837,0.4144350290298462,-0.033510830253362656
HELLO,0.5945305228233337,1.0106655359268188,8.06915920747997e-7,0.48868829011917114,0.9167814254760742,-0.04835551232099533,0.4136633574962616,0.7574141025543213,-0.0684637501835823,0.35304945707321167,0.6176779270172119,-0.08591699600219727,0.29444149136543274,0.5111886262893677,-0.09940952807664871,0.5354806780815125,0.5314560532569885,-0.0022619040682911873,0.5092409253120422,0.3521559536457062,-0.021653344854712486,0.4953962564468384,0.245902419090271,-0.042262110859155655,0.4923422634601593,0.15567275881767273,-0.05788734182715416,0.6136030554771423,0.5311092734336853,-0.0013669355539605021,0.6267625093460083,0.35017234086990356,-0.004632619209587574,0.6382883787155151,0.2373700737953186,-0.011751565150916576,0.6455797553062439,0.15346169471740723,-0.018584882840514183,0.6833735704421997,0.5718212127685547,-0.011446895077824593,0.7130390405654907,0.4173606336116791,-0.019955899566411972,0.7308826446533203,0.32081925868988037,-0.023611942306160927,0.7414071559906006,0.23974642157554626,-0.028269043192267418,0.7431357502937317,0.6393390893936157,-0.028704287484288216,0.7977554798126221,0.5439481735229492,-0.03908483684062958,0.8287910223007202,0.47996845841407776,-0.04045585170388222,0.8574367165565491,0.41990867257118225,-0.04089109227061272
HELLO,0.5946406126022339,1.0146657228469849,8.076339668150467e-7,0.4880382716655731,0.9183307886123657,-0.04799539968371391,0.41346800327301025,0.7567647099494934,-0.06755709648132324,0.3524114191532135,0.6164036393165588,-0.08447883278131485,0.29287976026535034,0.510526180267334,-0.09754880517721176,0.5352950692176819,0.5320391654968262,-0.0006150222034193575,0.5095975995063782,0.35328221321105957,-0.019215470179915428,0.4956963360309601,0.24701300263404846,-0.03968600556254387,0.49174070358276367,0.15709751844406128,-0.05556906387209892,0.6134861707687378,0.5322635173797607,-0.000014802880286879372,0.6269575953483582,0.3515898585319519,-0.0033270029816776514,0.6382426023483276,0.2389918863773346,-0.01143623422831297,0.6449164152145386,0.15419712662696838,-0.019085636362433434,0.6832788586616516,0.5729882121086121,-0.010343462228775024,0.7132452726364136,0.41925734281539917,-0.019464319571852684,0.7322626113891602,0.322870671749115,-0.024452120065689087,0.7424194812774658,0.24144276976585388,-0.030056633055210114,0.7429539561271667,0.6404223442077637,-0.027762893587350845,0.7979768514633179,0.5452430248260498,-0.0389070026576519,0.8296789526939392,0.4814697802066803,-0.04120073840022087,0.8579410314559937,0.4208027720451355,-0.042390886694192886
HELLO,0.5934592485427856,1.0156304836273193,8.034828056224796e-7,0.48773401975631714,0.9198883771896362,-0.047660715878009796,0.4125034809112549,0.7570333480834961,-0.06669024378061295,0.3509804904460907,0.6158271431922913,-0.08315643668174744,0.29195964336395264,0.5100384950637817,-0.09575589746236801,0.5354198217391968,0.5328084826469421,0.0005308608524501324,0.5091738700866699,0.35448336601257324,-0.01755235157907009,0.49512073397636414,0.2483745515346527,-0.03745080903172493,0.49132850766181946,0.1590578854084015,-0.05278738960623741,0.6139283180236816,0.5325611233711243,0.0009049073560163379,0.626750648021698,0.35150256752967834,-0.0014337316388264298,0.6379836797714233,0.23882222175598145,-0.008233094587922096,0.6448594331741333,0.15481752157211304,-0.014836949296295643,0.6840355396270752,0.572982668876648,-0.009824319742619991,0.7134499549865723,0.4185798168182373,-0.01837783306837082,0.7319017648696899,0.32212868332862854,-0.022190256044268608,0.7420119643211365,0.24111145734786987,-0.026849882677197456,0.7440053820610046,0.6402307152748108,-0.027740536257624626,0.7986036539077759,0.544944703578949,-0.03871075063943863,0.8298134803771973,0.48121726512908936,-0.04047033190727234,0.8581277132034302,0.4206477403640747,-0.04112203046679497
HELLO,0.5985926985740662,1.0088447332382202,7.358239599852823e-7,0.495098352432251,0.9087256193161011,-0.04504581168293953,0.4217361509799957,0.7437469959259033,-0.061845507472753525,0.3640989661216736,0.6047708988189697,-0.07629498839378357,0.307831734418869,0.5023345947265625,-0.0873061865568161,0.5442962050437927,0.5253573060035706,-0.006941842846572399,0.5205116271972656,0.3478109538555145,-0.030074065551161766,0.5078696012496948,0.24243691563606262,-0.05240112170577049,0.5046798586845398,0.1522192358970642,-0.06920081377029419,0.6226208209991455,0.5266751050949097,-0.008546736091375351,0.640734851360321,0.3475593030452728,-0.01761574298143387,0.6547567844390869,0.2378903329372406,-0.02844196930527687,0.6643961668014526,0.15488070249557495,-0.037277042865753174,0.6918069124221802,0.5693854093551636,-0.02032501995563507,0.7272285223007202,0.4186127185821533,-0.03677653148770332,0.7485538721084595,0.3291582465171814,-0.04421888291835785,0.7620776891708374,0.2538546621799469,-0.04957215487957001,0.7520804405212402,0.6404876708984375,-0.038430389016866684,0.8109760880470276,0.5460038185119629,-0.05636167153716087,0.8456786870956421,0.48555076122283936,-0.06080096587538719,0.8752444982528687,0.42808997631073,-0.06188902631402016
HELLO,0.5972536206245422,1.010515570640564,7.494488727388671e-7,0.49348998069763184,0.9137289524078369,-0.0463390089571476,0.41939491033554077,0.7466673254966736,-0.06300022453069687,0.36288443207740784,0.6055288910865784,-0.07684119045734406,0.30880898237228394,0.4990880489349365,-0.08699411898851395,0.5458595752716064,0.5259279012680054,-0.0023701016325503588,0.5224204063415527,0.34632372856140137,-0.021444808691740036,0.509518563747406,0.2399175465106964,-0.04215201362967491,0.5058708190917969,0.1500348448753357,-0.05783699080348015,0.6250897645950317,0.5272257328033447,-0.0017192726954817772,0.6411271691322327,0.3482591211795807,-0.005301542580127716,0.6526877284049988,0.23625272512435913,-0.013634863309562206,0.6596109867095947,0.15242934226989746,-0.021217018365859985,0.6946690678596497,0.5689080953598022,-0.01155221089720726,0.7255898118019104,0.4171271324157715,-0.020837368443608284,0.7444303035736084,0.32222431898117065,-0.0262284018099308,0.7553321719169617,0.24262183904647827,-0.03176044672727585,0.7543618679046631,0.6379724740982056,-0.028180887922644615,0.8104615807533264,0.5435255765914917,-0.03978733345866203,0.8428383469581604,0.48089131712913513,-0.04210862144827843,0.8722561597824097,0.42209509015083313,-0.042846228927373886
HELLO,0.6105831265449524,1.0016729831695557,7.641347679054888e-7,0.5082789659500122,0.8966946601867676,-0.0428621880710125,0.4399988055229187,0.729511559009552,-0.057511840015649796,0.38866207003593445,0.5896079540252686,-0.07033571600914001,0.3339296579360962,0.48954537510871887,-0.07937764376401901,0.565603494644165,0.5150209069252014,-0.002515871310606599,0.5441051125526428,0.33371102809906006,-0.02227877452969551,0.5335861444473267,0.22838804125785828,-0.04231880232691765,0.5305473208427429,0.13958531618118286,-0.05738142505288124,0.6438201069831848,0.5180289149284363,-0.003825428197160363,0.6655133962631226,0.3374974727630615,-0.00873219221830368,0.6800399422645569,0.22805842757225037,-0.017583929002285004,0.6898938417434692,0.14848297834396362,-0.025147845968604088,0.7134674191474915,0.5611276030540466,-0.01509522832930088,0.7494874000549316,0.40985721349716187,-0.02643023245036602,0.7675387263298035,0.32306888699531555,-0.032429199665784836,0.7791255712509155,0.2527705729007721,-0.03747181221842766,0.7732192277908325,0.6326613426208496,-0.032863907516002655,0.8349385261535645,0.5429779291152954,-0.04703538119792938,0.8698936104774475,0.4842091202735901,-0.05064345896244049,0.9012800455093384,0.4295623302459717,-0.051208578050136566
HELLO,0.6091266870498657,1.0003055334091187,7.192537623268436e-7,0.5074678063392639,0.8986295461654663,-0.04643804579973221,0.43711692094802856,0.7347464561462402,-0.0633881539106369,0.38561105728149414,0.5958899259567261,-0.07714919000864029,0.3346717059612274,0.4911526143550873,-0.0876774713397026,0.569711446762085,0.5148434638977051,-0.005403392016887665,0.5484510660171509,0.3342374265193939,-0.02568727172911167,0.5365557670593262,0.22900539636611938,-0.048316534608602524,0.5331915616989136,0.13917618989944458,-0.0653977021574974,0.6489238739013672,0.5181015133857727,-0.00412012031301856,0.668498694896698,0.33964210748672485,-0.008731706067919731,0.6807900071144104,0.22937455773353577,-0.020051797851920128,0.6884673833847046,0.14663445949554443,-0.030317971482872963,0.7170987129211426,0.5612344741821289,-0.012854556553065777,0.7538089752197266,0.41246670484542847,-0.02135145105421543,0.7733222246170044,0.32044297456741333,-0.029116611927747726,0.7844966650009155,0.2442854940891266,-0.03698006272315979,0.7741804718971252,0.6322612166404724,-0.02830842137336731,0.8322763442993164,0.5424954295158386,-0.03820326551795006,0.8654120564460754,0.4823727607727051,-0.04106468707323074,0.8965596556663513,0.426882803440094,-0.042768433690071106
HELLO,0.627926230430603,0.9875471591949463,7.43546138437523e-7,0.5275521278381348,0.8787351250648499,-0.042529135942459106,0.4604073166847229,0.7103500366210938,-0.05838783085346222,0.41184473037719727,0.5691931247711182,-0.07261496782302856,0.35753968358039856,0.4709109663963318,-0.08379654586315155,0.5885315537452698,0.5046119689941406,-0.009419497102499008,0.5719113349914551,0.3238602578639984,-0.03219597414135933,0.5652990937232971,0.21897611021995544,-0.05381948500871658,0.5652537941932678,0.13031259179115295,-0.07026553899049759,0.6678653359413147,0.5104475021362305,-0.012171383015811443,0.6947086453437805,0.3323964774608612,-0.023755406960844994,0.7131930589675903,0.2252255380153656,-0.03696010634303093,0.7284411191940308,0.14504042267799377,-0.047554321587085724,0.7360110282897949,0.5554121136665344,-0.024125227704644203,0.7778816223144531,0.4070800542831421,-0.042529135942459106,0.7993816137313843,0.3257136046886444,-0.05247073620557785,0.814694881439209,0.2589761018753052,-0.05947553738951683,0.7945525050163269,0.6300209760665894,-0.041898272931575775,0.8601242303848267,0.5436006784439087,-0.06125936284661293,0.8992725610733032,0.4870924949645996,-0.06756804138422012,0.9336421489715576,0.4343975782394409,-0.0699174702167511
HELLO,0.624656081199646,0.9858983755111694,7.095815703905828e-7,0.5264209508895874,0.8815274834632874,-0.04784290865063667,0.4578544497489929,0.7153350710868835,-0.0662107914686203,0.4079643487930298,0.5766293406486511,-0.08094830811023712,0.35746827721595764,0.47529518604278564,-0.09283340722322464,0.5928555130958557,0.5041041970252991,-0.015061656944453716,0.5770822167396545,0.3246029019355774,-0.039761051535606384,0.5686255693435669,0.21752658486366272,-0.06430916488170624,0.5679633021354675,0.12786954641342163,-0.08259060978889465,0.6727263331413269,0.5105684399604797,-0.014056826941668987,0.6973447203636169,0.33380740880966187,-0.024829044938087463,0.7134138941764832,0.22611701488494873,-0.03848610073328018,0.7248796820640564,0.14484918117523193,-0.04991740360856056,0.7400096654891968,0.5564199090003967,-0.02256007120013237,0.7801331281661987,0.4085518717765808,-0.03785943239927292,0.8025612235069275,0.3223428428173065,-0.04706497862935066,0.8164969682693481,0.2519935965538025,-0.054714661091566086,0.7952758073806763,0.6309841871261597,-0.03744885325431824,0.8572285175323486,0.5444260239601135,-0.052985914051532745,0.8924985527992249,0.4856210947036743,-0.05778317525982857,0.9240597486495972,0.4314842224121094,-0.060116976499557495
HELLO,0.6264051795005798,0.9820449352264404,6.984855076552776e-7,0.5275930762290955,0.8790545463562012,-0.04681042954325676,0.45885169506073,0.7152121067047119,-0.06637943536043167,0.40814313292503357,0.5763437747955322,-0.08284498751163483,0.3567163050174713,0.47517886757850647,-0.09672432392835617,0.5915694236755371,0.5043476223945618,-0.01687503047287464,0.5760425925254822,0.3251592814922333,-0.04379318282008171,0.5687066912651062,0.21672514081001282,-0.06943978369235992,0.5690363049507141,0.12685072422027588,-0.0884484350681305,0.6711074709892273,0.5102062821388245,-0.017424602061510086,0.6963913440704346,0.3346822261810303,-0.03079747036099434,0.7132464647293091,0.22631928324699402,-0.04551732540130615,0.724725067615509,0.14484751224517822,-0.05775872990489006,0.7387325167655945,0.5559269785881042,-0.02741384319961071,0.7796450853347778,0.4086730480194092,-0.04512939229607582,0.8014744520187378,0.3208184838294983,-0.055517345666885376,0.8145000338554382,0.2492542564868927,-0.06400873512029648,0.7943711876869202,0.6307425498962402,-0.04357767105102539,0.8578400611877441,0.543727695941925,-0.061336323618888855,0.894168496131897,0.4843202829360962,-0.06741391867399216,0.9250439405441284,0.4295400381088257,-0.07077599316835403
HELLO,0.64239901304245,0.9746168851852417,7.535999770880153e-7,0.54176926612854,0.8680451512336731,-0.043273232877254486,0.47561436891555786,0.6971803903579712,-0.05841030925512314,0.4325577914714813,0.551341712474823,-0.07128110527992249,0.3836771547794342,0.4501405358314514,-0.08094488829374313,0.609092652797699,0.4981026351451874,-0.01096796803176403,0.5968060493469238,0.31677791476249695,-0.03258320316672325,0.5931240320205688,0.2110748291015625,-0.05276598036289215,0.5953216552734375,0.12267082929611206,-0.06841617077589035,0.6897352933883667,0.5055408477783203,-0.012934933416545391,0.7201940417289734,0.3270381987094879,-0.023475300520658493,0.7419340014457703,0.22064003348350525,-0.03576883301138878,0.7589312791824341,0.1423308253288269,-0.045667797327041626,0.7582572102546692,0.5525627136230469,-0.02394566312432289,0.8009660840034485,0.4032241106033325,-0.04261045157909393,0.8236919641494751,0.3225271701812744,-0.05268045887351036,0.8400872349739075,0.2569845914840698,-0.05960759148001671,0.8164224624633789,0.6287931799888611,-0.040622103959321976,0.8819556832313538,0.5441291332244873,-0.0610186792910099,0.9221005439758301,0.4903024435043335,-0.06777477264404297,0.9580487608909607,0.44021210074424744,-0.07034038007259369
HELLO,0.6520522236824036,0.9743548631668091,8.09132188805961e-7,0.5506694912910461,0.8640216588973999,-0.04792603850364685,0.48723095655441284,0.6901216506958008,-0.06460155546665192,0.4430215358734131,0.5405427813529968,-0.07840493321418762,0.3962908089160919,0.4299951195716858,-0.08813589811325073,0.6268756985664368,0.4927845597267151,-0.006312262266874313,0.6157570481300354,0.31273776292800903,-0.025827761739492416,0.6115925312042236,0.20395943522453308,-0.043982211500406265,0.6148942708969116,0.1152716875076294,-0.05752839148044586,0.7067790031433105,0.5046468377113342,-0.005216457415372133,0.7376163005828857,0.325527161359787,-0.009950653649866581,0.7604686617851257,0.21769502758979797,-0.015957484021782875,0.7786155343055725,0.13856133818626404,-0.020994435995817184,0.7738519310951233,0.554878294467926,-0.014725039713084698,0.8173989057540894,0.4074442982673645,-0.028164049610495567,0.8433383107185364,0.32208648324012756,-0.032622285187244415,0.8622251749038696,0.2524845004081726,-0.03566588833928108,0.8306801319122314,0.6310138702392578,-0.030950447544455528,0.8947134017944336,0.5464738607406616,-0.04698294773697853,0.9337221384048462,0.4919413626194,-0.050412364304065704,0.9690104722976685,0.4415653347969055,-0.05049809813499451
HELLO,0.6553252935409546,0.9730743169784546,7.931708410069405e-7,0.5528612732887268,0.86275714635849,-0.04862205684185028,0.4888811707496643,0.6924742460250854,-0.06550411880016327,0.4442921280860901,0.5431435704231262,-0.07919926196336746,0.39732375741004944,0.4312398433685303,-0.08880309015512466,0.6293034553527832,0.4911654591560364,-0.0029231372755020857,0.616740345954895,0.312167227268219,-0.020521176978945732,0.6117104291915894,0.20526748895645142,-0.03901823237538338,0.6153993010520935,0.11756730079650879,-0.052885640412569046,0.7104012966156006,0.5035929083824158,-0.00021499594731722027,0.7388347387313843,0.32681021094322205,-0.0020523869898170233,0.759112536907196,0.21788829565048218,-0.008171865716576576,0.7744784355163574,0.13790029287338257,-0.013856640085577965,0.7769767045974731,0.553631067276001,-0.008241848088800907,0.8209640383720398,0.409670352935791,-0.017463458701968193,0.8471285104751587,0.32532936334609985,-0.020865710452198982,0.863808274269104,0.25600701570510864,-0.02394496276974678,0.831585168838501,0.6284120082855225,-0.023255901411175728,0.894929826259613,0.5455268025398254,-0.035013049840927124,0.9306631684303284,0.4902154803276062,-0.0370156392455101,0.9626775979995728,0.4382511377334595,-0.03667110949754715
HELLO,0.6568601727485657,0.9684967994689941,8.033647418415057e-7,0.5553805232048035,0.8588074445724487,-0.0480617880821228,0.49274682998657227,0.6895180344581604,-0.065768763422966,0.4498394727706909,0.5385761260986328,-0.08073180168867111,0.4042571187019348,0.4252024292945862,-0.09200767427682877,0.6332737803459167,0.4921826422214508,-0.005804072134196758,0.6236447691917419,0.3153047263622284,-0.026431839913129807,0.6198487877845764,0.20783331990242004,-0.04617533087730408,0.6248162984848022,0.11874961853027344,-0.06105262413620949,0.7133873105049133,0.5051491260528564,-0.004884960129857063,0.7456290125846863,0.32845672965049744,-0.01068099308758974,0.7696400880813599,0.22040966153144836,-0.018039248883724213,0.7881333827972412,0.13937833905220032,-0.024481071159243584,0.779320240020752,0.5556159615516663,-0.014748666435480118,0.8241349458694458,0.41286465525627136,-0.028511231765151024,0.8505139946937561,0.32581788301467896,-0.03395623341202736,0.8692431449890137,0.25260135531425476,-0.03826507553458214,0.8341576457023621,0.6308799982070923,-0.03134091943502426,0.8982520699501038,0.5489262342453003,-0.04707568883895874,0.9365719556808472,0.49403032660484314,-0.051020096987485886,0.9723565578460693,0.4419595003128052,-0.05217769742012024
HELLO,0.6579492688179016,0.9697516560554504,8.219200253734016e-7,0.5568555593490601,0.8583857417106628,-0.04846179857850075,0.49442625045776367,0.6896370649337769,-0.06650201231241226,0.449485719203949,0.5410518646240234,-0.0819893553853035,0.4035780131816864,0.4279080629348755,-0.09377507120370865,0.6366223096847534,0.4913252592086792,-0.0026100336108356714,0.6252985596656799,0.31444039940834045,-0.022252433001995087,0.6203041672706604,0.20611080527305603,-0.04227111488580704,0.623814582824707,0.11699932813644409,-0.05739680677652359,0.7162901163101196,0.5052826404571533,-0.0011434686603024602,0.7466182112693787,0.3304257392883301,-0.005685432348400354,0.7678760290145874,0.22148019075393677,-0.013370605185627937,0.7831982970237732,0.13977989554405212,-0.02009313926100731,0.781707763671875,0.5563347339630127,-0.010652872733771801,0.8263609409332275,0.4145802855491638,-0.022699182853102684,0.8530142903327942,0.3278821110725403,-0.027464523911476135,0.8708086013793945,0.2556971311569214,-0.03140018507838249,0.8346515893936157,0.6316220164299011,-0.027145415544509888,0.8988547921180725,0.5490403175354004,-0.04116487130522728,0.9362337589263916,0.49322807788848877,-0.044377222657203674,0.9710832834243774,0.44019800424575806,-0.045100532472133636
HELLO,0.6552621722221375,0.9746136665344238,8.146183176904742e-7,0.5542432069778442,0.8685107231140137,-0.04930629953742027,0.4900667071342468,0.701227605342865,-0.0693688616156578,0.4450308084487915,0.5534681677818298,-0.08666857331991196,0.3989945948123932,0.44149529933929443,-0.10031281411647797,0.6322017908096313,0.4954281449317932,-0.007279055193066597,0.6210647225379944,0.3178183436393738,-0.028414880856871605,0.616168737411499,0.20968768000602722,-0.04917878657579422,0.6201735138893127,0.12146148085594177,-0.0649057924747467,0.7122673988342285,0.5077816247940063,-0.0066627259366214275,0.742464542388916,0.33240246772766113,-0.013708001933991909,0.7639474272727966,0.22256821393966675,-0.02284666895866394,0.7804140448570251,0.14068159461021423,-0.030603909865021706,0.7785030007362366,0.5572177767753601,-0.016789644956588745,0.8238718509674072,0.413737952709198,-0.030795184895396233,0.8515149354934692,0.3259769678115845,-0.036639682948589325,0.8700841665267944,0.25409135222435,-0.041506554931402206,0.8327817916870117,0.6327494382858276,-0.03385557606816292,0.8968481421470642,0.5491072535514832,-0.049646344035863876,0.9356338977813721,0.4923836588859558,-0.053726863116025925,0.9700990915298462,0.439511239528656,-0.05517205223441124
HELLO,0.6427780985832214,0.9855771064758301,7.727996376161173e-7,0.5411496162414551,0.8833630084991455,-0.04936617612838745,0.47746866941452026,0.7190288305282593,-0.06984652578830719,0.4278883934020996,0.5782642364501953,-0.08644413948059082,0.377486914396286,0.47049394249916077,-0.10018303990364075,0.6121995449066162,0.5053229928016663,-0.013045555911958218,0.5971049666404724,0.32493364810943604,-0.03660862520337105,0.5913422107696533,0.2159481644630432,-0.060715705156326294,0.5929176807403564,0.12691450119018555,-0.0789346769452095,0.6953994631767273,0.5123147964477539,-0.012501547113060951,0.7268456816673279,0.3357122540473938,-0.022315047681331635,0.7490490674972534,0.22628065943717957,-0.03658729046583176,0.7653509378433228,0.14602255821228027,-0.04851283133029938,0.7638344168663025,0.5604548454284668,-0.021749703213572502,0.8073336482048035,0.41547149419784546,-0.03654462471604347,0.8326808214187622,0.3264087438583374,-0.04736080765724182,0.8491816520690918,0.2515352964401245,-0.05666229873895645,0.8182697296142578,0.6384788155555725,-0.03733396902680397,0.8811870813369751,0.5542845726013184,-0.05239556357264519,0.9198099970817566,0.498200923204422,-0.0570463091135025,0.9536951184272766,0.44481658935546875,-0.05969168618321419
HELLO,0.6434455513954163,0.9822850227355957,7.669105457352998e-7,0.5434648394584656,0.881778359413147,-0.051036134362220764,0.477141797542572,0.7185035943984985,-0.07151094079017639,0.4279353618621826,0.5751605033874512,-0.08806320279836655,0.3776671290397644,0.46690693497657776,-0.10138259828090668,0.6124089360237122,0.5035824775695801,-0.015550072304904461,0.5987709760665894,0.32420414686203003,-0.03857883810997009,0.5931937098503113,0.2161751389503479,-0.06060541421175003,0.5967341661453247,0.12731805443763733,-0.07724388688802719,0.6945071816444397,0.5123213529586792,-0.013890535570681095,0.7240614295005798,0.3354862332344055,-0.023319721221923828,0.7448974847793579,0.227962464094162,-0.03482871875166893,0.7609535455703735,0.14721447229385376,-0.04465661942958832,0.7626175284385681,0.5611501336097717,-0.02234986051917076,0.8070024251937866,0.41533270478248596,-0.03896677866578102,0.8334086537361145,0.32891443371772766,-0.048363637179136276,0.8510955572128296,0.25645923614501953,-0.05573456734418869,0.8170716166496277,0.6363872289657593,-0.037307243794202805,0.8817914724349976,0.5512241125106812,-0.05560525134205818,0.9205697774887085,0.4953615069389343,-0.06185545399785042,0.9546693563461304,0.4415915012359619,-0.06482969224452972
HELLO,0.6301460266113281,1.0030262470245361,7.946179607642989e-7,0.5272759199142456,0.8999342918395996,-0.05400482937693596,0.45686256885528564,0.740044355392456,-0.07822127640247345,0.40237459540367126,0.601542592048645,-0.09772302210330963,0.35073158144950867,0.49310049414634705,-0.11443880200386047,0.5885260701179504,0.5165122747421265,-0.02092687040567398,0.5702201128005981,0.33740395307540894,-0.04950442537665367,0.5624485015869141,0.22779738903045654,-0.07753550261259079,0.5620426535606384,0.1380053162574768,-0.09806591272354126,0.6723337769508362,0.5201055407524109,-0.01919100247323513,0.7041118741035461,0.3413441479206085,-0.03338869661092758,0.7253787517547607,0.23209190368652344,-0.0509616993367672,0.7410430908203125,0.15023869276046753,-0.06506296247243881,0.7421343326568604,0.5654285550117493,-0.027388162910938263,0.7838084697723389,0.419499933719635,-0.04453255608677864,0.8074185848236084,0.33043110370635986,-0.05769087374210358,0.8239078521728516,0.25666749477386475,-0.06853469461202621,0.7978149652481079,0.6428610682487488,-0.0422823540866375,0.8586813807487488,0.5576881170272827,-0.05829092487692833,0.8962916731834412,0.49925297498703003,-0.06390571594238281,0.9295355677604675,0.4455532133579254,-0.06733459234237671
HELLO,0.6252606511116028,1.0048668384552002,7.684262754992233e-7,0.525444746017456,0.9040300846099854,-0.05237047001719475,0.4545171856880188,0.739102840423584,-0.07444650679826736,0.4026270806789398,0.5994616746902466,-0.09223847836256027,0.35096779465675354,0.4913751482963562,-0.10701411962509155,0.5889050960540771,0.5173782706260681,-0.020819230005145073,0.5720864534378052,0.33781200647354126,-0.04721211642026901,0.5634657144546509,0.22998613119125366,-0.07212961465120316,0.5635063648223877,0.14011958241462708,-0.09066473692655563,0.6717760562896729,0.5226864218711853,-0.019835643470287323,0.7023500204086304,0.34176307916641235,-0.0329173319041729,0.7225229740142822,0.2328748106956482,-0.047255828976631165,0.7370508909225464,0.15168389678001404,-0.05888399854302406,0.741173267364502,0.5688117742538452,-0.02880813367664814,0.7859752178192139,0.42035478353500366,-0.047649260610342026,0.8106880187988281,0.331640362739563,-0.058490559458732605,0.8268337249755859,0.25818994641304016,-0.06684011220932007,0.7969558238983154,0.6437260508537292,-0.04432692751288414,0.8616782426834106,0.5544561147689819,-0.06373635679483414,0.899688720703125,0.495821088552475,-0.069943867623806,0.9317724704742432,0.4408263564109802,-0.07291648536920547
HELLO,0.6258679628372192,1.004513144493103,7.696071975260566e-7,0.5262706279754639,0.9031184911727905,-0.05377019941806793,0.45528775453567505,0.7392634153366089,-0.07688349485397339,0.4021143913269043,0.5986621975898743,-0.09543553739786148,0.3505462408065796,0.4899921715259552,-0.11069820076227188,0.5897262692451477,0.518307089805603,-0.02132607065141201,0.5717296004295349,0.3378024995326996,-0.04815634712576866,0.5629683136940002,0.22949150204658508,-0.07337483763694763,0.5627433657646179,0.13915696740150452,-0.09192687273025513,0.6722140908241272,0.5222873687744141,-0.019330520182847977,0.7022638916969299,0.34205079078674316,-0.03192880004644394,0.7215624451637268,0.23302170634269714,-0.04561256989836693,0.7352319359779358,0.1515432894229889,-0.056752562522888184,0.7409762144088745,0.5681490898132324,-0.027499115094542503,0.7851287126541138,0.41923558712005615,-0.045086272060871124,0.8097289204597473,0.32954245805740356,-0.05512980744242668,0.8244249224662781,0.2553943693637848,-0.06306815147399902,0.7969226837158203,0.6428442001342773,-0.04245477914810181,0.8610236644744873,0.5541038513183594,-0.06056823208928108,0.8986630439758301,0.4949953556060791,-0.06622594594955444,0.9308116436004639,0.44027286767959595,-0.06881357729434967
HELLO,0.6151666641235352,1.014380931854248,7.58706903525308e-7,0.5131242871284485,0.9097607135772705,-0.050248317420482635,0.44187116622924805,0.7461023330688477,-0.06895454227924347,0.38487499952316284,0.6073440909385681,-0.08437511324882507,0.3302976191043854,0.5009855628013611,-0.09620340913534164,0.5725250244140625,0.5299915075302124,-0.004876430612057447,0.5468106269836426,0.3469611406326294,-0.026087943464517593,0.5346882343292236,0.23805424571037292,-0.048671212047338486,0.531572699546814,0.14811450242996216,-0.06509939581155777,0.6545248031616211,0.5289428234100342,-0.0024998211301863194,0.675410807132721,0.34591734409332275,-0.006762933451682329,0.6931380033493042,0.23487117886543274,-0.016428178176283836,0.7055076360702515,0.15477892756462097,-0.024510839954018593,0.7258610129356384,0.5706052184104919,-0.01095211785286665,0.760822057723999,0.4222411513328552,-0.019407153129577637,0.7839884757995605,0.3290203809738159,-0.02523368038237095,0.7988376021385193,0.2527182102203369,-0.03088497370481491,0.785488486289978,0.6416294574737549,-0.026657456532120705,0.8415152430534363,0.5535346269607544,-0.03607627749443054,0.8763361573219299,0.4936423599720001,-0.037105776369571686,0.9078335762023926,0.4392377734184265,-0.03673340380191803
HELLO,0.6161693930625916,1.0110442638397217,7.744999948045006e-7,0.5136843919754028,0.9078388810157776,-0.050273384898900986,0.4412744641304016,0.7453211545944214,-0.07012740522623062,0.38549286127090454,0.605858564376831,-0.08637160807847977,0.3293253183364868,0.5007087588310242,-0.09887393563985825,0.5722684860229492,0.5272908210754395,-0.00791849847882986,0.5490704774856567,0.3473653197288513,-0.02810819447040558,0.5372729897499084,0.23981478810310364,-0.04943696781992912,0.5352504253387451,0.14871308207511902,-0.06568116694688797,0.6534245610237122,0.5290002822875977,-0.005739398300647736,0.6747180819511414,0.34876781702041626,-0.011357735842466354,0.6907121539115906,0.23710525035858154,-0.02100960910320282,0.7019456624984741,0.15405601263046265,-0.029494894668459892,0.7231320142745972,0.5725659728050232,-0.01412013079971075,0.7613171339035034,0.42297783493995667,-0.025708982720971107,0.7844481468200684,0.3289121985435486,-0.03288460522890091,0.7990072965621948,0.25047406554222107,-0.03933386504650116,0.7822368144989014,0.6433759927749634,-0.029406849294900894,0.8424919247627258,0.5527116656303406,-0.04245944321155548,0.8777849078178406,0.49185052514076233,-0.04582713916897774,0.9093971252441406,0.43463772535324097,-0.04723585397005081
HELLO,0.6161250472068787,1.0113375186920166,7.857032073843584e-7,0.5136280655860901,0.9098290205001831,-0.050489045679569244,0.44216078519821167,0.7480483651161194,-0.07098113745450974,0.3867592215538025,0.6081626415252686,-0.08781082183122635,0.3308170735836029,0.5025973916053772,-0.10089088976383209,0.5720152258872986,0.5282630324363708,-0.008583791553974152,0.5489352941513062,0.34883224964141846,-0.028710735961794853,0.5368863344192505,0.2411079704761505,-0.049878641963005066,0.5348123908042908,0.150377094745636,-0.0660107210278511,0.6532054543495178,0.5298184156417847,-0.006414680276066065,0.6738836765289307,0.35008013248443604,-0.01164125557988882,0.6895385980606079,0.2392192780971527,-0.020895401015877724,0.7006008625030518,0.1567332148551941,-0.029124939814209938,0.7226802110671997,0.5728428959846497,-0.014780471101403236,0.7599139213562012,0.4236607551574707,-0.025811322033405304,0.782502293586731,0.3292119801044464,-0.032678354531526566,0.7966407537460327,0.25067591667175293,-0.03906578570604324,0.7815197706222534,0.6425243020057678,-0.030062343925237656,0.8408361673355103,0.5519029498100281,-0.04285900667309761,0.8761128187179565,0.4910600185394287,-0.0460854209959507,0.907177209854126,0.4341566562652588,-0.04739343002438545
HELLO,0.6140584945678711,1.0165939331054688,8.275495702037006e-7,0.5100794434547424,0.9143831729888916,-0.049185190349817276,0.43754279613494873,0.7490555644035339,-0.06790167838335037,0.3806431293487549,0.6073862314224243,-0.08370187878608704,0.320983350276947,0.5037965178489685,-0.09584583342075348,0.5659546852111816,0.5334983468055725,-0.0008440102683380246,0.537592887878418,0.3533395230770111,-0.018727371469140053,0.5231820940971375,0.2432665228843689,-0.03836880251765251,0.5185492634773254,0.15273836255073547,-0.05288495868444443,0.6466149687767029,0.5326976776123047,0.0017451493768021464,0.6659802198410034,0.3504796028137207,0.0006875861436128616,0.6803877353668213,0.2366570234298706,-0.005092625971883535,0.6891902089118958,0.15383067727088928,-0.010158047080039978,0.7177624702453613,0.574330747127533,-0.006594297010451555,0.7511196136474609,0.42302206158638,-0.012209244072437286,0.7715975046157837,0.3258409798145294,-0.014516159892082214,0.7840808629989624,0.24628764390945435,-0.017748018726706505,0.777141809463501,0.6431805491447449,-0.02228567935526371,0.8335721492767334,0.5519384145736694,-0.029554640874266624,0.8667587041854858,0.4879269003868103,-0.028814684599637985,0.8984073400497437,0.4296877086162567,-0.027182435616850853
HELLO,0.6137288808822632,1.0183565616607666,8.151332622219343e-7,0.5087556838989258,0.9179571866989136,-0.046502165496349335,0.4358419179916382,0.7514418959617615,-0.063360296189785,0.37921130657196045,0.6096475124359131,-0.07789769768714905,0.3213474154472351,0.504838228225708,-0.08888832479715347,0.5634650588035583,0.5319088697433472,0.0022263131104409695,0.5369501113891602,0.3522782623767853,-0.01457024086266756,0.5238786339759827,0.24410906434059143,-0.03354111313819885,0.520919919013977,0.15377363562583923,-0.048034727573394775,0.6441505551338196,0.5324301719665527,0.002988486783578992,0.6619498133659363,0.35032278299331665,0.0019416953437030315,0.6757195591926575,0.2358211874961853,-0.004017489496618509,0.6843761205673218,0.1529899537563324,-0.00952374842017889,0.7154045104980469,0.5750072598457336,-0.007213966455310583,0.7493177652359009,0.42247655987739563,-0.014603082090616226,0.770176351070404,0.3247160315513611,-0.018511101603507996,0.7825878262519836,0.24474790692329407,-0.02268184721469879,0.7751284837722778,0.6440273523330688,-0.02445523627102375,0.8344735503196716,0.5513795614242554,-0.03443875163793564,0.8683452606201172,0.4877191185951233,-0.03583994880318642,0.8990684747695923,0.42932677268981934,-0.035708583891391754
HELLO,0.6141576170921326,1.0149458646774292,8.516972798133793e-7,0.5123044848442078,0.9126081466674805,-0.04625074192881584,0.43845152854919434,0.746350109577179,-0.06402260810136795,0.38104045391082764,0.6069834232330322,-0.07977594435214996,0.3233039379119873,0.5017632246017456,-0.09188714623451233,0.5669470429420471,0.5262050628662109,0.003101849462836981,0.5403474569320679,0.3468766212463379,-0.012495160102844238,0.5266834497451782,0.23952049016952515,-0.03067293018102646,0.5233038663864136,0.14883148670196533,-0.04502207040786743,0.6474161148071289,0.5278886556625366,0.003129275282844901,0.6654049158096313,0.3472297787666321,0.002774112159386277,0.6783624291419983,0.2327137291431427,-0.003208809532225132,0.6857962012290955,0.14973270893096924,-0.009077914990484715,0.7183957695960999,0.5710205435752869,-0.0078108469024300575,0.75278240442276,0.4179995059967041,-0.015117059461772442,0.7743114829063416,0.32053428888320923,-0.01885792799293995,0.7863836288452148,0.24010586738586426,-0.02312537096440792,0.7779457569122314,0.6407480239868164,-0.025846004486083984,0.8380780816078186,0.5478973388671875,-0.036421362310647964,0.8722597360610962,0.48425018787384033,-0.038220491260290146,0.903892993927002,0.42559412121772766,-0.03841795399785042
HELLO,0.6154909133911133,1.0123931169509888,8.143230729729112e-7,0.5130816698074341,0.9133872389793396,-0.04906648024916649,0.4385787844657898,0.7491815090179443,-0.06890373677015305,0.3818668723106384,0.6084514856338501,-0.08566884696483612,0.32477399706840515,0.5018848776817322,-0.0987473875284195,0.5665843486785889,0.527106761932373,-0.004290025215595961,0.5398643612861633,0.34773024916648865,-0.02315077744424343,0.5262535214424133,0.24015763401985168,-0.04325135797262192,0.5231128334999084,0.1493910849094391,-0.05863400548696518,0.6471743583679199,0.5277438163757324,-0.0030611692927777767,0.6648485064506531,0.34633874893188477,-0.0067422520369291306,0.6784026026725769,0.23287349939346313,-0.014164765365421772,0.6871879696846008,0.14949509501457214,-0.020857643336057663,0.7177084684371948,0.5704514980316162,-0.012617722153663635,0.7524394989013672,0.41732436418533325,-0.022305937483906746,0.774005651473999,0.3194422721862793,-0.02694706618785858,0.7871596813201904,0.23825863003730774,-0.031774718314409256,0.7779616117477417,0.6412954330444336,-0.02925117313861847,0.8369536399841309,0.5488519668579102,-0.04121057316660881,0.8715037107467651,0.48554491996765137,-0.043448854237794876,0.9024055004119873,0.42632853984832764,-0.043953560292720795
HELLO,0.6158193945884705,1.01347815990448,8.32700720820867e-7,0.5120785236358643,0.9137037992477417,-0.04870769754052162,0.43841952085494995,0.749774694442749,-0.06861964613199234,0.38204124569892883,0.6087183952331543,-0.08573079854249954,0.32499784231185913,0.5013118982315063,-0.0991658940911293,0.5665249228477478,0.526604175567627,-0.00275703938677907,0.540719211101532,0.3476753532886505,-0.020973194390535355,0.5271239280700684,0.23977512121200562,-0.040699154138565063,0.523419201374054,0.1492558717727661,-0.055928513407707214,0.6473530530929565,0.5283253192901611,-0.0019802546594291925,0.6652495265007019,0.3470571041107178,-0.004901403561234474,0.6784660816192627,0.23272207379341125,-0.011947170831263065,0.6867230534553528,0.14875677227973938,-0.01840214431285858,0.7177548408508301,0.5716213583946228,-0.012067517265677452,0.7524718642234802,0.4184214174747467,-0.02102789655327797,0.7742519378662109,0.32019805908203125,-0.025119692087173462,0.7876980900764465,0.2386738657951355,-0.02964911423623562,0.7769255638122559,0.6421657800674438,-0.029299015179276466,0.8365888595581055,0.5493972301483154,-0.04083044081926346,0.8714161515235901,0.4857613146305084,-0.042734112590551376,0.9025960564613342,0.42659759521484375,-0.04301856830716133
HELLO,0.6313508152961731,1.0064634084701538,8.23132324967446e-7,0.526000440120697,0.9035824537277222,-0.049478594213724136,0.4507629871368408,0.7402346730232239,-0.06997061520814896,0.39564141631126404,0.5974346399307251,-0.08752894401550293,0.3400138318538666,0.4883185923099518,-0.10114650428295135,0.5784594416618347,0.5178958177566528,-0.007115283980965614,0.5521870851516724,0.3399834930896759,-0.02802327275276184,0.538486897945404,0.2325974702835083,-0.04934723302721977,0.5347041487693787,0.14240524172782898,-0.06567955017089844,0.6596572995185852,0.5188187956809998,-0.0071207573637366295,0.6809220910072327,0.3359341025352478,-0.013551879674196243,0.6964108347892761,0.22477462887763977,-0.023338133469223976,0.7066985368728638,0.14360401034355164,-0.03156996890902519,0.7306814789772034,0.5621252059936523,-0.017875783145427704,0.7675163745880127,0.4097924828529358,-0.031898364424705505,0.7888307571411133,0.3183825612068176,-0.03923258185386658,0.802386462688446,0.2435639500617981,-0.045056167989969254,0.7926055788993835,0.634810745716095,-0.035423167049884796,0.8538999557495117,0.5424833297729492,-0.05171169713139534,0.8896445035934448,0.4818766713142395,-0.05595897138118744,0.921183705329895,0.4256879985332489,-0.057228777557611465
HELLO,0.6280069947242737,1.0071974992752075,7.621541726621217e-7,0.5236511826515198,0.9089990258216858,-0.04823073372244835,0.44792547821998596,0.741196870803833,-0.06633377075195312,0.3929959535598755,0.5991319417953491,-0.08113333582878113,0.3372880518436432,0.49241477251052856,-0.09240920096635818,0.5805190205574036,0.5153903961181641,-0.005874679423868656,0.5551292896270752,0.336593896150589,-0.02453380450606346,0.541438102722168,0.2290118932723999,-0.04450881481170654,0.5369781255722046,0.1388969123363495,-0.060079194605350494,0.662321150302887,0.518345296382904,-0.005329606123268604,0.6819611191749573,0.3378427028656006,-0.009838849306106567,0.6956264972686768,0.22610417008399963,-0.018939921632409096,0.7043488025665283,0.14309576153755188,-0.02702242322266102,0.7325365543365479,0.5631470084190369,-0.01516294851899147,0.7684527039527893,0.4109623432159424,-0.02708849124610424,0.7898929119110107,0.31749311089515686,-0.03393769636750221,0.8031723499298096,0.23906740546226501,-0.040104180574417114,0.7913724184036255,0.6354956030845642,-0.03164728730916977,0.8522469997406006,0.5444934964179993,-0.04629268869757652,0.8871999979019165,0.483410507440567,-0.050344955176115036,0.9180545806884766,0.42494869232177734,-0.051974665373563766
HELLO,0.6481064558029175,0.9932560324668884,7.629699325661932e-7,0.5454010963439941,0.8907755613327026,-0.04320155084133148,0.4741082489490509,0.7233415246009827,-0.05990556254982948,0.42259499430656433,0.58197021484375,-0.07456284016370773,0.36681067943573,0.4819515347480774,-0.08640310168266296,0.598763644695282,0.5045081377029419,-0.011796245351433754,0.5776515007019043,0.3221955895423889,-0.03571885824203491,0.5671944618225098,0.21446114778518677,-0.05858508497476578,0.5638312697410583,0.12357911467552185,-0.0759713426232338,0.6803318858146667,0.5068676471710205,-0.014844343066215515,0.7070635557174683,0.32373133301734924,-0.02667360007762909,0.7258551716804504,0.21413317322731018,-0.0409347340464592,0.7397476434707642,0.13176977634429932,-0.052246805280447006,0.7511920928955078,0.5517135262489319,-0.02687167376279831,0.791722297668457,0.39959725737571716,-0.045006196945905685,0.813076913356781,0.3155600130558014,-0.0556800402700901,0.8278360366821289,0.24583426117897034,-0.06347084790468216,0.8123867511749268,0.6274793148040771,-0.04467608034610748,0.8764866590499878,0.5384410619735718,-0.06329478323459625,0.9152653217315674,0.4818882346153259,-0.06857667863368988,0.948746919631958,0.4284873604774475,-0.07042534649372101
HELLO,0.6433606147766113,0.9922792911529541,6.897559501339856e-7,0.5422095060348511,0.8943432569503784,-0.0452919639647007,0.46931731700897217,0.7240769267082214,-0.061108898371458054,0.4171608090400696,0.5843939781188965,-0.07384175807237625,0.3677346408367157,0.48047417402267456,-0.08375488966703415,0.6034308075904846,0.500839114189148,-0.01073371060192585,0.5812550187110901,0.3203280568122864,-0.034145206212997437,0.5687201023101807,0.2123706042766571,-0.05740800127387047,0.5649734139442444,0.12235966324806213,-0.07463481277227402,0.6852033138275146,0.5053408145904541,-0.011174294166266918,0.70770663022995,0.3252358138561249,-0.02047610841691494,0.7221935987472534,0.2149803638458252,-0.03330809623003006,0.7323945164680481,0.13273414969444275,-0.04368383064866066,0.755400538444519,0.5504392981529236,-0.021114954724907875,0.7941200137138367,0.4007958769798279,-0.03610580042004585,0.8159686326980591,0.31323379278182983,-0.04515979066491127,0.8289483785629272,0.24091431498527527,-0.052253179252147675,0.8124723434448242,0.6246459484100342,-0.037207260727882385,0.8746086359024048,0.5353074669837952,-0.05260564386844635,0.9110687971115112,0.47670942544937134,-0.056923359632492065,0.9427303075790405,0.4224857985973358,-0.05846540257334709
HELLO,0.6437385082244873,0.9881068468093872,6.98472263138683e-7,0.5425130724906921,0.8896124958992004,-0.04709424450993538,0.470079243183136,0.7228293418884277,-0.06463915854692459,0.4167082607746124,0.5825939774513245,-0.07906205207109451,0.3647967576980591,0.47993794083595276,-0.09049482643604279,0.6019566655158997,0.5015466213226318,-0.011971436440944672,0.5798783898353577,0.32131674885749817,-0.03603523224592209,0.5680790543556213,0.21278515458106995,-0.05975824221968651,0.5649800300598145,0.12250226736068726,-0.07752302289009094,0.6837596893310547,0.505122721195221,-0.012114346958696842,0.706621527671814,0.32575762271881104,-0.022777609527111053,0.7221673727035522,0.2151581346988678,-0.03647495433688164,0.7326301336288452,0.13212904334068298,-0.04766588285565376,0.7536653280258179,0.5503776669502258,-0.022008094936609268,0.7934847474098206,0.4025387763977051,-0.038101926445961,0.8153765201568604,0.31475287675857544,-0.048501353710889816,0.8281701803207397,0.24130982160568237,-0.056680187582969666,0.812089204788208,0.6252933144569397,-0.03814589977264404,0.8742563724517822,0.536562442779541,-0.054085828363895416,0.9102110862731934,0.4776177406311035,-0.05927455052733421,0.9418834447860718,0.42258042097091675,-0.06178096681833267
HELLO,0.6657539010047913,0.9817376136779785,7.799312697898131e-7,0.5616574883460999,0.872854471206665,-0.044522497802972794,0.49390700459480286,0.7016258239746094,-0.060585521161556244,0.4470809996128082,0.5572818517684937,-0.07450971752405167,0.3939169645309448,0.45437362790107727,-0.08494194597005844,0.6246177554130554,0.4925183653831482,-0.010492250323295593,0.6058886647224426,0.30864763259887695,-0.03382837027311325,0.5983431339263916,0.20067480206489563,-0.05517297610640526,0.5983816981315613,0.11061170697212219,-0.07062490284442902,0.7064614295959473,0.49830734729766846,-0.012025440111756325,0.7342608571052551,0.315678209066391,-0.02147555723786354,0.7539856433868408,0.20738640427589417,-0.03182049095630646,0.7702465653419495,0.12894687056541443,-0.03943733125925064,0.7769368290901184,0.5452054738998413,-0.023068765178322792,0.8186149597167969,0.39334744215011597,-0.0399174727499485,0.8413515090942383,0.311129093170166,-0.047097817063331604,0.857180655002594,0.2453625202178955,-0.05133182182908058,0.8371931314468384,0.6221377849578857,-0.04022302106022835,0.9024483561515808,0.5349845886230469,-0.058752238750457764,0.9427170753479004,0.4799269735813141,-0.06285528838634491,0.9781627655029297,0.4290657639503479,-0.06259340047836304
HELLO,0.6646993160247803,0.9758551120758057,7.147993414946541e-7,0.5636928677558899,0.8702208399772644,-0.04715270176529884,0.49372661113739014,0.7018746137619019,-0.06631260365247726,0.44176602363586426,0.5594717264175415,-0.08239638060331345,0.39237362146377563,0.4521295726299286,-0.09527219086885452,0.6300647854804993,0.48971763253211975,-0.0145347211509943,0.610031247138977,0.308864951133728,-0.04122016206383705,0.6000784039497375,0.19996866583824158,-0.06591710448265076,0.5996297001838684,0.11014935374259949,-0.08331922441720963,0.7115836143493652,0.49603575468063354,-0.013985412195324898,0.736344039440155,0.31740766763687134,-0.02487272024154663,0.7528730630874634,0.20982763171195984,-0.03623243421316147,0.7649565935134888,0.1295223832130432,-0.04499940946698189,0.7814003825187683,0.542549729347229,-0.023202819749712944,0.8226897120475769,0.39418038725852966,-0.03878122940659523,0.8454228639602661,0.30803632736206055,-0.04482363164424896,0.860041618347168,0.2384626269340515,-0.04917415976524353,0.8391721844673157,0.6194055676460266,-0.03886912018060684,0.9027730226516724,0.531533420085907,-0.053656525909900665,0.9402565360069275,0.47313228249549866,-0.056029535830020905,0.9728178381919861,0.41968777775764465,-0.0556340366601944
HELLO,0.6801969408988953,0.973495364189148,7.832548476471857e-7,0.5812768936157227,0.8582800626754761,-0.04384918883442879,0.5178458094596863,0.6846255660057068,-0.060031622648239136,0.47368860244750977,0.5388671159744263,-0.07399550080299377,0.42359858751296997,0.432523250579834,-0.08434878289699554,0.6493435502052307,0.47868120670318604,-0.010054209269583225,0.6360518932342529,0.2969077229499817,-0.03284338861703873,0.6314057111740112,0.18764927983283997,-0.05328894406557083,0.6324953436851501,0.0980493426322937,-0.0683838501572609,0.7321532964706421,0.48721984028816223,-0.012223830446600914,0.7608534097671509,0.3094392418861389,-0.022511860355734825,0.782883882522583,0.20293515920639038,-0.03275638446211815,0.7991007566452026,0.12557807564735413,-0.04071710258722305,0.8027455806732178,0.5363721251487732,-0.024056151509284973,0.8455404043197632,0.390863299369812,-0.04493671655654907,0.8689391613006592,0.3087155222892761,-0.05459398031234741,0.8856932520866394,0.24360567331314087,-0.06011863052845001,0.8628104329109192,0.6140742301940918,-0.04152187332510948,0.9346219897270203,0.5242684483528137,-0.06512127071619034,0.9831299781799316,0.4676208198070526,-0.07277747243642807,1.02504301071167,0.4154873490333557,-0.07495252788066864
HELLO,0.68217533826828,0.9696141481399536,7.717164862697246e-7,0.5825356245040894,0.8582394123077393,-0.04762865602970123,0.5149933695793152,0.6860592365264893,-0.06618756055831909,0.46732908487319946,0.540235698223114,-0.08175592869520187,0.41934505105018616,0.43071722984313965,-0.09420182555913925,0.6541942954063416,0.47587186098098755,-0.012434904463589191,0.6365368366241455,0.29651254415512085,-0.037975385785102844,0.6305437088012695,0.1861386001110077,-0.061877671629190445,0.6327374577522278,0.09563064575195312,-0.07924915850162506,0.7366372346878052,0.4863799810409546,-0.012676786631345749,0.7645750045776367,0.31117936968803406,-0.024979757145047188,0.7843018174171448,0.2020927369594574,-0.03804135322570801,0.7986547946929932,0.1204337477684021,-0.048200372606515884,0.8053218126296997,0.5367999076843262,-0.022956745699048042,0.847214937210083,0.39445024728775024,-0.043472692370414734,0.8708617091178894,0.30804890394210815,-0.05365370213985443,0.8859255909919739,0.23883023858070374,-0.06011853367090225,0.861431896686554,0.615605354309082,-0.039316728711128235,0.9299976825714111,0.5288832187652588,-0.06011853367090225,0.9729706048965454,0.47006359696388245,-0.06675928086042404,1.0115430355072021,0.41536468267440796,-0.06922207772731781
HELLO,0.6923936605453491,0.969616174697876,8.244217610808846e-7,0.590756356716156,0.8523128032684326,-0.048268504440784454,0.5277936458587646,0.6694306135177612,-0.0640670582652092,0.48310041427612305,0.5160108804702759,-0.07667971402406693,0.43385758996009827,0.4034820795059204,-0.08505905419588089,0.669257640838623,0.46966949105262756,-0.004664282780140638,0.6589071154594421,0.29085132479667664,-0.02260676771402359,0.654337465763092,0.18142932653427124,-0.03958366438746452,0.6559356451034546,0.09331846237182617,-0.05250182002782822,0.7518063187599182,0.48135244846343994,-0.0035077587235718966,0.7851033806800842,0.30337512493133545,-0.00728282704949379,0.8073132634162903,0.19682830572128296,-0.01215441059321165,0.8223539590835571,0.12013563513755798,-0.01603858545422554,0.8207008838653564,0.5333101153373718,-0.01316909771412611,0.8657479286193848,0.38768434524536133,-0.02832392416894436,0.8909834623336792,0.3054206967353821,-0.03343008831143379,0.9076959490776062,0.23939520120620728,-0.03607045114040375,0.878201425075531,0.612430989742279,-0.029371341690421104,0.948291540145874,0.5276652574539185,-0.04883585497736931,0.9937534332275391,0.47241729497909546,-0.054378442466259,1.0331692695617676,0.42090171575546265,-0.05512036383152008
HELLO,0.6944469809532166,0.9703496694564819,7.630638378941512e-7,0.593169629573822,0.8551560640335083,-0.04814779758453369,0.5270901918411255,0.6746042966842651,-0.06369505822658539,0.4834896922111511,0.5201556086540222,-0.07640749216079712,0.43636488914489746,0.4043766260147095,-0.0852220430970192,0.6725075840950012,0.4692233204841614,-0.002110895700752735,0.6606072187423706,0.29153475165367126,-0.02113940753042698,0.6561784148216248,0.1823490858078003,-0.04035201296210289,0.6589807271957397,0.0922664999961853,-0.05496910214424133,0.7555712461471558,0.4826905429363251,-0.0009758566156961024,0.7859112620353699,0.30690982937812805,-0.006871137768030167,0.806523859500885,0.19949445128440857,-0.014661379158496857,0.8199748396873474,0.12138399481773376,-0.020818274468183517,0.824257493019104,0.5356283783912659,-0.0107911741361022,0.867816686630249,0.3939693868160248,-0.026731550693511963,0.8926587104797363,0.30924031138420105,-0.03246764838695526,0.9080535173416138,0.2414810061454773,-0.0355682410299778,0.8805519342422485,0.6135304570198059,-0.02724093198776245,0.9477654695510864,0.5295889377593994,-0.04562302306294441,0.9899749755859375,0.47295913100242615,-0.05084974318742752,1.027694582939148,0.42036789655685425,-0.051824212074279785
HELLO,0.6939905881881714,0.9728437662124634,7.967491342242283e-7,0.5912062525749207,0.8578416109085083,-0.04727642238140106,0.5277562141418457,0.6773163676261902,-0.062006205320358276,0.484881192445755,0.5217774510383606,-0.07439862936735153,0.4387810528278351,0.4025196433067322,-0.08286604285240173,0.6740231513977051,0.4715515971183777,0.002523412462323904,0.663859486579895,0.29480984807014465,-0.014387998729944229,0.6609047055244446,0.1840253472328186,-0.032127682119607925,0.664630651473999,0.09372842311859131,-0.04577698931097984,0.7572484016418457,0.48784205317497253,0.003591486718505621,0.7898260951042175,0.31224536895751953,0.0014126148307695985,0.8123877048492432,0.20558887720108032,-0.0035280913580209017,0.8265877962112427,0.12801557779312134,-0.007844490930438042,0.8250519037246704,0.5419954657554626,-0.0067143989726901054,0.8705921173095703,0.40118998289108276,-0.020396776497364044,0.8979610204696655,0.31633517146110535,-0.0245863888412714,0.9153570532798767,0.24783125519752502,-0.026791444048285484,0.8803826570510864,0.6190159916877747,-0.023770516738295555,0.9483529925346375,0.534085750579834,-0.04189608618617058,0.992386519908905,0.4817654490470886,-0.046614907681941986,1.03189218044281,0.4338119924068451,-0.04696771502494812
HELLO,0.6832746267318726,0.977617621421814,7.70498900237726e-7,0.5784888863563538,0.8683513402938843,-0.048911936581134796,0.513590931892395,0.6956453919410706,-0.06703398376703262,0.46734562516212463,0.5472489595413208,-0.08212102949619293,0.42059382796287537,0.43146419525146484,-0.09395314007997513,0.6579657196998596,0.48113423585891724,-0.008148323744535446,0.6452245712280273,0.30440986156463623,-0.030372025445103645,0.6414206027984619,0.19321605563163757,-0.05273868143558502,0.6441668272018433,0.1026928722858429,-0.06962913274765015,0.7446945905685425,0.49278414249420166,-0.007768948562443256,0.7780943512916565,0.3190767467021942,-0.017506249248981476,0.8026599884033203,0.21151956915855408,-0.02927238494157791,0.8199852705001831,0.13222473859786987,-0.03866330161690712,0.8149511814117432,0.5449156761169434,-0.01792411506175995,0.8581186532974243,0.404960036277771,-0.038421377539634705,0.8860182166099548,0.3186909556388855,-0.04935179278254509,0.9040383100509644,0.24754121899604797,-0.05608157813549042,0.8717889189720154,0.6245083212852478,-0.03422076255083084,0.9437465667724609,0.5373689532279968,-0.05722520500421524,0.9909011125564575,0.48429495096206665,-0.06514260172843933,1.030790090560913,0.4345540404319763,-0.06804565340280533
HELLO,0.6806836128234863,0.9766068458557129,7.470707714674063e-7,0.5802509784698486,0.8694360256195068,-0.04593564197421074,0.5157956480979919,0.6972476243972778,-0.063468337059021,0.47090694308280945,0.550094485282898,-0.0786340981721878,0.42399927973747253,0.43849825859069824,-0.09090697765350342,0.6596627831459045,0.4822506904602051,-0.01096888817846775,0.6480846405029297,0.30511903762817383,-0.03460514172911644,0.6451038122177124,0.193288654088974,-0.05684974044561386,0.6498201489448547,0.10243108868598938,-0.07363729178905487,0.7442499995231628,0.49471986293792725,-0.012261923402547836,0.7760366797447205,0.3208324611186981,-0.02432660385966301,0.7997329831123352,0.2139691412448883,-0.03622691333293915,0.8185677528381348,0.13561230897903442,-0.04554115980863571,0.8135526776313782,0.546718418598175,-0.02358146570622921,0.8592568635940552,0.40347322821617126,-0.0468561090528965,0.888609766960144,0.32036495208740234,-0.05785786733031273,0.908644437789917,0.25325217843055725,-0.06425730139017105,0.8700065016746521,0.6251307129859924,-0.04061008617281914,0.9447681903839111,0.5377495884895325,-0.06710635870695114,0.9950867891311646,0.48338642716407776,-0.0770561620593071,1.0386881828308105,0.43288561701774597,-0.08086952567100525
HELLO,0.6809871792793274,0.9777332544326782,7.603043741255533e-7,0.5803430676460266,0.870431661605835,-0.04698876664042473,0.5160984992980957,0.6972488164901733,-0.0650680884718895,0.47060760855674744,0.5494495034217834,-0.08052720874547958,0.4235004782676697,0.4368109405040741,-0.09301678091287613,0.6600134372711182,0.4828522503376007,-0.009640120901167393,0.6473751068115234,0.3050316572189331,-0.03294890373945236,0.6439396142959595,0.1933392584323883,-0.055460717529058456,0.6483055949211121,0.10286527872085571,-0.07236094772815704,0.7445834279060364,0.49545818567276,-0.010240580886602402,0.7764149904251099,0.32235363125801086,-0.020983366295695305,0.7993930578231812,0.2147153913974762,-0.03268688917160034,0.8172060251235962,0.13444781303405762,-0.04201040044426918,0.8133786916732788,0.5475971102714539,-0.021070703864097595,0.8579816818237305,0.40571045875549316,-0.04190122336149216,0.8863472938537598,0.3204480707645416,-0.05201079696416855,0.9058893918991089,0.25115135312080383,-0.05834292620420456,0.8696807026863098,0.6267803907394409,-0.03792726621031761,0.9408963322639465,0.5388780236244202,-0.06161816418170929,0.9885812997817993,0.4846063256263733,-0.0698280930519104,1.030700922012329,0.43399521708488464,-0.07284131646156311
HELLO,0.6615838408470154,0.9993616938591003,7.452212571479322e-7,0.5573874711990356,0.889103889465332,-0.05110836774110794,0.49064427614212036,0.720026969909668,-0.07214528322219849,0.441364049911499,0.5775313377380371,-0.08873040229082108,0.3905744254589081,0.467177152633667,-0.10247860103845596,0.6320806741714478,0.49948838353157043,-0.017763538286089897,0.6158223748207092,0.31644049286842346,-0.04371052607893944,0.6125622391700745,0.20542600750923157,-0.06948293745517731,0.615588903427124,0.11640653014183044,-0.0886867567896843,0.7185400724411011,0.5079452395439148,-0.017425289377570152,0.7491170167922974,0.3286133408546448,-0.030922526493668556,0.7717288732528687,0.22132974863052368,-0.048227790743112564,0.7894127368927002,0.14409849047660828,-0.06180140748620033,0.7894251346588135,0.558982789516449,-0.02675442025065422,0.8335033059120178,0.4162953495979309,-0.046001892536878586,0.8594212532043457,0.32769373059272766,-0.060972146689891815,0.8771458864212036,0.2546260952949524,-0.07236351072788239,0.8458517789840698,0.6415209770202637,-0.04211748391389847,0.9115331172943115,0.5565584897994995,-0.060710277408361435,0.9515088200569153,0.5001941919326782,-0.06764984130859375,0.9848216772079468,0.44724392890930176,-0.07153425365686417
HELLO,0.6593190431594849,0.9961532950401306,7.511147259720019e-7,0.5609236359596252,0.8885531425476074,-0.05007069185376167,0.4926868677139282,0.7216098308563232,-0.07098911702632904,0.441514790058136,0.578744649887085,-0.08843597024679184,0.39370545744895935,0.4680179953575134,-0.10254477709531784,0.6329644322395325,0.5019115805625916,-0.016089381650090218,0.6183897256851196,0.32092881202697754,-0.043149810284376144,0.6119534969329834,0.2096826136112213,-0.06836318224668503,0.6144343614578247,0.11938032507896423,-0.08643314242362976,0.7172515392303467,0.510388195514679,-0.015699943527579308,0.7494000196456909,0.3312792479991913,-0.029374806210398674,0.772280752658844,0.22309821844100952,-0.043372344225645065,0.789348840713501,0.14410367608070374,-0.05363127216696739,0.7871878743171692,0.5601958632469177,-0.025346897542476654,0.8332506418228149,0.4141440987586975,-0.04519714415073395,0.8623047471046448,0.32828810811042786,-0.05461043491959572,0.8814359903335571,0.2592955231666565,-0.060396380722522736,0.8435368537902832,0.6392000317573547,-0.041391771286726,0.9112867712974548,0.5522992610931396,-0.060618918389081955,0.9517151117324829,0.49381959438323975,-0.06542570143938065,0.9870122671127319,0.4400913715362549,-0.06622683256864548
HELLO,0.6597045660018921,0.9942492246627808,7.601879588037264e-7,0.5609076619148254,0.888012707233429,-0.05105633661150932,0.49327337741851807,0.7217732071876526,-0.07278619706630707,0.44214683771133423,0.5787127614021301,-0.09080608189105988,0.3935360014438629,0.46742498874664307,-0.10564598441123962,0.6324517726898193,0.5022507309913635,-0.018384257331490517,0.618249237537384,0.32132622599601746,-0.04615386947989464,0.612479031085968,0.20921316742897034,-0.07194703817367554,0.6151981353759766,0.11788725852966309,-0.09062941372394562,0.7173053026199341,0.5103441476821899,-0.017964676022529602,0.7485368847846985,0.3321712911128998,-0.033036455512046814,0.770793080329895,0.2225131094455719,-0.04831802472472191,0.7875344157218933,0.14108949899673462,-0.05980128422379494,0.7879971265792847,0.5597834587097168,-0.02758190594613552,0.8331467509269714,0.41493797302246094,-0.04946634918451309,0.8614649772644043,0.3272891044616699,-0.06103794276714325,0.8804948925971985,0.2558615803718567,-0.06850205361843109,0.8442134261131287,0.6383051872253418,-0.04343763738870621,0.913063645362854,0.5512681007385254,-0.06496874243021011,0.9551669359207153,0.4931071996688843,-0.07168204337358475,0.9917293787002563,0.4383952021598816,-0.07406701892614365
HELLO,0.6475493311882019,1.010303258895874,7.903361733951897e-7,0.5410259962081909,0.9036718606948853,-0.05636824294924736,0.4703553318977356,0.7397974729537964,-0.08099088072776794,0.41511213779449463,0.5953736901283264,-0.10095280408859253,0.36303120851516724,0.4830920100212097,-0.1176610141992569,0.611957848072052,0.5191879272460938,-0.018983611837029457,0.591968297958374,0.3352370858192444,-0.046739038079977036,0.5843446850776672,0.22248968482017517,-0.07356011867523193,0.584812581539154,0.1311194896697998,-0.09268663078546524,0.6973708868026733,0.5239975452423096,-0.015345178544521332,0.7258845567703247,0.3415406346321106,-0.02613956481218338,0.7448139190673828,0.23057642579078674,-0.03911041468381882,0.7575948238372803,0.14853647351264954,-0.04942114278674126,0.7691208124160767,0.5711976885795593,-0.022446170449256897,0.8088645339012146,0.4225202798843384,-0.036626171320676804,0.8313040733337402,0.33067524433135986,-0.04462852701544762,0.846189558506012,0.25513485074043274,-0.051399752497673035,0.8262524604797363,0.6492087244987488,-0.03695593401789665,0.8874220848083496,0.5621874928474426,-0.05100402981042862,0.9255609512329102,0.5023723840713501,-0.05403788760304451,0.958571195602417,0.4475887715816498,-0.05496123805642128
HELLO,0.6434187889099121,1.0076069831848145,7.88622458003374e-7,0.5412347316741943,0.9045922756195068,-0.05402837321162224,0.4720965027809143,0.7380076050758362,-0.07739199697971344,0.41980719566345215,0.5933836698532104,-0.09672892093658447,0.36636748909950256,0.4839722812175751,-0.11265867203474045,0.6099062561988831,0.5197345614433289,-0.019336935132741928,0.593203067779541,0.33673152327537537,-0.045244887471199036,0.5846264362335205,0.22558102011680603,-0.06955986469984055,0.5850593447685242,0.13331833481788635,-0.08774632215499878,0.6950318813323975,0.5253587961196899,-0.017290407791733742,0.7228686809539795,0.3424645662307739,-0.029226649552583694,0.7415370345115662,0.23013702034950256,-0.04228018969297409,0.7542306184768677,0.14685457944869995,-0.052966389805078506,0.7660912871360779,0.5727134346961975,-0.025553960353136063,0.8099677562713623,0.42153969407081604,-0.04327579587697983,0.834118127822876,0.33205747604370117,-0.052037157118320465,0.8481086492538452,0.2589000165462494,-0.05880729481577873,0.8243629932403564,0.6486931443214417,-0.040731463581323624,0.891222357749939,0.5605252385139465,-0.05924978852272034,0.929140567779541,0.4997040927410126,-0.06491369009017944,0.9614925384521484,0.443248450756073,-0.06725890189409256
HELLO,0.6430326104164124,1.0146660804748535,8.929534942581085e-7,0.5396323204040527,0.9102263450622559,-0.05358884111046791,0.4694650173187256,0.742034912109375,-0.07534141838550568,0.4141167998313904,0.5958687663078308,-0.09370341897010803,0.3602774441242218,0.48372554779052734,-0.1077941507101059,0.6056963801383972,0.5244096517562866,-0.00504734693095088,0.5833616256713867,0.34175509214401245,-0.024548711255192757,0.5717874765396118,0.22930800914764404,-0.04467204958200455,0.5694286227226257,0.13806021213531494,-0.059093035757541656,0.6891749501228333,0.528541088104248,-0.0007217375678010285,0.7159091234207153,0.3471948504447937,-0.0018700502114370465,0.7341927289962769,0.23200586438179016,-0.006219740491360426,0.745074987411499,0.15036264061927795,-0.009984609670937061,0.7615488767623901,0.5746481418609619,-0.007931545376777649,0.7982573509216309,0.42658379673957825,-0.013815529644489288,0.8192765712738037,0.3319885730743408,-0.013881579041481018,0.8310427069664001,0.25562483072280884,-0.014960401691496372,0.8211127519607544,0.6487703919410706,-0.02309560216963291,0.8830348253250122,0.560260534286499,-0.030845507979393005,0.9183499813079834,0.4984031319618225,-0.02945845015347004,0.950189471244812,0.4427415728569031,-0.026750387623906136
HELLO,0.6424348950386047,1.0133562088012695,8.28298766464286e-7,0.5385610461235046,0.9116087555885315,-0.051108404994010925,0.4677732586860657,0.7432019710540771,-0.0712607353925705,0.41454535722732544,0.5973528027534485,-0.08819396793842316,0.36182618141174316,0.48646003007888794,-0.101246677339077,0.6047572493553162,0.5254578590393066,-0.00785477552562952,0.5836398601531982,0.3423582911491394,-0.028398457914590836,0.572648823261261,0.23216426372528076,-0.049124039709568024,0.5719258785247803,0.14031341671943665,-0.0646461769938469,0.6879411935806274,0.5298436284065247,-0.0054900748655200005,0.7125082015991211,0.34770500659942627,-0.011073855683207512,0.7295098900794983,0.23295077681541443,-0.019931836053729057,0.7406030297279358,0.14870119094848633,-0.027340129017829895,0.7591177821159363,0.5754965543746948,-0.013934646733105183,0.7973456382751465,0.4243810772895813,-0.025488056242465973,0.8191050291061401,0.32916173338890076,-0.031860072165727615,0.831928551197052,0.25087863206863403,-0.037394244223833084,0.817832350730896,0.6486964821815491,-0.02943473681807518,0.8827191591262817,0.560657262802124,-0.04301660880446434,0.9190385341644287,0.49907076358795166,-0.04683099687099457,0.951485276222229,0.44254249334335327,-0.04806571453809738
HELLO,0.6421703100204468,1.0136160850524902,8.382381793126115e-7,0.5388590693473816,0.9117579460144043,-0.051506850868463516,0.4678080081939697,0.7440435886383057,-0.07225022464990616,0.4144604206085205,0.5984190106391907,-0.08965355902910233,0.3616996109485626,0.4872589707374573,-0.10327738523483276,0.6049774885177612,0.525729775428772,-0.008536865003407001,0.5840680599212646,0.3422272205352783,-0.029467014595866203,0.5730347633361816,0.23168730735778809,-0.05036420375108719,0.5719465017318726,0.13973206281661987,-0.06600962579250336,0.6878522634506226,0.5302767157554626,-0.006273551378399134,0.712719738483429,0.34804093837738037,-0.012437233701348305,0.7295616865158081,0.23307642340660095,-0.021512459963560104,0.7402596473693848,0.14866876602172852,-0.029071485623717308,0.7588151693344116,0.575979471206665,-0.014898312278091908,0.7978969216346741,0.42471882700920105,-0.027247648686170578,0.8195232152938843,0.32902565598487854,-0.033905744552612305,0.8316575288772583,0.25070181488990784,-0.03953106701374054,0.8179868459701538,0.6488823294639587,-0.030587684363126755,0.8831290602684021,0.5607046484947205,-0.04513441398739815,0.9193106889724731,0.4984961450099945,-0.0495731420814991,0.951606035232544,0.44171029329299927,-0.051111314445734024
HELLO,0.6532145142555237,1.001336932182312,8.027067792681919e-7,0.5508416891098022,0.89576256275177,-0.05177117511630058,0.48035532236099243,0.7288244962692261,-0.07422878593206406,0.4277076721191406,0.5855246186256409,-0.09343422204256058,0.3741680383682251,0.47721076011657715,-0.10881614685058594,0.6162475943565369,0.5164389610290527,-0.01717282272875309,0.5956311821937561,0.33370721340179443,-0.04234424605965614,0.5856965184211731,0.22408118844032288,-0.06451619416475296,0.5853186845779419,0.1341201364994049,-0.08077709376811981,0.6997910141944885,0.5230473279953003,-0.01649162359535694,0.7238345146179199,0.3414391577243805,-0.0275775995105505,0.7419493794441223,0.23178192973136902,-0.037817567586898804,0.7552420496940613,0.15043625235557556,-0.0459260419011116,0.7708793878555298,0.5703406929969788,-0.02632506750524044,0.8117713928222656,0.41863322257995605,-0.04513496905565262,0.8349180221557617,0.33169206976890564,-0.05229855328798294,0.8493587970733643,0.2595962584018707,-0.05708892270922661,0.831459641456604,0.6461662650108337,-0.042893603444099426,0.8976579904556274,0.5593351125717163,-0.06341748684644699,0.9364248514175415,0.500208854675293,-0.06908681988716125,0.969761848449707,0.4447439908981323,-0.07066896557807922
HELLO,0.6519383788108826,0.9969291090965271,7.794164389451907e-7,0.5510321259498596,0.8970788717269897,-0.050208162516355515,0.47954195737838745,0.7286327481269836,-0.07060523331165314,0.42682573199272156,0.5850209593772888,-0.08777712285518646,0.3736920952796936,0.4776912331581116,-0.10146233439445496,0.6168425679206848,0.5152021050453186,-0.013859545812010765,0.5971677899360657,0.33357298374176025,-0.03722028806805611,0.5877282619476318,0.22333702445030212,-0.0590120293200016,0.587060272693634,0.13366124033927917,-0.07535583525896072,0.6997438073158264,0.5213906168937683,-0.012998772785067558,0.7244948744773865,0.34259742498397827,-0.02342611737549305,0.7426636219024658,0.23167192935943604,-0.03508469834923744,0.7558419108390808,0.15027761459350586,-0.0444551445543766,0.7704338431358337,0.5682852864265442,-0.02230384387075901,0.8106080293655396,0.42014411091804504,-0.03905079513788223,0.8342093229293823,0.3294150233268738,-0.047549571841955185,0.8495218753814697,0.2553058862686157,-0.05404350906610489,0.829247236251831,0.6431996822357178,-0.038179125636816025,0.8939721584320068,0.557572066783905,-0.05556892976164818,0.9310075044631958,0.49772879481315613,-0.060886114835739136,0.963721752166748,0.44204413890838623,-0.0630652904510498
HELLO,0.6794394254684448,0.9855576753616333,7.892370490480971e-7,0.5741677284240723,0.8760325312614441,-0.04454443231225014,0.5043960809707642,0.7078377604484558,-0.06236220896244049,0.4597967863082886,0.5651541352272034,-0.07754191011190414,0.40854477882385254,0.46263211965560913,-0.08943483978509903,0.6381953954696655,0.5004059672355652,-0.01650954969227314,0.621528685092926,0.3197105824947357,-0.040003493428230286,0.6163632869720459,0.21092933416366577,-0.060805317014455795,0.6179131269454956,0.12227129936218262,-0.07637424767017365,0.722322404384613,0.5077194571495056,-0.01866108924150467,0.7511720061302185,0.3295969069004059,-0.029667457565665245,0.7731396555900574,0.223035991191864,-0.041019801050424576,0.7906439304351807,0.1454770267009735,-0.05012330040335655,0.7934048771858215,0.5578224062919617,-0.02992694079875946,0.8349530100822449,0.41014760732650757,-0.05081525444984436,0.8584936261177063,0.32785364985466003,-0.06205948069691658,0.8764835000038147,0.2626557946205139,-0.06936822086572647,0.8537731170654297,0.6380910277366638,-0.046620290726423264,0.9222951531410217,0.5523253679275513,-0.06967095285654068,0.9649964570999146,0.4971192479133606,-0.0774986669421196,1.002812385559082,0.44628679752349854,-0.08039622008800507
HELLO,0.679574191570282,0.976945698261261,7.860792834435415e-7,0.5761873126029968,0.8765208125114441,-0.051863111555576324,0.5048350095748901,0.7109742164611816,-0.07422014325857162,0.45327895879745483,0.5670169591903687,-0.09246105700731277,0.4003536105155945,0.45894548296928406,-0.107452392578125,0.6424910426139832,0.4962008595466614,-0.022963616997003555,0.6235519647598267,0.31809282302856445,-0.04935011267662048,0.6169451475143433,0.2084476351737976,-0.0725736990571022,0.6191573143005371,0.11985284090042114,-0.08925480395555496,0.7271178960800171,0.5052406787872314,-0.021219681948423386,0.752608060836792,0.3297390341758728,-0.03440209850668907,0.7711843848228455,0.22258883714675903,-0.0466638021171093,0.7858951687812805,0.14127379655838013,-0.055979229509830475,0.7979663610458374,0.55499267578125,-0.02913779579102993,0.8364561200141907,0.41047385334968567,-0.05160314217209816,0.8614290356636047,0.32661333680152893,-0.06161181628704071,0.87841796875,0.2579207122325897,-0.06728773564100266,0.8549623489379883,0.6331669092178345,-0.04308927431702614,0.922154426574707,0.5450680255889893,-0.06676779687404633,0.9652893543243408,0.4905502200126648,-0.07378686964511871,1.0025395154953003,0.439610093832016,-0.07551997154951096
HELLO,0.6775251626968384,0.9776283502578735,7.776208690302155e-7,0.5768226981163025,0.8758621215820312,-0.05023474618792534,0.5061916708946228,0.7107398509979248,-0.07304149866104126,0.4534880518913269,0.568907618522644,-0.09225393086671829,0.4027298390865326,0.46016570925712585,-0.1083427369594574,0.6417607069015503,0.49672025442123413,-0.023320218548178673,0.6228154897689819,0.3193967342376709,-0.0516040064394474,0.6168296337127686,0.20868989825248718,-0.07573723047971725,0.6186680197715759,0.12010905146598816,-0.09302414208650589,0.726256251335144,0.5051839351654053,-0.023298824205994606,0.7521101832389832,0.32994896173477173,-0.039986688643693924,0.7715095281600952,0.22226592898368835,-0.0540430024266243,0.7854927778244019,0.1423737108707428,-0.06409850716590881,0.7977378964424133,0.5545032024383545,-0.03286225348711014,0.8364459276199341,0.40942639112472534,-0.05917772650718689,0.8610342144966125,0.3254461884498596,-0.0711587518453598,0.8774587512016296,0.25756338238716125,-0.07740601152181625,0.8565326929092407,0.632586658000946,-0.04800969734787941,0.9270051121711731,0.5422292947769165,-0.07518096268177032,0.9733706712722778,0.4845857322216034,-0.08459462970495224,1.0131714344024658,0.43208450078964233,-0.0876326784491539
HELLO,0.6928015351295471,0.9680593013763428,7.55024530008086e-7,0.5932613015174866,0.8555217981338501,-0.04194128140807152,0.5286270380020142,0.6805101633071899,-0.057578228414058685,0.4846038818359375,0.5349130630493164,-0.07090175896883011,0.4359425902366638,0.4294314384460449,-0.08114074915647507,0.6662840843200684,0.48151934146881104,-0.01328069157898426,0.653533935546875,0.30194056034088135,-0.035772185772657394,0.6492673754692078,0.19353148341178894,-0.056035950779914856,0.6498356461524963,0.10624703764915466,-0.07115880399942398,0.7488694190979004,0.49375224113464355,-0.01605464145541191,0.7803155779838562,0.31747931241989136,-0.02624007686972618,0.8029803037643433,0.21359646320343018,-0.03705741465091705,0.8197124004364014,0.13909438252449036,-0.04562560096383095,0.818926215171814,0.5461951494216919,-0.027760928496718407,0.8634873628616333,0.4024502635002136,-0.047724805772304535,0.8891061544418335,0.321943998336792,-0.05809231847524643,0.9076295495033264,0.2573416829109192,-0.0647755041718483,0.8763076066970825,0.6262863278388977,-0.04459742084145546,0.9457084536552429,0.5392427444458008,-0.06640345603227615,0.9900888204574585,0.4872746765613556,-0.07291527837514877,1.0284260511398315,0.4405175447463989,-0.07488596439361572
HELLO,0.69677734375,0.963196337223053,7.239158890115505e-7,0.5970638990402222,0.8564600944519043,-0.04891163110733032,0.5294962525367737,0.6861261129379272,-0.06904663145542145,0.48255378007888794,0.5397392511367798,-0.08581139147281647,0.4332735538482666,0.4298001527786255,-0.09981083869934082,0.6688236594200134,0.4797857403755188,-0.01935725286602974,0.6531152725219727,0.3035544157028198,-0.04605989530682564,0.6483432650566101,0.1933138072490692,-0.07017004489898682,0.6515254378318787,0.10407882928848267,-0.08801501244306564,0.7524747848510742,0.4918941557407379,-0.019594896584749222,0.7815304398536682,0.3180238604545593,-0.0343288779258728,0.8036786317825317,0.21454554796218872,-0.048177093267440796,0.8202905654907227,0.1375429928302765,-0.058935921639204025,0.8218604922294617,0.5432538390159607,-0.029446357861161232,0.8653199076652527,0.40251195430755615,-0.0534052774310112,0.892542839050293,0.3207608163356781,-0.06502827256917953,0.9113132953643799,0.2542653977870941,-0.07220082730054855,0.8771342039108276,0.6227074265480042,-0.04506610706448555,0.9452216625213623,0.5358138084411621,-0.06995400041341782,0.9904791116714478,0.48233288526535034,-0.07829318195581436,1.028551697731018,0.4329897165298462,-0.08166341483592987
HELLO,0.7050220966339111,0.9621915221214294,8.441882073384477e-7,0.6031965613365173,0.8478826284408569,-0.044405363500118256,0.5430042743682861,0.6643340587615967,-0.05840783193707466,0.4995335340499878,0.5118580460548401,-0.07026924192905426,0.4515729248523712,0.39912837743759155,-0.07831958681344986,0.6839972734451294,0.4687151610851288,-0.0020313209388405085,0.673304557800293,0.29104235768318176,-0.01849866844713688,0.6707320809364319,0.18133047223091125,-0.03352883458137512,0.6736307144165039,0.09433463215827942,-0.0449192188680172,0.7672638297080994,0.47989407181739807,-0.002467559417709708,0.7990655303001404,0.30632078647613525,-0.004900327417999506,0.8239250183105469,0.2015635371208191,-0.007921882905066013,0.8407285213470459,0.12641355395317078,-0.010517905466258526,0.8370828628540039,0.5316070914268494,-0.013692011125385761,0.8808358907699585,0.3896265923976898,-0.03085252456367016,0.9084974527359009,0.3066798746585846,-0.038239143788814545,0.9265709519386292,0.23991447687149048,-0.0420716218650341,0.8932309746742249,0.6086587309837341,-0.030724061653017998,0.9702932834625244,0.5251013040542603,-0.0544683001935482,1.022188425064087,0.477876752614975,-0.0631609633564949,1.0663844347000122,0.43501850962638855,-0.06551610678434372
HELLO,0.707881510257721,0.9623721837997437,8.159929620887851e-7,0.6073513627052307,0.8509638905525208,-0.0458810068666935,0.5432712435722351,0.6721094846725464,-0.06251341849565506,0.49844422936439514,0.5205591320991516,-0.07744330167770386,0.45234134793281555,0.40422338247299194,-0.08874984830617905,0.6859202980995178,0.4662022590637207,-0.001300771371461451,0.6719984412193298,0.29167020320892334,-0.01959001086652279,0.6692331433296204,0.17984408140182495,-0.03739018365740776,0.6740531921386719,0.09122470021247864,-0.05055205523967743,0.7699787616729736,0.48030582070350647,-0.0012925860937684774,0.8012543320655823,0.308996319770813,-0.005118504632264376,0.8242813944816589,0.20383229851722717,-0.009041964076459408,0.8394625782966614,0.12751710414886475,-0.012179640121757984,0.839671790599823,0.5323866605758667,-0.012256035581231117,0.8821175694465637,0.39187610149383545,-0.02785165049135685,0.9096060991287231,0.30771568417549133,-0.0316714309155941,0.9270175695419312,0.24076935648918152,-0.0333084762096405,0.8957304954528809,0.6097674369812012,-0.02972879819571972,0.9680936336517334,0.524604082107544,-0.051163218915462494,1.0178231000900269,0.4755849838256836,-0.05701293796300888,1.0611697435379028,0.43232595920562744,-0.057405829429626465
HELLO,0.7070134282112122,0.9624820351600647,8.094650638668099e-7,0.6069631576538086,0.8502033948898315,-0.04578746110200882,0.5430699586868286,0.6714199781417847,-0.06226746737957001,0.4980579912662506,0.5201088190078735,-0.07683422416448593,0.452035129070282,0.40430229902267456,-0.0880093201994896,0.6861218214035034,0.46597757935523987,-0.00221083196811378,0.6722386479377747,0.2910556197166443,-0.02014343813061714,0.6693414449691772,0.1800398826599121,-0.03769964724779129,0.6737907528877258,0.09170132875442505,-0.05091844126582146,0.7700457572937012,0.48068803548812866,-0.002505700336769223,0.8001319169998169,0.3082980513572693,-0.007207285612821579,0.8225635886192322,0.20229294896125793,-0.012512195855379105,0.8374572396278381,0.12527891993522644,-0.01681699976325035,0.8390993475914001,0.5334938168525696,-0.013588395901024342,0.8835428953170776,0.3932216167449951,-0.030568456277251244,0.910849928855896,0.30934983491897583,-0.03643864393234253,0.9281119108200073,0.24282306432724,-0.03939548134803772,0.8948689103126526,0.6115816235542297,-0.03091631829738617,0.9681073427200317,0.5257846117019653,-0.05357089638710022,1.0183289051055908,0.47553783655166626,-0.06083253398537636,1.0610541105270386,0.43116268515586853,-0.0623544380068779
HELLO,0.7084972858428955,0.9638679027557373,8.529248702870973e-7,0.6075177788734436,0.8524293899536133,-0.0473211444914341,0.5445050001144409,0.6703693866729736,-0.06386394798755646,0.49979734420776367,0.5168794393539429,-0.07840420305728912,0.45342010259628296,0.39917612075805664,-0.08915703743696213,0.6873040795326233,0.46458080410957336,0.0011726893717423081,0.6744436621665955,0.28806886076927185,-0.015051779337227345,0.6709124445915222,0.17673060297966003,-0.031757839024066925,0.6752463579177856,0.08824145793914795,-0.04412141442298889,0.7701550722122192,0.4796898066997528,0.002533117774873972,0.800990104675293,0.3061542809009552,0.002943967003375292,0.8235651850700378,0.198385089635849,0.0010386870708316565,0.8387947082519531,0.119861900806427,-0.0012121415929868817,0.8392429947853088,0.5324051380157471,-0.007422497496008873,0.8823805451393127,0.3913727104663849,-0.017631152644753456,0.9094542264938354,0.3062659204006195,-0.018599776551127434,0.9268985986709595,0.23934873938560486,-0.019122181460261345,0.8951253890991211,0.6092914938926697,-0.02440064214169979,0.9632872939109802,0.5209290385246277,-0.04035574942827225,1.0099000930786133,0.46918779611587524,-0.042902473360300064,1.0510579347610474,0.42489171028137207,-0.041639991104602814
HELLO,0.7080704569816589,0.9648342132568359,8.264303801297501e-7,0.6078310012817383,0.8521958589553833,-0.0461549237370491,0.5443443655967712,0.6688872575759888,-0.06129198521375656,0.5000296831130981,0.5154809355735779,-0.07454785704612732,0.4545557200908661,0.39813679456710815,-0.08395383507013321,0.687163770198822,0.46435266733169556,0.001842915778979659,0.6743692755699158,0.2864202857017517,-0.013999597169458866,0.6715115904808044,0.17552900314331055,-0.030077261850237846,0.6767372488975525,0.08663773536682129,-0.04202066734433174,0.7704221606254578,0.4794760048389435,0.0028026539366692305,0.8000301122665405,0.3051128387451172,0.0026973835192620754,0.8227748870849609,0.19828948378562927,0.0005003762198612094,0.8385218977928162,0.1207704246044159,-0.0018839301774278283,0.839406430721283,0.5323418974876404,-0.00743181724101305,0.8837332129478455,0.3929626941680908,-0.01919476129114628,0.9102861881256104,0.3106119632720947,-0.020999394357204437,0.9267754554748535,0.2455487847328186,-0.021524380892515182,0.8953258991241455,0.6084610223770142,-0.024433672428131104,0.9646269083023071,0.5199195146560669,-0.041670676320791245,1.0111383199691772,0.4691556394100189,-0.0449737086892128,1.051817536354065,0.424307644367218,-0.043967485427856445
HELLO,0.7050329446792603,0.9644708633422852,8.327733667101711e-7,0.6011059284210205,0.85438472032547,-0.04913651943206787,0.5356745719909668,0.6791447401046753,-0.06659753620624542,0.4881879687309265,0.5279541015625,-0.08155785501003265,0.4407997131347656,0.412829726934433,-0.09274518489837646,0.6742668151855469,0.469406396150589,-0.001322326366789639,0.6590102910995483,0.2934219539165497,-0.021431419998407364,0.6533796787261963,0.18234452605247498,-0.041458938270807266,0.6555132269859314,0.093650221824646,-0.055717308074235916,0.7573680877685547,0.4785478413105011,0.0007492496515624225,0.7892455458641052,0.30570414662361145,-0.0020304459612816572,0.8120530843734741,0.19707709550857544,-0.006619172170758247,0.8265953063964844,0.1185060441493988,-0.010479898191988468,0.8266339898109436,0.5282841920852661,-0.008692118339240551,0.8690429925918579,0.39227989315986633,-0.02042236737906933,0.8946278095245361,0.3049408495426178,-0.02384437434375286,0.9094830751419067,0.23535481095314026,-0.02592828869819641,0.8814904689788818,0.6048303842544556,-0.025336017832159996,0.9484891295433044,0.5231702327728271,-0.0408666655421257,0.991062343120575,0.46877652406692505,-0.04424480348825455,1.0283359289169312,0.4204280376434326,-0.0439157672226429
HELLO,0.6938892602920532,0.9777846336364746,8.297565727843903e-7,0.588563084602356,0.8660041093826294,-0.04874448850750923,0.5207574963569641,0.6911032199859619,-0.06652136892080307,0.47231608629226685,0.5419344305992126,-0.08246378600597382,0.42490503191947937,0.42530694603919983,-0.09478094428777695,0.6590758562088013,0.4789835810661316,-0.0002683799248188734,0.64183109998703,0.30353549122810364,-0.021282033994793892,0.634075403213501,0.19226926565170288,-0.04171235114336014,0.6333726644515991,0.1029820442199707,-0.05647546425461769,0.7428823113441467,0.4871414601802826,-0.00007246941095218062,0.7706706523895264,0.3127700984477997,-0.0060111647471785545,0.7910274863243103,0.20249992609024048,-0.012491866946220398,0.804081380367279,0.12212049961090088,-0.017110800370573997,0.8132627010345459,0.5353577136993408,-0.011574631556868553,0.8522394895553589,0.3976399302482605,-0.028303248807787895,0.8765648603439331,0.30916163325309753,-0.03345723822712898,0.8912199139595032,0.23791518807411194,-0.035510096698999405,0.8698829412460327,0.6104044318199158,-0.030115880072116852,0.937981903553009,0.5242775678634644,-0.05070998892188072,0.9823240637779236,0.4661649465560913,-0.05638810992240906,1.0222197771072388,0.41288328170776367,-0.05686856433749199
HELLO,0.6940426826477051,0.972816526889801,8.208256758734933e-7,0.5907513499259949,0.8623102903366089,-0.046887993812561035,0.5211225152015686,0.690142810344696,-0.06465792655944824,0.4736744463443756,0.539879560470581,-0.08066845685243607,0.4262205958366394,0.4240438938140869,-0.09316019713878632,0.6610390543937683,0.4776804447174072,-0.002776551991701126,0.6443135142326355,0.3012015223503113,-0.024037791416049004,0.6377044320106506,0.1915038526058197,-0.0440729483962059,0.6403430104255676,0.10095980763435364,-0.05893987789750099,0.7440932989120483,0.48753857612609863,-0.004096101503819227,0.7696160674095154,0.3113812804222107,-0.012271810322999954,0.7895452976226807,0.20010998845100403,-0.020475009456276894,0.804535448551178,0.11694759130477905,-0.026852833107113838,0.8132397532463074,0.5362875461578369,-0.016637319698929787,0.8538039326667786,0.3959627151489258,-0.036749452352523804,0.879134476184845,0.3084924817085266,-0.04438084363937378,0.8960299491882324,0.23813673853874207,-0.048207540065050125,0.8697866201400757,0.6101497411727905,-0.03560584411025047,0.9388502240180969,0.5223058462142944,-0.05959964916110039,0.9857057332992554,0.4651417136192322,-0.06756093353033066,1.0282270908355713,0.41178590059280396,-0.06976018100976944
HELLO,0.6894181966781616,0.9798414707183838,8.737224561627954e-7,0.5853391885757446,0.8721262216567993,-0.05091746523976326,0.5161853432655334,0.6989666223526001,-0.07060204446315765,0.4662381112575531,0.5502321720123291,-0.0880119726061821,0.41663727164268494,0.43543824553489685,-0.10139748454093933,0.6519463062286377,0.4831832945346832,-0.0026123085990548134,0.6324965357780457,0.307007759809494,-0.022790376096963882,0.6234622597694397,0.19457119703292847,-0.04201565310359001,0.6232063174247742,0.1049322783946991,-0.05590422451496124,0.7352879047393799,0.4912940561771393,-0.0009746603900566697,0.7617396712303162,0.3163342773914337,-0.004636813886463642,0.7811056971549988,0.20507797598838806,-0.008677621372044086,0.7943310737609863,0.12192711234092712,-0.01173420064151287,0.806519091129303,0.5394583940505981,-0.011181938461959362,0.8439386487007141,0.39953553676605225,-0.024430757388472557,0.8676538467407227,0.3072940707206726,-0.027077240869402885,0.882875919342041,0.23258450627326965,-0.028170829638838768,0.864241361618042,0.6131278276443481,-0.028848854824900627,0.9292953610420227,0.5254486203193665,-0.04571198299527168,0.9717997312545776,0.4662178158760071,-0.049386441707611084,1.0104291439056396,0.41195905208587646,-0.04899274930357933
HELLO,0.6896587610244751,0.9786743521690369,8.728042075745179e-7,0.5845373272895813,0.868525505065918,-0.04904743656516075,0.5150721073150635,0.6977552771568298,-0.06771965324878693,0.4663940966129303,0.5472444295883179,-0.08428795635700226,0.418172150850296,0.43108436465263367,-0.09686759114265442,0.6519063711166382,0.48523640632629395,-0.002466890960931778,0.6340088248252869,0.30647632479667664,-0.023033447563648224,0.6272338032722473,0.19597125053405762,-0.04240696504712105,0.6300045251846313,0.10506638884544373,-0.05654262378811836,0.7358020544052124,0.4948224425315857,-0.001891602878458798,0.7611202001571655,0.31616029143333435,-0.007922541350126266,0.7805864214897156,0.20286312699317932,-0.014782169833779335,0.794869065284729,0.11906403303146362,-0.020162487402558327,0.8063910007476807,0.5425957441329956,-0.012765922583639622,0.8468220233917236,0.40024054050445557,-0.028863035142421722,0.8706997036933899,0.3102465569972992,-0.03412281349301338,0.8861633539199829,0.23850098252296448,-0.03670887276530266,0.8648701906204224,0.6151862740516663,-0.030550546944141388,0.9316518306732178,0.525617241859436,-0.04931042715907097,0.9743713736534119,0.4649900794029236,-0.054526373744010925,1.0132163763046265,0.40977317094802856,-0.05522767826914787
HELLO,0.6892616748809814,0.9789115786552429,8.840495979711704e-7,0.5839054584503174,0.8679769039154053,-0.047434888780117035,0.5144689679145813,0.6966121792793274,-0.06546364724636078,0.4662262797355652,0.5467017889022827,-0.08182955533266068,0.41830816864967346,0.4306930899620056,-0.09425714612007141,0.6527236700057983,0.48373347520828247,0.0011514117941260338,0.6338744759559631,0.3050667941570282,-0.017634926363825798,0.6263407468795776,0.194786936044693,-0.03581684082746506,0.6282724738121033,0.10464340448379517,-0.04918524995446205,0.7360953688621521,0.49448055028915405,0.001026288140565157,0.7615026235580444,0.31614646315574646,-0.003065873170271516,0.7804970741271973,0.202601820230484,-0.00868618581444025,0.794244647026062,0.1190558671951294,-0.013127736747264862,0.8067772388458252,0.5426822900772095,-0.010606116615235806,0.846656322479248,0.4008963704109192,-0.025008337572216988,0.870071291923523,0.3102514147758484,-0.029318612068891525,0.8856121897697449,0.2380884289741516,-0.031287770718336105,0.8645170331001282,0.6155105829238892,-0.029143575578927994,0.9307648539543152,0.5253458023071289,-0.046690985560417175,0.9735252261161804,0.46413299441337585,-0.051110655069351196,1.0129361152648926,0.4087763726711273,-0.05132944881916046
HELLO,0.685278594493866,0.9778090119361877,8.718932917872735e-7,0.5802525281906128,0.870305061340332,-0.04908381775021553,0.5109135508537292,0.7001211643218994,-0.06751762330532074,0.46330025792121887,0.5500499606132507,-0.08402484655380249,0.415886253118515,0.4331374764442444,-0.09659135341644287,0.6503216624259949,0.48574575781822205,-0.0014462979743257165,0.632446825504303,0.3085366189479828,-0.02114851586520672,0.625137209892273,0.19761204719543457,-0.03980124369263649,0.626954197883606,0.10718846321105957,-0.05368132144212723,0.733970582485199,0.4971543550491333,-0.0012957844883203506,0.7599245309829712,0.31920120120048523,-0.007328639272600412,0.779618501663208,0.20628926157951355,-0.013978599570691586,0.7940481901168823,0.12300831079483032,-0.019145319238305092,0.8037832975387573,0.5454513430595398,-0.012752599082887173,0.8445392847061157,0.4030427932739258,-0.03001512959599495,0.8692270517349243,0.31259170174598694,-0.03625459596514702,0.885569155216217,0.23922228813171387,-0.03940717130899429,0.861997127532959,0.6185799837112427,-0.031065985560417175,0.9304850101470947,0.530768096446991,-0.05188611149787903,0.9743802547454834,0.4709348976612091,-0.05871668457984924,1.015084981918335,0.4150976240634918,-0.06051190197467804
HELLO,0.6872478723526001,0.9776953458786011,8.837567406771996e-7,0.581214964389801,0.8704463839530945,-0.04886004701256752,0.5121696591377258,0.6998251080513,-0.06728054583072662,0.46406346559524536,0.5496339201927185,-0.08400270342826843,0.41650640964508057,0.4332532584667206,-0.09693624079227448,0.6500771045684814,0.48658111691474915,-0.0002444431302137673,0.6311722993850708,0.30877792835235596,-0.019705144688487053,0.6239125728607178,0.1970232129096985,-0.038016773760318756,0.6260775327682495,0.10710617899894714,-0.05129869654774666,0.7336421012878418,0.49708881974220276,0.00018609658582136035,0.7597118616104126,0.3190898895263672,-0.0045234733261168,0.7786924839019775,0.2061915099620819,-0.00992333609610796,0.7923380732536316,0.12254109978675842,-0.01402222365140915,0.8043707609176636,0.5447433590888977,-0.011137216351926327,0.84502112865448,0.40219905972480774,-0.027325918897986412,0.8695207238197327,0.3108469545841217,-0.032878194004297256,0.8855640888214111,0.23734593391418457,-0.035491034388542175,0.862083375453949,0.6167765259742737,-0.02937263995409012,0.9307217001914978,0.528083086013794,-0.04999227821826935,0.9756491184234619,0.4698113203048706,-0.05643727257847786,1.0173169374465942,0.41622841358184814,-0.05770014598965645
HELLO,0.6809076070785522,0.9851924180984497,9.05733998024516e-7,0.5757332444190979,0.8775253295898438,-0.046520452946424484,0.507312536239624,0.7025190591812134,-0.06384050846099854,0.45932596921920776,0.5525398254394531,-0.07972448319196701,0.410652756690979,0.437615305185318,-0.09182240813970566,0.6496051549911499,0.48776179552078247,0.002893929136916995,0.6322027444839478,0.31021666526794434,-0.01358841173350811,0.6256462335586548,0.19803738594055176,-0.03044065274298191,0.6280140280723572,0.10788789391517639,-0.04312606900930405,0.7333318591117859,0.49878132343292236,0.0026722606271505356,0.7608720660209656,0.3207005560398102,0.001376928063109517,0.7816723585128784,0.20699158310890198,-0.0026940195821225643,0.797181248664856,0.12347206473350525,-0.006299191620200872,0.804389238357544,0.5470188856124878,-0.008964652195572853,0.8448905348777771,0.40509361028671265,-0.02116049826145172,0.8705927133560181,0.31444281339645386,-0.025327319279313087,0.8884903192520142,0.2416004240512848,-0.02776431292295456,0.8628196120262146,0.6197616457939148,-0.02752496488392353,0.9322065114974976,0.5300537943840027,-0.044366322457790375,0.9779607653617859,0.4716629981994629,-0.049262069165706635,1.0204100608825684,0.418719619512558,-0.049958355724811554
HELLO,0.6802839040756226,0.9831072092056274,9.023270877150935e-7,0.5746154189109802,0.8750267624855042,-0.0486190989613533,0.5069290399551392,0.7019075751304626,-0.0660867691040039,0.4602745771408081,0.5508404970169067,-0.08188249170780182,0.41305476427078247,0.4341587424278259,-0.0937182605266571,0.6477183699607849,0.4863247871398926,0.002608326729387045,0.6302716135978699,0.3084034323692322,-0.014574730768799782,0.6239674687385559,0.1960098147392273,-0.031393419951200485,0.626430869102478,0.1060703694820404,-0.043735191226005554,0.7318300008773804,0.49759358167648315,0.0034044370986521244,0.7607375979423523,0.3194631040096283,0.0021587100345641375,0.7814726829528809,0.20672625303268433,-0.0005981139256618917,0.7962116599082947,0.12453535199165344,-0.0028929465916007757,0.8026269674301147,0.5469716191291809,-0.0077933561988174915,0.8441714644432068,0.4033755660057068,-0.020624618977308273,0.8706823587417603,0.3117857575416565,-0.02404555305838585,0.8884627819061279,0.2386806607246399,-0.02558552473783493,0.8604526519775391,0.6201199889183044,-0.026157516986131668,0.9304039478302002,0.5317656993865967,-0.04426318034529686,0.9761406183242798,0.4742141366004944,-0.04927909001708031,1.0178771018981934,0.4223713278770447,-0.049587082117795944
HELLO,0.6804286241531372,0.9826791882514954,8.972399427875644e-7,0.5746793150901794,0.8750840425491333,-0.04913310706615448,0.5069469213485718,0.7031919956207275,-0.06732730567455292,0.46017301082611084,0.5513464212417603,-0.08376359194517136,0.4131145179271698,0.4331291913986206,-0.09615674614906311,0.6480333805084229,0.48716655373573303,0.0013445134973153472,0.6311801075935364,0.3089219033718109,-0.016612088307738304,0.6246694922447205,0.1966824233531952,-0.034081146121025085,0.6272940039634705,0.10633373260498047,-0.04693574085831642,0.7323457598686218,0.4981876313686371,0.00209985813125968,0.7603603601455688,0.31969788670539856,-0.0005088276229798794,0.7809505462646484,0.20609501004219055,-0.00446065329015255,0.795628547668457,0.12283647060394287,-0.0077072624117136,0.8031907081604004,0.5468961596488953,-0.009075122885406017,0.8443751931190491,0.40370088815689087,-0.023336028680205345,0.8706051111221313,0.3128729462623596,-0.027818655595183372,0.888782799243927,0.23989444971084595,-0.03001602180302143,0.8610495328903198,0.6201339960098267,-0.027335235849022865,0.9308253526687622,0.530904233455658,-0.04649626463651657,0.976880669593811,0.4741096496582031,-0.052253369241952896,1.019026517868042,0.42228731513023376,-0.053132314234972
HELLO,0.6675952672958374,0.9889675974845886,9.002834531202097e-7,0.5624606609344482,0.8829101920127869,-0.05153805390000343,0.4944721460342407,0.7102557420730591,-0.07221473753452301,0.4445168972015381,0.5609153509140015,-0.08986234664916992,0.3952980041503906,0.44460105895996094,-0.10325171053409576,0.6371257901191711,0.4908052086830139,-0.006178859621286392,0.6202700138092041,0.3089151680469513,-0.02572512999176979,0.6139410734176636,0.19604530930519104,-0.044536080211400986,0.6160284876823425,0.10625460743904114,-0.05825468525290489,0.7231588363647461,0.500764787197113,-0.0040030889213085175,0.7529321908950806,0.3231876790523529,-0.007687905803322792,0.7749347686767578,0.2105502188205719,-0.013356434181332588,0.7905241847038269,0.12737134099006653,-0.01782321184873581,0.7954782843589783,0.5505768656730652,-0.013049136847257614,0.8355543613433838,0.4081418216228485,-0.02557148039340973,0.8632904887199402,0.3143153488636017,-0.02961023710668087,0.8819109201431274,0.23754730820655823,-0.032156411558389664,0.854057788848877,0.6266260147094727,-0.02928099036216736,0.9226087331771851,0.5385135412216187,-0.0451287217438221,0.9655129313468933,0.47938990592956543,-0.048508986830711365,1.0044695138931274,0.4255981743335724,-0.04811388999223709
HELLO,0.6688275337219238,0.9887495040893555,8.449053439107956e-7,0.5655909180641174,0.8826905488967896,-0.04817428067326546,0.49633002281188965,0.7085875868797302,-0.06601332873106003,0.44660621881484985,0.5595934391021729,-0.08107054978609085,0.39743679761886597,0.44611722230911255,-0.0921095758676529,0.638409435749054,0.48977261781692505,-0.0052242157980799675,0.6219571828842163,0.3080085217952728,-0.02413129433989525,0.6161676049232483,0.1960858702659607,-0.04223528504371643,0.6194303035736084,0.10590732097625732,-0.05550418794155121,0.7234765291213989,0.5005475878715515,-0.004382490646094084,0.7533405423164368,0.3209061026573181,-0.008345498703420162,0.7758470773696899,0.2087559700012207,-0.014118905179202557,0.7916440367698669,0.12671801447868347,-0.01878841035068035,0.7948027849197388,0.5509236454963684,-0.014450076036155224,0.8383066654205322,0.408574640750885,-0.02845858968794346,0.8665704727172852,0.3169589340686798,-0.034198883920907974,0.8855916261672974,0.24201875925064087,-0.03764305263757706,0.8521735668182373,0.6271519660949707,-0.03113003447651863,0.9226709604263306,0.5410559773445129,-0.048704151064157486,0.9667810201644897,0.48221051692962646,-0.05382625386118889,1.0064067840576172,0.42782658338546753,-0.05457691103219986
HELLO,0.6457393765449524,0.9991627931594849,8.201869832191733e-7,0.5386528372764587,0.8925238251686096,-0.051360834389925,0.4703543782234192,0.7230432033538818,-0.07146240025758743,0.41959020495414734,0.5782731771469116,-0.08762335777282715,0.3706114590167999,0.4662838876247406,-0.10068494826555252,0.6159705519676208,0.5019209384918213,-0.012984107248485088,0.5976038575172424,0.31522899866104126,-0.03878628835082054,0.590022087097168,0.20157834887504578,-0.06428959220647812,0.5904567241668701,0.1092999279499054,-0.0826643779873848,0.7023317217826843,0.5080553889274597,-0.01148977316915989,0.7371041178703308,0.32499054074287415,-0.021950114518404007,0.7614819407463074,0.21227118372917175,-0.03610755130648613,0.7784881591796875,0.13097113370895386,-0.047243114560842514,0.7739882469177246,0.555281400680542,-0.020477917045354843,0.8187417984008789,0.4099923372268677,-0.035731200128793716,0.8441428542137146,0.3171231150627136,-0.04750877246260643,0.8608488440513611,0.24129998683929443,-0.05667402595281601,0.8303383588790894,0.6331796646118164,-0.03615183010697365,0.8972972631454468,0.5478395223617554,-0.05087378993630409,0.9372477531433105,0.4901807904243469,-0.055832765996456146,0.9726701378822327,0.4373849630355835,-0.0582679808139801
HELLO,0.642481803894043,0.9949725270271301,7.85043027917709e-7,0.5416722297668457,0.8871988654136658,-0.049970950931310654,0.47296983003616333,0.7192826271057129,-0.07021007686853409,0.4204675555229187,0.5765485763549805,-0.08731482923030853,0.3700826168060303,0.4658960700035095,-0.10110609978437424,0.6155627369880676,0.5000205039978027,-0.01254870742559433,0.598941445350647,0.3168054223060608,-0.036806561052799225,0.5919057726860046,0.20440012216567993,-0.05991140380501747,0.5944149494171143,0.1131715476512909,-0.0769713744521141,0.7006881237030029,0.5081788897514343,-0.012078550644218922,0.7329828143119812,0.325265496969223,-0.022925740107893944,0.7558509707450867,0.21484887599945068,-0.03541847690939903,0.7730808258056641,0.13461026549339294,-0.04522460326552391,0.7714719772338867,0.5571705102920532,-0.021996621042490005,0.8195523023605347,0.4097852110862732,-0.03964988887310028,0.8478708267211914,0.32090285420417786,-0.0494336262345314,0.8662742376327515,0.24842455983161926,-0.056329257786273956,0.829045295715332,0.6340863108634949,-0.03837374970316887,0.8994466066360474,0.5470651984214783,-0.05623970553278923,0.9401013851165771,0.4882087707519531,-0.06170247867703438,0.9751116037368774,0.4332684278488159,-0.06371743977069855
HELLO,0.6263967156410217,1.0104351043701172,7.907839290055563e-7,0.5211576223373413,0.8983661532402039,-0.0517803318798542,0.4503569006919861,0.729568362236023,-0.0731775313615799,0.39619946479797363,0.5864342451095581,-0.09079352021217346,0.3431161344051361,0.47539186477661133,-0.10534004867076874,0.5910614728927612,0.5120862126350403,-0.014090566895902157,0.5695987343788147,0.32492417097091675,-0.04077034071087837,0.5612014532089233,0.2122342586517334,-0.06721656769514084,0.5608714818954468,0.11962050199508667,-0.08638951927423477,0.6773219108581543,0.5158373117446899,-0.013034053146839142,0.7076592445373535,0.33154934644699097,-0.023955075070261955,0.729782223701477,0.21893373131752014,-0.03923561051487923,0.7455857992172241,0.13632732629776,-0.05146893858909607,0.7497400641441345,0.5624653100967407,-0.02234250120818615,0.7915332913398743,0.4139203429222107,-0.03696688637137413,0.8164212703704834,0.3224126398563385,-0.04857742413878441,0.8331823348999023,0.24652957916259766,-0.058097172528505325,0.808198869228363,0.6404260396957397,-0.03843488544225693,0.8723335266113281,0.553266704082489,-0.051958270370960236,0.9120293855667114,0.49338486790657043,-0.05609535425901413,0.9464912414550781,0.43896472454071045,-0.05831960216164589
HELLO,0.6226369738578796,1.0077685117721558,7.508674570999574e-7,0.5219287276268005,0.8989332318305969,-0.04983800649642944,0.4520125985145569,0.7304936051368713,-0.07100454717874527,0.3975026309490204,0.5883324146270752,-0.08893544226884842,0.34331247210502625,0.4798743724822998,-0.10363069176673889,0.592263400554657,0.5101383328437805,-0.013391997665166855,0.57257080078125,0.3264784812927246,-0.0380413644015789,0.5622706413269043,0.21561866998672485,-0.062376148998737335,0.5614702105522156,0.12323904037475586,-0.08066655695438385,0.6758248209953308,0.5158149600028992,-0.013695338740944862,0.7035365700721741,0.3338469862937927,-0.02482912316918373,0.723567008972168,0.22131487727165222,-0.03840087726712227,0.7381960153579712,0.13723382353782654,-0.049523428082466125,0.7462188005447388,0.5640584826469421,-0.024222437292337418,0.791170597076416,0.41332972049713135,-0.04186122491955757,0.8180090188980103,0.3230627179145813,-0.05199510604143143,0.8341362476348877,0.24736469984054565,-0.05972471088171005,0.8047508001327515,0.6415602564811707,-0.04125453904271126,0.8722423315048218,0.5508409142494202,-0.059589896351099014,0.9112434387207031,0.49034756422042847,-0.0652073472738266,0.9440932273864746,0.4334225058555603,-0.06763408333063126
HELLO,0.6243463158607483,1.007622241973877,7.666636747671873e-7,0.522886335849762,0.8989757299423218,-0.04877155274152756,0.4521191716194153,0.7306391000747681,-0.0693867951631546,0.3973696231842041,0.5871649384498596,-0.08674465119838715,0.3441929221153259,0.47857579588890076,-0.10057738423347473,0.5919191241264343,0.5111614465713501,-0.01144547387957573,0.5715801119804382,0.32636430859565735,-0.03491650149226189,0.5615269541740417,0.2147674858570099,-0.05836522579193115,0.5612539649009705,0.12284746766090393,-0.07608004659414291,0.675256609916687,0.5165260434150696,-0.011534717865288258,0.702785849571228,0.3344005048274994,-0.021396121010184288,0.7231593728065491,0.22130003571510315,-0.034358736127614975,0.7378588318824768,0.13790521025657654,-0.045157190412282944,0.746176540851593,0.5638072490692139,-0.02183118276298046,0.7894829511642456,0.4130343794822693,-0.0379507839679718,0.8157636523246765,0.3208187520503998,-0.04841458052396774,0.8317395448684692,0.2445783019065857,-0.056669604033231735,0.8057253956794739,0.6401285529136658,-0.03850855305790901,0.8722168207168579,0.5493655204772949,-0.055732544511556625,0.911426305770874,0.4881698489189148,-0.06166723743081093,0.945035457611084,0.4309391379356384,-0.06447840481996536
HELLO,0.6267530918121338,1.0075877904891968,8.108354450087063e-7,0.5229750275611877,0.900282621383667,-0.05108996480703354,0.45100197196006775,0.7334198355674744,-0.07255932688713074,0.3928968012332916,0.5904809236526489,-0.09091074019670486,0.33633509278297424,0.48117271065711975,-0.10547605156898499,0.5851836800575256,0.514824628829956,-0.007483098655939102,0.5597692131996155,0.3308890163898468,-0.02881883829832077,0.5467314124107361,0.21911653876304626,-0.050599999725818634,0.5429158210754395,0.12737905979156494,-0.06667975336313248,0.6692211031913757,0.5170322060585022,-0.005896280985325575,0.6917123198509216,0.3342828154563904,-0.011235782876610756,0.7091528177261353,0.21965625882148743,-0.0198435727506876,0.7204490303993225,0.13500037789344788,-0.027237586677074432,0.7411684989929199,0.5627290606498718,-0.01524458546191454,0.7791424989700317,0.41224101185798645,-0.026124030351638794,0.8012462258338928,0.317226767539978,-0.03149137273430824,0.8143160343170166,0.2378690242767334,-0.036546919494867325,0.8004342317581177,0.6376240253448486,-0.0317586250603199,0.8617236614227295,0.5476219654083252,-0.04449770972132683,0.8979348540306091,0.48424240946769714,-0.04699207469820976,0.9315104484558105,0.42423102259635925,-0.04734841361641884
HELLO,0.6245248317718506,1.006042718887329,8.249167535723245e-7,0.5205134153366089,0.9016767740249634,-0.05139860883355141,0.44905921816825867,0.7350094318389893,-0.07336951047182083,0.39290666580200195,0.5907735824584961,-0.09205587208271027,0.3355690538883209,0.48180004954338074,-0.10688069462776184,0.5841491222381592,0.5135679244995117,-0.008810555562376976,0.5604870319366455,0.3321688771247864,-0.029516469687223434,0.548414945602417,0.2218112051486969,-0.05011142045259476,0.5467785000801086,0.13050633668899536,-0.06591271609067917,0.6669707298278809,0.5176741480827332,-0.007778588682413101,0.6898931860923767,0.33622685074806213,-0.014625078067183495,0.7063181400299072,0.22336721420288086,-0.024034839123487473,0.7181311845779419,0.13879138231277466,-0.032024260610342026,0.7375091910362244,0.5634217858314514,-0.017576726153492928,0.7756478190422058,0.41239503026008606,-0.03184671700000763,0.7990078330039978,0.31598082184791565,-0.03945885971188545,0.8125343322753906,0.23489424586296082,-0.045717235654592514,0.7960628271102905,0.6367564797401428,-0.03428792953491211,0.8612145185470581,0.5464519262313843,-0.05064404755830765,0.8990092277526855,0.4830111563205719,-0.05574840307235718,0.9319453835487366,0.4230514168739319,-0.05796768143773079
HELLO,0.6257368922233582,1.0057653188705444,8.477319397570682e-7,0.5213582515716553,0.9025216698646545,-0.0512731559574604,0.4498487114906311,0.7350914478302002,-0.07331045717000961,0.39304667711257935,0.591046154499054,-0.09221218526363373,0.3356221914291382,0.48216819763183594,-0.10731590539216995,0.5843857526779175,0.5136727094650269,-0.008390955626964569,0.5609307289123535,0.33242860436439514,-0.029169611632823944,0.5487471222877502,0.2214566469192505,-0.04972745478153229,0.5468976497650146,0.13000649213790894,-0.0653611272573471,0.6667911410331726,0.5177799463272095,-0.007226158864796162,0.6896868944168091,0.336499959230423,-0.013613221235573292,0.7064504623413086,0.22275373339653015,-0.02232436090707779,0.7176701426506042,0.13833588361740112,-0.029589161276817322,0.7372806668281555,0.562982976436615,-0.01694752275943756,0.7758429050445557,0.4124317467212677,-0.030671153217554092,0.7985533475875854,0.3162378966808319,-0.03747224062681198,0.8119929432868958,0.23593640327453613,-0.04299260675907135,0.7966535091400146,0.6361295580863953,-0.033630065619945526,0.861522376537323,0.5459204912185669,-0.04968329146504402,0.8991367220878601,0.48280805349349976,-0.0544087253510952,0.9324783086776733,0.42324012517929077,-0.05608692020177841
HELLO,0.6523643732070923,0.9946998357772827,7.323059776354057e-7,0.5467491745948792,0.8843450546264648,-0.042368292808532715,0.4734782576560974,0.7172512412071228,-0.06034339219331741,0.41876131296157837,0.5773909687995911,-0.07648789137601852,0.3652508854866028,0.4740406274795532,-0.08963286131620407,0.6002882719039917,0.5046945214271545,-0.011446718126535416,0.5777136087417603,0.32131528854370117,-0.036545686423778534,0.5675836205482483,0.21332356333732605,-0.06021105870604515,0.5650795698165894,0.12363556027412415,-0.07785531878471375,0.6833171248435974,0.5066174864768982,-0.015251262113451958,0.7089434266090393,0.3240116238594055,-0.029113037511706352,0.7249536514282227,0.21574926376342773,-0.044926710426807404,0.735578715801239,0.13587075471878052,-0.056858643889427185,0.7553056478500366,0.5508856773376465,-0.027988217771053314,0.7965592741966248,0.3966127038002014,-0.049095168709754944,0.8180933594703674,0.3116556704044342,-0.061887264251708984,0.83091139793396,0.24344372749328613,-0.07044472545385361,0.8167786002159119,0.6273530721664429,-0.04605153203010559,0.8846108913421631,0.538546621799469,-0.06788631528615952,0.9232206344604492,0.4815599024295807,-0.07516457140445709,0.9557684659957886,0.4293921887874603,-0.07776710391044617
HELLO,0.6491526365280151,0.9893786311149597,7.10779659129912e-7,0.54503333568573,0.8870748281478882,-0.04393497481942177,0.4713577926158905,0.7200018763542175,-0.0613589808344841,0.4160250425338745,0.5827953219413757,-0.07613630592823029,0.36308276653289795,0.4794444441795349,-0.08804638683795929,0.6047962307929993,0.49839699268341064,-0.011479996144771576,0.5821101665496826,0.31666430830955505,-0.03467157110571861,0.5701088309288025,0.20817124843597412,-0.05738895386457443,0.5660168528556824,0.11919867992401123,-0.0743277370929718,0.6877175569534302,0.5040801763534546,-0.012968757189810276,0.709395170211792,0.32398343086242676,-0.02373194321990013,0.7231712341308594,0.2153642773628235,-0.038090210407972336,0.7322782874107361,0.13306331634521484,-0.04940478876233101,0.7586104273796082,0.5504124164581299,-0.023445218801498413,0.7970752716064453,0.3977532982826233,-0.04150884598493576,0.8184947967529297,0.31315770745277405,-0.05262492224574089,0.8299998641014099,0.24300232529640198,-0.06060909107327461,0.8169695138931274,0.6267683506011963,-0.03943560644984245,0.8834109306335449,0.5374588966369629,-0.058050625026226044,0.92075115442276,0.48058760166168213,-0.0638292208313942,0.9516337513923645,0.4275694489479065,-0.0659024566411972
HELLO,0.6840162873268127,0.9680125713348389,7.696033890169929e-7,0.5886710286140442,0.8448461294174194,-0.04189183935523033,0.5249637961387634,0.6792913675308228,-0.05823666974902153,0.4670666456222534,0.5490819811820984,-0.07352981716394424,0.4143369793891907,0.4496230483055115,-0.0856679305434227,0.6474924087524414,0.476885050535202,-0.008435334078967571,0.6267297863960266,0.2986302077770233,-0.031484611332416534,0.6200849413871765,0.19158640503883362,-0.05315355956554413,0.617601215839386,0.10426130890846252,-0.06945456564426422,0.7281127572059631,0.4842289686203003,-0.011688963510096073,0.7541065812110901,0.31012800335884094,-0.024933531880378723,0.7719357013702393,0.20746761560440063,-0.039766572415828705,0.7854577898979187,0.13223037123680115,-0.0507434643805027,0.7988612651824951,0.5330992341041565,-0.024254322052001953,0.8390787839889526,0.3948993682861328,-0.04776370897889137,0.8603715896606445,0.31374382972717285,-0.06463437527418137,0.8761273622512817,0.2463194727897644,-0.07523880153894424,0.8583407998085022,0.6120363473892212,-0.041738469153642654,0.9330590963363647,0.5325398445129395,-0.06643098592758179,0.9798481464385986,0.479766309261322,-0.07729833573102951,1.0207219123840332,0.4307152032852173,-0.08246909081935883
HELLO,0.6860702633857727,0.9641534090042114,7.603006224599085e-7,0.587430477142334,0.8539308309555054,-0.0434846431016922,0.5188055634498596,0.6856964826583862,-0.06212092190980911,0.46336251497268677,0.5490087270736694,-0.07871546596288681,0.4120708703994751,0.4446951150894165,-0.09252975881099701,0.6458882093429565,0.4756489098072052,-0.012521926313638687,0.62688148021698,0.3002418577671051,-0.037989333271980286,0.6207422018051147,0.1917896866798401,-0.06181683391332626,0.6216423511505127,0.10515269637107849,-0.07997525483369827,0.729960024356842,0.48095375299453735,-0.01596464216709137,0.7549383044242859,0.3083172142505646,-0.03234197571873665,0.7740898728370667,0.205125093460083,-0.04934920743107796,0.788019597530365,0.12948265671730042,-0.06233812868595123,0.8019922971725464,0.5276719927787781,-0.02867119386792183,0.8404438495635986,0.3832683861255646,-0.05577850714325905,0.8626880049705505,0.30220746994018555,-0.07272057235240936,0.8773356676101685,0.23750120401382446,-0.083450548350811,0.8634438514709473,0.6055811047554016,-0.04609111696481705,0.9386531114578247,0.5206699371337891,-0.07450166344642639,0.9871364235877991,0.4659186601638794,-0.08714305609464645,1.0279223918914795,0.415935754776001,-0.09357234835624695
HELLO,0.7142727971076965,0.9427535533905029,7.405445785479969e-7,0.6224755644798279,0.814103364944458,-0.03760065138339996,0.5689875483512878,0.635930061340332,-0.048272572457790375,0.5226490497589111,0.5008789300918579,-0.057883791625499725,0.4787692427635193,0.3970722556114197,-0.06463762372732162,0.7009880542755127,0.4479617476463318,-0.0038179706316441298,0.6878883242607117,0.2704177796840668,-0.02459087036550045,0.6851642727851868,0.16642865538597107,-0.04563164710998535,0.684440016746521,0.0812481939792633,-0.0611308217048645,0.7814481258392334,0.4625595808029175,-0.0069648874923586845,0.8167461156845093,0.2930120825767517,-0.014470947906374931,0.840240478515625,0.1954699456691742,-0.027404965832829475,0.8576602339744568,0.12302619218826294,-0.037362534552812576,0.8497262597084045,0.5180521011352539,-0.01860550232231617,0.8969213962554932,0.38510453701019287,-0.0367131307721138,0.921466052532196,0.31412777304649353,-0.0500476136803627,0.9406230449676514,0.25385141372680664,-0.0588795468211174,0.9036831259727478,0.6036975383758545,-0.0348082035779953,0.9776996374130249,0.5347462296485901,-0.056152042001485825,1.022415041923523,0.5014551281929016,-0.062039993703365326,1.0612127780914307,0.472089022397995,-0.06307904422283173
HELLO,0.7342246770858765,0.9305780529975891,7.569800004603167e-7,0.6436251401901245,0.806205153465271,-0.04066845402121544,0.5911442041397095,0.6135303974151611,-0.049088604748249054,0.5544114708900452,0.46269744634628296,-0.05551222339272499,0.5062458515167236,0.3584061563014984,-0.05850701779127121,0.736156702041626,0.4363901615142822,-0.003724505426362157,0.7301596403121948,0.2610149681568146,-0.02030167356133461,0.7323305010795593,0.15613532066345215,-0.03459205850958824,0.737008810043335,0.0721922516822815,-0.044791724532842636,0.8193371295928955,0.45167475938796997,-0.003461376065388322,0.8586317896842957,0.28992190957069397,-0.005989590659737587,0.886268138885498,0.19498437643051147,-0.009342459961771965,0.9060508012771606,0.12863415479660034,-0.011414945125579834,0.8878306746482849,0.5063119530677795,-0.012847238220274448,0.9407618641853333,0.3832535445690155,-0.03350698575377464,0.9657629132270813,0.3076285719871521,-0.044748321175575256,0.9831844568252563,0.25030508637428284,-0.049869854003190994,0.9425324201583862,0.5896017551422119,-0.026996562257409096,1.0366512537002563,0.5330026149749756,-0.05881083756685257,1.0987170934677124,0.5043906569480896,-0.07252613455057144,1.1510432958602905,0.480944961309433,-0.07604176551103592
HELLO,0.7400001883506775,0.927358865737915,7.55194832890993e-7,0.6484171152114868,0.8066296577453613,-0.04663711413741112,0.593705415725708,0.6192201972007751,-0.061692506074905396,0.5500978827476501,0.46934255957603455,-0.07428193092346191,0.5032429695129395,0.3586300015449524,-0.08379971235990524,0.7367715239524841,0.43033289909362793,-0.006267672870308161,0.730654239654541,0.2609542906284332,-0.027688082307577133,0.7308241128921509,0.15357789397239685,-0.048281095921993256,0.7338147759437561,0.06924006342887878,-0.06290385872125626,0.8199611306190491,0.44881072640419006,-0.004669659771025181,0.8596409559249878,0.2890207767486572,-0.011172573082149029,0.8866181373596191,0.19257140159606934,-0.018397431820631027,0.904170036315918,0.12258049845695496,-0.02349160611629486,0.8867980241775513,0.5058189034461975,-0.013552018441259861,0.9392629265785217,0.3837006688117981,-0.03309590741991997,0.967255175113678,0.3108692765235901,-0.04250553250312805,0.9832971692085266,0.2512120306491852,-0.046939950436353683,0.9380142092704773,0.5905941724777222,-0.028293758630752563,1.0229880809783936,0.530045747756958,-0.0547272227704525,1.0786439180374146,0.49758392572402954,-0.06472089141607285,1.1240668296813965,0.46840545535087585,-0.06692728400230408
HELLO,0.7431371212005615,0.9263091087341309,7.743233823021001e-7,0.6521462202072144,0.8047785758972168,-0.04941289499402046,0.599098801612854,0.6123208999633789,-0.06506676226854324,0.5598714351654053,0.45800191164016724,-0.07792530953884125,0.5189758539199829,0.33661550283432007,-0.08704239130020142,0.7488641142845154,0.42977380752563477,0.0021744470577687025,0.7444287538528442,0.2588079869747162,-0.013353094458580017,0.7441084384918213,0.151157945394516,-0.029372505843639374,0.7499910593032837,0.06781744956970215,-0.040919385850429535,0.830653190612793,0.4533006548881531,0.0061604855582118034,0.865809440612793,0.2899693250656128,0.009224601089954376,0.8894496560096741,0.19259032607078552,0.010412618517875671,0.9060383439064026,0.11965012550354004,0.01096630934625864,0.8967782258987427,0.5109899640083313,-0.0015817824751138687,0.946768045425415,0.3725736737251282,-0.00946650467813015,0.975854218006134,0.29722169041633606,-0.005977713502943516,0.9951145648956299,0.23387232422828674,-0.003139374777674675,0.9481946229934692,0.5899769067764282,-0.016653738915920258,1.0157123804092407,0.5102876424789429,-0.03120022639632225,1.0622166395187378,0.4699796736240387,-0.030490640550851822,1.1036036014556885,0.43345552682876587,-0.026211628690361977
HELLO,0.7436048984527588,0.9260062575340271,7.767964689264772e-7,0.6520509123802185,0.8047212362289429,-0.04854530841112137,0.5986745953559875,0.6127113103866577,-0.06461252272129059,0.5594950914382935,0.4572896361351013,-0.07810209691524506,0.5208719968795776,0.3333374261856079,-0.08785411715507507,0.7484238147735596,0.429524689912796,0.0033885056618601084,0.7442623376846313,0.2562788128852844,-0.011255637742578983,0.7446570992469788,0.14726221561431885,-0.026742879301309586,0.7509018182754517,0.06386879086494446,-0.03780519589781761,0.8302132487297058,0.45267999172210693,0.007475118152797222,0.8651925325393677,0.28818851709365845,0.01315663754940033,0.8884729743003845,0.1902649998664856,0.016185350716114044,0.9043639898300171,0.11768683791160583,0.017742665484547615,0.8973732590675354,0.509985625743866,-0.0001938254717970267,0.9460092782974243,0.37173038721084595,-0.003995321691036224,0.9749470949172974,0.29578685760498047,0.0014472301118075848,0.9932336807250977,0.23189234733581543,0.004822310525923967,0.9494760036468506,0.5881094336509705,-0.015401322394609451,1.0151376724243164,0.5092138648033142,-0.026076994836330414,1.05973219871521,0.46881771087646484,-0.02371416799724102,1.1000916957855225,0.4330984652042389,-0.018805935978889465
HELLO,0.7438967227935791,0.926400899887085,7.76762249188323e-7,0.6518769264221191,0.8043514490127563,-0.048711299896240234,0.5985444188117981,0.6130469441413879,-0.0652783066034317,0.5602119565010071,0.45745280385017395,-0.07947859913110733,0.5214104056358337,0.3330383896827698,-0.08993517607450485,0.7476763725280762,0.42936256527900696,0.0026706228964030743,0.7437304854393005,0.2563696503639221,-0.01285556610673666,0.7443452477455139,0.14823579788208008,-0.02898150496184826,0.7510159015655518,0.06485924124717712,-0.04062143713235855,0.8305011987686157,0.45224419236183167,0.0059867138043046,0.8658368587493896,0.2875625789165497,0.009821868501603603,0.8892186284065247,0.18986058235168457,0.011360232718288898,0.9049354791641235,0.11765816807746887,0.011941153556108475,0.8981221318244934,0.5095570087432861,-0.002401677891612053,0.9478381276130676,0.37057533860206604,-0.008434112183749676,0.9763635396957397,0.2963975667953491,-0.003961558453738689,0.9941736459732056,0.23467308282852173,-0.0009171021520160139,0.9502956867218018,0.5883903503417969,-0.018223706632852554,1.0176867246627808,0.5089923143386841,-0.031046997755765915,1.063431739807129,0.46839824318885803,-0.029605453833937645,1.1042145490646362,0.43340134620666504,-0.025065666064620018
HELLO,0.7385414838790894,0.9355943202972412,7.43195357699733e-7,0.646990180015564,0.8159232139587402,-0.04543024301528931,0.5928360223770142,0.6294507384300232,-0.06142134219408035,0.5511636734008789,0.4764099717140198,-0.07555902749300003,0.510868489742279,0.35706955194473267,-0.08637779951095581,0.7417724132537842,0.4376414120197296,-0.001636555534787476,0.735127329826355,0.266191303730011,-0.022068582475185394,0.7355258464813232,0.15556010603904724,-0.042089782655239105,0.7422093749046326,0.07016393542289734,-0.05607660859823227,0.8232372999191284,0.4562183618545532,-0.0003321938565932214,0.8596241474151611,0.2930827736854553,-0.00044449654524214566,0.885485827922821,0.19390511512756348,-0.0010351381497457623,0.9040940999984741,0.12116274237632751,-0.0018116601277142763,0.8903257846832275,0.5125866532325745,-0.0102368900552392,0.9393355250358582,0.38368332386016846,-0.02121730148792267,0.9678060412406921,0.306499183177948,-0.02144359052181244,0.9852643013000488,0.24341049790382385,-0.021098770201206207,0.9418675899505615,0.5957921147346497,-0.027025390416383743,1.0184338092803955,0.5319257378578186,-0.04624919593334198,1.069245457649231,0.4980948865413666,-0.050257742404937744,1.1132607460021973,0.4674071967601776,-0.04874914884567261
HELLO,0.7399731874465942,0.9386127591133118,7.851784857848543e-7,0.6469349265098572,0.8167654275894165,-0.04747253283858299,0.5919939875602722,0.6307519674301147,-0.06328227370977402,0.55070960521698,0.4785119295120239,-0.07653646916151047,0.5106034278869629,0.35735470056533813,-0.08584905415773392,0.7425225377082825,0.43761351704597473,0.0005509044276550412,0.7356878519058228,0.262946218252182,-0.016047969460487366,0.7357087135314941,0.15239384770393372,-0.03333039954304695,0.7427125573158264,0.06730937957763672,-0.045220185071229935,0.8241060972213745,0.45771393179893494,0.0041608852334320545,0.860182523727417,0.2931782007217407,0.008587070740759373,0.8851935863494873,0.1927584409713745,0.01040627434849739,0.903163492679596,0.11995157599449158,0.011196761392056942,0.8905389308929443,0.5145069360733032,-0.0037060845643281937,0.9395128488540649,0.38237398862838745,-0.010471245273947716,0.966821014881134,0.3065534234046936,-0.00873867142945528,0.9838607311248779,0.2440807819366455,-0.0072280834428966045,0.9432485103607178,0.5947766304016113,-0.018755115568637848,1.0165830850601196,0.5258712768554688,-0.034261658787727356,1.0642309188842773,0.49042603373527527,-0.036145828664302826,1.1066861152648926,0.4586974084377289,-0.033178798854351044
HELLO,0.7167168855667114,0.95546555519104,7.218563951028045e-7,0.6219474077224731,0.8316479921340942,-0.04172024130821228,0.56535804271698,0.6478595733642578,-0.05669952556490898,0.5229706168174744,0.5029958486557007,-0.06983085721731186,0.47657907009124756,0.3942073583602905,-0.08065768331289291,0.709141731262207,0.452070027589798,-0.007467901799827814,0.6999427080154419,0.27654334902763367,-0.03171955794095993,0.701890230178833,0.16793322563171387,-0.05569945648312569,0.7088606953620911,0.08177074790000916,-0.07343979924917221,0.793660044670105,0.4685300290584564,-0.011652969755232334,0.8321475982666016,0.3028767704963684,-0.02515389397740364,0.8618057370185852,0.20246699452400208,-0.04076365754008293,0.8838874697685242,0.1281094253063202,-0.05274273455142975,0.8609273433685303,0.5242835283279419,-0.025349557399749756,0.9120870232582092,0.39480873942375183,-0.05074259638786316,0.9428516626358032,0.3147096037864685,-0.06752635538578033,0.9631213545799255,0.2493155300617218,-0.0781792551279068,0.9133967161178589,0.608278214931488,-0.04400300607085228,0.9962881803512573,0.5371139645576477,-0.07243973016738892,1.0513570308685303,0.49861791729927063,-0.08400574326515198,1.0954856872558594,0.4640384316444397,-0.0891365259885788
HELLO,0.7216630578041077,0.9555829763412476,7.603331368954969e-7,0.6252743005752563,0.8348604440689087,-0.04509607329964638,0.5662006735801697,0.6532588005065918,-0.061223726719617844,0.5237175822257996,0.5074382424354553,-0.07529159635305405,0.47978660464286804,0.39556998014450073,-0.08633553236722946,0.7110252976417542,0.45204445719718933,-0.008261039853096008,0.7028717994689941,0.2781177759170532,-0.03210191801190376,0.7047858834266663,0.16778087615966797,-0.054693784564733505,0.712287962436676,0.08089831471443176,-0.0710843876004219,0.7954843044281006,0.4668879806995392,-0.009970220737159252,0.8318130970001221,0.30156511068344116,-0.021792052313685417,0.8585973381996155,0.2008208930492401,-0.03365771099925041,0.8783367872238159,0.1275532841682434,-0.04213787615299225,0.864125669002533,0.5217164158821106,-0.021846836432814598,0.9144159555435181,0.386883944272995,-0.047506459057331085,0.9427167177200317,0.31001853942871094,-0.06078547239303589,0.9605592489242554,0.24921199679374695,-0.06775368005037308,0.9182924628257751,0.6058267951011658,-0.039135854691267014,1.0022821426391602,0.5316304564476013,-0.07029552757740021,1.0580331087112427,0.49253106117248535,-0.08256657421588898,1.1044776439666748,0.4581634998321533,-0.08651083707809448
HELLO,0.7218745350837708,0.9559426307678223,7.722166515122808e-7,0.6256511211395264,0.8342232704162598,-0.04631397873163223,0.5670852065086365,0.6521868109703064,-0.06309567391872406,0.5235098600387573,0.5064175724983215,-0.07764273136854172,0.478500634431839,0.39493951201438904,-0.08921027928590775,0.7107834815979004,0.4525434374809265,-0.009321947582066059,0.7028434872627258,0.27792906761169434,-0.03336621820926666,0.7041177749633789,0.1674136221408844,-0.05617267265915871,0.7110934853553772,0.08047059178352356,-0.0727791115641594,0.7954272031784058,0.4676494300365448,-0.010472129099071026,0.8319040536880493,0.3018934428691864,-0.022521650418639183,0.8583758473396301,0.20077291131019592,-0.0349874272942543,0.8779704570770264,0.12719827890396118,-0.044035520404577255,0.8631755709648132,0.5221767425537109,-0.02180963195860386,0.9137412309646606,0.387121319770813,-0.047803737223148346,0.941987931728363,0.31103023886680603,-0.06160591542720795,0.9598758220672607,0.2511066496372223,-0.06887944042682648,0.9171264171600342,0.6066445112228394,-0.03860228508710861,1.0010385513305664,0.5328076481819153,-0.07010629773139954,1.055829405784607,0.49407708644866943,-0.08263780176639557,1.1012909412384033,0.4605441689491272,-0.08684418350458145
HELLO,0.6955143213272095,0.968496561050415,7.407641078316374e-7,0.5935779809951782,0.8500828742980957,-0.044822461903095245,0.53145831823349,0.6756672263145447,-0.06169113144278526,0.48803192377090454,0.5338655710220337,-0.0760185495018959,0.43810027837753296,0.4280873239040375,-0.08876863121986389,0.6719651222229004,0.4727208912372589,-0.013155370950698853,0.6611934304237366,0.29477787017822266,-0.04002474993467331,0.6612550020217896,0.18398088216781616,-0.06598497182130814,0.6659044623374939,0.09473854303359985,-0.08530727028846741,0.7583696246147156,0.48545971512794495,-0.015806160867214203,0.7970653772354126,0.3130248785018921,-0.031831394881010056,0.8215509057044983,0.20909100770950317,-0.049642082303762436,0.8381657004356384,0.13187992572784424,-0.06335608661174774,0.8280255198478699,0.5369143486022949,-0.027909979224205017,0.8781245946884155,0.40206995606422424,-0.05192045122385025,0.9048702716827393,0.31604474782943726,-0.06922726333141327,0.9212737679481506,0.24620479345321655,-0.08136393874883652,0.8829197883605957,0.6173149943351746,-0.04534824192523956,0.9565579891204834,0.5388002395629883,-0.06944634020328522,1.0019091367721558,0.489935964345932,-0.07961136102676392,1.0387001037597656,0.4449594020843506,-0.08521964401006699
HELLO,0.6983035802841187,0.9610919952392578,7.17386456017266e-7,0.5987939238548279,0.8483830690383911,-0.04174462705850601,0.5329985618591309,0.6765283942222595,-0.058166950941085815,0.4857805669307709,0.5367584824562073,-0.07286176085472107,0.4394706189632416,0.42971929907798767,-0.08576344698667526,0.6771821975708008,0.46999186277389526,-0.012540881521999836,0.6652208566665649,0.29411184787750244,-0.038770679384469986,0.6628056168556213,0.18312689661979675,-0.06402737647294998,0.6659573912620544,0.09360557794570923,-0.08292070776224136,0.762276828289032,0.48155444860458374,-0.016466056928038597,0.7980833649635315,0.3093908131122589,-0.03133580461144447,0.8219053149223328,0.20645645260810852,-0.047889333218336105,0.8389678001403809,0.13059163093566895,-0.06083475798368454,0.8311226963996887,0.5326588153839111,-0.0294333528727293,0.8778690099716187,0.3935449719429016,-0.054099638015031815,0.9052815437316895,0.3142866790294647,-0.06966913491487503,0.9233919382095337,0.2505680024623871,-0.07994675636291504,0.8851369023323059,0.6141606569290161,-0.04732077941298485,0.9581262469291687,0.5334076881408691,-0.07303669303655624,1.0042314529418945,0.4864487051963806,-0.08283323794603348,1.0429329872131348,0.44428884983062744,-0.08760029822587967
HELLO,0.6767776012420654,0.984357476234436,7.177445695560891e-7,0.5704736709594727,0.8752059936523438,-0.04769020900130272,0.5043960809707642,0.7029274702072144,-0.06599246710538864,0.45567968487739563,0.557164192199707,-0.0809907540678978,0.40156567096710205,0.4481830596923828,-0.0934675857424736,0.6474182605743408,0.48662808537483215,-0.012498573400080204,0.6319950222969055,0.3066457211971283,-0.03597415238618851,0.6288859844207764,0.19606110453605652,-0.06008009985089302,0.6321982741355896,0.10593581199645996,-0.07899098843336105,0.7337543368339539,0.4956711232662201,-0.014280978590250015,0.7617735266685486,0.3202725052833557,-0.02695344388484955,0.7851829528808594,0.21419653296470642,-0.042951617389917374,0.8032843470573425,0.13645640015602112,-0.05599360913038254,0.8038358688354492,0.5480653643608093,-0.025823138654232025,0.8475563526153564,0.40445002913475037,-0.04877704009413719,0.8740313053131104,0.3163790702819824,-0.06494910269975662,0.8919171094894409,0.24254116415977478,-0.07655647397041321,0.8604860901832581,0.6305280923843384,-0.042886409908533096,0.9313718676567078,0.5438737869262695,-0.06829655170440674,0.9772014617919922,0.4899197816848755,-0.0788605585694313,1.0154330730438232,0.4380057454109192,-0.08464250713586807
HELLO,0.6757810115814209,0.9783865213394165,7.567449529233272e-7,0.5754932761192322,0.8727822303771973,-0.04554194584488869,0.5064020156860352,0.7041736841201782,-0.06474532186985016,0.4552226662635803,0.5603668093681335,-0.08135008066892624,0.4063585698604584,0.44968876242637634,-0.09513598680496216,0.649604320526123,0.48655563592910767,-0.014721853658556938,0.6350799798965454,0.3089330792427063,-0.038384728133678436,0.631062924861908,0.19853535294532776,-0.06042896956205368,0.6350262761116028,0.1087045669555664,-0.07725393772125244,0.7342414855957031,0.496758371591568,-0.0170892421156168,0.7643536925315857,0.3226040005683899,-0.03021448478102684,0.7881497740745544,0.21578186750411987,-0.0432516373693943,0.8064830303192139,0.13770797848701477,-0.05355803668498993,0.8026283383369446,0.5482128262519836,-0.029091350734233856,0.8471066951751709,0.40386080741882324,-0.05443892255425453,0.8746497631072998,0.3198116421699524,-0.06831292062997818,0.892449676990509,0.2517006993293762,-0.07703372836112976,0.858198881149292,0.6279178261756897,-0.04624665901064873,0.935830295085907,0.5444208383560181,-0.07536002993583679,0.9865602254867554,0.4928602874279022,-0.08747225254774094,1.028988003730774,0.44422441720962524,-0.09302185475826263
HELLO,0.6744758486747742,0.9791717529296875,7.577351652798825e-7,0.5743079781532288,0.8743741512298584,-0.044736597687006,0.5059781670570374,0.7038997411727905,-0.06385964155197144,0.4546148180961609,0.5587198138237,-0.08054330199956894,0.4053063988685608,0.44705766439437866,-0.09426485002040863,0.6491625905036926,0.48731517791748047,-0.01224049087613821,0.6343099474906921,0.3105132281780243,-0.0356760211288929,0.6296716332435608,0.19917866587638855,-0.05793542042374611,0.6329598426818848,0.10959130525588989,-0.07509824633598328,0.7328643798828125,0.49771997332572937,-0.015126372687518597,0.7633706331253052,0.3238314986228943,-0.027573775500059128,0.7874101400375366,0.21574854850769043,-0.04033699259161949,0.8056409955024719,0.13599690794944763,-0.050704386085271835,0.801409900188446,0.549017608165741,-0.02772623673081398,0.8446115255355835,0.4044366180896759,-0.05161915346980095,0.8732921481132507,0.3172387480735779,-0.0646437332034111,0.8922010660171509,0.2462763488292694,-0.07335582375526428,0.8564740419387817,0.6291407942771912,-0.045607808977365494,0.9328239560127258,0.5443902611732483,-0.073138028383255,0.9830172061920166,0.4907536506652832,-0.08442018926143646,1.0249865055084229,0.4399426579475403,-0.08982168883085251
HELLO,0.6602970361709595,1.0006108283996582,8.210984674406063e-7,0.5500408411026001,0.8936934471130371,-0.04919660836458206,0.48286399245262146,0.7167061567306519,-0.06565352529287338,0.4343582093715668,0.5683755874633789,-0.07884518057107925,0.3854008615016937,0.45679235458374023,-0.08837974816560745,0.6312124729156494,0.5021628141403198,-0.005077481735497713,0.6146052479743958,0.3194274306297302,-0.024620071053504944,0.6074985265731812,0.20556309819221497,-0.04488646239042282,0.6076686382293701,0.11406123638153076,-0.0600372739136219,0.7171747088432312,0.5097198486328125,-0.0036108349449932575,0.7498406767845154,0.32999148964881897,-0.00827199500054121,0.7736201882362366,0.21722620725631714,-0.016924938187003136,0.7899496555328369,0.13469183444976807,-0.02372756600379944,0.7880762219429016,0.5596610307693481,-0.01289778295904398,0.8307244777679443,0.41544586420059204,-0.026753375306725502,0.857375979423523,0.32169243693351746,-0.03589610382914543,0.8747409582138062,0.24482214450836182,-0.04225248098373413,0.8448976874351501,0.6386553049087524,-0.028821373358368874,0.91611647605896,0.55445796251297,-0.046149030327796936,0.9603755474090576,0.4985401928424835,-0.05228772014379501,0.9990824460983276,0.4467417001724243,-0.05429041013121605
HELLO,0.657650351524353,0.9965572357177734,8.030448270801571e-7,0.5531847476959229,0.8915284872055054,-0.047329891473054886,0.4848584532737732,0.7175619006156921,-0.06353692710399628,0.43504056334495544,0.5702771544456482,-0.07733961939811707,0.3858260214328766,0.4592120051383972,-0.08762485533952713,0.6317952275276184,0.5010387301445007,-0.006211213767528534,0.6170122623443604,0.3195478618144989,-0.02629191055893898,0.6118698120117188,0.2071615755558014,-0.04563795030117035,0.6145991683006287,0.11475732922554016,-0.060420189052820206,0.7164697647094727,0.5115401744842529,-0.006472796201705933,0.7466950416564941,0.33198466897010803,-0.014192287810146809,0.7695630192756653,0.21896013617515564,-0.023642683401703835,0.7865477800369263,0.13569524884223938,-0.03136774152517319,0.7862985134124756,0.5625211000442505,-0.017386944964528084,0.8322021961212158,0.418308287858963,-0.03704465553164482,0.859864354133606,0.3296535015106201,-0.04768608883023262,0.8789733648300171,0.25583145022392273,-0.05423124134540558,0.8429026007652283,0.6393221020698547,-0.03446221351623535,0.9182999730110168,0.5565951466560364,-0.05846109613776207,0.9665667414665222,0.5004109740257263,-0.068657286465168,1.0094681978225708,0.4458603858947754,-0.07288714498281479
HELLO,0.6455897092819214,1.0012339353561401,9.004127718981181e-7,0.5403621196746826,0.8956825733184814,-0.052786312997341156,0.47374773025512695,0.7234000563621521,-0.07229430228471756,0.42289242148399353,0.5741861462593079,-0.08849210292100906,0.37497904896736145,0.45873546600341797,-0.10027634352445602,0.6214459538459778,0.5072940587997437,-0.003894976805895567,0.6050275564193726,0.32364383339881897,-0.021582363173365593,0.5957808494567871,0.2087382972240448,-0.03901596739888191,0.5957964658737183,0.11746662855148315,-0.05155051499605179,0.7053460478782654,0.5158368945121765,-0.00009844332817010581,0.7389644980430603,0.3345058858394623,0.00039480775012634695,0.7627251148223877,0.22088366746902466,-0.0018633547006174922,0.7798519134521484,0.13733404874801636,-0.0037680864334106445,0.7764198780059814,0.5659420490264893,-0.007988564670085907,0.8204108476638794,0.4183826744556427,-0.015149583108723164,0.8491634130477905,0.3233211040496826,-0.016561927273869514,0.8680699467658997,0.24414026737213135,-0.018183913081884384,0.8331949710845947,0.6432048678398132,-0.02365674078464508,0.9010249376296997,0.5611591935157776,-0.03515409305691719,0.9425095915794373,0.5041670799255371,-0.036588508635759354,0.9811564683914185,0.45192500948905945,-0.03517616540193558
HELLO,0.6436830163002014,1.0011370182037354,8.666492590236885e-7,0.5416355133056641,0.8929615020751953,-0.05067811161279678,0.47308510541915894,0.7206217050552368,-0.06978771090507507,0.42077600955963135,0.5735551118850708,-0.08614835888147354,0.3717297911643982,0.4582090377807617,-0.0981638953089714,0.6211217641830444,0.5052454471588135,-0.005475718528032303,0.6056416630744934,0.32153555750846863,-0.02425277978181839,0.599080502986908,0.2077111303806305,-0.0421430841088295,0.6015629768371582,0.11687040328979492,-0.05533358082175255,0.7050687670707703,0.5168830156326294,-0.003583048703148961,0.7368090748786926,0.33473923802375793,-0.006639585830271244,0.760252833366394,0.22228509187698364,-0.011561082676053047,0.7775486707687378,0.13975128531455994,-0.01564016006886959,0.7756702303886414,0.5682187080383301,-0.013013144955039024,0.821374237537384,0.42082643508911133,-0.025627249851822853,0.8516417741775513,0.33069467544555664,-0.030171876773238182,0.8720160126686096,0.25609102845191956,-0.03318684920668602,0.8326548337936401,0.6446377038955688,-0.02959548309445381,0.9033234715461731,0.5626735687255859,-0.04668771103024483,0.9474078416824341,0.5061129927635193,-0.051697880029678345,0.9876844882965088,0.4525774121284485,-0.05240728333592415
HELLO,0.644348680973053,1.0015884637832642,8.736968766243081e-7,0.5421394109725952,0.8927521705627441,-0.050699565559625626,0.4738087058067322,0.7207817435264587,-0.06993348896503448,0.4209270179271698,0.5728641748428345,-0.0864197164773941,0.3716265559196472,0.45791295170783997,-0.09865142405033112,0.6207966804504395,0.5059935450553894,-0.0051934923976659775,0.6047089099884033,0.32278183102607727,-0.024241836741566658,0.5979375243186951,0.20903676748275757,-0.04252292960882187,0.6005251407623291,0.11744490265846252,-0.055884744971990585,0.705175518989563,0.5163049101829529,-0.0030108406208455563,0.7372125387191772,0.3343672454357147,-0.005838870070874691,0.7614046335220337,0.22122794389724731,-0.010492239147424698,0.7787261605262756,0.13839781284332275,-0.014314649626612663,0.7759491801261902,0.5673387050628662,-0.012198475189507008,0.8219277858734131,0.42177101969718933,-0.02384297549724579,0.8508400917053223,0.33111682534217834,-0.027765102684497833,0.8703958988189697,0.25586163997650146,-0.030402012169361115,0.8332194089889526,0.6441731452941895,-0.028607141226530075,0.9036072492599487,0.562159538269043,-0.04411837086081505,0.9467352628707886,0.5056358575820923,-0.048084814101457596,0.9860473871231079,0.45211365818977356,-0.0482177697122097
HELLO,0.6395304799079895,1.0054616928100586,8.786948342276446e-7,0.5368706583976746,0.8982720971107483,-0.05230667442083359,0.4680139422416687,0.7231862545013428,-0.07262597978115082,0.4174162745475769,0.5731147527694702,-0.08997280150651932,0.36519455909729004,0.46027421951293945,-0.10319364815950394,0.6158280968666077,0.5091451406478882,-0.00656051654368639,0.5995883941650391,0.3246583342552185,-0.025643134489655495,0.5912403464317322,0.21050819754600525,-0.04438747093081474,0.5926195383071899,0.11819684505462646,-0.058384716510772705,0.6983049511909485,0.5191983580589294,-0.003967920318245888,0.7306233048439026,0.33747631311416626,-0.006798979826271534,0.7541815042495728,0.22347146272659302,-0.01210063137114048,0.7718604207038879,0.1390725076198578,-0.016625890508294106,0.7679183483123779,0.5690524578094482,-0.01268847193568945,0.8131255507469177,0.4234617352485657,-0.02251538261771202,0.8421383500099182,0.33095285296440125,-0.026197701692581177,0.8623905777931213,0.2538175582885742,-0.029591646045446396,0.8248476386070251,0.6453246474266052,-0.029014896601438522,0.8940685987472534,0.5627977848052979,-0.04212483763694763,0.9361283779144287,0.5051120519638062,-0.045252591371536255,0.97484290599823,0.4513090252876282,-0.045563146471977234
HELLO,0.6401780247688293,1.0020695924758911,9.264826985599939e-7,0.5358043909072876,0.8938001394271851,-0.051663536578416824,0.46781232953071594,0.7225475907325745,-0.07119270414113998,0.4154799282550812,0.5760072469711304,-0.08814757317304611,0.366014301776886,0.46034204959869385,-0.10075276345014572,0.6149986386299133,0.5081398487091064,-0.0036312052980065346,0.5993072390556335,0.324734628200531,-0.021215779706835747,0.5921908020973206,0.2107601761817932,-0.038658883422613144,0.5948957204818726,0.11856228113174438,-0.05126407369971275,0.698306143283844,0.5185155272483826,-0.00021516070410143584,0.731011152267456,0.3367134928703308,0.0009632819565013051,0.7546048164367676,0.22316604852676392,-0.0008537077228538692,0.7717028856277466,0.14066055417060852,-0.003032014472410083,0.7688652873039246,0.5691773295402527,-0.008505175821483135,0.8151313662528992,0.42391785979270935,-0.01543470285832882,0.8435345888137817,0.3332159221172333,-0.016832813620567322,0.8631496429443359,0.2587067484855652,-0.018452845513820648,0.8262203335762024,0.6443154811859131,-0.024544617161154747,0.8967265486717224,0.5623441934585571,-0.0363730788230896,0.9389527440071106,0.5059393644332886,-0.03876984119415283,0.9789273738861084,0.4540504813194275,-0.038059692829847336
HELLO,0.6390750408172607,1.0021474361419678,9.127256248575577e-7,0.5356065034866333,0.8945280313491821,-0.05150487273931503,0.46767377853393555,0.7224705219268799,-0.0710015594959259,0.4153969883918762,0.5746387243270874,-0.08788985759019852,0.36610063910484314,0.4591069221496582,-0.10044555366039276,0.6148011684417725,0.5081198811531067,-0.0045066759921610355,0.599429190158844,0.3247635066509247,-0.02290087752044201,0.5923166871070862,0.21087127923965454,-0.040850214660167694,0.5946985483169556,0.11878854036331177,-0.053848009556531906,0.6983036398887634,0.5188555717468262,-0.0014313048450276256,0.7305797338485718,0.3369297981262207,-0.0014216338749974966,0.7545945644378662,0.22373247146606445,-0.004031416494399309,0.7718996405601501,0.1412179172039032,-0.006648106966167688,0.7694545388221741,0.5694173574447632,-0.009936240501701832,0.8143778443336487,0.4240761995315552,-0.017993545159697533,0.8437560796737671,0.33374500274658203,-0.01965142972767353,0.8638309240341187,0.2594367563724518,-0.021265102550387383,0.8265421390533447,0.6449458599090576,-0.026128221303224564,0.8962070345878601,0.5627343058586121,-0.03868391737341881,0.9387933015823364,0.5066219568252563,-0.04107126593589783,0.9790962934494019,0.4553831219673157,-0.040209170430898666
HELLO,0.6361373662948608,1.0025975704193115,9.047099069903197e-7,0.5334153771400452,0.8976658582687378,-0.052128393203020096,0.4647907614707947,0.7250553369522095,-0.07251107692718506,0.4134325385093689,0.5759485960006714,-0.09032934904098511,0.3613618314266205,0.4618339538574219,-0.10407991707324982,0.611159086227417,0.5103034377098083,-0.006173389498144388,0.5946274995803833,0.32843199372291565,-0.024958843365311623,0.5875427722930908,0.21425339579582214,-0.04275500401854515,0.5901117324829102,0.12254634499549866,-0.055886585265398026,0.6950094103813171,0.5207261443138123,-0.0037692496553063393,0.7274651527404785,0.33887043595314026,-0.005720195360481739,0.7512291073799133,0.22546669840812683,-0.009699461981654167,0.769066333770752,0.1427088975906372,-0.013319488614797592,0.7661718130111694,0.5704915523529053,-0.012877348810434341,0.8114635348320007,0.4253388047218323,-0.0231681726872921,0.8406665325164795,0.3337090015411377,-0.02659476362168789,0.8604589700698853,0.2586210370063782,-0.02949078567326069,0.8237661719322205,0.6452807784080505,-0.029557107016444206,0.8940695524215698,0.5646091103553772,-0.04381614178419113,0.9368443489074707,0.5083094835281372,-0.047706980258226395,0.9768085479736328,0.45638298988342285,-0.04828176647424698
HELLO,0.6366108655929565,1.0037637948989868,9.201743296216591e-7,0.5329269766807556,0.8966525793075562,-0.051702212542295456,0.46491268277168274,0.72461998462677,-0.07239191979169846,0.41321536898612976,0.5765881538391113,-0.09061121195554733,0.36257338523864746,0.4607881009578705,-0.1047278568148613,0.6115734577178955,0.5111172199249268,-0.005988545250147581,0.5954699516296387,0.3278719186782837,-0.025476133450865746,0.5886126160621643,0.2140164077281952,-0.044070400297641754,0.5917232632637024,0.12225836515426636,-0.05774590000510216,0.6951972246170044,0.5218002200126648,-0.003837962867692113,0.7273690700531006,0.33877402544021606,-0.006346975918859243,0.7519369721412659,0.22503256797790527,-0.011028628796339035,0.7702867984771729,0.1421874761581421,-0.01526362169533968,0.7661409974098206,0.5721225142478943,-0.01317921094596386,0.8114643692970276,0.42538976669311523,-0.02406446821987629,0.8410834074020386,0.33423861861228943,-0.028211232274770737,0.8624383211135864,0.25983598828315735,-0.03163010999560356,0.8235182166099548,0.6477984189987183,-0.029997870326042175,0.893791139125824,0.5657471418380737,-0.04495269060134888,0.9375519752502441,0.5097633600234985,-0.04923180118203163,0.9779094457626343,0.4584007263183594,-0.05002586171030998
HELLO,0.6303677558898926,1.0096359252929688,9.277651429329126e-7,0.529033899307251,0.8999428749084473,-0.050108641386032104,0.4624817371368408,0.7280470132827759,-0.0718047097325325,0.4104885458946228,0.5820890665054321,-0.09173328429460526,0.35941481590270996,0.46609237790107727,-0.10781753808259964,0.6074948310852051,0.514431893825531,-0.005156130529940128,0.5897718071937561,0.3313538432121277,-0.02496594563126564,0.5817837119102478,0.216525137424469,-0.043480511754751205,0.5841989517211914,0.1252404749393463,-0.057046081870794296,0.6912195682525635,0.5254170894622803,-0.004995950497686863,0.723013162612915,0.3423684537410736,-0.008373533375561237,0.7464586496353149,0.22799339890480042,-0.013609753921627998,0.7639297246932983,0.1450032889842987,-0.017951177433133125,0.7623980045318604,0.5750029683113098,-0.016150537878274918,0.8074908256530762,0.42984238266944885,-0.02686600759625435,0.8373016715049744,0.3368328809738159,-0.030224259942770004,0.8576177358627319,0.2613063156604767,-0.033118538558483124,0.8199149370193481,0.6507436633110046,-0.034753479063510895,0.8896967172622681,0.5683660507202148,-0.04816439002752304,0.9331566691398621,0.5102643370628357,-0.05108076333999634,0.972564160823822,0.45742344856262207,-0.05116914212703705
HELLO,0.6276090741157532,1.0131816864013672,8.64496882968524e-7,0.5284793972969055,0.9058369398117065,-0.05150918290019035,0.4609834551811218,0.7370620965957642,-0.07506764680147171,0.40668365359306335,0.5922347903251648,-0.09600850194692612,0.3520696461200714,0.479556679725647,-0.11366625875234604,0.6033128499984741,0.5246722102165222,-0.014463388361036777,0.5843586921691895,0.33992841839790344,-0.039552487432956696,0.5744800567626953,0.22484090924263,-0.06197961047291756,0.5752218961715698,0.13122659921646118,-0.07812891155481339,0.6866174340248108,0.5327112674713135,-0.014075184240937233,0.7185004353523254,0.3486032783985138,-0.02402430959045887,0.741270899772644,0.23232874274253845,-0.03407325595617294,0.7580495476722717,0.1464005410671234,-0.041726432740688324,0.7569382190704346,0.5812828540802002,-0.024312688037753105,0.801828145980835,0.43450528383255005,-0.03904227539896965,0.829613447189331,0.33849185705184937,-0.04538664221763611,0.8490283489227295,0.25927025079727173,-0.0504000298678875,0.8150253295898438,0.6571251749992371,-0.04170424863696098,0.8839288949966431,0.5730701088905334,-0.05643383413553238,0.9264405965805054,0.5120742321014404,-0.05998313054442406,0.9637407064437866,0.4560880661010742,-0.060959190130233765
HELLO,0.6288368105888367,1.0160350799560547,9.333442108072632e-7,0.5273133516311646,0.9068806171417236,-0.051363155245780945,0.4600798487663269,0.7378009557723999,-0.07441695779561996,0.4057229161262512,0.591657280921936,-0.09530669450759888,0.3509279489517212,0.47937923669815063,-0.11226581782102585,0.6019092798233032,0.5238845944404602,-0.008893598802387714,0.5830371975898743,0.33790814876556396,-0.030318835750222206,0.574735701084137,0.22207528352737427,-0.04972907528281212,0.5768052935600281,0.129795104265213,-0.0634641945362091,0.6860331892967224,0.5336029529571533,-0.007281600032001734,0.716431200504303,0.34961703419685364,-0.011571063660085201,0.7387527823448181,0.23375234007835388,-0.01660580188035965,0.7542299628257751,0.14906743168830872,-0.020558511838316917,0.7586463093757629,0.5824839472770691,-0.016903910785913467,0.8018674850463867,0.4351586699485779,-0.027116920799016953,0.8297555446624756,0.339926153421402,-0.029833029955625534,0.8475313782691956,0.26240286231040955,-0.03219582512974739,0.8167378306388855,0.6573019027709961,-0.03400656208395958,0.8856804370880127,0.5730118751525879,-0.04593094065785408,0.9261422753334045,0.5117166042327881,-0.047874171286821365,0.9630178213119507,0.4565332531929016,-0.04725586995482445
HELLO,0.6261796951293945,1.018852710723877,8.565268672100501e-7,0.5269296765327454,0.9130352735519409,-0.05206378549337387,0.45890408754348755,0.7448605298995972,-0.07564067840576172,0.4024801552295685,0.6015865802764893,-0.09634233266115189,0.3476199209690094,0.4895637035369873,-0.11359371989965439,0.5983461141586304,0.5308615565299988,-0.014354035258293152,0.5782895088195801,0.3465201258659363,-0.03976665064692497,0.5674760341644287,0.23127669095993042,-0.06268002837896347,0.5670896172523499,0.13744813203811646,-0.07931212335824966,0.6814950108528137,0.5375393629074097,-0.01379004679620266,0.712600588798523,0.354104220867157,-0.02386441081762314,0.7340074777603149,0.2376154363155365,-0.03472393751144409,0.7490784525871277,0.15133658051490784,-0.043084219098091125,0.7524370551109314,0.5856384038925171,-0.02386441081762314,0.796236515045166,0.4387834668159485,-0.038417499512434006,0.8234419226646423,0.34161826968193054,-0.045229583978652954,0.8413348197937012,0.2606893479824066,-0.05069252476096153,0.8112310171127319,0.6621871590614319,-0.04111579433083534,0.8784322738647461,0.5758667588233948,-0.055204425007104874,0.9187399744987488,0.5142195224761963,-0.058123886585235596,0.9544439315795898,0.45774170756340027,-0.058787401765584946
HELLO,0.6262235641479492,1.02297043800354,9.179746598420024e-7,0.5257896184921265,0.9148877859115601,-0.05054531246423721,0.45775890350341797,0.7462354898452759,-0.07409784197807312,0.40143316984176636,0.6019595861434937,-0.09544507414102554,0.3461046814918518,0.4898396134376526,-0.11317563056945801,0.5978100895881653,0.5307466983795166,-0.009747393429279327,0.5776287317276001,0.3449016511440277,-0.03228548541665077,0.568522572517395,0.22896480560302734,-0.05270649865269661,0.5696683526039124,0.13635674118995667,-0.0673055350780487,0.6810941100120544,0.5388071537017822,-0.0094386525452137,0.7110087871551514,0.354094535112381,-0.015271652489900589,0.7327213287353516,0.23815035820007324,-0.022030875086784363,0.7478090524673462,0.15361934900283813,-0.027367684990167618,0.753048837184906,0.5872448086738586,-0.020101243630051613,0.7958852648735046,0.4378017783164978,-0.03151363506913185,0.8230714201927185,0.3419608175754547,-0.035152368247509,0.8403110504150391,0.2637515962123871,-0.038394149392843246,0.8120075464248657,0.6627951264381409,-0.038063351064920425,0.8798797130584717,0.5757418274879456,-0.05054531246423721,0.9192737340927124,0.5138881206512451,-0.05235365033149719,0.9551317691802979,0.45818519592285156,-0.051912590861320496
HELLO,0.6308356523513794,1.0180566310882568,8.980272241387866e-7,0.5291891694068909,0.9117780923843384,-0.05069262534379959,0.4603004455566406,0.742279052734375,-0.07331137359142303,0.4042758345603943,0.5967097878456116,-0.0934908539056778,0.3464697003364563,0.4882768392562866,-0.11016664654016495,0.6001399755477905,0.5293645858764648,-0.010106369853019714,0.5790990591049194,0.34472349286079407,-0.032730672508478165,0.5693597793579102,0.2296060025691986,-0.053309302777051926,0.5703816413879395,0.13666918873786926,-0.06825542449951172,0.6830939054489136,0.5367554426193237,-0.009457743726670742,0.7121884822845459,0.3527182638645172,-0.016642525792121887,0.7337607145309448,0.23720872402191162,-0.024437127634882927,0.7492497563362122,0.15359747409820557,-0.030579671263694763,0.7541008591651917,0.5850361585617065,-0.01975814625620842,0.7974362373352051,0.43590715527534485,-0.03346244990825653,0.8234538435935974,0.34000709652900696,-0.039139315485954285,0.8400319814682007,0.2621544897556305,-0.043530017137527466,0.8123937845230103,0.6602875590324402,-0.03712136670947075,0.8814570307731628,0.574700117111206,-0.052023135125637054,0.9220786094665527,0.5130140781402588,-0.05592598021030426,0.9586722254753113,0.4566619396209717,-0.05690169334411621
HELLO,0.6297049522399902,1.0219473838806152,9.159334126707108e-7,0.528194785118103,0.9142168760299683,-0.049934033304452896,0.46011286973953247,0.7428328990936279,-0.072455033659935,0.4034438133239746,0.5971139073371887,-0.09308090806007385,0.3447498679161072,0.48709219694137573,-0.11018100380897522,0.5999935865402222,0.5299963355064392,-0.008318666368722916,0.5791482925415039,0.34537166357040405,-0.030057379975914955,0.569643497467041,0.2293073832988739,-0.04988995939493179,0.5699695348739624,0.13633567094802856,-0.06447792798280716,0.6828266978263855,0.5385635495185852,-0.00855555571615696,0.7115249633789062,0.3540377914905548,-0.015127851627767086,0.7329963445663452,0.23860710859298706,-0.022807467728853226,0.7481222748756409,0.15389326214790344,-0.028889460489153862,0.7538315653800964,0.5867010354995728,-0.019711380824446678,0.7956226468086243,0.437645822763443,-0.03320855647325516,0.8221885561943054,0.34157896041870117,-0.038783714175224304,0.8400629758834839,0.26326194405555725,-0.04314688220620155,0.81209796667099,0.6613289713859558,-0.037924304604530334,0.8809317946434021,0.5750201940536499,-0.05284281447529793,0.9226629734039307,0.513670027256012,-0.056677110493183136,0.9604184627532959,0.45765620470046997,-0.057646702975034714
HELLO,0.6303189992904663,1.019317626953125,9.060449315256847e-7,0.5286739468574524,0.9124699234962463,-0.05167970061302185,0.4598754048347473,0.7439342737197876,-0.07521874457597733,0.4030977487564087,0.5982540249824524,-0.09619150310754776,0.3456202447414398,0.48752304911613464,-0.11371304094791412,0.6001495122909546,0.5293623805046082,-0.01113901101052761,0.5796691179275513,0.34476056694984436,-0.033914804458618164,0.5695821046829224,0.22941884398460388,-0.05455571040511131,0.5702741146087646,0.1365077793598175,-0.06968795508146286,0.6830967664718628,0.5373591184616089,-0.010337046347558498,0.7122761011123657,0.3537216782569885,-0.018107807263731956,0.7336660027503967,0.23820751905441284,-0.026415051892399788,0.7486246228218079,0.15370333194732666,-0.03296351060271263,0.754317581653595,0.5858546495437622,-0.02049710787832737,0.7969932556152344,0.43678992986679077,-0.034932468086481094,0.823171854019165,0.3408622443675995,-0.041126955300569534,0.8400797247886658,0.2622542977333069,-0.0458834283053875,0.8121536374092102,0.6608092784881592,-0.03774211183190346,0.8812947273254395,0.575070858001709,-0.05349379777908325,0.9227114319801331,0.5134719610214233,-0.05782993882894516,0.9590080976486206,0.4570097327232361,-0.05915733054280281
HELLO,0.6523401141166687,1.0032365322113037,8.310052521665057e-7,0.5488830804824829,0.8926024436950684,-0.047757893800735474,0.4779589772224426,0.7303158640861511,-0.07011546939611435,0.4244323968887329,0.5921977162361145,-0.08991537243127823,0.36929768323898315,0.48683881759643555,-0.10671662539243698,0.6167027950286865,0.5177235007286072,-0.017650136724114418,0.5953981280326843,0.33359476923942566,-0.04319377616047859,0.5862751603126526,0.22300684452056885,-0.0665876492857933,0.5859808325767517,0.13136771321296692,-0.0843590497970581,0.6991338133811951,0.5252246260643005,-0.02049444429576397,0.729833722114563,0.33984240889549255,-0.035234127193689346,0.7515820860862732,0.22840216755867004,-0.05124162137508392,0.7686618566513062,0.14496630430221558,-0.06380948424339294,0.7682957053184509,0.5746954679489136,-0.03285284712910652,0.8136101961135864,0.42093920707702637,-0.05640105903148651,0.838826060295105,0.33333122730255127,-0.07143840193748474,0.8568189740180969,0.26013728976249695,-0.0818013846874237,0.8271641135215759,0.6541544198989868,-0.05088884010910988,0.898842453956604,0.5691922903060913,-0.07562769204378128,0.9424241781234741,0.5127747058868408,-0.08546150475740433,0.9800622463226318,0.4586610198020935,-0.09031225740909576
HELLO,0.6487585306167603,0.9991728067398071,7.881438932599849e-7,0.5477948784828186,0.8949368000030518,-0.04765832796692848,0.47792983055114746,0.7301837801933289,-0.06859113276004791,0.42299342155456543,0.5905395746231079,-0.08667145669460297,0.3673158586025238,0.4847339987754822,-0.10172376781702042,0.6174280047416687,0.5143853425979614,-0.015129107050597668,0.596911609172821,0.33024439215660095,-0.0388595312833786,0.5883975625038147,0.21789681911468506,-0.061043038964271545,0.588939368724823,0.12685713171958923,-0.07802625745534897,0.7009719014167786,0.5229141712188721,-0.016368836164474487,0.7278342247009277,0.3405683934688568,-0.029161106795072556,0.7475556135177612,0.22892668843269348,-0.04445477947592735,0.7629953026771545,0.1450667381286621,-0.056654613465070724,0.7710647583007812,0.5726140737533569,-0.026988834142684937,0.8140097260475159,0.42122817039489746,-0.04862378537654877,0.8397923707962036,0.33266329765319824,-0.06262287497520447,0.8574859499931335,0.2580436170101166,-0.07254071533679962,0.8293700218200684,0.6516850590705872,-0.04316019266843796,0.8988756537437439,0.5677071809768677,-0.06573865562677383,0.9415079355239868,0.5109835863113403,-0.0746910497546196,0.9788120985031128,0.4567753076553345,-0.07934277504682541
HELLO,0.6481142640113831,0.9970988035202026,7.772131880301458e-7,0.5479404926300049,0.8935093879699707,-0.047926414757966995,0.4777854084968567,0.7293828725814819,-0.06964375078678131,0.42228907346725464,0.5894061326980591,-0.08852649480104446,0.36714646220207214,0.48368850350379944,-0.10457465052604675,0.6169862747192383,0.5144716501235962,-0.017007553949952126,0.5962433815002441,0.3306218087673187,-0.04240986332297325,0.5871677398681641,0.21827220916748047,-0.06580614298582077,0.587139368057251,0.12714779376983643,-0.08355505764484406,0.7006822824478149,0.5225557088851929,-0.018686505034565926,0.728177547454834,0.3409329354763031,-0.033142924308776855,0.7484089136123657,0.22859716415405273,-0.049452733248472214,0.7633572816848755,0.14514875411987305,-0.06236103177070618,0.771604061126709,0.5718458890914917,-0.029763218015432358,0.8137758374214172,0.4222669005393982,-0.05224371328949928,0.839525043964386,0.3325650990009308,-0.06698359549045563,0.8564454913139343,0.2571870982646942,-0.07740616798400879,0.8298435807228088,0.6507109999656677,-0.04640009626746178,0.8990799784660339,0.5655446648597717,-0.06894601136445999,0.9416590929031372,0.5088516473770142,-0.07792948186397552,0.977693498134613,0.4554477632045746,-0.08272648602724075
HELLO,0.6817131638526917,0.9767791628837585,7.593895929858263e-7,0.5846883058547974,0.8587874174118042,-0.038922857493162155,0.520278811454773,0.6930184364318848,-0.056808676570653915,0.47009217739105225,0.5546630024909973,-0.07419465482234955,0.4153934717178345,0.45741090178489685,-0.08953776955604553,0.6503393650054932,0.4924682378768921,-0.015669111162424088,0.6320649981498718,0.31294557452201843,-0.04190020263195038,0.6262567639350891,0.2037719488143921,-0.0656755268573761,0.6257932782173157,0.11302828788757324,-0.08384387195110321,0.7328812479972839,0.5009573101997375,-0.022580038756132126,0.7621919512748718,0.3257491886615753,-0.04057452082633972,0.7835310697555542,0.2202100157737732,-0.059416577219963074,0.8010834455490112,0.1397094428539276,-0.07402079552412033,0.8026710152626038,0.552737832069397,-0.03753197565674782,0.850042998790741,0.40847861766815186,-0.06589284539222717,0.873801052570343,0.32774657011032104,-0.08501742035150528,0.8915901184082031,0.2608703374862671,-0.09736146777868271,0.8607612252235413,0.6352720856666565,-0.05654788762331009,0.9407123327255249,0.5492438077926636,-0.08536514639854431,0.9925989508628845,0.4946211576461792,-0.09744839370250702,1.0366997718811035,0.44452017545700073,-0.10362042486667633
HELLO,0.6849385499954224,0.9717234373092651,7.687295351388457e-7,0.584530234336853,0.8619070053100586,-0.04326249659061432,0.5176674127578735,0.6943398714065552,-0.06168033182621002,0.46380677819252014,0.5573945045471191,-0.0782434344291687,0.41150638461112976,0.4552881717681885,-0.0922185629606247,0.6550613045692444,0.48621824383735657,-0.012433115392923355,0.6364953517913818,0.30967673659324646,-0.037655193358659744,0.6287246346473694,0.19864815473556519,-0.06094706803560257,0.626646101474762,0.11077010631561279,-0.07832970470190048,0.7378666996955872,0.49657779932022095,-0.016325877979397774,0.7651766538619995,0.3210209012031555,-0.03349285200238228,0.7840836048126221,0.21339982748031616,-0.05098332092165947,0.7967929840087891,0.13343599438667297,-0.06375071406364441,0.8078674674034119,0.5473151803016663,-0.029438339173793793,0.850716233253479,0.4021023213863373,-0.05896294489502907,0.8760416507720947,0.3186939060688019,-0.07729451358318329,0.8929789066314697,0.25176629424095154,-0.0877327248454094,0.8653720617294312,0.6273409128189087,-0.046971943229436874,0.9436911940574646,0.5380489230155945,-0.07738076895475388,0.9957852959632874,0.4814714789390564,-0.09040696918964386,1.0389602184295654,0.43031710386276245,-0.09653187543153763
HELLO,0.7097529768943787,0.9581564664840698,7.249708460221882e-7,0.6159566640853882,0.8370140790939331,-0.03612957522273064,0.5606243014335632,0.6585203409194946,-0.04837396740913391,0.5179827809333801,0.5203450918197632,-0.0598854199051857,0.4692816138267517,0.4218967854976654,-0.06945673376321793,0.6955225467681885,0.46304574608802795,-0.01089707762002945,0.683095395565033,0.2847180664539337,-0.03369363397359848,0.6818823218345642,0.17615824937820435,-0.05509975925087929,0.6820297837257385,0.08876103162765503,-0.07135375589132309,0.7782139182090759,0.4769067168235779,-0.017256399616599083,0.8142542243003845,0.30667760968208313,-0.03046007826924324,0.8388758897781372,0.2067449986934662,-0.04587335139513016,0.8555815815925598,0.1339230239391327,-0.057427920401096344,0.8476072549819946,0.5317202210426331,-0.03151637315750122,0.8983078598976135,0.3964236378669739,-0.05725546181201935,0.9231880903244019,0.320138543844223,-0.07553581893444061,0.9416128993034363,0.2573056221008301,-0.0871334969997406,0.9024519920349121,0.6183294057846069,-0.04962427541613579,0.9862563610076904,0.5435831546783447,-0.07963165640830994,1.0398651361465454,0.5062056183815002,-0.09174670279026031,1.0852022171020508,0.4732016921043396,-0.09674793481826782
HELLO,0.7099446654319763,0.9517039060592651,7.216576136670483e-7,0.6163026094436646,0.8357223272323608,-0.04398480802774429,0.5572485327720642,0.6602247357368469,-0.06192712113261223,0.5116428732872009,0.5186421871185303,-0.07786617428064346,0.4641284644603729,0.41135576367378235,-0.0918019488453865,0.695480227470398,0.45992007851600647,-0.014425710774958134,0.685086727142334,0.2850491404533386,-0.041219424456357956,0.6827746033668518,0.17470502853393555,-0.06684819608926773,0.6841094493865967,0.08717489242553711,-0.08583570271730423,0.7797362804412842,0.4757218658924103,-0.018399585038423538,0.8155792355537415,0.30466046929359436,-0.03544913977384567,0.8401498198509216,0.20281487703323364,-0.054175347089767456,0.8565911054611206,0.12901261448860168,-0.0681111216545105,0.8469423651695251,0.5307888388633728,-0.03139905631542206,0.8970053791999817,0.39420998096466064,-0.0594012625515461,0.9251685738563538,0.31762123107910156,-0.07804036885499954,0.9416624307632446,0.25573524832725525,-0.0897986888885498,0.8991336822509766,0.6165518760681152,-0.049080077558755875,0.976699948310852,0.5434175133705139,-0.07891135662794113,1.0267794132232666,0.5050929188728333,-0.09101806581020355,1.0659804344177246,0.471651554107666,-0.09667947143316269
HELLO,0.7107217311859131,0.9514470100402832,6.968168690946186e-7,0.6181729435920715,0.8358708620071411,-0.042701512575149536,0.5577163696289062,0.6584150791168213,-0.059344928711652756,0.5116928815841675,0.517636775970459,-0.07419198751449585,0.4662156403064728,0.41006597876548767,-0.08700459450483322,0.6960774660110474,0.45811402797698975,-0.014165300875902176,0.6854832768440247,0.28485122323036194,-0.04058050364255905,0.6834778785705566,0.1748029887676239,-0.06562137603759766,0.6857196092605591,0.08667334914207458,-0.08445072919130325,0.7804354429244995,0.473558247089386,-0.01884017512202263,0.8162830471992493,0.3047611117362976,-0.036143697798252106,0.8408514857292175,0.20417237281799316,-0.054626770317554474,0.85691237449646,0.13001859188079834,-0.06839167326688766,0.8482543230056763,0.5284626483917236,-0.03239947557449341,0.8977689146995544,0.3927695155143738,-0.062115222215652466,0.9258272647857666,0.3174801468849182,-0.08120429515838623,0.9429523944854736,0.2558060884475708,-0.09280490130186081,0.9009798765182495,0.6145449876785278,-0.050384752452373505,0.9815211296081543,0.5388423800468445,-0.08289244025945663,1.0346487760543823,0.501761257648468,-0.09618119895458221,1.0764596462249756,0.4689925014972687,-0.10206808149814606
HELLO,0.7188050150871277,0.9417434930801392,8.066544978646562e-7,0.6287384629249573,0.8186612129211426,-0.04092487692832947,0.5774510502815247,0.6278759241104126,-0.053773388266563416,0.5414373278617859,0.4728168845176697,-0.06528080254793167,0.49588704109191895,0.36270129680633545,-0.07354366034269333,0.7253322005271912,0.4468955993652344,-0.006883902475237846,0.7213679552078247,0.2701517939567566,-0.028508981689810753,0.722360372543335,0.16055133938789368,-0.04624597728252411,0.7264091372489929,0.07537174224853516,-0.058532096445560455,0.8081021904945374,0.4652602970600128,-0.008873906917870045,0.8491970300674438,0.29861411452293396,-0.014784437604248524,0.8781815767288208,0.20030534267425537,-0.01877526193857193,0.899389922618866,0.12935218214988708,-0.021068092435598373,0.875923752784729,0.5219627022743225,-0.020776081830263138,0.9289576411247253,0.3887099027633667,-0.04233086481690407,0.954397976398468,0.3116755485534668,-0.050485555082559586,0.9732568264007568,0.2534690797328949,-0.053773388266563416,0.928707480430603,0.6075918078422546,-0.03778845816850662,1.0203158855438232,0.5447866320610046,-0.0685686394572258,1.079811930656433,0.5141658782958984,-0.07955692708492279,1.130619764328003,0.48926734924316406,-0.08141715079545975
HELLO,0.7246445417404175,0.9393608570098877,7.908518000476761e-7,0.6326266527175903,0.8198561668395996,-0.049216024577617645,0.5779342651367188,0.6344621777534485,-0.06790068745613098,0.5378420352935791,0.48213666677474976,-0.0840592235326767,0.4930923283100128,0.36540544033050537,-0.09703830629587173,0.7267062664031982,0.44112980365753174,-0.00911367405205965,0.7197973132133484,0.26900726556777954,-0.032447732985019684,0.7206041216850281,0.15812653303146362,-0.054224733263254166,0.7255315780639648,0.07173517346382141,-0.06977351754903793,0.8100818991661072,0.4621705412864685,-0.008351479656994343,0.8495180010795593,0.29864221811294556,-0.01661585085093975,0.8773428201675415,0.1984763741493225,-0.024564456194639206,0.8967846035957336,0.12370020151138306,-0.03040069341659546,0.876101016998291,0.5215551257133484,-0.01849956251680851,0.9275017976760864,0.39138439297676086,-0.04015678912401199,0.958225667476654,0.31454482674598694,-0.04947734624147415,0.9772410988807678,0.25149014592170715,-0.05413762107491493,0.9268144965171814,0.6080913543701172,-0.034777868539094925,1.0090281963348389,0.5415220260620117,-0.06310974806547165,1.0651416778564453,0.5077700018882751,-0.07299650460481644,1.1118087768554688,0.4785923361778259,-0.07534842193126678
HELLO,0.7230862975120544,0.9414578676223755,8.577708854318189e-7,0.6302095651626587,0.818064272403717,-0.0478627011179924,0.5787904262542725,0.6293730735778809,-0.0642208382487297,0.5408533811569214,0.4744030237197876,-0.07884795218706131,0.5035489797592163,0.35184556245803833,-0.08958028256893158,0.7318913340568542,0.4415798783302307,-0.00008088799222605303,0.7281718850135803,0.26797476410865784,-0.018078340217471123,0.7305763959884644,0.15576541423797607,-0.034252554178237915,0.7391789555549622,0.07010400295257568,-0.045049794018268585,0.8146300911903381,0.46443718671798706,0.002562721027061343,0.8540870547294617,0.2992171049118042,0.0048116943798959255,0.8816897869110107,0.19743025302886963,0.00784368347376585,0.9009486436843872,0.12244552373886108,0.010283340699970722,0.8817247748374939,0.5234061479568481,-0.0067293401807546616,0.9333973526954651,0.3926538825035095,-0.018229803070425987,0.9620929956436157,0.31242960691452026,-0.017396749928593636,0.9805592894554138,0.24857136607170105,-0.015168062411248684,0.9327437877655029,0.6062248349189758,-0.023087479174137115,1.016156792640686,0.5383229851722717,-0.04435738921165466,1.0717829465866089,0.5027889013290405,-0.049420617520809174,1.12041175365448,0.4715408980846405,-0.04764632508158684
HELLO,0.7240412831306458,0.9413166046142578,8.326438774020062e-7,0.6314750909805298,0.8178815841674805,-0.04725758358836174,0.5790156126022339,0.628955602645874,-0.0645766630768776,0.5392627120018005,0.47411248087882996,-0.08037271350622177,0.5012058019638062,0.3508349061012268,-0.09225238114595413,0.7318276762962341,0.4413856565952301,0.0009954117704182863,0.7277343273162842,0.2670295536518097,-0.017873898148536682,0.7293965816497803,0.15391245484352112,-0.0356607660651207,0.7372118234634399,0.06772103905677795,-0.04764922708272934,0.8133605718612671,0.4643174111843109,0.002999834017828107,0.8533093333244324,0.3000298738479614,0.004748603794723749,0.8808780908584595,0.19879001379013062,0.0069624437019228935,0.8996044993400574,0.12331128120422363,0.00863778218626976,0.8800415992736816,0.5221088528633118,-0.006869974080473185,0.9314127564430237,0.3887975215911865,-0.016698986291885376,0.9620265960693359,0.3111523687839508,-0.013598522171378136,0.9802828431129456,0.24738174676895142,-0.01025872491300106,0.9318007230758667,0.604403018951416,-0.024020429700613022,1.0107448101043701,0.5323216319084167,-0.042275089770555496,1.063624382019043,0.4951946437358856,-0.04410272836685181,1.109142780303955,0.4636545181274414,-0.04049096256494522
HELLO,0.7233518362045288,0.9406349658966064,8.3002703377133e-7,0.6310283541679382,0.8183547258377075,-0.04857929050922394,0.5792462825775146,0.6291761994361877,-0.06585771590471268,0.5401448011398315,0.4730979800224304,-0.08113913983106613,0.5031439065933228,0.35011324286460876,-0.0924699604511261,0.7321972846984863,0.44171273708343506,-0.0015208161203190684,0.7292745113372803,0.26841312646865845,-0.020903421565890312,0.7310658693313599,0.155366450548172,-0.03829038143157959,0.7390751838684082,0.0693160891532898,-0.04979485645890236,0.8147131204605103,0.46433544158935547,0.0015452359803020954,0.8546839952468872,0.298875093460083,0.0033129644580185413,0.8817645311355591,0.19766968488693237,0.00663135526701808,0.9001312255859375,0.1222301721572876,0.00935010239481926,0.8817548155784607,0.523110032081604,-0.007401938550174236,0.9340013265609741,0.39061838388442993,-0.018331194296479225,0.9632701873779297,0.31185853481292725,-0.015780672430992126,0.9818224906921387,0.2479184865951538,-0.012361887842416763,0.9336040019989014,0.6055451035499573,-0.023595036938786507,1.0155762434005737,0.5357154011726379,-0.043651897460222244,1.0695979595184326,0.49988946318626404,-0.04701641574501991,1.1164965629577637,0.46861201524734497,-0.04406432434916496
HELLO,0.7101454138755798,0.9518455862998962,7.784396416354866e-7,0.6174938678741455,0.8307287096977234,-0.04697109013795853,0.5653320550918579,0.6435256004333496,-0.06432429701089859,0.5243180990219116,0.4933127462863922,-0.07950291782617569,0.4836493134498596,0.3749640882015228,-0.09176759421825409,0.7132652997970581,0.44795629382133484,-0.011046904139220715,0.707957923412323,0.2740550935268402,-0.03714195638895035,0.7102943062782288,0.16351917386054993,-0.060410045087337494,0.7165181636810303,0.07665476202964783,-0.0768934115767479,0.7976563572883606,0.46763303875923157,-0.012873557396233082,0.8404178619384766,0.30361270904541016,-0.02650822140276432,0.8711103796958923,0.20251601934432983,-0.03805528208613396,0.8918854594230652,0.12833717465400696,-0.045883797109127045,0.8640316724777222,0.5253026485443115,-0.02531220018863678,0.9178057909011841,0.39746248722076416,-0.054147228598594666,0.9501915574073792,0.3194982409477234,-0.0687604621052742,0.9703612327575684,0.25468090176582336,-0.07580611854791641,0.9139414429664612,0.6111530065536499,-0.04316556453704834,1.0057376623153687,0.5437848567962646,-0.07876355946063995,1.0686476230621338,0.5081132650375366,-0.09350726008415222,1.1196091175079346,0.4749671220779419,-0.09863929450511932
HELLO,0.7133440375328064,0.9493039846420288,7.870919489505468e-7,0.6205428242683411,0.8305217027664185,-0.048468586057424545,0.565495491027832,0.6458396911621094,-0.06645240634679794,0.5259716510772705,0.4951927363872528,-0.08184831589460373,0.4847392737865448,0.3782205283641815,-0.09412994980812073,0.7155359983444214,0.4488121569156647,-0.012972475029528141,0.7099171876907349,0.2748832702636719,-0.03721773251891136,0.7131872177124023,0.1638660430908203,-0.057767536491155624,0.7222334146499634,0.07751238346099854,-0.07206686586141586,0.8003225326538086,0.46671321988105774,-0.012698331847786903,0.8396304845809937,0.3029067814350128,-0.023510552942752838,0.8681347370147705,0.2008867859840393,-0.03094532899558544,0.8890289068222046,0.12590274214744568,-0.03585797920823097,0.8673902750015259,0.52330482006073,-0.023203512653708458,0.9203993678092957,0.39488863945007324,-0.050486285239458084,0.9501780271530151,0.31690141558647156,-0.062373146414756775,0.9691147804260254,0.2547606825828552,-0.06737352907657623,0.9185691475868225,0.6064727902412415,-0.03932315483689308,1.009896159172058,0.5391628742218018,-0.07531272619962692,1.071793794631958,0.504981517791748,-0.09018227458000183,1.123248815536499,0.4744721055030823,-0.09483175724744797
HELLO,0.6886545419692993,0.9664337635040283,7.256019785017997e-7,0.5929117202758789,0.8426083326339722,-0.04484571889042854,0.5344675779342651,0.6645532846450806,-0.0620940662920475,0.49361076951026917,0.5221797823905945,-0.07663508504629135,0.4456658959388733,0.4154822826385498,-0.08942943811416626,0.6752786040306091,0.46607503294944763,-0.013940599747002125,0.6669832468032837,0.2867482900619507,-0.04030437767505646,0.6688140630722046,0.17598527669906616,-0.06580574065446854,0.6747503876686096,0.08772951364517212,-0.08462610095739365,0.7610777020454407,0.48083969950675964,-0.016604268923401833,0.8018285036087036,0.30984625220298767,-0.03202953562140465,0.8282070755958557,0.2080397605895996,-0.04951805621385574,0.8468087315559387,0.13270491361618042,-0.06283640116453171,0.8300648927688599,0.5343842506408691,-0.028536198660731316,0.8837055563926697,0.4029707908630371,-0.051221057772636414,0.9132909178733826,0.32224494218826294,-0.06772707402706146,0.9318282008171082,0.25549817085266113,-0.07934242486953735,0.8825897574424744,0.6164875030517578,-0.045806385576725006,0.9570562243461609,0.541654646396637,-0.0684257447719574,1.004146933555603,0.4954371750354767,-0.07729009538888931,1.0420582294464111,0.45249247550964355,-0.08200608938932419
HELLO,0.6914920806884766,0.9621080160140991,7.288940651051234e-7,0.5977814793586731,0.8433678150177002,-0.04404855892062187,0.5354404449462891,0.6698929667472839,-0.061461057513952255,0.49079257249832153,0.5280843377113342,-0.07647410035133362,0.4471184015274048,0.41750574111938477,-0.089373879134655,0.6798527836799622,0.4649595022201538,-0.013648227788507938,0.6716991662979126,0.2876993417739868,-0.03973395749926567,0.6716468930244446,0.175997793674469,-0.06476303935050964,0.6768434643745422,0.08571472764015198,-0.08343029767274857,0.7647160887718201,0.47931909561157227,-0.016598006710410118,0.8042464256286621,0.30962100625038147,-0.03218340501189232,0.8309321403503418,0.20951464772224426,-0.0493977852165699,0.8503028750419617,0.13642239570617676,-0.06242963671684265,0.8318192958831787,0.5335218906402588,-0.028705308213829994,0.8833937644958496,0.3978751599788666,-0.05380043759942055,0.9128497242927551,0.3204682171344757,-0.06960596889257431,0.9320967197418213,0.2582455277442932,-0.0797761008143425,0.8834209442138672,0.6178162097930908,-0.045875657349824905,0.9591403007507324,0.5418718457221985,-0.07163118571043015,1.0075877904891968,0.49607932567596436,-0.08149313181638718,1.0480989217758179,0.45361921191215515,-0.08607188612222672
HELLO,0.6677922606468201,0.9829100370407104,7.325043043238111e-7,0.5645366311073303,0.8710001707077026,-0.04984334856271744,0.4984813332557678,0.699481189250946,-0.06914178282022476,0.4513983428478241,0.5583544969558716,-0.08423919975757599,0.4021501839160919,0.4497612714767456,-0.09671097993850708,0.6422815322875977,0.4856174886226654,-0.017372967675328255,0.6291824579238892,0.3030690848827362,-0.04277600720524788,0.6282313466072083,0.1919412612915039,-0.06752263754606247,0.6326754689216614,0.10255926847457886,-0.08590210229158401,0.7286707162857056,0.4957871437072754,-0.01700100302696228,0.7613024115562439,0.32050102949142456,-0.03089500032365322,0.7841030955314636,0.214755117893219,-0.046867627650499344,0.8009078502655029,0.13845980167388916,-0.05916436016559601,0.7989840507507324,0.5478256940841675,-0.0263876561075449,0.8459471464157104,0.40933936834335327,-0.047217708081007004,0.8719269633293152,0.3209623098373413,-0.06257769465446472,0.8892180919647217,0.24916723370552063,-0.07373665273189545,0.8544847965240479,0.6291268467903137,-0.041660115122795105,0.9262486100196838,0.5476454496383667,-0.06262145191431046,0.970224142074585,0.4924512505531311,-0.07132981717586517,1.007351040840149,0.4411916136741638,-0.07618724554777145
HELLO,0.6665558218955994,0.9814295768737793,7.577034466521582e-7,0.566195547580719,0.8748663663864136,-0.04509652778506279,0.4991253912448883,0.7022659182548523,-0.06380046904087067,0.4505755603313446,0.5587201118469238,-0.08014713227748871,0.4047102928161621,0.4477235674858093,-0.09411449730396271,0.643958568572998,0.48627769947052,-0.015939101576805115,0.6314593553543091,0.30621427297592163,-0.04368657246232033,0.6284401416778564,0.19269227981567383,-0.06917592138051987,0.6324756145477295,0.1014152467250824,-0.08768156915903091,0.7288157343864441,0.4978010952472687,-0.01865987293422222,0.7647356390953064,0.3211529552936554,-0.03456592559814453,0.789331316947937,0.21310651302337646,-0.05031776800751686,0.8073421716690063,0.13393038511276245,-0.062170203775167465,0.797806441783905,0.5489804148674011,-0.03079870529472828,0.8451327085494995,0.4059697687625885,-0.055781345814466476,0.8729411959648132,0.3212571144104004,-0.06983683258295059,0.8912498950958252,0.2539462447166443,-0.07860499620437622,0.8509685397148132,0.6299251317977905,-0.048290956765413284,0.9280061721801758,0.5442309975624084,-0.0747276172041893,0.9771769046783447,0.49107927083969116,-0.08472948521375656,1.018955111503601,0.4424512982368469,-0.08895935118198395
HELLO,0.6555142402648926,0.9998624324798584,8.364526706827746e-7,0.547451913356781,0.890241801738739,-0.05019828677177429,0.48010003566741943,0.7187647223472595,-0.06828022748231888,0.429874986410141,0.571578323841095,-0.08297455310821533,0.38003599643707275,0.45719462633132935,-0.09388531744480133,0.6253150701522827,0.5009617805480957,-0.0036790810991078615,0.6069132089614868,0.3166057765483856,-0.020930618047714233,0.6004747152328491,0.20429793000221252,-0.04005743935704231,0.6019689440727234,0.11331835389137268,-0.05433381721377373,0.7105942368507385,0.5082046389579773,-0.0011486817384138703,0.7425163984298706,0.3276293873786926,-0.000978888594545424,0.7654716968536377,0.2152843475341797,-0.006604747846722603,0.7810810804367065,0.13481131196022034,-0.01194463949650526,0.7814659476280212,0.5583293437957764,-0.0096074054017663,0.8230410218238831,0.4152470529079437,-0.01610216684639454,0.8472107648849487,0.32085829973220825,-0.021601540967822075,0.8624553680419922,0.24334904551506042,-0.02729889377951622,0.8380866050720215,0.6361523270606995,-0.025319118052721024,0.9032959938049316,0.5560678243637085,-0.03541596978902817,0.9427669048309326,0.4996468722820282,-0.03792368248105049,0.9782652258872986,0.44768303632736206,-0.03862760588526726
HELLO,0.6552605032920837,0.9955092668533325,8.341829129676626e-7,0.5498708486557007,0.889356255531311,-0.047846537083387375,0.4811612367630005,0.717921793460846,-0.06425616145133972,0.4291832447052002,0.5719645619392395,-0.0780348926782608,0.37876248359680176,0.4585905373096466,-0.08780039101839066,0.6254240274429321,0.501299262046814,-0.00006327270239125937,0.6088981032371521,0.31903883814811707,-0.015963708981871605,0.601722776889801,0.20832061767578125,-0.033109087496995926,0.6036506295204163,0.11759206652641296,-0.04592910408973694,0.7090902328491211,0.5114544630050659,0.0023117836099117994,0.7390583753585815,0.3284320533275604,0.002380064222961664,0.7611032724380493,0.21673983335494995,-0.0021222701761871576,0.7761288285255432,0.13561448454856873,-0.0064155831933021545,0.7792806029319763,0.5613259077072144,-0.006265086587518454,0.8228534460067749,0.41279488801956177,-0.014993846416473389,0.8489973545074463,0.3247525691986084,-0.019151991233229637,0.865375816822052,0.2525329291820526,-0.022652411833405495,0.8359127044677734,0.6355230808258057,-0.02176058664917946,0.9035869836807251,0.5526929497718811,-0.03458060324192047,0.9439812302589417,0.4984961450099945,-0.03794725239276886,0.9805819988250732,0.44742119312286377,-0.0381925031542778
HELLO,0.6546422839164734,0.9949349164962769,8.514734872733243e-7,0.5529555082321167,0.8895663022994995,-0.04903692752122879,0.483759343624115,0.717936098575592,-0.0683598667383194,0.4301491379737854,0.5717397332191467,-0.08516241610050201,0.37838253378868103,0.457904577255249,-0.09798542410135269,0.6254020929336548,0.5015937089920044,-0.0077767083421349525,0.60882568359375,0.31895893812179565,-0.028431689366698265,0.6025633811950684,0.2059210240840912,-0.0472240187227726,0.6056813597679138,0.11485627293586731,-0.06106401979923248,0.7095328569412231,0.5114142894744873,-0.0073676989413797855,0.7395408749580383,0.32882827520370483,-0.013209902681410313,0.761793851852417,0.21642190217971802,-0.01988670602440834,0.7783246040344238,0.13361141085624695,-0.025358591228723526,0.7807653546333313,0.5618587136268616,-0.0177974421530962,0.8249260187149048,0.4154873788356781,-0.03311871737241745,0.8521577715873718,0.3261268436908722,-0.03950811177492142,0.8708561062812805,0.25249183177948,-0.04390772432088852,0.8377687931060791,0.6385746002197266,-0.03490951284766197,0.9080294370651245,0.558498740196228,-0.05376817286014557,0.9515739679336548,0.5038561224937439,-0.05969328433275223,0.9908381104469299,0.45183342695236206,-0.06137353926897049
HELLO,0.6787992715835571,0.9839291572570801,7.643271260349138e-7,0.5772742629051208,0.8697651624679565,-0.0401080921292305,0.5094097852706909,0.6958553194999695,-0.056275010108947754,0.46031785011291504,0.551489531993866,-0.07098425179719925,0.40596672892570496,0.4487645924091339,-0.08291066437959671,0.6453469395637512,0.4894998371601105,-0.012003716081380844,0.6316742300987244,0.3059174120426178,-0.03507249429821968,0.627473771572113,0.1952114999294281,-0.05596580728888512,0.6281907558441162,0.10488590598106384,-0.07213272899389267,0.730087161064148,0.49832460284233093,-0.017591461539268494,0.76210618019104,0.3175135850906372,-0.03127371147274971,0.7855454683303833,0.21007588505744934,-0.045629579573869705,0.8039730191230774,0.1302335560321808,-0.05693758651614189,0.8010305762290955,0.5497997999191284,-0.031892117112874985,0.8488211035728455,0.3998550772666931,-0.05654004216194153,0.875427782535553,0.31836211681365967,-0.07124928385019302,0.8945870399475098,0.25275513529777527,-0.08070207387208939,0.8595613241195679,0.6312433481216431,-0.05084186792373657,0.9368091821670532,0.546435534954071,-0.07756587117910385,0.9866493940353394,0.4928763210773468,-0.08790209144353867,1.0286459922790527,0.44312784075737,-0.09258431196212769
HELLO,0.6788682341575623,0.9766414165496826,7.83647578828095e-7,0.5774394869804382,0.8710309863090515,-0.047824397683143616,0.5073767900466919,0.7003185153007507,-0.06809346377849579,0.4527956247329712,0.5570916533470154,-0.08553633838891983,0.40001070499420166,0.44840532541275024,-0.10015302896499634,0.6495057940483093,0.4839567244052887,-0.018061107024550438,0.6340212225914001,0.30362674593925476,-0.04475533589720726,0.6287784576416016,0.19147709012031555,-0.06853505223989487,0.6307854056358337,0.10077658295631409,-0.08606624603271484,0.7344734072685242,0.4953695833683014,-0.01978331431746483,0.7664056420326233,0.31706681847572327,-0.03563645854592323,0.7878856658935547,0.20856168866157532,-0.05060642585158348,0.8034443259239197,0.12770193815231323,-0.06173453852534294,0.8048263192176819,0.5471289157867432,-0.03104390576481819,0.8515461087226868,0.40036994218826294,-0.05758357793092728,0.8781625628471375,0.3173080086708069,-0.07118460536003113,0.8952808976173401,0.24927443265914917,-0.07895661890506744,0.8604973554611206,0.628576934337616,-0.04773608222603798,0.9364955425262451,0.5421909689903259,-0.07604211568832397,0.9860266447067261,0.4864249527454376,-0.08659616112709045,1.0277860164642334,0.43421000242233276,-0.09070296585559845
HELLO,0.6781045198440552,0.9745280146598816,7.663042538297304e-7,0.5771374106407166,0.8678796887397766,-0.04684912785887718,0.5083436965942383,0.6980518102645874,-0.06760285049676895,0.45454633235931396,0.5553324818611145,-0.08590465784072876,0.40248700976371765,0.44694143533706665,-0.10166699439287186,0.6496780514717102,0.48482000827789307,-0.01903519406914711,0.633820116519928,0.30497559905052185,-0.047462109476327896,0.6282019019126892,0.1915261149406433,-0.07250668853521347,0.6297478675842285,0.10043993592262268,-0.09080848842859268,0.734529435634613,0.4961649477481842,-0.021968739107251167,0.7663807272911072,0.3177416920661926,-0.039887432008981705,0.7882500290870667,0.20930245518684387,-0.056175172328948975,0.8039517998695374,0.12854385375976562,-0.06804069876670837,0.8047130703926086,0.5480635762214661,-0.034348729997873306,0.8514875173568726,0.4012661576271057,-0.062480099499225616,0.8788086175918579,0.3178757429122925,-0.07697267830371857,0.8965330123901367,0.24959811568260193,-0.08511655032634735,0.8608565926551819,0.6296873688697815,-0.051971886307001114,0.9384799003601074,0.542184054851532,-0.0811321809887886,0.9888616800308228,0.4859723150730133,-0.09194688498973846,1.0319783687591553,0.434001088142395,-0.09623774886131287
HELLO,0.7055857181549072,0.9667844772338867,7.567272177766426e-7,0.6078527569770813,0.8470906019210815,-0.04202526807785034,0.5487788915634155,0.6673926711082458,-0.05792377516627312,0.5023840069770813,0.5229793787002563,-0.07249195128679276,0.45059889554977417,0.4188879728317261,-0.08479203283786774,0.683834969997406,0.4708777666091919,-0.015604090876877308,0.6706714034080505,0.2845684587955475,-0.04198165237903595,0.6690760850906372,0.17095908522605896,-0.06533871591091156,0.6697578430175781,0.07972994446754456,-0.08269841223955154,0.7681697607040405,0.48400744795799255,-0.02095811441540718,0.8031494617462158,0.30884745717048645,-0.038099709898233414,0.8251352906227112,0.20391368865966797,-0.05626632273197174,0.839593768119812,0.1257004737854004,-0.0697004497051239,0.8399641513824463,0.538284957408905,-0.03485022485256195,0.8903146982192993,0.39706695079803467,-0.06442275643348694,0.9128137230873108,0.3176415264606476,-0.08400692045688629,0.9281535148620605,0.2516489326953888,-0.09621976315975189,0.897411584854126,0.6246917247772217,-0.05303863808512688,0.9806578159332275,0.5472726225852966,-0.08570799976587296,1.0359046459197998,0.5079047083854675,-0.09883680939674377,1.0810191631317139,0.4732819199562073,-0.10441982001066208
HELLO,0.7058489322662354,0.9633534550666809,7.692898407185567e-7,0.6092623472213745,0.8446402549743652,-0.04572528228163719,0.5461211800575256,0.6636114120483398,-0.06396278738975525,0.4957742393016815,0.5188254117965698,-0.07987675815820694,0.44567587971687317,0.4093727469444275,-0.09337951987981796,0.6852149367332458,0.4625737965106964,-0.013469886966049671,0.6728600859642029,0.28038695454597473,-0.039499979466199875,0.6697678565979004,0.16703414916992188,-0.06413814425468445,0.6701618432998657,0.07797959446907043,-0.0825948491692543,0.7710897922515869,0.47874772548675537,-0.01688941940665245,0.8038405179977417,0.30437415838241577,-0.034326840192079544,0.8259502649307251,0.19874486327171326,-0.053791869431734085,0.8397119045257568,0.12102565169334412,-0.06830295920372009,0.8406970500946045,0.5337678790092468,-0.029679786413908005,0.890810489654541,0.3932451605796814,-0.05966645106673241,0.9173972010612488,0.31308409571647644,-0.07992059737443924,0.9330171346664429,0.24772951006889343,-0.09241504222154617,0.8953347206115723,0.6195794343948364,-0.04708432778716087,0.9754248261451721,0.5437994599342346,-0.07948219776153564,1.0267972946166992,0.5018048882484436,-0.09355489164590836,1.0673260688781738,0.4645920991897583,-0.10030627995729446
HELLO,0.7313001751899719,0.9565573930740356,7.639588375241146e-7,0.637130081653595,0.8308016061782837,-0.041173361241817474,0.5816412568092346,0.6416551470756531,-0.053228918462991714,0.54148268699646,0.492904394865036,-0.06337403506040573,0.4919614791870117,0.3891613781452179,-0.07070838660001755,0.7257287502288818,0.4529624581336975,-0.011627357453107834,0.7179995775222778,0.2694297134876251,-0.03364138305187225,0.7189204096794128,0.15822535753250122,-0.05327283963561058,0.7208528518676758,0.07016316056251526,-0.06772194802761078,0.8103711605072021,0.46892380714416504,-0.014866328798234463,0.8490387201309204,0.29715695977211,-0.02468205615878105,0.8740672469139099,0.1958463490009308,-0.036781538277864456,0.8909759521484375,0.12214621901512146,-0.04593849182128906,0.8805822134017944,0.5260702967643738,-0.026921886950731277,0.9359259009361267,0.39310601353645325,-0.05221880227327347,0.9611077904701233,0.312744677066803,-0.069698266685009,0.9789956212043762,0.24915540218353271,-0.08050215989351273,0.9363003969192505,0.6160221695899963,-0.043369270861148834,1.0286877155303955,0.5497204661369324,-0.07589074224233627,1.0894376039505005,0.5164806842803955,-0.0899006575345993,1.140371322631836,0.48859816789627075,-0.0953904390335083
HELLO,0.7333880662918091,0.9528161287307739,7.863522455409111e-7,0.6387948393821716,0.8288489580154419,-0.046216994524002075,0.5801729559898376,0.6423418521881104,-0.06345420330762863,0.5356529355049133,0.4949636459350586,-0.07856445759534836,0.4877592623233795,0.384507954120636,-0.09119326621294022,0.7260932922363281,0.44530925154685974,-0.012794973328709602,0.7178016901016235,0.2667646110057831,-0.037842102348804474,0.7176184058189392,0.15426060557365417,-0.061637427657842636,0.7200304865837097,0.06567209959030151,-0.07936207205057144,0.8118261098861694,0.4639945328235626,-0.015309656970202923,0.8495702743530273,0.2949104607105255,-0.029866013675928116,0.8751792311668396,0.19158759713172913,-0.0464385524392128,0.8928229212760925,0.11481541395187378,-0.05889010801911354,0.8805062770843506,0.5227136015892029,-0.027428876608610153,0.9348063468933105,0.3919023871421814,-0.05494637414813042,0.9640035629272461,0.31354695558547974,-0.0734243094921112,0.9828864336013794,0.24910256266593933,-0.08490101248025894,0.9342682957649231,0.6116325855255127,-0.044643934816122055,1.0225871801376343,0.5479612350463867,-0.07723511010408401,1.0815430879592896,0.5123621821403503,-0.09207949787378311,1.1292808055877686,0.48172542452812195,-0.09872622787952423
HELLO,0.7440704703330994,0.9452862739562988,7.955379714985611e-7,0.6528310179710388,0.81852126121521,-0.04789477586746216,0.6005799174308777,0.6208758354187012,-0.06755637377500534,0.5604556798934937,0.4623742699623108,-0.08492044359445572,0.5152284502983093,0.34520119428634644,-0.09985442459583282,0.7525670528411865,0.4375142455101013,-0.017805898562073708,0.7529231905937195,0.25628191232681274,-0.0467018261551857,0.7548612356185913,0.1393936276435852,-0.07148869335651398,0.7593076825141907,0.049183011054992676,-0.08889694511890411,0.8378699421882629,0.4590819180011749,-0.019054079428315163,0.8838138580322266,0.2892496585845947,-0.03110509179532528,0.9082235097885132,0.1875973343849182,-0.03974294289946556,0.9242841005325317,0.11001762747764587,-0.04572978988289833,0.907302737236023,0.5178579092025757,-0.03028770163655281,0.9665237665176392,0.366696834564209,-0.05058996006846428,0.9901925921440125,0.28101012110710144,-0.055096663534641266,1.006713628768921,0.21164187788963318,-0.0578802153468132,0.9594026803970337,0.6065095067024231,-0.047762226313352585,1.045493245124817,0.5316616296768188,-0.0736536756157875,1.1004828214645386,0.48982733488082886,-0.07873476296663284,1.1465742588043213,0.45324230194091797,-0.07785110175609589
HELLO,0.7466992139816284,0.944127082824707,7.536548878306348e-7,0.6546332836151123,0.8207361698150635,-0.053225163370370865,0.6001273393630981,0.6275598406791687,-0.07546918094158173,0.55790776014328,0.47144320607185364,-0.09414701908826828,0.5173222422599792,0.3480345904827118,-0.10974904149770737,0.7537564635276794,0.4350539743900299,-0.016070077195763588,0.7516909837722778,0.2523788511753082,-0.04439887776970863,0.753031313419342,0.13595035672187805,-0.07150180637836456,0.7592636346817017,0.045084595680236816,-0.09053626656532288,0.8385696411132812,0.4579646587371826,-0.014030669815838337,0.8799499869346619,0.2851318418979645,-0.02253376878798008,0.9037339687347412,0.180729478597641,-0.031137164682149887,0.920958399772644,0.1017809808254242,-0.03820265084505081,0.9077140688896179,0.5187709927558899,-0.022778943181037903,0.9680362939834595,0.3671850860118866,-0.036709316074848175,0.9976143836975098,0.2851176857948303,-0.03644184768199921,1.0178041458129883,0.21853619813919067,-0.036999065428972244,0.9581537842750549,0.6070432662963867,-0.038915883749723434,1.0303913354873657,0.5233770608901978,-0.05643472075462341,1.0789332389831543,0.47805607318878174,-0.05491909757256508,1.1207571029663086,0.44029057025909424,-0.050595108419656754
HELLO,0.743212878704071,0.9472185373306274,7.013146614553989e-7,0.6528106927871704,0.8203160762786865,-0.05020051449537277,0.5993432998657227,0.6255334615707397,-0.07197637856006622,0.5584524869918823,0.46938398480415344,-0.09107489138841629,0.5173112154006958,0.3472680151462555,-0.10771915316581726,0.7535499334335327,0.4369141161441803,-0.01792716048657894,0.7522091865539551,0.2560928761959076,-0.04912957176566124,0.7533707022666931,0.13981404900550842,-0.07759883999824524,0.7587924599647522,0.048264652490615845,-0.09799139946699142,0.8395686149597168,0.45846331119537354,-0.01934393122792244,0.8814077377319336,0.2874922752380371,-0.03384630009531975,0.904251754283905,0.18440374732017517,-0.046050604432821274,0.9200289845466614,0.1052701473236084,-0.055153630673885345,0.9090039134025574,0.518884003162384,-0.031168939545750618,0.9692539572715759,0.36767667531967163,-0.05252088978886604,0.9981111884117126,0.28459876775741577,-0.05774174630641937,1.0181044340133667,0.2144947052001953,-0.06131156161427498,0.9611382484436035,0.6093138456344604,-0.049575794488191605,1.0429913997650146,0.5291104912757874,-0.07527846097946167,1.0983459949493408,0.48413410782814026,-0.07987459748983383,1.1453304290771484,0.44307854771614075,-0.07924987375736237
HELLO,0.7478806376457214,0.9443970322608948,7.564646011815057e-7,0.6551717519760132,0.8203490972518921,-0.05450188368558884,0.6007457971572876,0.6265481114387512,-0.0781029462814331,0.5602666735649109,0.4678995609283447,-0.09789738059043884,0.5220069289207458,0.33999550342559814,-0.11473609507083893,0.7565957307815552,0.43487080931663513,-0.01634608581662178,0.7580792903900146,0.2519169747829437,-0.04485097527503967,0.7613027095794678,0.13524961471557617,-0.07160929590463638,0.7685796022415161,0.04364177584648132,-0.09059762954711914,0.8419181108474731,0.45893943309783936,-0.014901808463037014,0.8863908052444458,0.28477856516838074,-0.02530284784734249,0.9106984734535217,0.17848265171051025,-0.03450591489672661,0.9287446737289429,0.0954919159412384,-0.04182806983590126,0.910184919834137,0.5178093314170837,-0.024631088599562645,0.9731424450874329,0.3598375618457794,-0.041021961718797684,1.0074135065078735,0.270957350730896,-0.04191763699054718,1.032691240310669,0.1949785053730011,-0.043171580880880356,0.9608851671218872,0.6018365621566772,-0.041671328246593475,1.0338977575302124,0.5084595084190369,-0.06139858812093735,1.0846068859100342,0.4571623206138611,-0.06081639975309372,1.1295204162597656,0.41137802600860596,-0.057323262095451355
HELLO,0.7470664978027344,0.9468034505844116,7.228881599985471e-7,0.654718816280365,0.8205499649047852,-0.05319634824991226,0.6006508469581604,0.6259539723396301,-0.07715261727571487,0.5603876113891602,0.46710240840911865,-0.09761619567871094,0.5213519930839539,0.3393911123275757,-0.11525876075029373,0.7580864429473877,0.43479204177856445,-0.017194779589772224,0.759197473526001,0.2515762150287628,-0.046255748718976974,0.7618566751480103,0.13545873761177063,-0.07294347882270813,0.7695012092590332,0.04464808106422424,-0.09179504960775375,0.843908965587616,0.45761218667030334,-0.016713416203856468,0.8879666924476624,0.2848333716392517,-0.027471348643302917,0.9111547470092773,0.18208849430084229,-0.036359794437885284,0.9283135533332825,0.10194814205169678,-0.04341234266757965,0.9122581481933594,0.5167372822761536,-0.027180291712284088,0.9745851159095764,0.35834747552871704,-0.043681010603904724,1.0065197944641113,0.27034956216812134,-0.04435268044471741,1.0308343172073364,0.19457444548606873,-0.045740801841020584,0.9630028009414673,0.6018803119659424,-0.04480046406388283,1.0358444452285767,0.5100448131561279,-0.06515210121870041,1.0869004726409912,0.4585862159729004,-0.06501775979995728,1.1328787803649902,0.41212522983551025,-0.061748962849378586
HELLO,0.7294355034828186,0.9608996510505676,7.104370070010191e-7,0.6347869634628296,0.8365429639816284,-0.047998715192079544,0.5815098881721497,0.6470872163772583,-0.06932147592306137,0.5392235517501831,0.49547895789146423,-0.08826004713773727,0.49601274728775024,0.3764491677284241,-0.10544422268867493,0.7347874641418457,0.44235607981681824,-0.017690246924757957,0.7323073148727417,0.2607821226119995,-0.05020296573638916,0.7350720763206482,0.14302915334701538,-0.08214212954044342,0.7402684092521667,0.049690186977386475,-0.1058940589427948,0.8218994140625,0.4638616442680359,-0.021941304206848145,0.8672128319740295,0.29033002257347107,-0.042398110032081604,0.8969037532806396,0.1855621337890625,-0.06392330676317215,0.9178851842880249,0.10595101118087769,-0.08034273236989975,0.8909443616867065,0.5251546502113342,-0.03601028025150299,0.9530106782913208,0.38193172216415405,-0.06405826658010483,0.9901319742202759,0.3003169596195221,-0.08142237365245819,1.016473412513733,0.23145854473114014,-0.0938381552696228,0.941259503364563,0.618874192237854,-0.05573608726263046,1.026588797569275,0.5462363958358765,-0.08619075268507004,1.083190679550171,0.508546769618988,-0.0973469614982605,1.1296519041061401,0.4741223454475403,-0.10274513065814972
HELLO,0.7316651344299316,0.9587433934211731,7.399036121569225e-7,0.638297975063324,0.8346377611160278,-0.05144427716732025,0.5830422639846802,0.6485735774040222,-0.0738488957285881,0.540485143661499,0.494905948638916,-0.09334500133991241,0.4995565116405487,0.37446942925453186,-0.11025072634220123,0.7368338108062744,0.44464951753616333,-0.01949610747396946,0.736205518245697,0.26255813241004944,-0.05167150869965553,0.7388918995857239,0.14495280385017395,-0.08171096444129944,0.7450605630874634,0.05279698967933655,-0.10334301739931107,0.8239433765411377,0.4642341732978821,-0.020779941231012344,0.8689461350440979,0.291205495595932,-0.038242366164922714,0.8956996202468872,0.18611201643943787,-0.05498902499675751,0.9149621725082397,0.10593736171722412,-0.06762286275625229,0.8929764628410339,0.524286687374115,-0.03249351680278778,0.9559509754180908,0.3809596300125122,-0.05830654501914978,0.9885404706001282,0.2998772859573364,-0.07162206619977951,1.0108847618103027,0.23245882987976074,-0.08075661212205887,0.9441529512405396,0.6153044700622559,-0.050444476306438446,1.030325174331665,0.545637845993042,-0.08039304614067078,1.0855286121368408,0.508311927318573,-0.09043648838996887,1.1315891742706299,0.4752311408519745,-0.0940721333026886
HELLO,0.7318155765533447,0.9591095447540283,7.511158628403791e-7,0.6383722424507141,0.8352771997451782,-0.051306333392858505,0.5833150744438171,0.6475491523742676,-0.07392817735671997,0.5410314798355103,0.4937240779399872,-0.09356392920017242,0.49873852729797363,0.373656690120697,-0.11084701865911484,0.7368141412734985,0.4431883692741394,-0.01908152364194393,0.7350231409072876,0.26070109009742737,-0.051125362515449524,0.7374845147132874,0.14353013038635254,-0.08130289614200592,0.7437472939491272,0.05141463875770569,-0.10315559059381485,0.8236709833145142,0.46361732482910156,-0.02063111960887909,0.8680795431137085,0.29084691405296326,-0.038230910897254944,0.8952946662902832,0.1850249171257019,-0.05574021488428116,0.9150717258453369,0.10381567478179932,-0.06913235038518906,0.8926440477371216,0.5235651135444641,-0.03250758722424507,0.9548592567443848,0.38075825572013855,-0.058364350348711014,0.9881181120872498,0.2991251051425934,-0.07207317650318146,1.0104703903198242,0.23165377974510193,-0.08161959797143936,0.9438993334770203,0.6155388355255127,-0.050582434982061386,1.0282446146011353,0.544600784778595,-0.08030752837657928,1.0832927227020264,0.5071223378181458,-0.09026114642620087,1.1291677951812744,0.47423604130744934,-0.09392588585615158
HELLO,0.706322431564331,0.9759008884429932,7.183465413618251e-7,0.6043940782546997,0.8519282341003418,-0.04875243827700615,0.5398851633071899,0.6739843487739563,-0.06980153918266296,0.4950074255466461,0.5293329358100891,-0.08781775832176208,0.4443338215351105,0.4193735122680664,-0.10411383956670761,0.6865094900131226,0.463478684425354,-0.020075863227248192,0.6820380091667175,0.27971503138542175,-0.04888824000954628,0.6846014857292175,0.1661299467086792,-0.07690843939781189,0.6898930668830872,0.07546442747116089,-0.09813860803842545,0.7751582860946655,0.4791262745857239,-0.02299557626247406,0.8143745064735413,0.3025854825973511,-0.04171343147754669,0.840545654296875,0.19853881001472473,-0.062377769500017166,0.8605881929397583,0.12192735075950623,-0.07880964875221252,0.8468841314315796,0.5358371734619141,-0.035443972796201706,0.9027342796325684,0.39599964022636414,-0.06255883723497391,0.9314418435096741,0.3126263916492462,-0.0830647349357605,0.9506397247314453,0.2456757128238678,-0.09813860803842545,0.9028809070587158,0.6236650943756104,-0.053369659930467606,0.9818231463432312,0.5492119193077087,-0.08111826330423355,1.0307706594467163,0.5056816935539246,-0.09379298985004425,1.0692838430404663,0.4671556055545807,-0.10157889872789383
HELLO,0.7042869925498962,0.9702727794647217,7.367632974819571e-7,0.604019820690155,0.8553493022918701,-0.04706953465938568,0.5407829284667969,0.6774136424064636,-0.06691433489322662,0.49410682916641235,0.5322451591491699,-0.08437416702508926,0.44761747121810913,0.41870832443237305,-0.09989900141954422,0.6903730034828186,0.4627583920955658,-0.017414826899766922,0.6839269399642944,0.28224095702171326,-0.045989543199539185,0.684484601020813,0.16791674494743347,-0.073799267411232,0.6896287798881531,0.07631862163543701,-0.09512905776500702,0.7771857976913452,0.4785732626914978,-0.02162228524684906,0.8159983158111572,0.30523061752319336,-0.040409598499536514,0.8420684337615967,0.20141398906707764,-0.062009382992982864,0.8628395795822144,0.1220843493938446,-0.07910920679569244,0.8471142053604126,0.5356385111808777,-0.03507715091109276,0.9006116390228271,0.39267048239707947,-0.06484436243772507,0.9316598176956177,0.3130372166633606,-0.08513914793729782,0.9538180828094482,0.24748894572257996,-0.09917901456356049,0.9002289772033691,0.6246115565299988,-0.05359446257352829,0.9805914163589478,0.5480409264564514,-0.08549914509057999,1.0315591096878052,0.5078174471855164,-0.09845902025699615,1.073165774345398,0.4720134735107422,-0.10538895428180695
HELLO,0.6778947114944458,0.989425778388977,7.646554536222538e-7,0.5705093145370483,0.8817086219787598,-0.053497835993766785,0.498198926448822,0.7132404446601868,-0.07719545811414719,0.44867703318595886,0.5691246390342712,-0.0958595722913742,0.3963406980037689,0.45795780420303345,-0.11260826885700226,0.6426632404327393,0.4898650050163269,-0.03111426904797554,0.632280170917511,0.30227982997894287,-0.06093675643205643,0.6321922540664673,0.18695294857025146,-0.0881088450551033,0.6365761160850525,0.09520205855369568,-0.10851018130779266,0.7329209446907043,0.4999883770942688,-0.03162652999162674,0.7674666047096252,0.3168337345123291,-0.05135970562696457,0.7901573777198792,0.20863839983940125,-0.07131560146808624,0.8079590797424316,0.12860959768295288,-0.08690614253282547,0.8063306212425232,0.5549784302711487,-0.04135948047041893,0.8577393293380737,0.40821582078933716,-0.06926655769348145,0.8856210708618164,0.3185553550720215,-0.08931154012680054,0.9049174785614014,0.24432265758514404,-0.10369938611984253,0.8650902509689331,0.6414632797241211,-0.05652685835957527,0.9403146505355835,0.5576195120811462,-0.0845007449388504,0.9859392046928406,0.5022526383399963,-0.09692864120006561,1.0235894918441772,0.4498933255672455,-0.10432301461696625
HELLO,0.6700878739356995,0.9913370013237,7.779577231303847e-7,0.5704743266105652,0.8886394500732422,-0.04991276562213898,0.5013108253479004,0.7193567752838135,-0.07428877055644989,0.44766664505004883,0.5764767527580261,-0.09509319067001343,0.3978862464427948,0.46241509914398193,-0.11402255296707153,0.6473908424377441,0.4933863878250122,-0.029443176463246346,0.6372076272964478,0.30677202343940735,-0.06232399493455887,0.6336922645568848,0.19048383831977844,-0.09116446226835251,0.6363391280174255,0.09767651557922363,-0.11268320679664612,0.7337110042572021,0.5039207935333252,-0.03348352015018463,0.7697562575340271,0.31949788331985474,-0.0566987618803978,0.7941054105758667,0.2071267068386078,-0.07853002101182938,0.8128021955490112,0.1235075294971466,-0.09509319067001343,0.8042285442352295,0.5572580099105835,-0.046519771218299866,0.856141984462738,0.40546008944511414,-0.07911039143800735,0.8856444358825684,0.31791821122169495,-0.0986647754907608,0.906653881072998,0.24512484669685364,-0.11152245104312897,0.8602281808853149,0.6440213918685913,-0.06455621868371964,0.9410890936851501,0.5565618276596069,-0.09750401228666306,0.9926411509513855,0.5005040168762207,-0.11071883141994476,1.03522527217865,0.44736939668655396,-0.11768341809511185
HELLO,0.6717134118080139,0.9912339448928833,7.705085636189324e-7,0.5707469582557678,0.8882100582122803,-0.05067511647939682,0.5000302791595459,0.7198821306228638,-0.0748935267329216,0.44687771797180176,0.5771509408950806,-0.09544112533330917,0.39701730012893677,0.46381160616874695,-0.11415330320596695,0.6478236317634583,0.4929012358188629,-0.027911601588129997,0.6357028484344482,0.30895358324050903,-0.060971297323703766,0.632614016532898,0.19208011031150818,-0.09096451848745346,0.6359977126121521,0.09775403141975403,-0.11343705654144287,0.7337808012962341,0.5023472905158997,-0.03135858476161957,0.7689486742019653,0.3211771845817566,-0.054524995386600494,0.7937426567077637,0.20895934104919434,-0.07695275545120239,0.8124560117721558,0.12443485856056213,-0.0941876769065857,0.8038577437400818,0.5551211833953857,-0.044116899371147156,0.8548928499221802,0.4073031544685364,-0.07650510221719742,0.8851701617240906,0.31857454776763916,-0.09678410738706589,0.906001091003418,0.24497810006141663,-0.11030343919992447,0.8592806458473206,0.6414264440536499,-0.062090445309877396,0.9398375749588013,0.554785430431366,-0.09454580396413803,0.991563618183136,0.498908132314682,-0.10815466195344925,1.034151554107666,0.446419358253479,-0.1155858263373375
HELLO,0.6591895222663879,1.0065760612487793,8.651661573821912e-7,0.547029435634613,0.9013595581054688,-0.057725563645362854,0.4761468768119812,0.7325611114501953,-0.08168122917413712,0.4246283769607544,0.585300087928772,-0.1009974330663681,0.3701193034648895,0.46978652477264404,-0.11687865108251572,0.6283035278320312,0.506285548210144,-0.02046491764485836,0.6109581589698792,0.31820276379585266,-0.04608231037855148,0.6060575246810913,0.20145240426063538,-0.07057329267263412,0.6086462736129761,0.10637333989143372,-0.0889526903629303,0.7172767519950867,0.5143247842788696,-0.01803366281092167,0.7473008036613464,0.329149067401886,-0.029688069596886635,0.7705825567245483,0.21135318279266357,-0.043450307101011276,0.787560224533081,0.12401047348976135,-0.05469207093119621,0.7899690866470337,0.5658944249153137,-0.026654578745365143,0.832701563835144,0.4189431071281433,-0.047019124031066895,0.8591687679290771,0.3201533257961273,-0.06102672219276428,0.8760936260223389,0.2380053699016571,-0.07128705829381943,0.8487787246704102,0.6484008431434631,-0.042268138378858566,0.9218925833702087,0.5608460307121277,-0.0648631900548935,0.9685784578323364,0.5003606677055359,-0.07463282346725464,1.0078153610229492,0.44405055046081543,-0.07998604327440262
HELLO,0.654043972492218,1.003532886505127,8.51168124427204e-7,0.5512564778327942,0.9008057117462158,-0.05411902815103531,0.4802563786506653,0.72995525598526,-0.0773128941655159,0.42519411444664,0.581676185131073,-0.0972704067826271,0.3717344105243683,0.46707087755203247,-0.11372187733650208,0.627334475517273,0.5079778432846069,-0.016957145184278488,0.6127166748046875,0.3220023810863495,-0.04214002564549446,0.6063187122344971,0.20534437894821167,-0.06463717669248581,0.6085397005081177,0.11037945747375488,-0.08198763430118561,0.7132114768028259,0.5177409052848816,-0.01703580655157566,0.7416665554046631,0.33415284752845764,-0.030161019414663315,0.7633476853370667,0.21611541509628296,-0.04267941415309906,0.7791690826416016,0.12696632742881775,-0.053040243685245514,0.7854584455490112,0.568610429763794,-0.02822819910943508,0.8295701742172241,0.4191727638244629,-0.05191650986671448,0.858447790145874,0.3225446343421936,-0.06463717669248581,0.8780338764190674,0.2413216531276703,-0.07340230792760849,0.8441852927207947,0.64664626121521,-0.04611803963780403,0.9202488660812378,0.5598193407058716,-0.07304270565509796,0.9701036214828491,0.4991786479949951,-0.0846845880150795,1.014411449432373,0.44130975008010864,-0.09088760614395142
HELLO,0.6594520211219788,0.9980601668357849,8.528346597813652e-7,0.5603774785995483,0.8906832337379456,-0.051492925733327866,0.49047213792800903,0.721082866191864,-0.07623973488807678,0.43379515409469604,0.5761129260063171,-0.09827640652656555,0.3808559775352478,0.46185314655303955,-0.11702533066272736,0.6348977088928223,0.5006142258644104,-0.02040390484035015,0.6190207004547119,0.31695064902305603,-0.046783480793237686,0.6127256155014038,0.2012864649295807,-0.06921999156475067,0.6145803928375244,0.10938569903373718,-0.08596963435411453,0.7202485799789429,0.51149982213974,-0.02238098531961441,0.7481446266174316,0.33005431294441223,-0.03716465085744858,0.7688061594963074,0.21521303057670593,-0.049182627350091934,0.7838600277900696,0.12855806946754456,-0.05860152840614319,0.7926382422447205,0.5641962885856628,-0.03487657383084297,0.8375815153121948,0.4116308093070984,-0.061133962124586105,0.8646239042282104,0.3184574246406555,-0.07366287708282471,0.8835092782974243,0.2408515214920044,-0.08166005462408066,0.8510757088661194,0.6450664401054382,-0.05344779044389725,0.9305341243743896,0.5564883947372437,-0.08330391347408295,0.9841268658638,0.49705415964126587,-0.09525524079799652,1.0315300226211548,0.4413180649280548,-0.10076441615819931
HELLO,0.660759687423706,0.9978811740875244,8.277884830931725e-7,0.5614007115364075,0.8944782018661499,-0.05158846080303192,0.49034398794174194,0.7258438467979431,-0.07589669525623322,0.4336549639701843,0.5787009000778198,-0.09741037338972092,0.38109996914863586,0.46158552169799805,-0.11568590998649597,0.6343222260475159,0.5029706954956055,-0.01863040030002594,0.6183237433433533,0.3189471662044525,-0.04679778963327408,0.6118097901344299,0.20156633853912354,-0.07154960185289383,0.6139543652534485,0.10770878195762634,-0.09035743772983551,0.7189282178878784,0.5119519233703613,-0.020970288664102554,0.7477007508277893,0.3310324251651764,-0.037526946514844894,0.7695890069007874,0.21419614553451538,-0.05238690599799156,0.7859238386154175,0.12664729356765747,-0.06431923061609268,0.7906360030174255,0.563403308391571,-0.03397830203175545,0.834608793258667,0.41373932361602783,-0.06014957278966904,0.863442063331604,0.31794947385787964,-0.07412237673997879,0.8834707140922546,0.2379041314125061,-0.08388115465641022,0.8492547273635864,0.6446313858032227,-0.053140994161367416,0.9257346987724304,0.5590814352035522,-0.08197375386953354,0.9778150320053101,0.49934378266334534,-0.09412787109613419,1.0225815773010254,0.44301849603652954,-0.10069286823272705
HELLO,0.693059504032135,0.97884202003479,8.103201025733142e-7,0.5934698581695557,0.8636163473129272,-0.04235134646296501,0.5305643081665039,0.686387836933136,-0.060008805245161057,0.48149827122688293,0.5406606793403625,-0.07589609175920486,0.42650148272514343,0.43880194425582886,-0.08992469310760498,0.6637901663780212,0.4833625555038452,-0.02223777584731579,0.6523944139480591,0.2968505918979645,-0.0496533066034317,0.6507599949836731,0.1820770800113678,-0.07368338108062744,0.6516942381858826,0.08970636129379272,-0.09169486910104752,0.7509121894836426,0.49324244260787964,-0.02743765339255333,0.7872978448867798,0.3123466372489929,-0.044785331934690475,0.8120192289352417,0.20260724425315857,-0.0625755563378334,0.8299732208251953,0.12166270613670349,-0.07655990123748779,0.8248465657234192,0.5477920770645142,-0.04078031703829765,0.8744465708732605,0.4013258218765259,-0.07001027464866638,0.9002178311347961,0.3172115087509155,-0.09098680317401886,0.9195473194122314,0.24915876984596252,-0.10514817386865616,0.8840452432632446,0.6356125473976135,-0.05823863297700882,0.9695924520492554,0.5549942255020142,-0.09107530862092972,1.0261479616165161,0.5119768977165222,-0.10559071600437164,1.072883129119873,0.47458338737487793,-0.11293692886829376
HELLO,0.7245866060256958,0.9679900407791138,7.649848612345522e-7,0.6284924149513245,0.8427261114120483,-0.03909657895565033,0.5716074109077454,0.6535341143608093,-0.05075462535023689,0.5293194055557251,0.5071248412132263,-0.0612158440053463,0.4784323573112488,0.40679246187210083,-0.07016993314027786,0.717469334602356,0.4633123576641083,-0.013641691766679287,0.7090310454368591,0.28211092948913574,-0.038409505039453506,0.7104341387748718,0.1725689172744751,-0.06063959375023842,0.7126001119613647,0.08384755253791809,-0.07748392224311829,0.8023908138275146,0.47608065605163574,-0.02004696987569332,0.8409112095832825,0.3033309578895569,-0.034420061856508255,0.8644027709960938,0.19887855648994446,-0.05106491595506668,0.8801400661468506,0.121924489736557,-0.0636981651186943,0.8730937242507935,0.532629132270813,-0.03490765765309334,0.9275252223014832,0.39872127771377563,-0.06626913696527481,0.9521245360374451,0.31458598375320435,-0.09078208357095718,0.9701305627822876,0.24785402417182922,-0.1065625548362732,0.9290356636047363,0.6251932978630066,-0.05354724079370499,1.0273661613464355,0.5637843608856201,-0.09397363662719727,1.0915008783340454,0.5351834297180176,-0.11409817636013031,1.1451985836029053,0.5124850869178772,-0.12367285043001175
HELLO,0.7254444360733032,0.9630944132804871,7.699967454755097e-7,0.6294748783111572,0.8387987017631531,-0.04504146799445152,0.5698789358139038,0.6545162200927734,-0.06353546679019928,0.5230346918106079,0.5075520277023315,-0.08040091395378113,0.47477683424949646,0.39712804555892944,-0.09548166394233704,0.7173246741294861,0.4566977024078369,-0.015950793400406837,0.7098987102508545,0.2781813144683838,-0.04417142644524574,0.7090229988098145,0.1667674481868744,-0.07058504223823547,0.7114713191986084,0.07725659012794495,-0.09057372808456421,0.8032137751579285,0.47443893551826477,-0.02138298563659191,0.8407846689224243,0.302829772233963,-0.04104819521307945,0.8655045628547668,0.19746869802474976,-0.062286172062158585,0.8826656341552734,0.11840960383415222,-0.07848235964775085,0.8720762133598328,0.532598614692688,-0.03611794859170914,0.9258948564529419,0.39926716685295105,-0.06996040046215057,0.9559749364852905,0.31772851943969727,-0.094321608543396,0.9765790104866028,0.25224769115448,-0.10993777215480804,0.9261821508407593,0.6240254640579224,-0.05532582104206085,1.0192991495132446,0.5609533190727234,-0.09458931535482407,1.0817174911499023,0.5267729759216309,-0.11413182318210602,1.1326853036880493,0.498779296875,-0.1243046373128891
HELLO,0.7261762619018555,0.9628310799598694,7.756407285341993e-7,0.6309256553649902,0.8403116464614868,-0.04504893347620964,0.5703847408294678,0.6539256572723389,-0.06270953267812729,0.5212228894233704,0.5065478682518005,-0.07848662883043289,0.47326621413230896,0.3965579867362976,-0.0923580676317215,0.7170305848121643,0.4569520950317383,-0.017616281285881996,0.7095317244529724,0.2777170240879059,-0.04564721882343292,0.7102264761924744,0.16576546430587769,-0.07090830057859421,0.7131775617599487,0.07681971788406372,-0.08978763967752457,0.8031384944915771,0.4731330871582031,-0.022380433976650238,0.8410019278526306,0.3020399212837219,-0.041769422590732574,0.8657637238502502,0.19550275802612305,-0.06120273470878601,0.8821109533309937,0.11735692620277405,-0.07565030455589294,0.8724707365036011,0.530670166015625,-0.03651777654886246,0.9271700382232666,0.3969871699810028,-0.07175034284591675,0.9561902284622192,0.31361663341522217,-0.09696710854768753,0.9755537509918213,0.2478753924369812,-0.11256694048643112,0.9268350601196289,0.6215643882751465,-0.05486530065536499,1.0224440097808838,0.5608181357383728,-0.09696710854768753,1.0862994194030762,0.5296170115470886,-0.11850550770759583,1.1388425827026367,0.5042053461074829,-0.12931901216506958
HELLO,0.753281831741333,0.9496089816093445,7.564046882180264e-7,0.6592876315116882,0.8192402720451355,-0.04535946995019913,0.6041936874389648,0.6252504587173462,-0.06575571745634079,0.5660586953163147,0.47212493419647217,-0.08313686400651932,0.5173836350440979,0.3636375367641449,-0.09905479848384857,0.755998969078064,0.44154462218284607,-0.023522188887000084,0.7551263570785522,0.2546599209308624,-0.05227645859122276,0.7583582997322083,0.1399139165878296,-0.08087553828954697,0.7630815505981445,0.047767460346221924,-0.10260197520256042,0.8430019021034241,0.4634802043437958,-0.028022663667798042,0.8906370997428894,0.28891441226005554,-0.042965132743120193,0.9161593317985535,0.1894487738609314,-0.061188727617263794,0.9362691640853882,0.11419400572776794,-0.07657459378242493,0.9128525257110596,0.5240230560302734,-0.04043776914477348,0.9770116209983826,0.3683929741382599,-0.06025759503245354,1.0056757926940918,0.28637492656707764,-0.07018967717885971,1.0293350219726562,0.21825459599494934,-0.07994440943002701,0.9645574688911438,0.6182726621627808,-0.058173634111881256,1.0391653776168823,0.5349491834640503,-0.07958968728780746,1.0865483283996582,0.48983094096183777,-0.08096422255039215,1.127799153327942,0.4507784843444824,-0.08074251562356949
HELLO,0.7529623508453369,0.9498216509819031,6.55662063309137e-7,0.6608471870422363,0.8206061124801636,-0.04986967518925667,0.6041615009307861,0.6319217681884766,-0.0747821107506752,0.563623309135437,0.4806206226348877,-0.0961548313498497,0.5198794603347778,0.36446499824523926,-0.11613854020833969,0.7596628665924072,0.44050389528274536,-0.026077404618263245,0.758569061756134,0.25420787930488586,-0.059234242886304855,0.7607343196868896,0.13853350281715393,-0.09167417138814926,0.7639070749282837,0.04519525170326233,-0.11595931649208069,0.8459405303001404,0.46250155568122864,-0.02999797649681568,0.8926480412483215,0.2875111699104309,-0.05045216158032417,0.9176231026649475,0.18932873010635376,-0.07155603915452957,0.9373819828033447,0.11366075277328491,-0.08862733095884323,0.9137277007102966,0.5218488574028015,-0.0428350493311882,0.9795892238616943,0.36829569935798645,-0.06626886874437332,1.0159635543823242,0.28711310029029846,-0.07608149200677872,1.0457994937896729,0.21937468647956848,-0.0851324200630188,0.9624178409576416,0.6120625138282776,-0.06165379285812378,1.029700756072998,0.5163584351539612,-0.08338496834039688,1.077917456626892,0.46450361609458923,-0.08392264693975449,1.1207627058029175,0.41958537697792053,-0.08351937681436539
HELLO,0.7663134932518005,0.9561060667037964,7.403614858958463e-7,0.6725888252258301,0.823341965675354,-0.05297215282917023,0.6218409538269043,0.626449704170227,-0.07694002240896225,0.5872414112091064,0.4672713279724121,-0.09659098833799362,0.544426441192627,0.3445188105106354,-0.11394858360290527,0.7807967066764832,0.4383993446826935,-0.02403532713651657,0.7847210764884949,0.248803049325943,-0.054231252521276474,0.7874338626861572,0.13310781121253967,-0.08310062438249588,0.7933749556541443,0.03843167424201965,-0.1046852096915245,0.8656673431396484,0.46352341771125793,-0.02432761713862419,0.9169495701789856,0.2871187627315521,-0.03709849342703819,0.9450110197067261,0.18983161449432373,-0.04932975396513939,0.9649327397346497,0.11733657121658325,-0.060032106935977936,0.9320642948150635,0.5260496139526367,-0.034670230001211166,0.9950414299964905,0.3649492859840393,-0.05072375386953354,1.0235742330551147,0.27473315596580505,-0.05355673283338547,1.0470823049545288,0.19887179136276245,-0.058143455535173416,0.983102560043335,0.6155403852462769,-0.05189292132854462,1.0505471229553223,0.5104470252990723,-0.06821625679731369,1.095212459564209,0.4516162872314453,-0.0656980574131012,1.1352847814559937,0.39838993549346924,-0.06322482973337173
HELLO,0.7626771330833435,0.9527450799942017,6.770277991563489e-7,0.674884557723999,0.819882869720459,-0.055872950702905655,0.6227330565452576,0.625360906124115,-0.08321600407361984,0.5856737494468689,0.46629518270492554,-0.10626816004514694,0.5467957854270935,0.33961021900177,-0.12699227035045624,0.7821878790855408,0.4373522400856018,-0.027776706963777542,0.7857474088668823,0.24976596236228943,-0.06317660212516785,0.7872771620750427,0.13414445519447327,-0.09604305028915405,0.791650652885437,0.039443522691726685,-0.11996250599622726,0.867586612701416,0.46228447556495667,-0.028370128944516182,0.9176003932952881,0.2872650921344757,-0.047108568251132965,0.9439018964767456,0.18853074312210083,-0.0631309524178505,0.9627351760864258,0.11094790697097778,-0.07636883109807968,0.9346219301223755,0.5238964557647705,-0.03950820118188858,1.0003609657287598,0.36724144220352173,-0.06112245097756386,1.032901406288147,0.28135088086128235,-0.06509381532669067,1.0588250160217285,0.207648366689682,-0.06938470900058746,0.9847103357315063,0.6134217977523804,-0.057790160179138184,1.05436372756958,0.5076528191566467,-0.07746437191963196,1.101754069328308,0.4476724863052368,-0.07563846558332443,1.1431443691253662,0.39365336298942566,-0.07312783598899841
HELLO,0.7645115256309509,0.9521338939666748,6.720549663441489e-7,0.6752712726593018,0.8214435577392578,-0.05474730581045151,0.6232050061225891,0.6270759105682373,-0.08198431879281998,0.5856780409812927,0.4667370319366455,-0.10539539903402328,0.545229971408844,0.34000784158706665,-0.12662023305892944,0.7826297283172607,0.4384656250476837,-0.025027992203831673,0.7857372164726257,0.2508273124694824,-0.06012183427810669,0.7887443900108337,0.1333429217338562,-0.09296111017465591,0.7940353155136108,0.03828650712966919,-0.11687320470809937,0.8680884838104248,0.46246814727783203,-0.026212209835648537,0.916788637638092,0.2868835926055908,-0.04495473578572273,0.9421464800834656,0.1855475902557373,-0.06107831746339798,0.9602543115615845,0.10593053698539734,-0.07419580966234207,0.9352874755859375,0.5232713222503662,-0.03791775181889534,1.0009783506393433,0.3648744821548462,-0.05943863466382027,1.0317803621292114,0.278061181306839,-0.06335566192865372,1.0562461614608765,0.2042289674282074,-0.06745487451553345,0.9858972430229187,0.6114091873168945,-0.056751370429992676,1.0550001859664917,0.5063149929046631,-0.07660979777574539,1.102004051208496,0.44628021121025085,-0.07506120204925537,1.1435928344726562,0.39190346002578735,-0.07260166853666306
HELLO,0.7699072360992432,0.9640892744064331,6.840593869128497e-7,0.6785455942153931,0.8348555564880371,-0.05678835138678551,0.6268604397773743,0.6404892802238464,-0.0843413844704628,0.5900581479072571,0.4793385863304138,-0.10784785449504852,0.5508267283439636,0.3482801616191864,-0.12876269221305847,0.7832766175270081,0.44671759009361267,-0.022096987813711166,0.7857149839401245,0.25769472122192383,-0.05524246767163277,0.7876948714256287,0.13972240686416626,-0.08606912940740585,0.7922350168228149,0.04300752282142639,-0.10839346051216125,0.8679503202438354,0.4692886471748352,-0.0221538208425045,0.916692316532135,0.2928033471107483,-0.03923806548118591,0.9425761103630066,0.190629780292511,-0.0528327152132988,0.9599937200546265,0.11050236225128174,-0.06356293708086014,0.9345046877861023,0.5270675420761108,-0.03344101458787918,0.9949139356613159,0.3657204508781433,-0.05292365327477455,1.0241522789001465,0.2736278772354126,-0.054105792194604874,1.0466868877410889,0.19356444478034973,-0.05601540952920914,0.9854068160057068,0.6080824136734009,-0.05237804353237152,1.047183871269226,0.4898870885372162,-0.07079219818115234,1.089012861251831,0.4187029302120209,-0.06824604421854019,1.127847671508789,0.3532620072364807,-0.06483601778745651
HELLO,0.770220160484314,0.9637131690979004,7.015423193479364e-7,0.6778902411460876,0.8330850005149841,-0.0561678372323513,0.6258646249771118,0.6389406323432922,-0.08340626955032349,0.5893604755401611,0.4786916971206665,-0.10639441758394241,0.5505867004394531,0.34907087683677673,-0.1267775297164917,0.7841042876243591,0.44586047530174255,-0.022325459867715836,0.7887438535690308,0.25539731979370117,-0.053745631128549576,0.7905935645103455,0.13906866312026978,-0.0825379341840744,0.7956812381744385,0.043576061725616455,-0.10337807238101959,0.8677780628204346,0.4692487120628357,-0.022154077887535095,0.9169785976409912,0.2920154929161072,-0.03758994862437248,0.9422339200973511,0.19214820861816406,-0.04940393567085266,0.958878219127655,0.11349266767501831,-0.05895566940307617,0.9327125549316406,0.5256837010383606,-0.033065445721149445,0.9886681437492371,0.36042410135269165,-0.050866398960351944,1.0112786293029785,0.26488614082336426,-0.05127771943807602,1.0291510820388794,0.18141669034957886,-0.052968695759773254,0.9840668439865112,0.6040462851524353,-0.05159763619303703,1.0427353382110596,0.48118454217910767,-0.06887301802635193,1.081246256828308,0.4065866768360138,-0.06613089144229889,1.117388367652893,0.33802300691604614,-0.06274893134832382
HELLO,0.7615510821342468,0.970754861831665,6.81659628298803e-7,0.6668581962585449,0.8451855182647705,-0.05701896920800209,0.6145305037498474,0.6575007438659668,-0.08555131405591965,0.5766529440879822,0.5000894069671631,-0.10992269963026047,0.5336339473724365,0.3735462427139282,-0.13269372284412384,0.7748697400093079,0.4631167948246002,-0.030795734375715256,0.7742239832878113,0.2720451056957245,-0.06886172294616699,0.7750871181488037,0.15053895115852356,-0.10342976450920105,0.7797790169715881,0.05167302489280701,-0.12857846915721893,0.8611788153648376,0.4839707016944885,-0.032579004764556885,0.9105377197265625,0.3030349910259247,-0.05477844923734665,0.9363659024238586,0.19785812497138977,-0.07283978909254074,0.9558340311050415,0.1164918839931488,-0.08715169131755829,0.92925626039505,0.5449371933937073,-0.04501618072390556,0.9966446161270142,0.38502180576324463,-0.07023347169160843,1.0313658714294434,0.29494422674179077,-0.07613199204206467,1.0594807863235474,0.2173195779323578,-0.08152753114700317,0.9797788262367249,0.6345695853233337,-0.06451785564422607,1.0486156940460205,0.5303080081939697,-0.0878375694155693,1.0975755453109741,0.47002947330474854,-0.08747176080942154,1.141337513923645,0.41483065485954285,-0.0858713909983635
HELLO,0.763261079788208,0.9684661626815796,7.059611561999191e-7,0.6675240397453308,0.8436554670333862,-0.0566028356552124,0.6137491464614868,0.6581286787986755,-0.0851091742515564,0.5754963755607605,0.5006213784217834,-0.1096537634730339,0.5332902669906616,0.37428146600723267,-0.13251347839832306,0.7754852175712585,0.46255362033843994,-0.027117446064949036,0.7754749655723572,0.2735699415206909,-0.06316020339727402,0.777961254119873,0.15221750736236572,-0.09681224822998047,0.7841401696205139,0.054690778255462646,-0.12140238285064697,0.8619282245635986,0.4827439486980438,-0.028415260836482048,0.9095498323440552,0.3013981282711029,-0.04867934808135033,0.9342899918556213,0.1939661204814911,-0.06634780764579773,0.9523229598999023,0.11109596490859985,-0.08055543899536133,0.9298444986343384,0.5414000749588013,-0.04039156436920166,0.9952738881111145,0.3796359896659851,-0.06343342363834381,1.027739405632019,0.28941768407821655,-0.06930773705244064,1.0526280403137207,0.21299883723258972,-0.07504542917013168,0.9794911742210388,0.628158688545227,-0.05956275761127472,1.046265959739685,0.5231635570526123,-0.0813751146197319,1.092752456665039,0.4624429941177368,-0.0815572664141655,1.1338731050491333,0.4074597656726837,-0.08050990104675293
HELLO,0.7629029750823975,0.9694629907608032,6.925571369720274e-7,0.6677419543266296,0.8438394069671631,-0.05647303909063339,0.6140429973602295,0.6590067148208618,-0.08473227918148041,0.5761688947677612,0.5013797879219055,-0.10885711759328842,0.5341245532035828,0.3747623860836029,-0.13130095601081848,0.7747800946235657,0.46327248215675354,-0.027009833604097366,0.7756337523460388,0.2747427225112915,-0.06301537156105042,0.777714192867279,0.15459826588630676,-0.0967719778418541,0.782862663269043,0.05697992444038391,-0.12166919559240341,0.8607051372528076,0.48342040181159973,-0.028259236365556717,0.9093019962310791,0.30283451080322266,-0.04888575151562691,0.9340022206306458,0.19604486227035522,-0.06719519942998886,0.9515286684036255,0.11339688301086426,-0.08196087181568146,0.9282141923904419,0.5420040488243103,-0.04007177799940109,0.9918599128723145,0.38113507628440857,-0.06292450428009033,1.0230032205581665,0.290439248085022,-0.06923967599868774,1.0478475093841553,0.21336764097213745,-0.07550940662622452,0.9784629344940186,0.6286047101020813,-0.059062711894512177,1.0427229404449463,0.5224754214286804,-0.07996182888746262,1.087870478630066,0.4613529443740845,-0.07973466068506241,1.1281628608703613,0.4065438210964203,-0.07868970930576324
HELLO,0.7611690163612366,0.9843960404396057,7.163727673287212e-7,0.65761798620224,0.8658998012542725,-0.057027995586395264,0.6023541688919067,0.6817108392715454,-0.08549658954143524,0.5622013807296753,0.521596372127533,-0.11069605499505997,0.5156499147415161,0.39649510383605957,-0.13439717888832092,0.7604307532310486,0.4800189733505249,-0.027492396533489227,0.7578449845314026,0.29212671518325806,-0.06465594470500946,0.7601268887519836,0.16839173436164856,-0.09870928525924683,0.7683389186859131,0.07114425301551819,-0.12359093129634857,0.8502984642982483,0.49805793166160583,-0.02914966084063053,0.8951587677001953,0.31785649061203003,-0.04971788078546524,0.9213045835494995,0.207225501537323,-0.06751642376184464,0.9424512982368469,0.12368571758270264,-0.08159180730581284,0.9220010638237,0.5598313808441162,-0.04161318391561508,0.9899184703826904,0.3968579173088074,-0.06683535873889923,1.024928331375122,0.3069276213645935,-0.07450870424509048,1.0527013540267944,0.23249927163124084,-0.08122856169939041,0.9761127829551697,0.6547279357910156,-0.06115980073809624,1.053617238998413,0.5655612349510193,-0.08835706859827042,1.1071616411209106,0.5129083395004272,-0.09253427386283875,1.1548136472702026,0.4658142328262329,-0.0931699350476265
HELLO,0.7582999467849731,0.9774751663208008,7.784576609992655e-7,0.658251166343689,0.8627510070800781,-0.058008719235658646,0.6004335880279541,0.6790997385978699,-0.08674243837594986,0.5598559379577637,0.5202863216400146,-0.11150665581226349,0.5153065323829651,0.39463406801223755,-0.1347823143005371,0.7592392563819885,0.47693729400634766,-0.030132057145237923,0.7590994238853455,0.29095903038978577,-0.06491021811962128,0.7615659832954407,0.16870629787445068,-0.09680148959159851,0.7685087323188782,0.07299032807350159,-0.12052822858095169,0.8482775688171387,0.4967940151691437,-0.03125975281000137,0.8932756185531616,0.3155992031097412,-0.05160340666770935,0.9184899926185608,0.2039046287536621,-0.07009763270616531,0.9396013617515564,0.11860460042953491,-0.08529897779226303,0.9180834889411926,0.5580397248268127,-0.04282991960644722,0.9873766899108887,0.39204639196395874,-0.06951122730970383,1.023208498954773,0.30072134733200073,-0.08002135902643204,1.0517138242721558,0.223891943693161,-0.08904293924570084,0.9697611331939697,0.6511334776878357,-0.06107605993747711,1.0475503206253052,0.557453989982605,-0.09012552350759506,1.1009176969528198,0.5043131113052368,-0.0960797592997551,1.1471058130264282,0.45483535528182983,-0.0986960232257843
HELLO,0.7509332299232483,0.9998215436935425,7.53932908992283e-7,0.650702178478241,0.8833245635032654,-0.06034983694553375,0.5968267917633057,0.6983078122138977,-0.09070409834384918,0.5548726320266724,0.5395638942718506,-0.11666439473628998,0.5104546546936035,0.4107275605201721,-0.1406070441007614,0.7563527226448059,0.4922500252723694,-0.026431076228618622,0.7541009783744812,0.3041723668575287,-0.06250198185443878,0.7547606229782104,0.18315652012825012,-0.0966673418879509,0.7613105773925781,0.08666872978210449,-0.1215067207813263,0.8454113602638245,0.5106867551803589,-0.026341402903199196,0.8888963460922241,0.3243442177772522,-0.0428636260330677,0.915083646774292,0.21233347058296204,-0.05815285071730614,0.9353156089782715,0.12831908464431763,-0.07124508917331696,0.9166253209114075,0.5706106424331665,-0.03772985562682152,0.9795008301734924,0.4027118980884552,-0.057031940668821335,1.0140507221221924,0.30972766876220703,-0.05990147218108177,1.0413615703582764,0.23389610648155212,-0.06425060331821442,0.9695048332214355,0.6600559949874878,-0.05712161213159561,1.03037691116333,0.552126407623291,-0.07698415219783783,1.0751256942749023,0.4941101372241974,-0.07492167502641678,1.115334153175354,0.44486573338508606,-0.0721866562962532
HELLO,0.7497154474258423,1.0005420446395874,8.066812711149396e-7,0.6532894372940063,0.8821384906768799,-0.06513356417417526,0.5986725091934204,0.6971752047538757,-0.09758591651916504,0.5558374524116516,0.5370891690254211,-0.1244998574256897,0.5107150673866272,0.4052310287952423,-0.14875900745391846,0.7570681571960449,0.4940192699432373,-0.03155979886651039,0.7560253739356995,0.30199769139289856,-0.0660032331943512,0.756866455078125,0.18026846647262573,-0.09740282595157623,0.7632370591163635,0.0837426483631134,-0.12001419812440872,0.8463666439056396,0.513801097869873,-0.028035352006554604,0.8934215307235718,0.32617899775505066,-0.042590852826833725,0.9190895557403564,0.2137550413608551,-0.05510949343442917,0.9379230737686157,0.12964990735054016,-0.06572859734296799,0.9175983667373657,0.5750595927238464,-0.036205656826496124,0.9832590818405151,0.40573686361312866,-0.05410251021385193,1.0175141096115112,0.31349819898605347,-0.0559333898127079,1.0433777570724487,0.23697763681411743,-0.05927474796772003,0.9704152345657349,0.6635847091674805,-0.05259203165769577,1.0328468084335327,0.5596238970756531,-0.07163318246603012,1.0772085189819336,0.5035814642906189,-0.06929881870746613,1.1170191764831543,0.4556819498538971,-0.0660032331943512
HELLO,0.7503979802131653,1.0010998249053955,7.91648574249848e-7,0.653303325176239,0.8828976154327393,-0.06407271325588226,0.5981336832046509,0.6967169046401978,-0.09532993286848068,0.5556978583335876,0.5363208055496216,-0.12145400047302246,0.5106133818626404,0.4044981598854065,-0.14501149952411652,0.756415069103241,0.49386078119277954,-0.02850731648504734,0.7552633285522461,0.3040393590927124,-0.06246860325336456,0.7564383745193481,0.18206408619880676,-0.09404664486646652,0.7627382874488831,0.08527666330337524,-0.11687082797288895,0.8459473848342896,0.5133363604545593,-0.025688664987683296,0.8927308320999146,0.3262645900249481,-0.040217313915491104,0.9178744554519653,0.21192482113838196,-0.05334809795022011,0.9360311031341553,0.12587839365005493,-0.06453102827072144,0.9178210496902466,0.5739957094192505,-0.03464876487851143,0.9821517467498779,0.40426626801490784,-0.052614789456129074,1.0155435800552368,0.30992794036865234,-0.055318862199783325,1.0399221181869507,0.23086753487586975,-0.05939787998795509,0.9715394973754883,0.662743330001831,-0.05183564871549606,1.0340831279754639,0.5586377382278442,-0.07135995477437973,1.0780158042907715,0.500639021396637,-0.07003083825111389,1.1179916858673096,0.4505693018436432,-0.06755591928958893
HELLO,0.7461696863174438,1.0088655948638916,8.090721053122252e-7,0.6498088836669922,0.8873903751373291,-0.06228066235780716,0.5980452299118042,0.7003414034843445,-0.09344390779733658,0.5587190985679626,0.5393036603927612,-0.12062010169029236,0.5144637823104858,0.4072618782520294,-0.1457339972257614,0.7593039870262146,0.5008345246315002,-0.030315423384308815,0.7589716911315918,0.3138856291770935,-0.06640521436929703,0.7603936791419983,0.190684974193573,-0.09779760986566544,0.7673514485359192,0.09397837519645691,-0.12034512311220169,0.8482968807220459,0.522961437702179,-0.03015502542257309,0.8968225717544556,0.3400817811489105,-0.04789058119058609,0.92267906665802,0.22840073704719543,-0.061134956777095795,0.9418025612831116,0.14248055219650269,-0.07140049338340759,0.9187331795692444,0.5868121981620789,-0.041703756898641586,0.9847115874290466,0.4187324643135071,-0.06521368026733398,1.0169562101364136,0.322737455368042,-0.06956736743450165,1.04168701171875,0.2407376766204834,-0.07369191199541092,0.9716459512710571,0.6806312799453735,-0.06099747121334076,1.0477045774459839,0.5865904092788696,-0.0876237154006958,1.1010152101516724,0.5324475169181824,-0.09014427661895752,1.1484036445617676,0.4839622378349304,-0.08913605660200119
HELLO,0.7466018199920654,1.004499912261963,7.850429710742901e-7,0.6536887884140015,0.8874398469924927,-0.059528790414333344,0.6006284356117249,0.7000978589057922,-0.09029750525951385,0.5584325194358826,0.5417547821998596,-0.11741414666175842,0.5147495269775391,0.4135620892047882,-0.14306996762752533,0.7596681118011475,0.5020282864570618,-0.03346211835741997,0.758293092250824,0.31373727321624756,-0.07212843745946884,0.7593491673469543,0.18892905116081238,-0.10636662691831589,0.7656463980674744,0.09026211500167847,-0.13138331472873688,0.8485502600669861,0.5235223174095154,-0.03521967679262161,0.8966282606124878,0.34073784947395325,-0.05811361223459244,0.9233688712120056,0.22508978843688965,-0.07705873250961304,0.9435120820999146,0.1357102394104004,-0.09203223884105682,0.919040858745575,0.5859667062759399,-0.047842156141996384,0.9895087480545044,0.4165934920310974,-0.07527834922075272,1.0256834030151367,0.31993240118026733,-0.08536720275878906,1.0533182621002197,0.23833170533180237,-0.09376697242259979,0.9713752269744873,0.6793510317802429,-0.06760899722576141,1.052597165107727,0.5845713019371033,-0.09659732133150101,1.1084063053131104,0.5310096740722656,-0.10244064778089523,1.1557567119598389,0.4832494258880615,-0.10454058647155762
HELLO,0.7466794848442078,1.012070655822754,7.828481329852366e-7,0.6527559161186218,0.8900818824768066,-0.060777075588703156,0.6001328825950623,0.7022382616996765,-0.09191342443227768,0.5592130422592163,0.5443730354309082,-0.1182909607887268,0.5162710547447205,0.4166554808616638,-0.14312751591205597,0.7623425126075745,0.5071237087249756,-0.03584986552596092,0.7640133500099182,0.3171762228012085,-0.07460034638643265,0.767290472984314,0.1922091245651245,-0.10949844866991043,0.7740505337715149,0.09259340167045593,-0.13496951758861542,0.8527379631996155,0.528322160243988,-0.036710985004901886,0.9039305448532104,0.34334230422973633,-0.059100158512592316,0.9322681427001953,0.2295946180820465,-0.07845273613929749,0.9533765316009521,0.14207419753074646,-0.09381695836782455,0.9235060811042786,0.5920512080192566,-0.04817750304937363,0.9961342811584473,0.42417943477630615,-0.07437373697757721,1.035041093826294,0.32916125655174255,-0.08366478979587555,1.0654064416885376,0.24925664067268372,-0.0918227806687355,0.9750025272369385,0.6864062547683716,-0.0667596086859703,1.0513006448745728,0.5880847573280334,-0.09345438331365585,1.1037483215332031,0.5323459506034851,-0.09662693738937378,1.1500256061553955,0.4831646978855133,-0.0972614511847496
HELLO,0.7458677291870117,1.0137134790420532,7.626945262018126e-7,0.652654230594635,0.8921003341674805,-0.05873457342386246,0.6009747982025146,0.7017161250114441,-0.088651642203331,0.5596202611923218,0.5429000854492188,-0.11453700065612793,0.5163666009902954,0.4150713086128235,-0.1389104723930359,0.7622740268707275,0.5077245235443115,-0.03248269483447075,0.7631949186325073,0.3166000545024872,-0.07060060650110245,0.7658767104148865,0.18996968865394592,-0.10491589456796646,0.772356390953064,0.08978432416915894,-0.13011403381824493,0.8522604703903198,0.5289183259010315,-0.03429238125681877,0.9032068848609924,0.3433924913406372,-0.05612313374876976,0.9322348237037659,0.2290118932723999,-0.07495301961898804,0.954548716545105,0.1417558789253235,-0.08998027443885803,0.9233364462852478,0.5929273962974548,-0.04679982364177704,0.9978518486022949,0.4240838587284088,-0.07261645793914795,1.0387701988220215,0.3296707272529602,-0.0814129114151001,1.0709956884384155,0.25024718046188354,-0.08924722671508789,0.9750131368637085,0.6877766251564026,-0.06629402190446854,1.0531855821609497,0.5902458429336548,-0.09286660701036453,1.107130527496338,0.5347289443016052,-0.0961194559931755,1.1543922424316406,0.4848024547100067,-0.09685249626636505
HELLO,0.7446879744529724,1.0225555896759033,7.798266210556903e-7,0.652104377746582,0.8984171748161316,-0.06189744547009468,0.6006640195846558,0.7092717289924622,-0.09413187205791473,0.5584633350372314,0.5497311353683472,-0.12159082293510437,0.5166621208190918,0.4196853041648865,-0.14730489253997803,0.7638552188873291,0.5127002000808716,-0.036435920745134354,0.7648519277572632,0.3199084401130676,-0.07682079076766968,0.7680591344833374,0.19377624988555908,-0.11323374509811401,0.7760260701179504,0.0924844741821289,-0.1398661732673645,0.8538299202919006,0.5335526466369629,-0.03664255142211914,0.9052841663360596,0.34777072072029114,-0.0596015490591526,0.9353740215301514,0.23310968279838562,-0.07934628427028656,0.9588803052902222,0.14487376809120178,-0.09514206647872925,0.924462616443634,0.5975657105445862,-0.04775470495223999,0.997147262096405,0.42965832352638245,-0.07314734905958176,1.0382544994354248,0.3348875045776367,-0.08155034482479095,1.0712456703186035,0.25515803694725037,-0.08940231800079346,0.9762799739837646,0.6923065781593323,-0.06630557030439377,1.0513770580291748,0.5901170372962952,-0.09105536341667175,1.1041853427886963,0.532002329826355,-0.09312167763710022,1.1511797904968262,0.4810445308685303,-0.09335126727819443
HELLO,0.7439478635787964,1.0234202146530151,7.860134019210818e-7,0.6517430543899536,0.8988246917724609,-0.06109260395169258,0.6017985343933105,0.7091778516769409,-0.09302737563848495,0.559904932975769,0.5497989058494568,-0.1204264834523201,0.5177673101425171,0.419116735458374,-0.14634457230567932,0.7624768018722534,0.5127723217010498,-0.035938192158937454,0.7655990719795227,0.3202584385871887,-0.07627319544553757,0.7692630290985107,0.1931464672088623,-0.11274363100528717,0.7775567770004272,0.09147971868515015,-0.13940221071243286,0.8523588180541992,0.5348747968673706,-0.03660928085446358,0.9050577878952026,0.3484232425689697,-0.059657853096723557,0.9349662065505981,0.23251616954803467,-0.07969808578491211,0.9585984349250793,0.14255541563034058,-0.095896877348423,0.9236994385719299,0.5995555520057678,-0.04813356697559357,0.9979476928710938,0.428863525390625,-0.07386651635169983,1.0397460460662842,0.3334021270275116,-0.08335437625646591,1.0733540058135986,0.25286224484443665,-0.09205544739961624,0.9756860733032227,0.6949828863143921,-0.06697045266628265,1.055544137954712,0.5947427153587341,-0.09284225106239319,1.1100244522094727,0.5373089909553528,-0.09635969996452332,1.1594374179840088,0.48613643646240234,-0.09765560179948807
HELLO,0.743560254573822,1.026890754699707,7.977333780218032e-7,0.6509559154510498,0.9006379246711731,-0.06181942671537399,0.6004859805107117,0.7124888300895691,-0.09492871910333633,0.5579409003257751,0.552493155002594,-0.12345363944768906,0.5148477554321289,0.42272794246673584,-0.15040412545204163,0.7605864405632019,0.5151252150535583,-0.03762418404221535,0.7632162570953369,0.32114648818969727,-0.0789065957069397,0.7655887007713318,0.19371190667152405,-0.11622979491949081,0.7732677459716797,0.09156882762908936,-0.14345812797546387,0.8512697219848633,0.5365572571754456,-0.038434550166130066,0.9039122462272644,0.3495441675186157,-0.0632549300789833,0.9353623390197754,0.23312917351722717,-0.0850190743803978,0.9605560302734375,0.14268404245376587,-0.10252299904823303,0.9229903221130371,0.6012686491012573,-0.04996491223573685,0.9985111951828003,0.42966964840888977,-0.07728586345911026,1.0417145490646362,0.3330129086971283,-0.08826053887605667,1.0766130685806274,0.2518678605556488,-0.09779972583055496,0.9756589531898499,0.6968834400177002,-0.06871912628412247,1.0559641122817993,0.5941861867904663,-0.09529916942119598,1.1113208532333374,0.5353372693061829,-0.0991889238357544,1.1607965230941772,0.4836796820163727,-0.10067074745893478
HELLO,0.7432509660720825,1.025453805923462,7.751013413326291e-7,0.6499084234237671,0.9016213417053223,-0.06101216748356819,0.5983515977859497,0.7113117575645447,-0.09295766055583954,0.5554558038711548,0.5519223809242249,-0.12063135951757431,0.5123637318611145,0.4229566156864166,-0.1469120979309082,0.7578724026679993,0.5154438614845276,-0.0358458086848259,0.7603604793548584,0.3239225745201111,-0.0764741599559784,0.7626988291740417,0.19787505269050598,-0.11320217698812485,0.7695985436439514,0.09664881229400635,-0.1400400996208191,0.8491350412368774,0.5366828441619873,-0.03698340058326721,0.9020323157310486,0.35080474615097046,-0.061244331300258636,0.9329401254653931,0.23422113060951233,-0.08241749554872513,0.9568981528282166,0.1428041160106659,-0.09936533123254776,0.9217257499694824,0.6002510786056519,-0.048939745873212814,0.9962510466575623,0.4288117289543152,-0.07582410424947739,1.0383355617523193,0.33071377873420715,-0.08631782978773117,1.0721681118011475,0.24801215529441833,-0.09537214040756226,0.9740169048309326,0.6935750246047974,-0.06811632215976715,1.0535764694213867,0.5879396796226501,-0.09439706057310104,1.1082180738449097,0.5263705253601074,-0.0981580838561058,1.1570603847503662,0.4716546833515167,-0.09955105185508728
HELLO,0.7426726222038269,1.0247442722320557,7.870776812524127e-7,0.6502976417541504,0.9006433486938477,-0.06096465513110161,0.5982776880264282,0.7122226357460022,-0.09308779984712601,0.5547990798950195,0.5524248480796814,-0.12082001566886902,0.5113533735275269,0.4229661822319031,-0.1470731794834137,0.7589096426963806,0.5153005719184875,-0.036051880568265915,0.7623048424720764,0.3235529363155365,-0.07603248953819275,0.7654113173484802,0.19706293940544128,-0.11213059723377228,0.7736577391624451,0.09566187858581543,-0.13856862485408783,0.849165141582489,0.5361490249633789,-0.03699939697980881,0.9018206000328064,0.3498235046863556,-0.05994780734181404,0.9323376417160034,0.2332380712032318,-0.07991500198841095,0.9566611647605896,0.14300957322120667,-0.09623079001903534,0.9210778474807739,0.6000931859016418,-0.04880869761109352,0.9965660572052002,0.4293264150619507,-0.07464587688446045,1.0397682189941406,0.3326777517795563,-0.08444459736347198,1.074069857597351,0.2519413232803345,-0.09331890195608139,0.9730724692344666,0.6942456960678101,-0.06780526041984558,1.05245840549469,0.5892874002456665,-0.09359622001647949,1.1070042848587036,0.5290781855583191,-0.09715519100427628,1.1557165384292603,0.4760996401309967,-0.09844935685396194
HELLO,0.7435633540153503,1.0213072299957275,7.826214982742385e-7,0.6493682265281677,0.9002499580383301,-0.06100212410092354,0.5966202020645142,0.7103849053382874,-0.09198879450559616,0.554187536239624,0.5515111684799194,-0.11858183145523071,0.5115388631820679,0.42250752449035645,-0.1437411606311798,0.7550424337387085,0.5144224762916565,-0.03431658446788788,0.7577093243598938,0.3230016827583313,-0.07335054129362106,0.7601534128189087,0.19755512475967407,-0.1091470867395401,0.7668085694313049,0.09709250926971436,-0.13541638851165771,0.8459307551383972,0.5341122150421143,-0.03491782024502754,0.898611307144165,0.3477040231227875,-0.05767221003770828,0.928874135017395,0.2317793071269989,-0.07880789786577225,0.9521662592887878,0.13988131284713745,-0.09601244330406189,0.9177085757255554,0.5957924723625183,-0.04638751596212387,0.9928470253944397,0.425284743309021,-0.07256431132555008,1.0345115661621094,0.3280435800552368,-0.08449649810791016,1.0674890279769897,0.24556204676628113,-0.09490246325731277,0.9695920944213867,0.6872672438621521,-0.06493327021598816,1.050081729888916,0.5868986248970032,-0.09120256453752518,1.1047533750534058,0.5296701192855835,-0.0961049422621727,1.1526001691818237,0.4784702956676483,-0.09860237687826157
HELLO,0.7421708106994629,1.0203115940093994,7.877827101765433e-7,0.6486075520515442,0.8982644081115723,-0.06074710562825203,0.596314549446106,0.7089459300041199,-0.09132789820432663,0.553542971611023,0.5499800443649292,-0.11734922230243683,0.5101330280303955,0.4217430353164673,-0.1419428139925003,0.7555671334266663,0.5131051540374756,-0.034219179302453995,0.7590883374214172,0.32128649950027466,-0.07285968214273453,0.7624695301055908,0.19582059979438782,-0.10795392096042633,0.7704870104789734,0.09546661376953125,-0.1338370442390442,0.8459155559539795,0.5329509377479553,-0.034702762961387634,0.8971063494682312,0.34707480669021606,-0.05669422820210457,0.9277464747428894,0.23173344135284424,-0.07682044804096222,0.9522168636322021,0.1420523226261139,-0.09330828487873077,0.9176955223083496,0.5957396626472473,-0.045963309705257416,0.99233078956604,0.42817336320877075,-0.07166223973035812,1.0359190702438354,0.3346545398235321,-0.08225498348474503,1.070482850074768,0.255368709564209,-0.09174240380525589,0.9701075553894043,0.6889588236808777,-0.06433942914009094,1.0477821826934814,0.5901244282722473,-0.09036073833703995,1.1013818979263306,0.5342658162117004,-0.09450572729110718,1.1488795280456543,0.4843341112136841,-0.0962558388710022
HELLO,0.7437136173248291,1.020392656326294,7.867323006394145e-7,0.64983069896698,0.8984522819519043,-0.06099648028612137,0.5969585180282593,0.7101413607597351,-0.09207015484571457,0.5538123846054077,0.5515152812004089,-0.11858636140823364,0.5100940465927124,0.42284369468688965,-0.14362944662570953,0.7564697265625,0.5135077238082886,-0.03480251878499985,0.7589049339294434,0.32240498065948486,-0.0736561194062233,0.7620511054992676,0.19699275493621826,-0.10910313576459885,0.7700405716896057,0.09681069850921631,-0.1351589858531952,0.8468758463859558,0.533065915107727,-0.035308901220560074,0.8983133435249329,0.3474394381046295,-0.05726763606071472,0.9283921122550964,0.23218658566474915,-0.07729289680719376,0.9526293873786926,0.142086923122406,-0.09368138015270233,0.9182312488555908,0.5957229137420654,-0.0466105118393898,0.9922751784324646,0.4278287887573242,-0.07204489409923553,1.035104751586914,0.3335952162742615,-0.08263295888900757,1.068910837173462,0.25335121154785156,-0.09211619198322296,0.9710673689842224,0.6886305212974548,-0.06509359925985336,1.0485910177230835,0.5892848372459412,-0.09087324142456055,1.1029008626937866,0.5339450240135193,-0.09501640498638153,1.1506832838058472,0.4835301339626312,-0.09685780853033066
HELLO,0.7445881962776184,1.0161528587341309,7.974865070536907e-7,0.6477026343345642,0.896704912185669,-0.06187955662608147,0.5939149260520935,0.7075650691986084,-0.09150813519954681,0.5505968332290649,0.5483292937278748,-0.11630596220493317,0.5090963244438171,0.41948628425598145,-0.1390334814786911,0.7514896392822266,0.5109071135520935,-0.030180662870407104,0.7541074752807617,0.31926217675209045,-0.06694034487009048,0.7564870715141296,0.19532865285873413,-0.1010316014289856,0.7635742425918579,0.09592652320861816,-0.12578342854976654,0.8415830731391907,0.5301337242126465,-0.02799532376229763,0.8929461240768433,0.34498053789138794,-0.04538601264357567,0.9224119186401367,0.23037904500961304,-0.061971575021743774,0.9448207020759583,0.14108026027679443,-0.07600373774766922,0.912263035774231,0.5886549353599548,-0.03703572228550911,0.9831404089927673,0.42288103699684143,-0.056910790503025055,1.0198664665222168,0.32784345746040344,-0.06307574361562729,1.0466736555099487,0.24830332398414612,-0.06983879208564758,0.9633686542510986,0.6754172444343567,-0.05382831022143364,1.0329607725143433,0.5779885053634644,-0.07434748858213425,1.0799800157546997,0.524802565574646,-0.07471553981304169,1.1205031871795654,0.47941213846206665,-0.0738414078950882
HELLO,0.7424386739730835,1.0165419578552246,8.645758384773217e-7,0.647431492805481,0.8951965570449829,-0.063886359333992,0.5926904082298279,0.7079050540924072,-0.0937487781047821,0.5502921342849731,0.5474282503128052,-0.11835210770368576,0.5079318284988403,0.41799691319465637,-0.14012011885643005,0.7520397305488586,0.5092222690582275,-0.031097155064344406,0.7553852200508118,0.31853705644607544,-0.06493817269802094,0.7588073015213013,0.19618958234786987,-0.0952121689915657,0.7676517963409424,0.10049289464950562,-0.11670579016208649,0.8427178263664246,0.5295332670211792,-0.027232874184846878,0.8957947492599487,0.3442678153514862,-0.04060922563076019,0.9255364537239075,0.2311755120754242,-0.052087731659412384,0.9476279020309448,0.14668545126914978,-0.06155407428741455,0.9147671461105347,0.5930073261260986,-0.034938566386699677,0.9828467965126038,0.42862027883529663,-0.05245358124375343,1.0199211835861206,0.33699220418930054,-0.055791955441236496,1.0473244190216064,0.2609790563583374,-0.05986202135682106,0.9664227366447449,0.6853344440460205,-0.050670068711042404,1.0362064838409424,0.5964947938919067,-0.07156918197870255,1.0844725370407104,0.5470031499862671,-0.07184357196092606,1.1271624565124512,0.5044596791267395,-0.06969420611858368
HELLO,0.7369117140769958,1.0116479396820068,8.269097975244222e-7,0.6418398022651672,0.8941357135772705,-0.0600249283015728,0.5888318419456482,0.7080644965171814,-0.08996850997209549,0.5459410548210144,0.5511640310287476,-0.11628394573926926,0.5033317804336548,0.4231688380241394,-0.1409001350402832,0.7444804310798645,0.5072226524353027,-0.0319872722029686,0.745244026184082,0.3200611174106598,-0.07095525413751602,0.7477599382400513,0.19539454579353333,-0.10461881011724472,0.7563901543617249,0.09786128997802734,-0.1286838948726654,0.8343618512153625,0.5263250470161438,-0.03244652971625328,0.8831737637519836,0.34536120295524597,-0.05428421124815941,0.9121147990226746,0.2285047173500061,-0.07118488103151321,0.9343912601470947,0.1372627317905426,-0.08404408395290375,0.9053362607955933,0.5865508913993835,-0.04434129595756531,0.9736942052841187,0.4218955636024475,-0.07173598557710648,1.0101557970046997,0.3251689374446869,-0.08179372549057007,1.0369504690170288,0.24324801564216614,-0.08932554721832275,0.9582442045211792,0.6776522397994995,-0.06356120854616165,1.046463131904602,0.5898672938346863,-0.09515811502933502,1.1055736541748047,0.537941575050354,-0.10415955632925034,1.1574854850769043,0.491560161113739,-0.10728250443935394
HELLO,0.7364850640296936,1.0102193355560303,8.447645427622774e-7,0.6403986215591431,0.8936491012573242,-0.060671839863061905,0.5873637199401855,0.7071894407272339,-0.09034976363182068,0.5451116561889648,0.5492797493934631,-0.11607970297336578,0.5024999380111694,0.421655535697937,-0.14003986120224,0.7441973686218262,0.5079264044761658,-0.03230991214513779,0.7461082339286804,0.32132670283317566,-0.07024682313203812,0.7487668395042419,0.19700732827186584,-0.10355507582426071,0.7567275762557983,0.09933608770370483,-0.1277875006198883,0.8337295055389404,0.5273905396461487,-0.03221915289759636,0.882439136505127,0.34702691435813904,-0.053683459758758545,0.9117487668991089,0.2291545569896698,-0.07129054516553879,0.934441328048706,0.13749560713768005,-0.08513116836547852,0.9044386744499207,0.5879390239715576,-0.04349585622549057,0.9720567464828491,0.422939658164978,-0.07110903412103653,1.009744644165039,0.3251803517341614,-0.08322524279356003,1.0379574298858643,0.24213922023773193,-0.09252795577049255,0.9575299620628357,0.6787861585617065,-0.0619424544274807,1.0460748672485352,0.5910719633102417,-0.09429774433374405,1.1053358316421509,0.5396116375923157,-0.10464417189359665,1.1569504737854004,0.4935007393360138,-0.10918208211660385
HELLO,0.7367069721221924,1.0082247257232666,8.554898727197724e-7,0.6402645111083984,0.893368124961853,-0.06135116145014763,0.5875755548477173,0.7076807022094727,-0.09152978658676147,0.5451911687850952,0.5494869351387024,-0.11773277819156647,0.5024247169494629,0.4222385287284851,-0.14221903681755066,0.7442566156387329,0.5088189840316772,-0.03379283472895622,0.7461357712745667,0.3222065269947052,-0.0723293125629425,0.7487590909004211,0.19741207361221313,-0.105805903673172,0.7568519115447998,0.09962344169616699,-0.1301114410161972,0.8340120911598206,0.5281127095222473,-0.03347659111022949,0.883463978767395,0.3473040461540222,-0.05543289706110954,0.9128228425979614,0.22942647337913513,-0.07323285937309265,0.9352073669433594,0.13800778985023499,-0.08710238337516785,0.9055635333061218,0.5884833335876465,-0.04452251270413399,0.9725656509399414,0.42334699630737305,-0.07260037213563919,1.0096940994262695,0.3253072202205658,-0.08502421528100967,1.0379403829574585,0.24210506677627563,-0.09451150894165039,0.9577327370643616,0.6791611313819885,-0.0627516657114029,1.0473957061767578,0.5936330556869507,-0.09568613022565842,1.106837511062622,0.5434044599533081,-0.10661909729242325,1.1581772565841675,0.49792566895484924,-0.11140792071819305
HELLO,0.7298508882522583,1.0093170404434204,8.421565098615247e-7,0.629086971282959,0.8944410085678101,-0.05857064202427864,0.5758486986160278,0.7079864144325256,-0.08461204171180725,0.5336605906486511,0.5516488552093506,-0.10686890035867691,0.4895557165145874,0.4284312129020691,-0.12696313858032227,0.7334980964660645,0.5045039057731628,-0.026108989492058754,0.7314220666885376,0.3216930329799652,-0.06073325127363205,0.7333793044090271,0.2015218436717987,-0.09299216419458389,0.7407509684562683,0.10829722881317139,-0.11651052534580231,0.8229065537452698,0.5243535041809082,-0.02545570395886898,0.8710240721702576,0.3440513610839844,-0.04361260309815407,0.9015563726425171,0.22715041041374207,-0.06217498704791069,0.9242867231369019,0.14070749282836914,-0.07699786126613617,0.8931897282600403,0.5851980447769165,-0.03590830788016319,0.959607720375061,0.43000394105911255,-0.06050797924399376,0.9955253005027771,0.33566612005233765,-0.07470010221004486,1.0217483043670654,0.257207453250885,-0.08555818349123001,0.9447883367538452,0.6772531270980835,-0.053434450179338455,1.0312657356262207,0.598672091960907,-0.08258461207151413,1.0879191160202026,0.5533553957939148,-0.0929020494222641,1.135634183883667,0.5140455961227417,-0.0975876972079277
HELLO,0.7264560461044312,1.0045397281646729,8.101904995783116e-7,0.6310341358184814,0.8895649909973145,-0.05793182551860809,0.5773171186447144,0.7057420015335083,-0.08536133170127869,0.5335316061973572,0.5502310395240784,-0.10917573422193527,0.49007195234298706,0.42581605911254883,-0.13131816685199738,0.7335165739059448,0.5066918134689331,-0.027768414467573166,0.731496274471283,0.32367005944252014,-0.06466493755578995,0.732440710067749,0.20161840319633484,-0.0978785827755928,0.7404028177261353,0.10592249035835266,-0.1219189316034317,0.8215034604072571,0.525449275970459,-0.02817511186003685,0.8683055639266968,0.34426507353782654,-0.04749325290322304,0.8978427052497864,0.22868609428405762,-0.06434861570596695,0.9200559854507446,0.14127689599990845,-0.07772444933652878,0.892084002494812,0.5849348902702332,-0.039811186492443085,0.9589763879776001,0.42389991879463196,-0.06471012532711029,0.9961553812026978,0.3297181725502014,-0.07460644096136093,1.023852825164795,0.2512730658054352,-0.08246925473213196,0.9444023370742798,0.6753308773040771,-0.058654848486185074,1.026132583618164,0.5883286595344543,-0.08725925534963608,1.0816154479980469,0.5399264097213745,-0.09444424510002136,1.1288301944732666,0.49753111600875854,-0.09688442200422287
HELLO,0.7170768976211548,1.0103360414505005,8.707709184818668e-7,0.6183153390884399,0.8980326056480408,-0.05693214386701584,0.5637134909629822,0.715447723865509,-0.08274916559457779,0.520257830619812,0.5588533878326416,-0.10560284554958344,0.47556760907173157,0.43625834584236145,-0.1260768622159958,0.7186224460601807,0.5067769885063171,-0.02539047971367836,0.7133675813674927,0.32375067472457886,-0.059805694967508316,0.7151927947998047,0.2023123800754547,-0.08984324336051941,0.7232685089111328,0.10992932319641113,-0.1113499328494072,0.806969940662384,0.5240985155105591,-0.02539047971367836,0.8523551821708679,0.3462192118167877,-0.04352974519133568,0.8847426176071167,0.23093745112419128,-0.05890771374106407,0.9090198278427124,0.14531242847442627,-0.07053659111261368,0.8763393759727478,0.5827710628509521,-0.03679486736655235,0.9389703273773193,0.4369363784790039,-0.06474460661411285,0.9750401973724365,0.3425068259239197,-0.08010012656450272,1.0012929439544678,0.26507890224456787,-0.09051673114299774,0.9269899129867554,0.6737831830978394,-0.055001482367515564,1.0210808515548706,0.6107791662216187,-0.09101062268018723,1.0832405090332031,0.5747801661491394,-0.10668043047189713,1.1342891454696655,0.5440611243247986,-0.11368469893932343
HELLO,0.7147239446640015,1.0083248615264893,8.689347055224061e-7,0.6185826063156128,0.8972429037094116,-0.054787397384643555,0.5633264780044556,0.7131402492523193,-0.07921230792999268,0.5195367336273193,0.5567561388015747,-0.10120823979377747,0.47538912296295166,0.4338003396987915,-0.12091011554002762,0.7186368703842163,0.5084109306335449,-0.021602336317300797,0.7127087712287903,0.32816019654273987,-0.05370784178376198,0.7130761742591858,0.20535507798194885,-0.08078666776418686,0.7192745804786682,0.1128169596195221,-0.09994876384735107,0.8055803775787354,0.5269900560379028,-0.02219833992421627,0.849740743637085,0.3496493399143219,-0.03753701224923134,0.8797983527183533,0.23293402791023254,-0.04866991937160492,0.9011976718902588,0.14641472697257996,-0.05699148774147034,0.8745602965354919,0.5864195823669434,-0.034388311207294464,0.935727059841156,0.4397435784339905,-0.061129774898290634,0.97217857837677,0.3451872766017914,-0.07318480312824249,0.9965218305587769,0.26868054270744324,-0.08083164691925049,0.9259134531021118,0.6765468120574951,-0.05334799364209175,1.0199930667877197,0.6105808615684509,-0.08928816020488739,1.0827503204345703,0.5741131901741028,-0.1038171648979187,1.1350102424621582,0.5433825850486755,-0.10957479476928711
HELLO,0.7149302959442139,1.007921576499939,8.840843293000944e-7,0.6188737750053406,0.8966244459152222,-0.05450227111577988,0.5639677047729492,0.713256299495697,-0.07896356284618378,0.5196998119354248,0.5568822622299194,-0.10096979886293411,0.4761878550052643,0.43408477306365967,-0.1203424334526062,0.7187838554382324,0.5088335275650024,-0.02102421596646309,0.7127995491027832,0.32650840282440186,-0.05307387188076973,0.7130075097084045,0.2034507691860199,-0.0805705115199089,0.7195677161216736,0.10991173982620239,-0.09989850223064423,0.8050523400306702,0.5275375247001648,-0.021169288083910942,0.8497349619865417,0.3495691120624542,-0.035598330199718475,0.8798614740371704,0.23175257444381714,-0.046824634075164795,0.9010342359542847,0.14513236284255981,-0.05530574172735214,0.8744364976882935,0.5870090126991272,-0.032719213515520096,0.9349682927131653,0.4396936297416687,-0.0564216747879982,0.9698313474655151,0.34577152132987976,-0.06628654152154922,0.9936128258705139,0.2705887258052826,-0.07284823805093765,0.925092339515686,0.6764519214630127,-0.05124373733997345,1.0147573947906494,0.6076440215110779,-0.08244528621435165,1.0736380815505981,0.5687995553016663,-0.09364926815032959,1.1224976778030396,0.5364922881126404,-0.09739881008863449
HELLO,0.7102827429771423,1.012994647026062,9.530050988360017e-7,0.6072811484336853,0.8996104001998901,-0.054292231798172,0.5513242483139038,0.7153059840202332,-0.07726716995239258,0.508647084236145,0.5580400824546814,-0.09796692430973053,0.4632919132709503,0.43634331226348877,-0.11572231352329254,0.7068902850151062,0.5088002681732178,-0.017978446558117867,0.6988528966903687,0.32438692450523376,-0.04545914754271507,0.6998879313468933,0.20130082964897156,-0.06794335693120956,0.7070186734199524,0.10918903350830078,-0.08342356234788895,0.7946347594261169,0.5255441665649414,-0.01651741750538349,0.8381444811820984,0.3469017744064331,-0.025651630014181137,0.8706539869308472,0.23168733716011047,-0.03067042864859104,0.8932996988296509,0.1479450762271881,-0.03430626541376114,0.865319013595581,0.5825895667076111,-0.027056893333792686,0.9192632436752319,0.4449506402015686,-0.05014336109161377,0.9515131711959839,0.34885093569755554,-0.06151930242776871,0.9728145599365234,0.27407559752464294,-0.06812180578708649,0.9177160263061523,0.6689590215682983,-0.04443308711051941,1.0135265588760376,0.6013393402099609,-0.07851628959178925,1.079007863998413,0.5646180510520935,-0.0943087786436081,1.1337201595306396,0.5353699326515198,-0.10055439174175262
HELLO,0.7088205218315125,1.0089430809020996,9.333240313935676e-7,0.6101938486099243,0.8993589282035828,-0.05541371926665306,0.5524526834487915,0.7147263288497925,-0.07891849428415298,0.5097211003303528,0.5565775036811829,-0.0996817871928215,0.46423786878585815,0.4341556131839752,-0.11765865981578827,0.7056304812431335,0.5096876621246338,-0.02045993134379387,0.698177695274353,0.3274781405925751,-0.04817802831530571,0.6999914050102234,0.20422908663749695,-0.06979522854089737,0.7082000374794006,0.11137861013412476,-0.08503062278032303,0.7924681901931763,0.5261553525924683,-0.019785799086093903,0.8349899053573608,0.3482401669025421,-0.03199884295463562,0.8658720254898071,0.23267826437950134,-0.039257001131772995,0.888953685760498,0.14780056476593018,-0.044560179114341736,0.8624160885810852,0.5835648775100708,-0.030920227989554405,0.917783260345459,0.44327738881111145,-0.05941357836127281,0.9517344236373901,0.3463151156902313,-0.07370519638061523,0.9757117033004761,0.270153671503067,-0.08192961663007736,0.9149240851402283,0.6711414456367493,-0.04840274155139923,1.0134550333023071,0.6038541793823242,-0.08786197751760483,1.0811281204223633,0.5694128274917603,-0.10597369074821472,1.1371265649795532,0.5413141250610352,-0.11370374262332916
HELLO,0.7028300762176514,1.009803295135498,9.561235856381245e-7,0.600674033164978,0.8958756327629089,-0.051652587950229645,0.5439976453781128,0.7113550901412964,-0.07233145833015442,0.501684308052063,0.5552896857261658,-0.09100481867790222,0.4560271203517914,0.43563956022262573,-0.10660310089588165,0.6982778906822205,0.5064660906791687,-0.012757164426147938,0.690201997756958,0.3232165575027466,-0.03625485673546791,0.6903356909751892,0.2006852626800537,-0.0557972751557827,0.6966148018836975,0.10941517353057861,-0.06943462044000626,0.786054790019989,0.5233405232429504,-0.012032958678901196,0.8291755318641663,0.3433070182800293,-0.016990983858704567,0.8616592884063721,0.22829851508140564,-0.01940871775150299,0.8842323422431946,0.14443030953407288,-0.02145877480506897,0.8573493957519531,0.5808888673782349,-0.0230854544788599,0.9108121395111084,0.44019079208374023,-0.04169197008013725,0.9438579082489014,0.34444716572761536,-0.049691662192344666,0.9663567543029785,0.2697155773639679,-0.05459398031234741,0.9108178615570068,0.666238009929657,-0.04097890853881836,1.0001375675201416,0.5939347743988037,-0.06988029181957245,1.061386227607727,0.5529965758323669,-0.08164585381746292,1.1131577491760254,0.5197493433952332,-0.08565684407949448
HELLO,0.7005212306976318,1.0039373636245728,8.95490188668191e-7,0.6036654710769653,0.8936487436294556,-0.052575502544641495,0.5451986789703369,0.7082907557487488,-0.07459430396556854,0.5012063980102539,0.5519493818283081,-0.09418654441833496,0.4561266601085663,0.4314195513725281,-0.11090286821126938,0.6980295181274414,0.5063779950141907,-0.017727380618453026,0.6896297931671143,0.322842001914978,-0.045475561171770096,0.6909026503562927,0.19989562034606934,-0.06749436259269714,0.6982754468917847,0.1076170802116394,-0.08241322636604309,0.7848519086837769,0.5245508551597595,-0.01730048656463623,0.8273937702178955,0.34466615319252014,-0.02617541328072548,0.8578687906265259,0.23034194111824036,-0.03033202327787876,0.8790022730827332,0.14566105604171753,-0.033185478299856186,0.8551012277603149,0.5822106599807739,-0.028512101620435715,0.910422682762146,0.44066089391708374,-0.050104010850191116,0.9459316730499268,0.34746024012565613,-0.05742862820625305,0.9694106578826904,0.2734869420528412,-0.06129315495491028,0.9079292416572571,0.6685028076171875,-0.04650909826159477,0.9959820508956909,0.5994566082954407,-0.0766613781452179,1.054980754852295,0.5634629726409912,-0.08695179224014282,1.104562759399414,0.5345076322555542,-0.08960304409265518
HELLO,0.7004948854446411,1.002683401107788,8.981970154309238e-7,0.6042526960372925,0.8924681544303894,-0.05192333087325096,0.5459240674972534,0.7073192000389099,-0.07403635233640671,0.501798152923584,0.551014244556427,-0.09396921843290329,0.45725730061531067,0.4296286702156067,-0.11105453222990036,0.6986704468727112,0.5072106122970581,-0.016707120463252068,0.6902468800544739,0.323974609375,-0.04489343240857124,0.6911947727203369,0.2004353404045105,-0.06745138019323349,0.6982606649398804,0.10776343941688538,-0.08257900923490524,0.7850847244262695,0.5244919657707214,-0.01660701259970665,0.827487051486969,0.3446166217327118,-0.02509405091404915,0.8581433296203613,0.23009756207466125,-0.028964944183826447,0.8784909248352051,0.14515754580497742,-0.03167901560664177,0.8556210994720459,0.5817326307296753,-0.028186315670609474,0.9105314016342163,0.4414792060852051,-0.04827490448951721,0.9451187252998352,0.34840214252471924,-0.054503925144672394,0.9681700468063354,0.27499133348464966,-0.057974375784397125,0.9076705574989319,0.6668480634689331,-0.04667315632104874,0.9941120743751526,0.5984711050987244,-0.07434780150651932,1.0520687103271484,0.5635000467300415,-0.08293494582176208,1.098878264427185,0.5356580018997192,-0.08462568372488022
HELLO,0.6962063312530518,1.0040152072906494,9.536721563563333e-7,0.5976012945175171,0.8906018733978271,-0.05357130616903305,0.5404454469680786,0.7058706283569336,-0.07684772461652756,0.4956297278404236,0.5494187474250793,-0.0979919508099556,0.45093709230422974,0.425284743309021,-0.11593790352344513,0.6941865086555481,0.5024703145027161,-0.015280704014003277,0.6862115263938904,0.3184042274951935,-0.04097805172204971,0.6865229606628418,0.19462916254997253,-0.06187796592712402,0.6929649114608765,0.1013161838054657,-0.07667003571987152,0.7807778120040894,0.5196434855461121,-0.015580544248223305,0.8223922848701477,0.34064576029777527,-0.023787258192896843,0.8539914488792419,0.2248927354812622,-0.028140483424067497,0.8760589957237244,0.1390855312347412,-0.03153866156935692,0.8507188558578491,0.5776119828224182,-0.0279183778911829,0.9048091173171997,0.43626928329467773,-0.05019533634185791,0.9408587217330933,0.3421023488044739,-0.0590350441634655,0.9655874967575073,0.26624932885169983,-0.06423225998878479,0.9036150574684143,0.6634208559989929,-0.04713030904531479,0.9931141138076782,0.590866208076477,-0.07902433723211288,1.0550477504730225,0.5530431866645813,-0.09132885932922363,1.1065880060195923,0.5213725566864014,-0.09559323638677597
HELLO,0.6961267590522766,1.0035215616226196,9.168223300548561e-7,0.5998824238777161,0.8907445073127747,-0.05323975533246994,0.5417281985282898,0.7056882381439209,-0.07636997103691101,0.4963526427745819,0.549143373966217,-0.09726322442293167,0.4505869448184967,0.4269251227378845,-0.11471153795719147,0.6940706968307495,0.5015025734901428,-0.01574823074042797,0.686163067817688,0.31789472699165344,-0.04330763593316078,0.6876531839370728,0.19485339522361755,-0.06567727774381638,0.6957364082336426,0.10217702388763428,-0.08093337714672089,0.7807938456535339,0.5198187828063965,-0.015379131771624088,0.8222851157188416,0.34092655777931213,-0.023756563663482666,0.8535952568054199,0.22726646065711975,-0.02764888107776642,0.8753219246864319,0.1424216628074646,-0.030377978459000587,0.8511019945144653,0.5778073668479919,-0.02695542201399803,0.9049103856086731,0.4370726943016052,-0.047423649579286575,0.9410991668701172,0.34484541416168213,-0.05346345156431198,0.9660266041755676,0.27055516839027405,-0.05663994327187538,0.9034118056297302,0.6640315055847168,-0.04558933526277542,0.98814457654953,0.5936799049377441,-0.07399878650903702,1.0454537868499756,0.5569420456886292,-0.08281242847442627,1.094049334526062,0.526579737663269,-0.08451252430677414
HELLO,0.6968590617179871,0.9970171451568604,9.158131319964014e-7,0.5962329506874084,0.8868272304534912,-0.05554972216486931,0.5368557572364807,0.7030794024467468,-0.07878854870796204,0.49100250005722046,0.5441445708274841,-0.09912251681089401,0.44456756114959717,0.4214000701904297,-0.11619411408901215,0.6898683309555054,0.4982910454273224,-0.015094062313437462,0.6826456189155579,0.31310388445854187,-0.04046683385968208,0.6835989952087402,0.19021648168563843,-0.06211915984749794,0.6914669275283813,0.09737822413444519,-0.07753723114728928,0.7775144577026367,0.5157924890518188,-0.013250598683953285,0.8193812370300293,0.3368421792984009,-0.02038983255624771,0.8508651852607727,0.22240197658538818,-0.025830844417214394,0.8732582330703735,0.13727837800979614,-0.03054564632475376,0.8475038409233093,0.5733161568641663,-0.0233505479991436,0.9021260142326355,0.4314596652984619,-0.04332699626684189,0.9399577379226685,0.3400542438030243,-0.05188513919711113,0.9667222499847412,0.2654414474964142,-0.05765015631914139,0.8993499279022217,0.658202052116394,-0.04053386673331261,0.9807996153831482,0.5862387418746948,-0.06882266700267792,1.0345770120620728,0.5528342127799988,-0.0783863291144371,1.0798370838165283,0.5246756076812744,-0.08146994560956955
HELLO,0.6937766075134277,0.9964410066604614,9.048712854564656e-7,0.596484899520874,0.8854098320007324,-0.05218900367617607,0.536587655544281,0.6997599601745605,-0.07361582666635513,0.49106672406196594,0.5430814623832703,-0.0926421508193016,0.4452093541622162,0.4235607385635376,-0.10891231894493103,0.690595805644989,0.4980235695838928,-0.017537105828523636,0.6838120818138123,0.31329262256622314,-0.04505413770675659,0.6860542297363281,0.19150224328041077,-0.06725890934467316,0.694664716720581,0.09870836138725281,-0.08299563080072403,0.7772729396820068,0.516357958316803,-0.018581775948405266,0.820379912853241,0.33627569675445557,-0.02991754747927189,0.8524096012115479,0.22285926342010498,-0.03796372190117836,0.8758141994476318,0.13936567306518555,-0.043876104056835175,0.846760630607605,0.5743758082389832,-0.03096221573650837,0.9009745121002197,0.4335785210132599,-0.0557008720934391,0.9377394914627075,0.3430619239807129,-0.06761454790830612,0.9643340110778809,0.26863518357276917,-0.07508281618356705,0.8985137939453125,0.6610544323921204,-0.04974403232336044,0.9820959568023682,0.5977805256843567,-0.0817064642906189,1.0387225151062012,0.5643957257270813,-0.09397576749324799,1.0872180461883545,0.5344932675361633,-0.09886571019887924
HELLO,0.6910393238067627,0.9951537847518921,8.964496487351425e-7,0.5923478603363037,0.8837927579879761,-0.05344933271408081,0.5329597592353821,0.6969420313835144,-0.07576442509889603,0.486616313457489,0.5393187403678894,-0.09505072981119156,0.44063061475753784,0.41686224937438965,-0.11153093725442886,0.6866343021392822,0.4940382242202759,-0.01506603043526411,0.6797465682029724,0.30771705508232117,-0.04077738896012306,0.6805111765861511,0.18523690104484558,-0.06307021528482437,0.6879658699035645,0.09241846203804016,-0.07914955914020538,0.773270845413208,0.5121920108795166,-0.014386777766048908,0.8164933323860168,0.33191749453544617,-0.021780602633953094,0.8482216596603394,0.21987858414649963,-0.028595393523573875,0.8716459274291992,0.13632231950759888,-0.0342743843793869,0.8429263234138489,0.5704485774040222,-0.025121184065937996,0.896039605140686,0.42858535051345825,-0.0431603379547596,0.9340072870254517,0.33847689628601074,-0.05189039558172226,0.9619011282920837,0.2630763649940491,-0.05888334661722183,0.8925590515136719,0.6573792099952698,-0.04275946319103241,0.965329110622406,0.5930803418159485,-0.06756886094808578,1.012751817703247,0.561314582824707,-0.07536355406045914,1.0538620948791504,0.5323331952095032,-0.07816964387893677
HELLO,0.6878275871276855,0.992962121963501,9.203022273140959e-7,0.5911132097244263,0.8794522881507874,-0.05119221657514572,0.5328563451766968,0.694402277469635,-0.07153497636318207,0.4867531955242157,0.538696825504303,-0.08986581116914749,0.4421175718307495,0.41584405303001404,-0.10524582862854004,0.6872310638427734,0.49199655652046204,-0.009713108651340008,0.6818585991859436,0.3060430884361267,-0.033487312495708466,0.6837975382804871,0.1859060823917389,-0.05342768505215645,0.6931728720664978,0.0952933132648468,-0.06768997758626938,0.7733895778656006,0.5113946199417114,-0.010747012682259083,0.81718510389328,0.32930776476860046,-0.01686660572886467,0.8505470156669617,0.21760118007659912,-0.02189641073346138,0.8753632307052612,0.1363978385925293,-0.025797301903367043,0.841923713684082,0.5701581239700317,-0.023584187030792236,0.89673912525177,0.42606812715530396,-0.04213856905698776,0.9345495700836182,0.33890825510025024,-0.050700414925813675,0.9618314504623413,0.2658497989177704,-0.05691501498222351,0.8922231197357178,0.6559985876083374,-0.043189242482185364,0.9670447707176208,0.5966812372207642,-0.06907596439123154,1.0156559944152832,0.5648370385169983,-0.07801783829927444,1.0593042373657227,0.5346630215644836,-0.08123691380023956
HELLO,0.6865060329437256,0.9889475703239441,8.638162967145036e-7,0.588564395904541,0.877368688583374,-0.05248737707734108,0.5289533138275146,0.6935350298881531,-0.07395744323730469,0.4839248061180115,0.536137044429779,-0.0925140455365181,0.4392751455307007,0.41417282819747925,-0.10838127136230469,0.6856057643890381,0.4895128607749939,-0.01537418458610773,0.6793608069419861,0.3051271438598633,-0.041841983795166016,0.6805099844932556,0.18382814526557922,-0.06490326672792435,0.6883626580238342,0.09028297662734985,-0.0817117691040039,0.7716724872589111,0.5075954794883728,-0.015441418625414371,0.8158102035522461,0.3280239403247833,-0.02467489428818226,0.8485546112060547,0.2163882553577423,-0.03283262625336647,0.8724048137664795,0.13421085476875305,-0.039623260498046875,0.8401694297790527,0.5662176609039307,-0.026848793029785156,0.8945362567901611,0.4247000813484192,-0.04639148712158203,0.9325580596923828,0.3337109684944153,-0.05647659674286842,0.9609832763671875,0.25744566321372986,-0.06445503234863281,0.8900091648101807,0.6528816819190979,-0.045069217681884766,0.9650087356567383,0.589880108833313,-0.07081985473632812,1.0147279500961304,0.5540719628334045,-0.0802774503827095,1.0592679977416992,0.5209963917732239,-0.08453559875488281
HELLO,0.6875090003013611,0.9872210025787354,8.951651579991449e-7,0.5886448621749878,0.8765867948532104,-0.05330795794725418,0.5278940200805664,0.692371129989624,-0.07554193586111069,0.48216545581817627,0.5342277884483337,-0.09482923895120621,0.4373286962509155,0.4119197130203247,-0.11116986721754074,0.6824570894241333,0.48661988973617554,-0.015715578570961952,0.6761037707328796,0.3013949394226074,-0.04248117655515671,0.6774632334709167,0.17890015244483948,-0.06545181572437286,0.6858505606651306,0.08551278710365295,-0.0819263830780983,0.7688806653022766,0.5039679408073425,-0.015179821290075779,0.8117519021034241,0.3239734172821045,-0.02375195547938347,0.8444049954414368,0.21042883396148682,-0.030627522617578506,0.8678422570228577,0.1267082691192627,-0.036409247666597366,0.8383208513259888,0.5622557997703552,-0.02625216171145439,0.8907827734947205,0.4203566610813141,-0.045226939022541046,0.9282352328300476,0.32840120792388916,-0.05397765710949898,0.955325722694397,0.25243762135505676,-0.060853224247694016,0.8898146152496338,0.6482933759689331,-0.04431168735027313,0.9661694169044495,0.5824574828147888,-0.06955929100513458,1.0162291526794434,0.5469076037406921,-0.07817607372999191,1.059826374053955,0.514859676361084,-0.0816585049033165
HELLO,0.6858358383178711,0.9854872822761536,8.972861564870982e-7,0.5869347453117371,0.8740939497947693,-0.05344242975115776,0.5267443060874939,0.6904159784317017,-0.07520368695259094,0.4811764359474182,0.5328285098075867,-0.09401578456163406,0.43636763095855713,0.410970538854599,-0.11010213196277618,0.6813558340072632,0.4870574176311493,-0.016242744401097298,0.6758773326873779,0.3016791045665741,-0.04316503927111626,0.6776946187019348,0.18104475736618042,-0.06631150841712952,0.686680257320404,0.08824235200881958,-0.0832468569278717,0.7674027681350708,0.5049757957458496,-0.01627625711262226,0.8111079335212708,0.32487931847572327,-0.026989320293068886,0.8445942997932434,0.2128395140171051,-0.03623897209763527,0.8701162338256836,0.12990319728851318,-0.043611884117126465,0.8357224464416504,0.5634105205535889,-0.027726612985134125,0.8897549510002136,0.4186953008174896,-0.04986768588423729,0.9271049499511719,0.3296273350715637,-0.06148560345172882,0.9546071887016296,0.254288911819458,-0.07006499171257019,0.8860232830047607,0.6497902870178223,-0.04584609717130661,0.9621198177337646,0.5887328386306763,-0.07453342527151108,1.0113887786865234,0.5557985901832581,-0.08548106998205185,1.0547040700912476,0.5234798192977905,-0.09048571437597275
HELLO,0.6876781582832336,0.9832234978675842,9.235385505235172e-7,0.5866103768348694,0.873620867729187,-0.054378997534513474,0.5257033705711365,0.6916974186897278,-0.07771609723567963,0.4794950485229492,0.5331211090087891,-0.09824739396572113,0.4351688623428345,0.4093274474143982,-0.11588382720947266,0.6801314353942871,0.4865759015083313,-0.01705745793879032,0.6734174489974976,0.30333414673805237,-0.044759124517440796,0.674992024898529,0.1816401183605194,-0.06760632246732712,0.6839649677276611,0.08777841925621033,-0.08386212587356567,0.7668607234954834,0.5021342635154724,-0.016589825972914696,0.809162974357605,0.3242344856262207,-0.02734537608921528,0.8415502309799194,0.21035608649253845,-0.0343375988304615,0.864489734172821,0.12562337517738342,-0.039904654026031494,0.8362597823143005,0.5593230128288269,-0.02805795893073082,0.889258861541748,0.4176086485385895,-0.05157320201396942,0.9242364168167114,0.32529810070991516,-0.0619501918554306,0.9485557675361633,0.24816450476646423,-0.06876426190137863,0.8883534669876099,0.6437556743621826,-0.046317897737026215,0.9736929535865784,0.5752691030502319,-0.07700350880622864,1.0291277170181274,0.539689838886261,-0.08862751722335815,1.0759742259979248,0.5066641569137573,-0.09343745559453964
HELLO,0.6891351938247681,0.9831711053848267,9.06904006114928e-7,0.5865346193313599,0.8729146718978882,-0.053003475069999695,0.5254902243614197,0.6892876029014587,-0.07473711669445038,0.4794974625110626,0.5323562622070312,-0.0939425602555275,0.4334816634654999,0.4102398157119751,-0.1104423850774765,0.6793676614761353,0.484397292137146,-0.011521048843860626,0.6718164682388306,0.3019646406173706,-0.03555002808570862,0.6733066439628601,0.1812846064567566,-0.056995365768671036,0.6811854243278503,0.08794647455215454,-0.07274117320775986,0.7662939429283142,0.5016210675239563,-0.011321453377604485,0.8067495822906494,0.32386165857315063,-0.01770848222076893,0.8383191227912903,0.21110501885414124,-0.023219512775540352,0.8602679967880249,0.12600064277648926,-0.02838679775595665,0.8355600237846375,0.5587331652641296,-0.02301991917192936,0.8861830234527588,0.41557443141937256,-0.042269714176654816,0.922861635684967,0.3236074149608612,-0.051140591502189636,0.9478866457939148,0.24653038382530212,-0.058059874922037125,0.8855577707290649,0.6421240568161011,-0.04167093336582184,0.963937520980835,0.5725863575935364,-0.06923717260360718,1.0140879154205322,0.5418834090232849,-0.07864030450582504,1.0560762882232666,0.515063464641571,-0.08249913156032562
HELLO,0.6886722445487976,0.9787219166755676,9.206096365232952e-7,0.5868129730224609,0.869746208190918,-0.05492878705263138,0.5255497097969055,0.6908606886863708,-0.07743187248706818,0.47962746024131775,0.5335484147071838,-0.09692274034023285,0.43548256158828735,0.4106842875480652,-0.1134013757109642,0.6788963079452515,0.48669832944869995,-0.015016822144389153,0.6721392869949341,0.3034643530845642,-0.04117444530129433,0.673460841178894,0.18419253826141357,-0.06343389302492142,0.6821776032447815,0.09203329682350159,-0.07942526042461395,0.7650690674781799,0.5022255182266235,-0.013577155768871307,0.8068331480026245,0.32342150807380676,-0.02221515215933323,0.8388434648513794,0.21160072088241577,-0.028815466910600662,0.8616988658905029,0.1291075348854065,-0.03417545184493065,0.83372962474823,0.5581024885177612,-0.02405349351465702,0.8852422833442688,0.4155466556549072,-0.044452451169490814,0.9210536479949951,0.32599371671676636,-0.05359986796975136,0.9459070563316345,0.25118789076805115,-0.06028877943754196,0.8845410346984863,0.6415016651153564,-0.04161741957068443,0.9619144797325134,0.578976035118103,-0.0691925585269928,1.0104217529296875,0.5459682941436768,-0.07907088100910187,1.0527470111846924,0.5155103206634521,-0.08301334828138351
HELLO,0.6869873404502869,0.980101466178894,9.174947308565606e-7,0.5864428877830505,0.8688367605209351,-0.05299275368452072,0.5257750749588013,0.689459502696991,-0.07519420981407166,0.47954729199409485,0.5340027809143066,-0.09488478302955627,0.4351712465286255,0.41129210591316223,-0.11153586953878403,0.6791823506355286,0.48633474111557007,-0.013479453511536121,0.6726038455963135,0.3033839762210846,-0.03977760300040245,0.6734687089920044,0.18407344818115234,-0.06228741258382797,0.6818744540214539,0.09235438704490662,-0.07836584001779556,0.7646532654762268,0.5013540983200073,-0.013336289674043655,0.806210994720459,0.32355770468711853,-0.0222565159201622,0.8378970623016357,0.21155649423599243,-0.02911738120019436,0.8609702587127686,0.12923675775527954,-0.034535594284534454,0.8329227566719055,0.5569376945495605,-0.02495460957288742,0.8852739930152893,0.41549330949783325,-0.04537201300263405,0.9209274649620056,0.3262648284435272,-0.05418211594223976,0.9467579126358032,0.2521856725215912,-0.06048133596777916,0.8843726515769958,0.6412931680679321,-0.043499868363142014,0.9618762135505676,0.5792880058288574,-0.07092130929231644,1.0115067958831787,0.5449393391609192,-0.08056836575269699,1.0550463199615479,0.5127564668655396,-0.08422455936670303
HELLO,0.6869863867759705,0.9804092049598694,8.596655902692873e-7,0.5873597264289856,0.8718525171279907,-0.050510868430137634,0.5264840126037598,0.6909447312355042,-0.07086533308029175,0.48159950971603394,0.5360416769981384,-0.08887969702482224,0.43660053610801697,0.4169018864631653,-0.10402412712574005,0.6780040860176086,0.4883257746696472,-0.013521811924874783,0.6713840961456299,0.3075081706047058,-0.03938434645533562,0.6732118725776672,0.188892662525177,-0.0614166185259819,0.6820743680000305,0.09725314378738403,-0.07722334563732147,0.7635267376899719,0.5044314861297607,-0.013919186778366566,0.8044296503067017,0.32798850536346436,-0.022981559857726097,0.8365985155105591,0.2183952033519745,-0.02971487119793892,0.860027551651001,0.1369682252407074,-0.03516774624586105,0.8316786289215088,0.5595802068710327,-0.025674883276224136,0.8831061124801636,0.41916728019714355,-0.04711109772324562,0.9190555214881897,0.32967835664749146,-0.05682472512125969,0.9440501928329468,0.254845529794693,-0.06362427026033401,0.8833622932434082,0.6424762606620789,-0.04393208771944046,0.96451735496521,0.5776936411857605,-0.07236652821302414,1.0175957679748535,0.5447403192520142,-0.08274244517087936,1.0622936487197876,0.5136882662773132,-0.08693696558475494
HELLO,0.6779141426086426,0.9927376508712769,8.257467243311112e-7,0.5776860117912292,0.8848999738693237,-0.05065165087580681,0.518416702747345,0.705036997795105,-0.07082460075616837,0.47269439697265625,0.5533589720726013,-0.08827859908342361,0.4253328740596771,0.43447381258010864,-0.10244351625442505,0.6697749495506287,0.49565574526786804,-0.010004249401390553,0.6605373620986938,0.31657466292381287,-0.033680059015750885,0.659317672252655,0.20045754313468933,-0.05569489300251007,0.665545642375946,0.11027303338050842,-0.07178939878940582,0.7547540068626404,0.509497880935669,-0.010294782929122448,0.7950941324234009,0.33413073420524597,-0.018824433907866478,0.8255500197410583,0.224441260099411,-0.02747468464076519,0.8477787971496582,0.1438204050064087,-0.03414052724838257,0.8229225873947144,0.5634196996688843,-0.021740740165114403,0.8748739957809448,0.42411118745803833,-0.04185887426137924,0.9108145236968994,0.3363749384880066,-0.05126561224460602,0.935178279876709,0.2641752064228058,-0.05714207515120506,0.8743910193443298,0.6456059217453003,-0.0397757962346077,0.9530692100524902,0.5705907940864563,-0.06551823765039444,1.0042917728424072,0.5285213589668274,-0.07428909093141556,1.0463032722473145,0.4904121160507202,-0.07696419954299927
HELLO,0.6800602078437805,0.986694872379303,8.229488344113634e-7,0.5821163654327393,0.8828938007354736,-0.05349034443497658,0.5196245312690735,0.706297755241394,-0.07583329826593399,0.47407835721969604,0.5520529747009277,-0.09450402855873108,0.42729976773262024,0.43408191204071045,-0.11034318804740906,0.6685440540313721,0.4968299865722656,-0.02044047974050045,0.6610437035560608,0.31597161293029785,-0.047605961561203,0.6616019010543823,0.1993567943572998,-0.07136470079421997,0.6693235635757446,0.10762631893157959,-0.08892935514450073,0.7537974119186401,0.5100744366645813,-0.020108653232455254,0.7945983409881592,0.33276230096817017,-0.03391261398792267,0.8254005312919617,0.2224736213684082,-0.04601319879293442,0.8487730622291565,0.14175796508789062,-0.05565827339887619,0.8213118314743042,0.5635665059089661,-0.030594352632761,0.8745365142822266,0.42394256591796875,-0.05565827339887619,0.9098131656646729,0.33722633123397827,-0.06986042112112045,0.9346539974212646,0.26577484607696533,-0.07950549572706223,0.8735156655311584,0.6452516913414001,-0.047340501099824905,0.9512292742729187,0.5720426440238953,-0.07711635529994965,1.0029513835906982,0.5325902104377747,-0.08946028351783752,1.0461113452911377,0.4961965084075928,-0.09538890421390533
HELLO,0.6685633659362793,1.001526951789856,7.889026960583578e-7,0.5645724534988403,0.8938888311386108,-0.05218430608510971,0.4989459812641144,0.7246038317680359,-0.07562115788459778,0.4487791955471039,0.5804001688957214,-0.09506409615278244,0.39766234159469604,0.46572571992874146,-0.11182978749275208,0.6479260921478271,0.506232738494873,-0.02321740798652172,0.6364314556121826,0.3233713209629059,-0.053457096219062805,0.6353347301483154,0.2093064785003662,-0.08176565170288086,0.6412924528121948,0.11714878678321838,-0.10261304676532745,0.7350894808769226,0.5170326232910156,-0.024095192551612854,0.7718607187271118,0.34080809354782104,-0.04235311597585678,0.8003504872322083,0.22997456789016724,-0.06096215918660164,0.8217737674713135,0.14743688702583313,-0.0753578320145607,0.8058421611785889,0.5708415508270264,-0.03491389378905296,0.8540080189704895,0.4277879595756531,-0.062191057950258255,0.8861092329025269,0.3389068841934204,-0.0793517455458641,0.9073795080184937,0.2651101350784302,-0.09076295047998428,0.8607736825942993,0.6559796929359436,-0.05152596905827522,0.939651370048523,0.5721968412399292,-0.07992230355739594,0.9904230237007141,0.5195534229278564,-0.09155295789241791,1.0321645736694336,0.46987053751945496,-0.09734634310007095
HELLO,0.6521015167236328,1.0155580043792725,8.34009597383556e-7,0.5483962297439575,0.9041215181350708,-0.05223136022686958,0.48060810565948486,0.737652063369751,-0.07433263957500458,0.4265730082988739,0.5973368287086487,-0.09264008700847626,0.3755476474761963,0.48639217019081116,-0.10781541466712952,0.6288571357727051,0.5197403430938721,-0.015042985789477825,0.6126254796981812,0.3340070843696594,-0.040827810764312744,0.6069918274879456,0.2201271951198578,-0.06665675342082977,0.6092041730880737,0.1271955370903015,-0.08567002415657043,0.7136469483375549,0.528900682926178,-0.014050413854420185,0.7486746311187744,0.34791314601898193,-0.024284938350319862,0.7738789319992065,0.23495066165924072,-0.03833535313606262,0.7926722764968872,0.1510629951953888,-0.049716848880052567,0.7831196784973145,0.5803379416465759,-0.02355705015361309,0.8283417820930481,0.4372837543487549,-0.03926175460219383,0.8561086654663086,0.3440319299697876,-0.05165788158774376,0.8761156797409058,0.26616171002388,-0.061627715826034546,0.8376775979995728,0.6622979044914246,-0.03985729441046715,0.9048518538475037,0.5832460522651672,-0.05690748617053032,0.947081983089447,0.5281631946563721,-0.06334817409515381,0.984832763671875,0.4766175448894501,-0.06683320552110672
HELLO,0.6456775665283203,1.0098706483840942,8.3143964957344e-7,0.5490493178367615,0.9037563800811768,-0.05106698349118233,0.4825019836425781,0.7372771501541138,-0.07400047034025192,0.4279733896255493,0.5964392423629761,-0.09395615011453629,0.37645798921585083,0.48660123348236084,-0.11084513366222382,0.6264440417289734,0.5220373868942261,-0.017533443868160248,0.6128211617469788,0.339687317609787,-0.04351138323545456,0.6078906655311584,0.22586661577224731,-0.0664893090724945,0.612112820148468,0.13399606943130493,-0.08328941464424133,0.7106960415840149,0.5305907726287842,-0.01794455759227276,0.7449117302894592,0.34817788004875183,-0.029266849160194397,0.7697746157646179,0.2357838749885559,-0.03995580971240997,0.7894123792648315,0.15223008394241333,-0.04848919436335564,0.7803256511688232,0.5813264846801758,-0.028822405263781548,0.8287453651428223,0.4338621497154236,-0.04831141605973244,0.8580865859985352,0.3439475893974304,-0.0575559176504612,0.8781071305274963,0.2691204845905304,-0.06422262638807297,0.8352367877960205,0.6607773303985596,-0.0463114008307457,0.9076625108718872,0.5814930200576782,-0.0682670921087265,0.9523082971572876,0.52695631980896,-0.07537825405597687,0.9920526742935181,0.47482091188430786,-0.0782671570777893
HELLO,0.6437609195709229,1.0135515928268433,8.737293342164776e-7,0.5443864464759827,0.907882571220398,-0.05479030683636665,0.4770868718624115,0.7454795837402344,-0.07900921255350113,0.4213700294494629,0.6029683947563171,-0.09969894587993622,0.36952823400497437,0.48887282609939575,-0.11646248400211334,0.6199068427085876,0.5280371308326721,-0.012495454400777817,0.600629448890686,0.3447110652923584,-0.035313718020915985,0.5905726552009583,0.22887611389160156,-0.05664312094449997,0.5897567272186279,0.13659146428108215,-0.07173030823469162,0.7023956775665283,0.535006582736969,-0.009071060456335545,0.7354721426963806,0.3524008095264435,-0.013565232045948505,0.7578744292259216,0.23819705843925476,-0.019564814865589142,0.7731150388717651,0.15461701154708862,-0.024505646899342537,0.772202730178833,0.5841166377067566,-0.01699514128267765,0.8163880109786987,0.43925273418426514,-0.026226116344332695,0.8426274061203003,0.3439024090766907,-0.029667051509022713,0.8599100708961487,0.26442787051200867,-0.033284448087215424,0.8280648589134216,0.6609342098236084,-0.0327330157160759,0.8948118090629578,0.5801701545715332,-0.043541088700294495,0.934554934501648,0.5217815637588501,-0.04493069648742676,0.96967613697052,0.46804937720298767,-0.044467493891716
HELLO,0.6456372141838074,1.0066561698913574,8.631723176222295e-7,0.5480287075042725,0.9002727270126343,-0.050766926258802414,0.47944048047065735,0.7316524982452393,-0.07318349927663803,0.4258180260658264,0.5893486738204956,-0.09291885793209076,0.37299707531929016,0.478731244802475,-0.10900603979825974,0.6219739317893982,0.5190359950065613,-0.012548880651593208,0.6068242192268372,0.3392704725265503,-0.034284159541130066,0.5999167561531067,0.2269344925880432,-0.053536031395196915,0.6020305752754211,0.137004554271698,-0.06799691170454025,0.7053759694099426,0.5290130376815796,-0.012735685333609581,0.7369804978370667,0.3488454222679138,-0.019977115094661713,0.7596728205680847,0.23667007684707642,-0.02692185528576374,0.7758181691169739,0.15330377221107483,-0.032789718359708786,0.7750274538993835,0.5805213451385498,-0.02380111813545227,0.822057843208313,0.4336022138595581,-0.04074540734291077,0.8498813509941101,0.34301328659057617,-0.047822006046772,0.8685048818588257,0.267573744058609,-0.05292067676782608,0.831295371055603,0.6584488749504089,-0.04160250723361969,0.9021135568618774,0.5799561738967896,-0.062370795756578445,0.9456552267074585,0.5249557495117188,-0.06918367743492126,0.9843120574951172,0.47272342443466187,-0.07168905436992645
HELLO,0.6454850435256958,1.0039020776748657,8.375372999580577e-7,0.548762857913971,0.9007791876792908,-0.05305192619562149,0.48103657364845276,0.7358274459838867,-0.07736921310424805,0.4268481731414795,0.5938096046447754,-0.0985812321305275,0.37413179874420166,0.4831031262874603,-0.1163381040096283,0.6220129728317261,0.521081268787384,-0.01761472597718239,0.6053938269615173,0.3413729965686798,-0.0432550348341465,0.5978752970695496,0.2273072600364685,-0.06542924791574478,0.5989916324615479,0.13569223880767822,-0.08174282312393188,0.7051152586936951,0.5301884412765503,-0.01721016690135002,0.7363566160202026,0.3509042263031006,-0.028384748846292496,0.7573506236076355,0.2378430962562561,-0.038487792015075684,0.7724606394767761,0.15243864059448242,-0.046447768807411194,0.775052547454834,0.5803236365318298,-0.02753189392387867,0.821357250213623,0.436018168926239,-0.04631656035780907,0.8483556509017944,0.3437102437019348,-0.05449521541595459,0.8662149310112,0.2660766839981079,-0.060312122106552124,0.8302942514419556,0.6583069562911987,-0.04474205896258354,0.9005369544029236,0.5788533687591553,-0.06499189138412476,0.9436375498771667,0.5223137140274048,-0.07128989696502686,0.9812307953834534,0.46913039684295654,-0.07369537651538849
HELLO,0.6619549989700317,0.9919967651367188,8.50702178922802e-7,0.5616416931152344,0.8862383961677551,-0.04854385182261467,0.4943750202655792,0.7170550227165222,-0.06973294168710709,0.4455550014972687,0.5721274018287659,-0.0880562886595726,0.39401987195014954,0.46227169036865234,-0.10325337946414948,0.6367207169532776,0.5094671249389648,-0.019322017207741737,0.6230988502502441,0.3297311067581177,-0.04333341866731644,0.6190075874328613,0.21980634331703186,-0.06391462683677673,0.6225907206535339,0.13012009859085083,-0.07980644702911377,0.7209481596946716,0.5182857513427734,-0.021427899599075317,0.7554857134819031,0.3406997323036194,-0.03480134159326553,0.7816423773765564,0.2320568859577179,-0.046763621270656586,0.8019809722900391,0.15274810791015625,-0.056446339935064316,0.7906545996665955,0.5701349377632141,-0.033368468284606934,0.8381383419036865,0.42499974370002747,-0.05961601808667183,0.8670690655708313,0.33985304832458496,-0.07455258816480637,0.888490617275238,0.2701622545719147,-0.08401820808649063,0.8480262160301208,0.6493467688560486,-0.05071486532688141,0.9271997809410095,0.5677387118339539,-0.08102221041917801,0.9809311628341675,0.5147896409034729,-0.09439565241336823,1.0275009870529175,0.4651724696159363,-0.10099552571773529
HELLO,0.6725170612335205,0.9818074107170105,8.25403333237773e-7,0.5749912858009338,0.8741796016693115,-0.04520805925130844,0.5114915370941162,0.6981278657913208,-0.06276248395442963,0.4653252065181732,0.5486083030700684,-0.07827972620725632,0.4157237708568573,0.4395582675933838,-0.09076286852359772,0.6571028828620911,0.49761685729026794,-0.013664276339113712,0.6455811262130737,0.3191320300102234,-0.03580235689878464,0.6430385112762451,0.20885032415390015,-0.05448373034596443,0.646903395652771,0.12015610933303833,-0.0686573013663292,0.7400283217430115,0.5088794231414795,-0.0164166372269392,0.7762680053710938,0.3326832056045532,-0.02719852142035961,0.8023782968521118,0.22474762797355652,-0.036409176886081696,0.8224195241928101,0.14642155170440674,-0.04356097802519798,0.808342456817627,0.5601081252098083,-0.029083995148539543,0.8568017482757568,0.4179714322090149,-0.05361684411764145,0.8854525089263916,0.33342307806015015,-0.06696687638759613,0.907689094543457,0.26492729783058167,-0.0749855637550354,0.8635306358337402,0.6388843059539795,-0.04707185924053192,0.9452588558197021,0.5615001320838928,-0.07676267623901367,1.0015137195587158,0.5139074325561523,-0.0896359235048294,1.0505822896957397,0.4700305759906769,-0.09535735845565796
HELLO,0.6737844347953796,0.9779021143913269,7.771994319227815e-7,0.5777278542518616,0.87604820728302,-0.047507092356681824,0.5121824741363525,0.7003671526908875,-0.0661628469824791,0.4644927382469177,0.5497685670852661,-0.08238900452852249,0.41659536957740784,0.4375152587890625,-0.09570834040641785,0.6580101251602173,0.4925766885280609,-0.013362724334001541,0.6452397108078003,0.3170389235019684,-0.03746335208415985,0.6429023742675781,0.20504170656204224,-0.05883069708943367,0.6478063464164734,0.11627697944641113,-0.07505685836076736,0.7409406304359436,0.5053851008415222,-0.014859522692859173,0.776123583316803,0.3321961760520935,-0.02794024348258972,0.801396369934082,0.22471114993095398,-0.03965431824326515,0.8200675249099731,0.14666301012039185,-0.048548340797424316,0.8082136511802673,0.5580199956893921,-0.026508521288633347,0.8569564819335938,0.41751807928085327,-0.05171548202633858,0.887562096118927,0.33072713017463684,-0.0651649683713913,0.9091523885726929,0.2601706087589264,-0.07336482405662537,0.862032949924469,0.6385995149612427,-0.04384101554751396,0.9413734674453735,0.5628187656402588,-0.0735817551612854,0.9950937032699585,0.513128399848938,-0.0867275595664978,1.0410608053207397,0.46643030643463135,-0.0928449034690857
HELLO,0.6785419583320618,0.9748673439025879,8.985621207102668e-7,0.5819949507713318,0.8660812377929688,-0.048361636698246,0.5205392241477966,0.689486026763916,-0.06738704442977905,0.4751392602920532,0.5381231307983398,-0.08451423048973083,0.430517315864563,0.4221249222755432,-0.09819008409976959,0.6673002243041992,0.4905293583869934,-0.010963337495923042,0.6579279899597168,0.31274786591529846,-0.03190315142273903,0.6571274995803833,0.1995425522327423,-0.04784394055604935,0.6629860997200012,0.1115308403968811,-0.05927644297480583,0.7508898973464966,0.5052335858345032,-0.011907057836651802,0.7879691123962402,0.3305100202560425,-0.019154831767082214,0.8155665993690491,0.22308436036109924,-0.02215316705405712,0.8354240655899048,0.14558523893356323,-0.023921970278024673,0.8194266557693481,0.5581902861595154,-0.02411610633134842,0.8666933178901672,0.4177505373954773,-0.04633398726582527,0.8966548442840576,0.3299841284751892,-0.05483286455273628,0.9192758798599243,0.2589569091796875,-0.05871560424566269,0.8732854723930359,0.6363933682441711,-0.04247281700372696,0.9576718807220459,0.5611070394515991,-0.07226204127073288,1.017600178718567,0.5128062963485718,-0.08472993969917297,1.0708099603652954,0.4684857130050659,-0.08921664953231812
HELLO,0.6788837909698486,0.9790160655975342,8.474934816149471e-7,0.5796405076980591,0.8715507984161377,-0.049624405801296234,0.5175763368606567,0.6942782402038574,-0.06828215718269348,0.47209590673446655,0.5428188443183899,-0.08473723381757736,0.42718786001205444,0.4253293573856354,-0.097434863448143,0.6676618456840515,0.49093878269195557,-0.005571409128606319,0.6567174792289734,0.314814031124115,-0.025956718251109123,0.6539329886436462,0.20116087794303894,-0.04426894709467888,0.6586787104606628,0.11261248588562012,-0.05778716877102852,0.7494756579399109,0.5054818391799927,-0.00500455079600215,0.7863473296165466,0.33376264572143555,-0.010748716071248055,0.8131927251815796,0.2255195677280426,-0.01579645648598671,0.8337754607200623,0.1460532248020172,-0.019575512036681175,0.8154404759407043,0.558285117149353,-0.01583964377641678,0.8651903867721558,0.4211668074131012,-0.033622805029153824,0.8978282809257507,0.33456194400787354,-0.040187567472457886,0.9203423857688904,0.26293471455574036,-0.043772272765636444,0.8668460845947266,0.6369147300720215,-0.03349323570728302,0.9429453015327454,0.5650219917297363,-0.057614412158727646,0.994617760181427,0.5170920491218567,-0.0666409581899643,1.0407636165618896,0.4722065031528473,-0.06944826245307922
HELLO,0.6693509221076965,0.9843902587890625,8.09575283255981e-7,0.5677326321601868,0.880366861820221,-0.04929744824767113,0.5052791237831116,0.7075114846229553,-0.06813503801822662,0.45832905173301697,0.5600112080574036,-0.08438029140233994,0.4118906557559967,0.44717687368392944,-0.09721231460571289,0.6516708135604858,0.4997596740722656,-0.00932698231190443,0.6393037438392639,0.3231746256351471,-0.033311422914266586,0.6351943612098694,0.21063625812530518,-0.05551903322339058,0.6382474303245544,0.12076035141944885,-0.07176429778337479,0.7350404262542725,0.5112841725349426,-0.00915415957570076,0.7724303603172302,0.3391438126564026,-0.01949647255241871,0.7996597290039062,0.22991400957107544,-0.02959574945271015,0.8186032772064209,0.14897498488426208,-0.03715670853853226,0.8031960725784302,0.5620937347412109,-0.019896119832992554,0.8504557013511658,0.42513158917427063,-0.04052673652768135,0.8813053369522095,0.3357830047607422,-0.050680022686719894,0.9025977849960327,0.26201289892196655,-0.056642379611730576,0.8561723232269287,0.6401848793029785,-0.037113502621650696,0.9331907629966736,0.5626233220100403,-0.06117895618081093,0.9837274551391602,0.5087070465087891,-0.07046812772750854,1.0270180702209473,0.458196222782135,-0.07409738749265671
HELLO,0.6594437956809998,0.9905586242675781,8.1385758221586e-7,0.5566833019256592,0.8869243860244751,-0.05169849097728729,0.49300143122673035,0.7215616106987,-0.07256760448217392,0.4446747303009033,0.5755420923233032,-0.09003038704395294,0.3950299620628357,0.46247154474258423,-0.10408686846494675,0.6363263726234436,0.5089357495307922,-0.010644757188856602,0.6215287446975708,0.33014193177223206,-0.033502690494060516,0.6147387623786926,0.2194000780582428,-0.05605340749025345,0.615533173084259,0.12951961159706116,-0.07248136401176453,0.719330370426178,0.5170616507530212,-0.008267877623438835,0.7540827393531799,0.34293392300605774,-0.01414270605891943,0.7776800394058228,0.2334287166595459,-0.022852543741464615,0.793850302696228,0.15224504470825195,-0.030204162001609802,0.7881540060043335,0.5662940144538879,-0.01671900600194931,0.8328536748886108,0.42891180515289307,-0.02880282700061798,0.8593684434890747,0.33953338861465454,-0.035831060260534286,0.8765936493873596,0.26514050364494324,-0.04180290549993515,0.8417258262634277,0.6436715126037598,-0.03233850374817848,0.9100903272628784,0.5683424472808838,-0.04691239073872566,0.9517626762390137,0.5165731310844421,-0.051310427486896515,0.9879157543182373,0.4683516025543213,-0.05286267027258873
HELLO,0.6555221080780029,0.9907545447349548,7.903204846115841e-7,0.5574489831924438,0.8890196084976196,-0.04825810343027115,0.49228376150131226,0.7213280200958252,-0.06813923269510269,0.4445255398750305,0.5760414600372314,-0.08564843237400055,0.3971940875053406,0.4640277624130249,-0.09979379177093506,0.636160135269165,0.5108529925346375,-0.01204296201467514,0.6217880845069885,0.33475810289382935,-0.03613966703414917,0.6154342889785767,0.2237759530544281,-0.0576164647936821,0.618476152420044,0.13439828157424927,-0.07309873402118683,0.717960774898529,0.5210845470428467,-0.012172341346740723,0.7510535717010498,0.3455597162246704,-0.021897275000810623,0.7755158543586731,0.23639428615570068,-0.030770469456911087,0.7942638993263245,0.15581870079040527,-0.03745501488447189,0.7860944271087646,0.5701163411140442,-0.022770579904317856,0.8322349786758423,0.42984795570373535,-0.0411422997713089,0.8605850338935852,0.3438922166824341,-0.048818740993738174,0.8802313208580017,0.2743225693702698,-0.05347635596990585,0.8395230770111084,0.6457938551902771,-0.03987007588148117,0.9105075001716614,0.5679385662078857,-0.06102342531085014,0.955896258354187,0.5166109800338745,-0.0680961012840271,0.9957624077796936,0.46930867433547974,-0.07007990777492523
HELLO,0.6519399881362915,0.9932128190994263,8.33799276733771e-7,0.5505725145339966,0.8934151530265808,-0.05025860294699669,0.4851570725440979,0.7266339659690857,-0.0697343498468399,0.43622809648513794,0.5814793109893799,-0.08637256920337677,0.3904992938041687,0.46794751286506653,-0.0991414338350296,0.6288245320320129,0.5163588523864746,-0.0059491307474672794,0.6125242710113525,0.3388217091560364,-0.02622561901807785,0.6028420329093933,0.22718539834022522,-0.04565837234258652,0.602339506149292,0.13755598664283752,-0.05945906415581703,0.7090004682540894,0.524599015712738,-0.0034555476158857346,0.7422289848327637,0.3483108878135681,-0.005701922345906496,0.764617919921875,0.23691880702972412,-0.00904998742043972,0.7791497111320496,0.1563020646572113,-0.01179078035056591,0.7767422199249268,0.573178231716156,-0.01225295290350914,0.8210753202438354,0.4321771264076233,-0.020357100293040276,0.8479709029197693,0.3400510251522064,-0.022076811641454697,0.86497563123703,0.26409265398979187,-0.024161962792277336,0.8306441307067871,0.6491209864616394,-0.02863321639597416,0.8974792957305908,0.5720610618591309,-0.039854343980550766,0.9373706579208374,0.5178866386413574,-0.04153106361627579,0.9728155732154846,0.4679086208343506,-0.040821678936481476
HELLO,0.6506171226501465,0.9910099506378174,8.630938168607827e-7,0.5505358576774597,0.8900648355484009,-0.04978807643055916,0.4864482879638672,0.7240469455718994,-0.06955750286579132,0.4360024333000183,0.5790331363677979,-0.08701121062040329,0.38771992921829224,0.4652165174484253,-0.10034805536270142,0.6288056969642639,0.5152761340141296,-0.004677013028413057,0.612880289554596,0.33895981311798096,-0.023371662944555283,0.6053007245063782,0.22865676879882812,-0.041339971125125885,0.6072532534599304,0.138868510723114,-0.054462410509586334,0.7090579271316528,0.5250252485275269,-0.0022085150703787804,0.7395188212394714,0.34878110885620117,-0.0027901262510567904,0.7616317272186279,0.23876240849494934,-0.00506832730025053,0.7779653072357178,0.1566125452518463,-0.007552907336503267,0.7765977382659912,0.5743428468704224,-0.011053296737372875,0.819939911365509,0.4326491355895996,-0.019479960203170776,0.8475976586341858,0.34397804737091064,-0.021184589713811874,0.8668338060379028,0.27021414041519165,-0.02315724641084671,0.8311436772346497,0.6490941047668457,-0.027338413521647453,0.8985898494720459,0.5717092752456665,-0.040074899792671204,0.9396445155143738,0.5202893614768982,-0.042840901762247086,0.9781047105789185,0.4720309376716614,-0.042690809816122055
HELLO,0.6524361968040466,0.9835774898529053,8.730189620109741e-7,0.5534918308258057,0.8818063735961914,-0.04974216967821121,0.48952633142471313,0.7152316570281982,-0.06831541657447815,0.4402024745941162,0.5717408061027527,-0.08424146473407745,0.3932875692844391,0.45977091789245605,-0.09606856852769852,0.6304059624671936,0.5097402930259705,-0.004133617039769888,0.6152368187904358,0.33337751030921936,-0.021476661786437035,0.6088311672210693,0.22404387593269348,-0.038043148815631866,0.6117590665817261,0.1359124779701233,-0.05025453120470047,0.7110405564308167,0.5204660892486572,-0.0019120313227176666,0.7427337169647217,0.34570902585983276,-0.0023870368022471666,0.7656856775283813,0.23624035716056824,-0.005115651525557041,0.7816525101661682,0.1570073664188385,-0.007829587906599045,0.7780744433403015,0.5703365206718445,-0.011058559641242027,0.8220746517181396,0.4310779869556427,-0.020761486142873764,0.8492865562438965,0.34356412291526794,-0.024828385561704636,0.8686025738716125,0.27095773816108704,-0.028137415647506714,0.8315886855125427,0.6449753046035767,-0.0274115651845932,0.8986986875534058,0.570853590965271,-0.04190724343061447,0.9402450323104858,0.5203821659088135,-0.04666797071695328,0.9791104197502136,0.4737620949745178,-0.047906193882226944
HELLO,0.6526809930801392,0.9846577048301697,8.637927635390952e-7,0.5535109043121338,0.8839460611343384,-0.0491408035159111,0.4889560341835022,0.7158883213996887,-0.06815209239721298,0.44023650884628296,0.5714362859725952,-0.08474453538656235,0.39309167861938477,0.45924219489097595,-0.09743288904428482,0.6304723024368286,0.5095323920249939,-0.005166573449969292,0.615500271320343,0.3342326879501343,-0.023700464516878128,0.6087929010391235,0.22437280416488647,-0.04126894101500511,0.6106827259063721,0.13655152916908264,-0.05397849529981613,0.7110998630523682,0.5207508206367493,-0.0031243450939655304,0.7436807751655579,0.3458406627178192,-0.0040605878457427025,0.7666876316070557,0.23599356412887573,-0.006991318892687559,0.7832921743392944,0.15612715482711792,-0.009680695831775665,0.7791215777397156,0.5699619650840759,-0.012210938148200512,0.8219061493873596,0.4310120940208435,-0.021143699064850807,0.8491557240486145,0.3428112268447876,-0.02414604090154171,0.8684399724006653,0.2703118920326233,-0.02677707001566887,0.833336591720581,0.6444324254989624,-0.028538158163428307,0.8996741771697998,0.5696464776992798,-0.041693296283483505,0.9411268830299377,0.5184551477432251,-0.04519425705075264,0.9792894124984741,0.4716876745223999,-0.04544887691736221
HELLO,0.6589545607566833,0.9782240390777588,8.548566938770819e-7,0.5599452257156372,0.8722996115684509,-0.04650237783789635,0.4976673424243927,0.7022945880889893,-0.06444021314382553,0.45241600275039673,0.5554466843605042,-0.08025272935628891,0.40365907549858093,0.44421955943107605,-0.0923246368765831,0.6399409174919128,0.5000859498977661,-0.004319747909903526,0.6272477507591248,0.32573631405830383,-0.0219122264534235,0.6221096515655518,0.2184286117553711,-0.03865988180041313,0.6252670288085938,0.13128772377967834,-0.05156067758798599,0.7201748490333557,0.5133922100067139,-0.004861708264797926,0.7539092302322388,0.34026214480400085,-0.008118787780404091,0.7789849638938904,0.23379167914390564,-0.01292204950004816,0.7971513271331787,0.1546730399131775,-0.01733212359249592,0.7863577604293823,0.5651836395263672,-0.016195068135857582,0.830935001373291,0.4252648949623108,-0.03032856062054634,0.8588992357254028,0.34036436676979065,-0.036747079342603683,0.879729151725769,0.2688034772872925,-0.041401565074920654,0.8398758769035339,0.641796350479126,-0.03404790163040161,0.9085485339164734,0.5666164755821228,-0.05317593365907669,0.9526175260543823,0.516983687877655,-0.06006202474236488,0.9936091899871826,0.4699926972389221,-0.06261242926120758
HELLO,0.6610819697380066,0.9731106162071228,8.394685551138537e-7,0.5658115744590759,0.8625962734222412,-0.046554774045944214,0.5065237283706665,0.6902812123298645,-0.0641988217830658,0.46285152435302734,0.5417225956916809,-0.07975959032773972,0.416836142539978,0.42906272411346436,-0.09157897531986237,0.6500073075294495,0.49449077248573303,-0.006000038702040911,0.6407320499420166,0.32167279720306396,-0.024829212576150894,0.6375173330307007,0.21424353122711182,-0.04121904447674751,0.6416258215904236,0.12741398811340332,-0.053442325443029404,0.7298308610916138,0.5091691017150879,-0.006467712111771107,0.7662263512611389,0.33744531869888306,-0.010894667357206345,0.7921727299690247,0.23290857672691345,-0.014412847347557545,0.8109618425369263,0.15435490012168884,-0.017335807904601097,0.7957668900489807,0.561559796333313,-0.017792850732803345,0.843373715877533,0.4254779815673828,-0.034607838839292526,0.8728644847869873,0.3408733010292053,-0.04032621160149574,0.8939887285232544,0.27002090215682983,-0.0433235727250576,0.8484654426574707,0.6378273367881775,-0.035479411482810974,0.9215560555458069,0.5619449615478516,-0.057566359639167786,0.9716107845306396,0.5110427141189575,-0.06496410816907883,1.0168739557266235,0.46310800313949585,-0.0669623464345932
HELLO,0.6635999083518982,0.971091628074646,8.142051797221939e-7,0.5688870549201965,0.8640953302383423,-0.049998171627521515,0.5068456530570984,0.6937180757522583,-0.0694868266582489,0.4623548090457916,0.5459373593330383,-0.08642236888408661,0.41811996698379517,0.43112581968307495,-0.09957082569599152,0.6502958536148071,0.492254376411438,-0.007260373327881098,0.6389942169189453,0.32189247012138367,-0.026807531714439392,0.6350990533828735,0.2138684093952179,-0.04433880373835564,0.6383857727050781,0.12727239727973938,-0.05765746533870697,0.7312541007995605,0.507749080657959,-0.006558270659297705,0.7659516930580139,0.33951956033706665,-0.013861195184290409,0.7899389863014221,0.23621141910552979,-0.020392872393131256,0.8075495362281799,0.1599273383617401,-0.02523312158882618,0.7973818778991699,0.5608640909194946,-0.01695682667195797,0.8463976383209229,0.42808496952056885,-0.03646675497293472,0.8756318092346191,0.34423208236694336,-0.044253699481487274,0.8968048691749573,0.27403342723846436,-0.04825355485081673,0.850090503692627,0.6379110813140869,-0.03387110307812691,0.9240832924842834,0.5628981590270996,-0.05774256959557533,0.9738045930862427,0.510155439376831,-0.06693372130393982,1.0187852382659912,0.45952969789505005,-0.0701676458120346
HELLO,0.6643650531768799,0.9759775400161743,8.9394688984612e-7,0.5680745840072632,0.8667783141136169,-0.04680098220705986,0.5071706175804138,0.693825900554657,-0.06525949388742447,0.46344834566116333,0.5453473329544067,-0.08207067847251892,0.4203825891017914,0.42930665612220764,-0.09537600725889206,0.653436541557312,0.49317312240600586,-0.003516409546136856,0.6451408863067627,0.32165998220443726,-0.021858761087059975,0.6444114446640015,0.21163755655288696,-0.03820531442761421,0.6502025127410889,0.12561950087547302,-0.05047578737139702,0.7342383861541748,0.5112084150314331,-0.004707025364041328,0.7728220224380493,0.34080004692077637,-0.009250374510884285,0.8006293773651123,0.23517370223999023,-0.01313637662678957,0.8208247423171997,0.156247079372406,-0.016198715195059776,0.8000361323356628,0.565461277961731,-0.017170216888189316,0.8479602932929993,0.43223267793655396,-0.034720584750175476,0.8792834281921387,0.3465575575828552,-0.041478849947452545,0.9020094871520996,0.27504944801330566,-0.0451536551117897,0.8513479232788086,0.6424916982650757,-0.03605111688375473,0.9251805543899536,0.5674625635147095,-0.05930376797914505,0.9763233661651611,0.5168238878250122,-0.06792055815458298,1.0228159427642822,0.4679546356201172,-0.07096178084611893
HELLO,0.6532300114631653,0.983022928237915,7.776656616442779e-7,0.5538748502731323,0.8796811103820801,-0.047729216516017914,0.4936869144439697,0.707248866558075,-0.0653136670589447,0.4514555335044861,0.5631324648857117,-0.07970481365919113,0.40652069449424744,0.45199453830718994,-0.09060461819171906,0.6434305906295776,0.5034833550453186,-0.010394197888672352,0.6336244344711304,0.3281342387199402,-0.031081467866897583,0.6311062574386597,0.21924102306365967,-0.05083736404776573,0.636227011680603,0.13230183720588684,-0.06539881974458694,0.7247865796089172,0.5185479521751404,-0.00952136144042015,0.7646982073783875,0.34677183628082275,-0.016424214467406273,0.793817937374115,0.24363425374031067,-0.024780021980404854,0.8156989812850952,0.1693446934223175,-0.031145337969064713,0.7908267974853516,0.57221919298172,-0.01869146153330803,0.8408375978469849,0.43413352966308594,-0.03463668003678322,0.8732122182846069,0.35255903005599976,-0.04159807786345482,0.8963536620140076,0.2848857343196869,-0.04598354920744896,0.8420767188072205,0.651310384273529,-0.03414703905582428,0.9131141304969788,0.5748980641365051,-0.0524127259850502,0.9578317403793335,0.5268526673316956,-0.05726654455065727,0.9966812133789062,0.48099422454833984,-0.05803293734788895
HELLO,0.6440427899360657,0.9979778528213501,7.838824558348279e-7,0.5407024621963501,0.8948310613632202,-0.0532514825463295,0.4746089577674866,0.7361574769020081,-0.0763968750834465,0.4252874255180359,0.5986421704292297,-0.09488756954669952,0.3763715624809265,0.49021267890930176,-0.11043170094490051,0.6217790246009827,0.5187703371047974,-0.020775338634848595,0.6081923842430115,0.3405601680278778,-0.0453513041138649,0.604647696018219,0.23151010274887085,-0.06960699707269669,0.6080124974250793,0.14342239499092102,-0.08754254132509232,0.7050841450691223,0.5300495624542236,-0.018341228365898132,0.7410808205604553,0.35567760467529297,-0.02820577844977379,0.7654096484184265,0.24843370914459229,-0.04129445180296898,0.7836572527885437,0.168929785490036,-0.052055779844522476,0.7727282047271729,0.5828795433044434,-0.02583572454750538,0.8202850818634033,0.4431469440460205,-0.041273102164268494,0.8484928607940674,0.3547627329826355,-0.053336892277002335,0.8685410022735596,0.2800079584121704,-0.06315873563289642,0.8253402709960938,0.6636806726455688,-0.0399065837264061,0.8925799131393433,0.5863723754882812,-0.056240737438201904,0.9332071542739868,0.5343410968780518,-0.062475480139255524,0.969549298286438,0.48489055037498474,-0.06593447178602219
HELLO,0.6355498433113098,0.9978708028793335,8.010889018805756e-7,0.5420898199081421,0.894146203994751,-0.05027340352535248,0.4779078960418701,0.7339444160461426,-0.07365439087152481,0.4265701174736023,0.5965975522994995,-0.09360958635807037,0.37920138239860535,0.4886561632156372,-0.11031030118465424,0.6201184988021851,0.520645260810852,-0.01992308534681797,0.6075232028961182,0.3455921709537506,-0.045819882303476334,0.6038808822631836,0.2367987334728241,-0.06898675858974457,0.6087798476219177,0.15083131194114685,-0.08568746596574783,0.7026169896125793,0.5319185256958008,-0.019708972424268723,0.7386367917060852,0.356913298368454,-0.03143158182501793,0.7645286321640015,0.24967435002326965,-0.04288655146956444,0.7854233980178833,0.17133232951164246,-0.051643721759319305,0.77115398645401,0.5838053822517395,-0.029333289712667465,0.8200192451477051,0.44165754318237305,-0.048217933624982834,0.8496087789535522,0.35598433017730713,-0.05763884633779526,0.8706398010253906,0.2854519188404083,-0.06419065594673157,0.8250068426132202,0.664291262626648,-0.04517754912376404,0.8947420120239258,0.5864176750183105,-0.06487581133842468,0.9366816282272339,0.5353440046310425,-0.07044272124767303,0.9732149839401245,0.48751577734947205,-0.07202714681625366
HELLO,0.6331518292427063,1.0146830081939697,8.421874895248038e-7,0.5349144339561462,0.9070078134536743,-0.05223679542541504,0.4698450565338135,0.7495344877243042,-0.07679109275341034,0.41591599583625793,0.6111890077590942,-0.0982171818614006,0.36501365900039673,0.4981423020362854,-0.11612938344478607,0.6103857159614563,0.5359272956848145,-0.011323686689138412,0.5922115445137024,0.35623595118522644,-0.03406747803092003,0.5842552781105042,0.24528393149375916,-0.05699339136481285,0.5844014286994934,0.1562400758266449,-0.0736200287938118,0.6918010115623474,0.5442138910293579,-0.009272139519453049,0.7234452366828918,0.36534586548805237,-0.014205495826900005,0.7447528839111328,0.2545836269855499,-0.022775929421186447,0.7595470547676086,0.1725194752216339,-0.030317911878228188,0.760928213596344,0.5925986766815186,-0.01806219108402729,0.803697943687439,0.4499642252922058,-0.026546921581029892,0.8284614682197571,0.3564244210720062,-0.03261050209403038,0.8438326716423035,0.27822279930114746,-0.039188310503959656,0.8176039457321167,0.6702547073364258,-0.03430316597223282,0.8822603821754456,0.5906985998153687,-0.043387822806835175,0.9206952452659607,0.5351395606994629,-0.0449947826564312,0.9539636373519897,0.4846222996711731,-0.045851826667785645
HELLO,0.631363570690155,1.0190757513046265,8.307401913043577e-7,0.534881591796875,0.9117978811264038,-0.04719002917408943,0.46886715292930603,0.7468734979629517,-0.06705042719841003,0.41517895460128784,0.6073570847511292,-0.0849679559469223,0.3640773296356201,0.4997415840625763,-0.09921562671661377,0.6099623441696167,0.5401900410652161,-0.00524573540315032,0.5908116102218628,0.3603196442127228,-0.025278832763433456,0.581622302532196,0.24863708019256592,-0.04468589276075363,0.5829498767852783,0.15880244970321655,-0.0587608739733696,0.6899453997612,0.5476508140563965,-0.004765416029840708,0.7193610072135925,0.36887282133102417,-0.007744475267827511,0.7405663132667542,0.25811493396759033,-0.013341005891561508,0.7553994059562683,0.1769624948501587,-0.01811181753873825,0.7589654326438904,0.5949267745018005,-0.015003234148025513,0.8010614514350891,0.4502156972885132,-0.023357553407549858,0.8267726302146912,0.3577769100666046,-0.026919471099972725,0.84273761510849,0.2811587452888489,-0.030697263777256012,0.8155581951141357,0.6686429381370544,-0.0323810838162899,0.8816417455673218,0.5895320177078247,-0.04265667498111725,0.9209709167480469,0.5326674580574036,-0.04455637186765671,0.9567816257476807,0.48176491260528564,-0.044513195753097534
HELLO,0.6319952607154846,1.0187636613845825,8.483483497911948e-7,0.5351294279098511,0.912043571472168,-0.04799429699778557,0.46794652938842773,0.7474840879440308,-0.06877310574054718,0.41485917568206787,0.6076141595840454,-0.08739195764064789,0.3636636734008789,0.49839654564857483,-0.10229567438364029,0.6090857982635498,0.5392436385154724,-0.005783291533589363,0.5910692811012268,0.3594963252544403,-0.024947531521320343,0.5823875665664673,0.24840909242630005,-0.0436311811208725,0.5834255218505859,0.15882965922355652,-0.057454921305179596,0.6900275349617004,0.5484411716461182,-0.005178502760827541,0.7189667224884033,0.36946016550064087,-0.008402242325246334,0.7396708726882935,0.25853344798088074,-0.014385330490767956,0.7543955445289612,0.17619237303733826,-0.019752828404307365,0.7590285539627075,0.5961441397666931,-0.01533571258187294,0.8022829294204712,0.45160824060440063,-0.02514192834496498,0.8280799984931946,0.3587667942047119,-0.030196232721209526,0.8446886539459229,0.2816852331161499,-0.03501294180750847,0.8151736855506897,0.6690864562988281,-0.03246419131755829,0.8824978470802307,0.5894725322723389,-0.0447111614048481,0.9224560260772705,0.5323500037193298,-0.04821029677987099,0.9584782123565674,0.47998175024986267,-0.04941987618803978
HELLO,0.6389705538749695,1.0212887525558472,8.409760425820423e-7,0.5424599647521973,0.9120986461639404,-0.05049979314208031,0.4759543240070343,0.7459326982498169,-0.07301123440265656,0.4233768582344055,0.6047113537788391,-0.09271951764822006,0.3713766038417816,0.4949147701263428,-0.10858964920043945,0.6159120798110962,0.5382883548736572,-0.012236819602549076,0.601377546787262,0.35819506645202637,-0.034414034336805344,0.5949994921684265,0.24784186482429504,-0.05502795800566673,0.5970150828361511,0.1584627628326416,-0.07042370736598969,0.6980917453765869,0.547546923160553,-0.011881036683917046,0.7283955216407776,0.3687799870967865,-0.019643599167466164,0.7502195239067078,0.2586415112018585,-0.028850862756371498,0.7668572068214417,0.17553597688674927,-0.03644092381000519,0.7673733234405518,0.5969196557998657,-0.022058619186282158,0.812390148639679,0.4540707767009735,-0.03801500424742699,0.8402537107467651,0.36589697003364563,-0.04623037949204445,0.8586182594299316,0.29172903299331665,-0.05235418677330017,0.8242731094360352,0.6727284789085388,-0.03892063722014427,0.8933711051940918,0.5949906706809998,-0.057615477591753006,0.9360129237174988,0.5421897172927856,-0.06348052620887756,0.9739463329315186,0.4913698434829712,-0.0655074194073677
HELLO,0.6404494047164917,1.014409065246582,7.815064577698649e-7,0.5436277389526367,0.9104512333869934,-0.05156374350190163,0.4771166145801544,0.7462713718414307,-0.07407138496637344,0.4239351749420166,0.6044384241104126,-0.0930662751197815,0.3702200949192047,0.49734920263290405,-0.10876523703336716,0.6180301904678345,0.5380849242210388,-0.015861598774790764,0.6019218564033508,0.3592185974121094,-0.03907395526766777,0.593867838382721,0.248795747756958,-0.06123465672135353,0.5942989587783813,0.15893197059631348,-0.07814791053533554,0.7001572251319885,0.5470636487007141,-0.014744889922440052,0.731285572052002,0.3704487681388855,-0.025066310539841652,0.7517116069793701,0.26163122057914734,-0.03781630098819733,0.7664340138435364,0.17914047837257385,-0.04839793220162392,0.7684502601623535,0.5961816906929016,-0.023721925914287567,0.8145034909248352,0.4520009458065033,-0.04104716703295708,0.8409262895584106,0.3633967638015747,-0.052040789276361465,0.857936441898346,0.2875807285308838,-0.060714248567819595,0.8239026665687561,0.6725335121154785,-0.03916069120168686,0.8930527567863464,0.5932729244232178,-0.05780864134430885,0.9343441724777222,0.5399019122123718,-0.06483414024114609,0.9702184796333313,0.4894930124282837,-0.06852036714553833
HELLO,0.6583262085914612,1.00453782081604,8.170761702785967e-7,0.5618325471878052,0.892310380935669,-0.047978922724723816,0.49705830216407776,0.7277489304542542,-0.07029768824577332,0.45040130615234375,0.5853005647659302,-0.08970344811677933,0.3975529670715332,0.4807646870613098,-0.10641039907932281,0.6381106972694397,0.5296623706817627,-0.022168831899762154,0.626627504825592,0.3497120141983032,-0.04845014214515686,0.6226097941398621,0.2423328161239624,-0.07136864960193634,0.624645471572876,0.15350258350372314,-0.08867532759904861,0.720256507396698,0.5416979789733887,-0.024674873799085617,0.7577743530273438,0.365424245595932,-0.04037511721253395,0.7843160033226013,0.25805944204330444,-0.05573265627026558,0.8053765296936035,0.17718639969825745,-0.06785590201616287,0.7873380184173584,0.5948919653892517,-0.03630547598004341,0.837091326713562,0.45241039991378784,-0.061730027198791504,0.8657296895980835,0.3686564564704895,-0.0771518126130104,0.88704913854599,0.2992309331893921,-0.08743301779031754,0.842349648475647,0.6761928796768188,-0.053290873765945435,0.915935218334198,0.5974517464637756,-0.08036469668149948,0.9627568125724792,0.546567976474762,-0.09081725031137466,1.0036792755126953,0.4984690845012665,-0.09595784544944763
HELLO,0.6562380790710449,0.9991855621337891,7.596259479214496e-7,0.5630586743354797,0.8944268226623535,-0.04910030588507652,0.49836182594299316,0.7296969294548035,-0.07132555544376373,0.44857367873191833,0.5890559554100037,-0.09035138785839081,0.3992522060871124,0.4824998080730438,-0.10690300911664963,0.6401253342628479,0.5275649428367615,-0.022545186802744865,0.6269935369491577,0.35171881318092346,-0.05110526457428932,0.6223909258842468,0.24097663164138794,-0.0764019563794136,0.6255238056182861,0.15194565057754517,-0.09521449357271194,0.7222217321395874,0.5396751761436462,-0.02418755181133747,0.7578262686729431,0.366100937128067,-0.04197628051042557,0.7829699516296387,0.2588315010070801,-0.05891183391213417,0.8014644980430603,0.1795891523361206,-0.071794793009758,0.7895967960357666,0.5908945798873901,-0.0352148599922657,0.8390417695045471,0.45187556743621826,-0.06104477494955063,0.8696835041046143,0.36432886123657227,-0.07670056819915771,0.8922839164733887,0.2919338047504425,-0.08723729103803635,0.8429573178291321,0.6714125871658325,-0.051787812262773514,0.9150856137275696,0.5929757952690125,-0.07836425304412842,0.9622126817703247,0.540958046913147,-0.08890098333358765,1.002281904220581,0.4921288788318634,-0.094361312687397
HELLO,0.6556627154350281,0.9986032247543335,7.548962344117172e-7,0.5629756450653076,0.8942475318908691,-0.04854182153940201,0.49895215034484863,0.7301124334335327,-0.0716065913438797,0.4485887289047241,0.5906418561935425,-0.09149731695652008,0.39912450313568115,0.4844447672367096,-0.10910271108150482,0.6402022838592529,0.5276592373847961,-0.024143949151039124,0.6271018981933594,0.3518274426460266,-0.05404351279139519,0.6226349472999573,0.24092090129852295,-0.08011305332183838,0.6253415942192078,0.15179592370986938,-0.09936895966529846,0.7220368385314941,0.5393670201301575,-0.026281144469976425,0.7583752274513245,0.36653000116348267,-0.04494456574320793,0.7831411361694336,0.25933417677879333,-0.06199980154633522,0.8007012605667114,0.1802942156791687,-0.07473832368850708,0.7897602319717407,0.591301679611206,-0.03768656775355339,0.8388442397117615,0.4517178237438202,-0.06348102539777756,0.8697717785835266,0.3636673092842102,-0.07858949899673462,0.8914127945899963,0.29095742106437683,-0.08861950784921646,0.8430822491645813,0.6716399192810059,-0.05463600158691406,0.9163140058517456,0.5923555493354797,-0.08066321164369583,0.963326632976532,0.5392987728118896,-0.0907355397939682,1.0037909746170044,0.48977065086364746,-0.0956447497010231
HELLO,0.6729369759559631,0.9899823665618896,8.650467293591646e-7,0.5769624710083008,0.883173406124115,-0.04743332788348198,0.5139204859733582,0.7140966057777405,-0.0681484192609787,0.4689769744873047,0.5671363472938538,-0.08624240756034851,0.42221373319625854,0.4567880630493164,-0.10112345218658447,0.6566734910011292,0.5180423259735107,-0.01878097653388977,0.6463143229484558,0.34225285053253174,-0.04244479537010193,0.6453087329864502,0.23337778449058533,-0.06201843544840813,0.6508585214614868,0.14650040864944458,-0.07677265256643295,0.7396359443664551,0.5309715270996094,-0.020789071917533875,0.7790737748146057,0.3572930097579956,-0.033566899597644806,0.8098075985908508,0.251725435256958,-0.04405127093195915,0.8331197500228882,0.17559650540351868,-0.052295029163360596,0.8072855472564697,0.584496021270752,-0.03263683244585991,0.8575671911239624,0.44544166326522827,-0.05905913934111595,0.8879092335700989,0.36234569549560547,-0.07432065904140472,0.9117380380630493,0.2943270206451416,-0.0836213231086731,0.8616068959236145,0.6644303798675537,-0.04963165894150734,0.9434767365455627,0.5868116617202759,-0.08049291372299194,1.0005536079406738,0.5408245921134949,-0.09427479654550552,1.0499709844589233,0.49843698740005493,-0.1008698046207428
HELLO,0.6724562644958496,0.9894212484359741,8.26252801289229e-7,0.5764528512954712,0.8890109062194824,-0.05084441974759102,0.513127863407135,0.7187616229057312,-0.07274989038705826,0.4668562412261963,0.5715171694755554,-0.09151995927095413,0.42013639211654663,0.4579997658729553,-0.10736646503210068,0.6572075486183167,0.5133542418479919,-0.017043473199009895,0.6459375619888306,0.3417224884033203,-0.042264424264431,0.6440290212631226,0.2312716543674469,-0.06444530189037323,0.6496289968490601,0.14402344822883606,-0.0811392217874527,0.7407376766204834,0.5275332927703857,-0.017509546130895615,0.7781425714492798,0.3569876253604889,-0.031205760315060616,0.8068283796310425,0.2506607472896576,-0.04315419867634773,0.8287664651870728,0.17281419038772583,-0.05228501185774803,0.808164656162262,0.5818399786949158,-0.028388135135173798,0.856532096862793,0.4452880024909973,-0.05381034314632416,0.8889023065567017,0.35992431640625,-0.06681804358959198,0.9125850200653076,0.28931668400764465,-0.07482603937387466,0.860214352607727,0.6632137298583984,-0.045209165662527084,0.936350405216217,0.5883802175521851,-0.07465655356645584,0.9876976013183594,0.5408449769020081,-0.08673210442066193,1.0315666198730469,0.495493620634079,-0.09228261560201645
HELLO,0.6759045720100403,0.9876446723937988,9.55110976974538e-7,0.5796664953231812,0.8787140846252441,-0.048152610659599304,0.520220935344696,0.706990122795105,-0.06754917651414871,0.47515636682510376,0.5602359175682068,-0.08537876605987549,0.42972564697265625,0.4461261034011841,-0.09952385723590851,0.6654464602470398,0.5082927346229553,-0.003962426446378231,0.6570702195167542,0.33439838886260986,-0.021461157128214836,0.6558976769447327,0.22430461645126343,-0.03678147494792938,0.6617140769958496,0.13878312706947327,-0.048152610659599304,0.7466905117034912,0.5247856378555298,-0.0045606279745697975,0.7866976261138916,0.3520880341529846,-0.007824269123375416,0.8164892196655273,0.24540823698043823,-0.010502943769097328,0.8379186987876892,0.16843178868293762,-0.012482834048569202,0.8131749033927917,0.5791119933128357,-0.01663319021463394,0.8632475733757019,0.4442707300186157,-0.033329907804727554,0.8963617086410522,0.35884547233581543,-0.03995777294039726,0.921143114566803,0.2893373668193817,-0.043366994708776474,0.8660697937011719,0.657222330570221,-0.03525685891509056,0.942907452583313,0.5824828147888184,-0.05797794088721275,0.9956967830657959,0.5332971215248108,-0.0663210079073906,1.0429352521896362,0.48822566866874695,-0.0689467340707779
HELLO,0.675660252571106,0.9886190891265869,9.116674277720449e-7,0.5792097449302673,0.8808983564376831,-0.05053550750017166,0.5187080502510071,0.7069657444953918,-0.07049382477998734,0.47423121333122253,0.5572791695594788,-0.08802133798599243,0.430005818605423,0.4406714141368866,-0.1017533466219902,0.6657860279083252,0.5064104199409485,-0.00568257924169302,0.656674861907959,0.3348698616027832,-0.02505452185869217,0.6549880504608154,0.2240748107433319,-0.04234747216105461,0.660627007484436,0.1370917558670044,-0.055098626762628555,0.7476605176925659,0.5227571725845337,-0.004624425433576107,0.7879562973976135,0.35197409987449646,-0.008577176369726658,0.8173237442970276,0.2456395924091339,-0.011770294979214668,0.838745653629303,0.16855815052986145,-0.01419045403599739,0.8144076466560364,0.5774100422859192,-0.015181975439190865,0.8631255626678467,0.4437100291252136,-0.030897025018930435,0.8961949348449707,0.3555976152420044,-0.035993218421936035,0.9197397828102112,0.2829694449901581,-0.03874388709664345,0.8662135601043701,0.6559518575668335,-0.03273080289363861,0.9404741525650024,0.5827563405036926,-0.05364866182208061,0.9906400442123413,0.533267080783844,-0.0605146661400795,1.0353519916534424,0.48679426312446594,-0.06226314976811409
HELLO,0.6753086447715759,0.9858478307723999,9.046341915563971e-7,0.5792243480682373,0.8784854412078857,-0.05022435262799263,0.518947958946228,0.7069991230964661,-0.0705278143286705,0.47469669580459595,0.5579966306686401,-0.08865132182836533,0.43094348907470703,0.44111210107803345,-0.10301335155963898,0.664673924446106,0.5065832138061523,-0.006625339854508638,0.65574049949646,0.3349822163581848,-0.027078406885266304,0.6544541716575623,0.22417813539505005,-0.04492407664656639,0.6610388159751892,0.13722378015518188,-0.05791829526424408,0.7467661499977112,0.5228238105773926,-0.0061658406630158424,0.7873520851135254,0.3521111011505127,-0.011594345793128014,0.8170779347419739,0.24657437205314636,-0.015334457159042358,0.8385019898414612,0.17044496536254883,-0.018059395253658295,0.8140150904655457,0.5767750144004822,-0.0173434317111969,0.8635246753692627,0.4433951675891876,-0.034558627754449844,0.8967461585998535,0.35552430152893066,-0.04009399563074112,0.919835090637207,0.283184677362442,-0.042936477810144424,0.8663612604141235,0.6557753086090088,-0.03543488681316376,0.9420267939567566,0.5825331211090088,-0.057875555008649826,0.9935609102249146,0.5326310396194458,-0.06544126570224762,1.0390874147415161,0.48559534549713135,-0.06762121617794037
HELLO,0.675881564617157,0.9848151803016663,8.687733838996792e-7,0.5790906548500061,0.8798820972442627,-0.05068064108490944,0.5187891125679016,0.7054041624069214,-0.07016991823911667,0.47463226318359375,0.5548362731933594,-0.08706346899271011,0.4303637444972992,0.439412385225296,-0.10008469969034195,0.6645810008049011,0.504563570022583,-0.007053162902593613,0.6558218598365784,0.33266377449035645,-0.027042441070079803,0.6536704897880554,0.22249877452850342,-0.04514874890446663,0.6591445207595825,0.13564789295196533,-0.058552950620651245,0.7466288208961487,0.5204248428344727,-0.005537211429327726,0.7855663895606995,0.3508225083351135,-0.009872299619019032,0.8137019276618958,0.24610751867294312,-0.014053133316338062,0.8340569734573364,0.1693168580532074,-0.017457375302910805,0.8134243488311768,0.5733340382575989,-0.01543610729277134,0.8634930849075317,0.43889889121055603,-0.031127532944083214,0.8957263231277466,0.3532290458679199,-0.036850910633802414,0.9185417890548706,0.2822751998901367,-0.04031898453831673,0.8657076358795166,0.6508991122245789,-0.03231901675462723,0.9389959573745728,0.580388069152832,-0.05370190739631653,0.9876768589019775,0.533333420753479,-0.06123378500342369,1.031980037689209,0.4895594120025635,-0.06353165209293365
HELLO,0.6755381226539612,0.9820629358291626,8.928655574891309e-7,0.579323410987854,0.87629234790802,-0.05073270574212074,0.5190596580505371,0.705223023891449,-0.07084718346595764,0.47428104281425476,0.5552128553390503,-0.08853771537542343,0.4308793544769287,0.4392138123512268,-0.1024860143661499,0.6647434830665588,0.5047955513000488,-0.006745578721165657,0.6552923321723938,0.33332890272140503,-0.027088629081845284,0.6538321375846863,0.22256377339363098,-0.045161888003349304,0.6601797938346863,0.13602760434150696,-0.058387260884046555,0.7465577721595764,0.5198995471000671,-0.005528291221708059,0.7863219976425171,0.3494669198989868,-0.010190130211412907,0.8148475885391235,0.24413800239562988,-0.013937673531472683,0.8354758620262146,0.16799187660217285,-0.016786867752671242,0.8136406540870667,0.5729386210441589,-0.015925731509923935,0.8627942204475403,0.43861210346221924,-0.0320853516459465,0.8949487209320068,0.351982057094574,-0.037719957530498505,0.9181796908378601,0.2807689905166626,-0.040909357368946075,0.8660079836845398,0.6506044268608093,-0.03333985060453415,0.9402662515640259,0.5794200301170349,-0.055070288479328156,0.9899846911430359,0.5317728519439697,-0.06268231570720673,1.0341626405715942,0.4878542423248291,-0.06493616104125977
HELLO,0.6741285920143127,0.9856792688369751,8.48679860609991e-7,0.577600359916687,0.8803709745407104,-0.04767956957221031,0.5158951282501221,0.7067059278488159,-0.06691272556781769,0.4704706072807312,0.5558143854141235,-0.08436269313097,0.42452988028526306,0.44098350405693054,-0.09824623167514801,0.6611348390579224,0.5050304532051086,-0.004394331946969032,0.6503244042396545,0.333743691444397,-0.025113502517342567,0.6482462882995605,0.22294020652770996,-0.04398578032851219,0.6545366048812866,0.13595741987228394,-0.05795423686504364,0.7428993582725525,0.519635021686554,-0.004779101349413395,0.7789351344108582,0.35187196731567383,-0.010136685334146023,0.8064402341842651,0.24704495072364807,-0.014658388681709766,0.8266234397888184,0.16909176111221313,-0.018288489431142807,0.8096281290054321,0.5720010995864868,-0.016452210023999214,0.8577486276626587,0.43845996260643005,-0.03352005034685135,0.889564573764801,0.35120946168899536,-0.03923056274652481,0.912499189376831,0.2789701819419861,-0.04258469119668007,0.8612527847290039,0.6495522856712341,-0.03483622893691063,0.9370008111000061,0.5798292756080627,-0.05812406539916992,0.9876772165298462,0.5333942174911499,-0.06619095802307129,1.03196120262146,0.488962322473526,-0.0686110258102417
HELLO,0.6754843592643738,0.9855802059173584,9.082343126465275e-7,0.578056275844574,0.8798509836196899,-0.04972190409898758,0.5165674686431885,0.7080464959144592,-0.07008582353591919,0.4707871675491333,0.5579058527946472,-0.08841335028409958,0.42608314752578735,0.44193872809410095,-0.10309234261512756,0.6620039939880371,0.5057089328765869,-0.005854626651853323,0.6508369445800781,0.33374491333961487,-0.02643067017197609,0.6489570140838623,0.22272169589996338,-0.04475819692015648,0.6552169322967529,0.13605260848999023,-0.05820687115192413,0.7441608309745789,0.5187664031982422,-0.005422423593699932,0.7818434238433838,0.3492180109024048,-0.01024029403924942,0.8094701766967773,0.2425314486026764,-0.013788070529699326,0.8294512033462524,0.16431006789207458,-0.016577504575252533,0.8111069202423096,0.5707186460494995,-0.01663053408265114,0.8592578172683716,0.43440473079681396,-0.03374895453453064,0.8899036645889282,0.34727540612220764,-0.03962479531764984,0.9116913676261902,0.2757757008075714,-0.042933929711580276,0.8630141019821167,0.6487118601799011,-0.03468229994177818,0.9394423365592957,0.5777772665023804,-0.058334145694971085,0.9897934198379517,0.5308266878128052,-0.06677669286727905,1.0346845388412476,0.48728445172309875,-0.06944945454597473
HELLO,0.6740424036979675,0.9862525463104248,8.693565973771911e-7,0.5777425765991211,0.8805351257324219,-0.04926111921668053,0.5159048438072205,0.7080150246620178,-0.06899113953113556,0.47074222564697266,0.5578365921974182,-0.08671832829713821,0.426961749792099,0.4409448802471161,-0.10056769102811813,0.6615802049636841,0.5049540400505066,-0.005672912113368511,0.650888979434967,0.33386626839637756,-0.026739927008748055,0.6487489938735962,0.22378018498420715,-0.0454685278236866,0.6549733281135559,0.13689953088760376,-0.05927527695894241,0.7434706687927246,0.5185846090316772,-0.00547049893066287,0.7802901864051819,0.3491220772266388,-0.011100797913968563,0.8077392578125,0.24372613430023193,-0.015404753386974335,0.8283106088638306,0.1652766764163971,-0.018728600814938545,0.8102012276649475,0.5705801844596863,-0.016800343990325928,0.8582526445388794,0.43540918827056885,-0.03494301065802574,0.8893802762031555,0.34907570481300354,-0.041185878217220306,0.9118199944496155,0.27701902389526367,-0.044573646038770676,0.8623734712600708,0.6488795876502991,-0.034900397062301636,0.9384220838546753,0.578506588935852,-0.05927527695894241,0.9894616603851318,0.5318004488945007,-0.06805364042520523,1.0346345901489258,0.48731496930122375,-0.07082351297140121
HELLO,0.6741991639137268,0.9858477115631104,8.6516621422561e-7,0.5765698552131653,0.8853660821914673,-0.05038536339998245,0.5124341249465942,0.7140985131263733,-0.07150369882583618,0.4667972922325134,0.5631104111671448,-0.09044621139764786,0.42130550742149353,0.4469999074935913,-0.1057196706533432,0.6567603945732117,0.5080915689468384,-0.009311266243457794,0.6460138559341431,0.33671048283576965,-0.031122880056500435,0.6441188454627991,0.22577551007270813,-0.050086718052625656,0.650516152381897,0.13845032453536987,-0.06429360061883926,0.7392017245292664,0.5205678343772888,-0.009284601546823978,0.7740395069122314,0.3511621057987213,-0.017118651419878006,0.802107036113739,0.24452397227287292,-0.022675545886158943,0.8237897753715515,0.16498437523841858,-0.0271551925688982,0.806900143623352,0.5719127058982849,-0.02068103663623333,0.8524013161659241,0.43672820925712585,-0.04146873205900192,0.8838328123092651,0.34929388761520386,-0.04948943108320236,0.9059597849845886,0.2763538062572479,-0.054097067564725876,0.8608443140983582,0.6494053602218628,-0.03871694579720497,0.9386085271835327,0.5761830806732178,-0.06548817455768585,0.992324709892273,0.5272276997566223,-0.07619666308164597,1.0396281480789185,0.4803451895713806,-0.08054831624031067
HELLO,0.674378514289856,0.986919641494751,9.023186748891021e-7,0.5763902068138123,0.8855611085891724,-0.05069870129227638,0.5126899480819702,0.7137600779533386,-0.0720209851861,0.4664977192878723,0.5634213089942932,-0.09096941351890564,0.42195284366607666,0.4469200372695923,-0.10622989386320114,0.657471239566803,0.5084203481674194,-0.009903415106236935,0.6468895077705383,0.3372018337249756,-0.031835053116083145,0.6456549167633057,0.22555133700370789,-0.050613921135663986,0.6524214744567871,0.1384170949459076,-0.06443313509225845,0.7401413321495056,0.5208515524864197,-0.009511305019259453,0.7756668329238892,0.35111045837402344,-0.016627563163638115,0.8033879399299622,0.2434484362602234,-0.021131524816155434,0.8245811462402344,0.16380882263183594,-0.02473469264805317,0.8082212805747986,0.5720552206039429,-0.020633438602089882,0.8536549210548401,0.4351881444454193,-0.04071580618619919,0.8842487335205078,0.34714019298553467,-0.04794333875179291,0.9066916108131409,0.27459847927093506,-0.05201280117034912,0.8617383241653442,0.6495423316955566,-0.03840554133057594,0.9407641887664795,0.5743696093559265,-0.06468747556209564,0.9947444200515747,0.5255445837974548,-0.07473395764827728,1.0417888164520264,0.47910258173942566,-0.07854907959699631
HELLO,0.6702720522880554,0.9906426072120667,8.603021228736907e-7,0.5745187401771545,0.8900926113128662,-0.047840796411037445,0.5110215544700623,0.7170186638832092,-0.06725753098726273,0.4661359488964081,0.5676091909408569,-0.08454988896846771,0.4203835129737854,0.45299550890922546,-0.09831581264734268,0.6529572010040283,0.5107443928718567,-0.006319998763501644,0.6444998383522034,0.3414077162742615,-0.026193471625447273,0.643305242061615,0.23241683840751648,-0.04418687894940376,0.6500936150550842,0.14599254727363586,-0.058165229856967926,0.7345340251922607,0.5245875120162964,-0.007483090739697218,0.7711437344551086,0.3551011383533478,-0.01458379440009594,0.7996218204498291,0.24942100048065186,-0.020840061828494072,0.8220504522323608,0.1699131727218628,-0.0260660108178854,0.8015760779380798,0.576183557510376,-0.019714146852493286,0.8465850949287415,0.44041886925697327,-0.0402567982673645,0.8791532516479492,0.3513888418674469,-0.04966775327920914,0.902458906173706,0.27762043476104736,-0.05557350069284439,0.8551992177963257,0.6532741785049438,-0.03819616138935089,0.9323272705078125,0.5779740214347839,-0.06453833729028702,0.9860647916793823,0.52833491563797,-0.07554256916046143,1.0328469276428223,0.48106616735458374,-0.08047111332416534
HELLO,0.6721731424331665,0.9906498193740845,9.044089779308706e-7,0.5760847926139832,0.8892288208007812,-0.048741765320301056,0.512152373790741,0.7181302309036255,-0.06907913833856583,0.46673035621643066,0.5686943531036377,-0.0872936099767685,0.4206015467643738,0.4536781311035156,-0.1018991619348526,0.6538589000701904,0.5113137364387512,-0.0054664649069309235,0.6458064913749695,0.34126347303390503,-0.024604400619864464,0.6464493870735168,0.23250439763069153,-0.041948482394218445,0.6547090411186218,0.14743578433990479,-0.05536521226167679,0.7357853651046753,0.5240293741226196,-0.0065279146656394005,0.7718706130981445,0.35409533977508545,-0.012238513678312302,0.8001775741577148,0.24689912796020508,-0.017407773062586784,0.8218702077865601,0.16665706038475037,-0.02209937945008278,0.802679181098938,0.5751419067382812,-0.019021175801753998,0.8491560220718384,0.4370962381362915,-0.03857307881116867,0.8802257776260376,0.3485812842845917,-0.047680314630270004,0.9032536149024963,0.27490946650505066,-0.053794264793395996,0.8558833599090576,0.6524584293365479,-0.03789374977350235,0.932037353515625,0.577713131904602,-0.06406909227371216,0.9842700362205505,0.5293321013450623,-0.07506570965051651,1.0300476551055908,0.48384273052215576,-0.08024558424949646
HELLO,0.6674094200134277,0.9986714124679565,8.229871468756755e-7,0.5723826885223389,0.8977574110031128,-0.04696492478251457,0.5084444284439087,0.7260289788246155,-0.06579339504241943,0.4645349383354187,0.5784769058227539,-0.08228424936532974,0.41891297698020935,0.4640299379825592,-0.0952049195766449,0.6501895189285278,0.5208229422569275,-0.006720659323036671,0.64361172914505,0.3517725467681885,-0.026096347719430923,0.6449018716812134,0.24493443965911865,-0.0441172793507576,0.6543368697166443,0.1602422297000885,-0.058440517634153366,0.7306964993476868,0.5344127416610718,-0.008718262426555157,0.768851101398468,0.36325937509536743,-0.01662898249924183,0.7990829944610596,0.25892576575279236,-0.02475752867758274,0.8231493830680847,0.18058550357818604,-0.03168538585305214,0.7961887121200562,0.5846376419067383,-0.021421106532216072,0.8437299728393555,0.4451236128807068,-0.042119674384593964,0.8784978985786438,0.35675710439682007,-0.05278772860765457,0.9043102264404297,0.281952828168869,-0.06018310785293579,0.8499116897583008,0.6593670845031738,-0.04016457498073578,0.9249202013015747,0.5800015926361084,-0.06596340239048004,0.9774963855743408,0.5285487174987793,-0.07684396207332611,1.023267149925232,0.4784568250179291,-0.08236925303936005
HELLO,0.6652365326881409,1.002873182296753,6.814892685724772e-7,0.5720820426940918,0.9032468795776367,-0.04589325934648514,0.5074434280395508,0.7374383211135864,-0.06308731436729431,0.46280205249786377,0.5979772806167603,-0.07790391147136688,0.41789305210113525,0.4900803565979004,-0.0896637961268425,0.6422326564788818,0.5440911054611206,-0.007620573043823242,0.636832594871521,0.38507166504859924,-0.027828890830278397,0.6390330791473389,0.28813037276268005,-0.047464072704315186,0.6477680206298828,0.20870575308799744,-0.06300240010023117,0.7204880714416504,0.5530962944030762,-0.009605319239199162,0.7604451775550842,0.3910183906555176,-0.02113170176744461,0.7903803586959839,0.29501086473464966,-0.03296587988734245,0.8161526918411255,0.2202838957309723,-0.04230585694313049,0.7850083708763123,0.5975207686424255,-0.021672995761036873,0.8337550163269043,0.4610227942466736,-0.04623289406299591,0.8676086664199829,0.37512022256851196,-0.059775859117507935,0.8940330147743225,0.2996255159378052,-0.06839411705732346,0.8397774696350098,0.6679941415786743,-0.03927036374807358,0.9155523180961609,0.5863243937492371,-0.06716293841600418,0.9682486057281494,0.5334880352020264,-0.07828599959611893,1.0147759914398193,0.48142358660697937,-0.08380508422851562
HELLO,0.6649123430252075,0.9988570213317871,7.622900852766179e-7,0.5700659155845642,0.9014829397201538,-0.0440392792224884,0.5069528818130493,0.7388211488723755,-0.06158968806266785,0.463640034198761,0.6000382900238037,-0.07644631713628769,0.4192107021808624,0.49662843346595764,-0.08856834471225739,0.6424053907394409,0.5446699857711792,-0.011244506575167179,0.6380947828292847,0.38336503505706787,-0.03006017580628395,0.6405824422836304,0.285703182220459,-0.04885544255375862,0.6496250629425049,0.20650893449783325,-0.06465081125497818,0.7204164266586304,0.5535653233528137,-0.014223993755877018,0.7596668601036072,0.3883175253868103,-0.025795020163059235,0.7896202206611633,0.2909297049045563,-0.03924353048205376,0.8146783709526062,0.2171967327594757,-0.05073292553424835,0.7841324210166931,0.5986056327819824,-0.02640724368393421,0.8364654779434204,0.4547756612300873,-0.05097781866788864,0.8701446652412415,0.3706813156604767,-0.06775274127721786,0.8966096639633179,0.2984761595726013,-0.07967069745063782,0.8365324139595032,0.6701897382736206,-0.043427057564258575,0.9133633971214294,0.5878840088844299,-0.07252808660268784,0.9656670689582825,0.5342974066734314,-0.08685411512851715,1.0119292736053467,0.48262137174606323,-0.09534361958503723
HELLO,0.6593421101570129,1.00077486038208,5.835454999214562e-7,0.5648301243782043,0.9012465476989746,-0.040890537202358246,0.5049607753753662,0.7457085847854614,-0.05591902509331703,0.4626850187778473,0.6164149045944214,-0.06948132812976837,0.418628066778183,0.5198221206665039,-0.08133306354284286,0.6295937299728394,0.5788943767547607,-0.004956042859703302,0.6274182796478271,0.43310242891311646,-0.02447730116546154,0.6345846652984619,0.34629395604133606,-0.04435238242149353,0.6465116143226624,0.27492043375968933,-0.06076561287045479,0.7013565301895142,0.5835241675376892,-0.00832370761781931,0.7401089072227478,0.43091002106666565,-0.021748550236225128,0.7701951265335083,0.34666454792022705,-0.03614576533436775,0.7980953454971313,0.28078269958496094,-0.04793640971183777,0.7597249746322632,0.6208604574203491,-0.02087290771305561,0.8076552748680115,0.4842643141746521,-0.04545203223824501,0.8389796018600464,0.4029200077056885,-0.061172887682914734,0.8662136793136597,0.32933151721954346,-0.07241372019052505,0.8097577095031738,0.6838803887367249,-0.038161784410476685,0.8790515661239624,0.60282963514328,-0.06345363706350327,0.9271625280380249,0.5489664673805237,-0.07408355176448822,0.9694056510925293,0.4956209659576416,-0.080966517329216
HELLO,0.6577711701393127,0.9936086535453796,6.896669901834684e-7,0.5655904412269592,0.8993289470672607,-0.0395955853164196,0.5061448812484741,0.7506434917449951,-0.05651644989848137,0.4668470323085785,0.6225993037223816,-0.07177173346281052,0.4268619418144226,0.5289509296417236,-0.08570210635662079,0.6296858191490173,0.5828930139541626,-0.012624404393136501,0.6294065713882446,0.4360102117061615,-0.03386065736413002,0.6342204809188843,0.34891295433044434,-0.05477515235543251,0.6440722346305847,0.2756853699684143,-0.07222598046064377,0.7000584602355957,0.587555468082428,-0.017479218542575836,0.7402008771896362,0.4341162443161011,-0.03423920273780823,0.7701531052589417,0.34456875920295715,-0.05239033326506615,0.7975383996963501,0.27184560894966125,-0.06756990402936935,0.7588374614715576,0.624455451965332,-0.03054840676486492,0.8102692365646362,0.4833317995071411,-0.05810633301734924,0.8419132828712463,0.40171971917152405,-0.07835837453603745,0.8682764768600464,0.32947593927383423,-0.09297013282775879,0.8090022802352905,0.6879076957702637,-0.04762069135904312,0.8811871409416199,0.6010615825653076,-0.07695776224136353,0.9312610030174255,0.5466392040252686,-0.09160737693309784,0.9741804599761963,0.49557262659072876,-0.10122236609458923
HELLO,0.6436208486557007,0.999062716960907,4.855000952375121e-7,0.5548632144927979,0.8982438445091248,-0.031445592641830444,0.4994843006134033,0.7635793089866638,-0.04387497901916504,0.4623193144798279,0.6487756371498108,-0.05786733329296112,0.42984533309936523,0.5581798553466797,-0.07126428186893463,0.6143996715545654,0.6316508054733276,0.00846612174063921,0.6213074922561646,0.5060234665870667,-0.011424613185226917,0.6309416890144348,0.4305238425731659,-0.033808667212724686,0.644757866859436,0.36617013812065125,-0.05180149897933006,0.6762224435806274,0.633239209651947,0.0005823365645483136,0.7095874547958374,0.49272793531417847,-0.015406480059027672,0.7361527681350708,0.41364091634750366,-0.03412498161196709,0.7629219889640808,0.3494841456413269,-0.04960589110851288,0.7265176773071289,0.659064769744873,-0.016234487295150757,0.7689716219902039,0.5262385606765747,-0.040265247225761414,0.7964707016944885,0.4522806406021118,-0.05596943944692612,0.822106122970581,0.3874439001083374,-0.06739404797554016,0.7713884115219116,0.7057170271873474,-0.03734396770596504,0.8299064636230469,0.6144747138023376,-0.05950473994016647,0.8706740736961365,0.5569449067115784,-0.0681755393743515,0.9066929221153259,0.5037045478820801,-0.07465072721242905
HELLO,0.647032618522644,0.9917312860488892,6.049660896678688e-7,0.560583233833313,0.9035899639129639,-0.03124469704926014,0.5032104253768921,0.7667344808578491,-0.042162731289863586,0.4675449728965759,0.6520721912384033,-0.053567130118608475,0.437578022480011,0.566466748714447,-0.06386463344097137,0.6131837368011475,0.6328584551811218,0.0016729246126487851,0.6216261982917786,0.5045167207717896,-0.017391705885529518,0.6325704455375671,0.42693525552749634,-0.03763451799750328,0.6467952132225037,0.36192983388900757,-0.05410380661487579,0.6728758811950684,0.6318342685699463,-0.004394047427922487,0.7044011354446411,0.4933484196662903,-0.019706130027770996,0.7312376499176025,0.41162174940109253,-0.036863040179014206,0.7575781345367432,0.3489716053009033,-0.050950828939676285,0.7243605852127075,0.6569607853889465,-0.018565688282251358,0.7675042748451233,0.5216209888458252,-0.04142480343580246,0.7949258685112,0.44588351249694824,-0.05812888592481613,0.8191207647323608,0.3830622136592865,-0.0703047588467598,0.7721169590950012,0.7063043117523193,-0.03662824630737305,0.8329286575317383,0.6132976412773132,-0.060007259249687195,0.8745384812355042,0.5540417432785034,-0.07164645195007324,0.9099187850952148,0.5022217631340027,-0.07976370304822922
HELLO,0.647192120552063,0.9919759035110474,6.271752113207185e-7,0.5593861937522888,0.9047760963439941,-0.0323982872068882,0.5013418793678284,0.7681326270103455,-0.04334031790494919,0.46609216928482056,0.6525441408157349,-0.05429880693554878,0.4382563531398773,0.5666017532348633,-0.0640396848320961,0.6125850081443787,0.6328617930412292,0.00048282742500305176,0.6230224370956421,0.506106972694397,-0.019481753930449486,0.6347981691360474,0.42857125401496887,-0.040608927607536316,0.6489200592041016,0.36329910159111023,-0.057655464857816696,0.6724960207939148,0.6318564414978027,-0.0050925700925290585,0.7047767639160156,0.49474668502807617,-0.0218182485550642,0.7314596772193909,0.4125104546546936,-0.04008239507675171,0.7572910189628601,0.34920379519462585,-0.0545949824154377,0.7242872714996338,0.6572281122207642,-0.01880713365972042,0.7672097682952881,0.5222378969192505,-0.04317578300833702,0.7947934865951538,0.4454665780067444,-0.06078175827860832,0.8185177445411682,0.3820486068725586,-0.07312239706516266,0.7712371349334717,0.7073954939842224,-0.036396656185388565,0.8325943350791931,0.6126748323440552,-0.0609792061150074,0.873807430267334,0.5533238649368286,-0.07312239706516266,0.9094023108482361,0.5020408034324646,-0.08121785521507263
HELLO,0.6231533885002136,0.998386800289154,2.830405776421685e-7,0.5520828366279602,0.9085114002227783,-0.023194892331957817,0.5016652941703796,0.7996795773506165,-0.03135332465171814,0.4720112383365631,0.7070581316947937,-0.042023301124572754,0.4603317081928253,0.6297584176063538,-0.05197099968791008,0.6014607548713684,0.6935229897499084,0.014035126194357872,0.6147809624671936,0.5809015035629272,-0.0037078172899782658,0.620174765586853,0.5117871165275574,-0.0246066115796566,0.6267561316490173,0.4502643644809723,-0.040644410997629166,0.6509653329849243,0.6880675554275513,0.006623594090342522,0.670128583908081,0.5603809356689453,-0.008088665083050728,0.6792499423027039,0.48270338773727417,-0.02646154724061489,0.6894283890724182,0.417805016040802,-0.04080856218934059,0.696528971195221,0.6976187229156494,-0.008166637271642685,0.7229262590408325,0.5721849799156189,-0.02606757916510105,0.7339130640029907,0.4950069487094879,-0.03834626078605652,0.7428998947143555,0.42898479104042053,-0.046718090772628784,0.7403255701065063,0.7243995070457458,-0.02683909796178341,0.7776647210121155,0.6249948143959045,-0.04048025608062744,0.8004201650619507,0.5612871646881104,-0.04445277526974678,0.8185117244720459,0.5043457746505737,-0.04727621376514435
HELLO,0.6238883137702942,0.9793168902397156,3.826593513167609e-7,0.549500048160553,0.8986612558364868,-0.01909049041569233,0.4988744258880615,0.7913851737976074,-0.02238793857395649,0.4713645875453949,0.6978937387466431,-0.0282741729170084,0.4628211259841919,0.6230083703994751,-0.033379435539245605,0.601966381072998,0.6931124925613403,0.02144787833094597,0.6142160892486572,0.5829442143440247,0.007722971495240927,0.6209800243377686,0.5141677260398865,-0.010543158277869225,0.628690779209137,0.4537390470504761,-0.02438376471400261,0.6513546705245972,0.6888676285743713,0.01431063748896122,0.672096312046051,0.5668498873710632,0.003405917203053832,0.6819355487823486,0.4884875416755676,-0.014455262571573257,0.6905182003974915,0.42235469818115234,-0.02824524976313114,0.6954963207244873,0.6977226734161377,0.0001766006025718525,0.7216039896011353,0.5782791972160339,-0.013630899600684643,0.7317036986351013,0.5011998414993286,-0.027724601328372955,0.7396918535232544,0.4354715347290039,-0.037284307181835175,0.738534688949585,0.7213160395622253,-0.01732606627047062,0.7766827344894409,0.6218862533569336,-0.028809288516640663,0.799595296382904,0.5559946894645691,-0.03442073613405228,0.8169977068901062,0.4976949691772461,-0.038209907710552216
HELLO,0.602992057800293,0.9873784780502319,-6.036476918325206e-8,0.5333471894264221,0.9080891013145447,-0.008976176381111145,0.49067145586013794,0.8223782777786255,-0.007059530820697546,0.4720885753631592,0.7483077645301819,-0.00989698525518179,0.4740612506866455,0.683194100856781,-0.011438485234975815,0.5868751406669617,0.7394535541534424,0.04591764509677887,0.5945062041282654,0.6518033742904663,0.041088514029979706,0.5895563364028931,0.5979987978935242,0.025578012689948082,0.5823679566383362,0.5494604110717773,0.012939062900841236,0.631798505783081,0.7328901290893555,0.0383874773979187,0.6464176774024963,0.6341760158538818,0.039014995098114014,0.6415372490882874,0.5738159418106079,0.025346102192997932,0.6344961524009705,0.5236597061157227,0.012754901312291622,0.6734110713005066,0.7356407642364502,0.023859169334173203,0.6918325424194336,0.6415292620658875,0.022413158789277077,0.6883437633514404,0.5832707285881042,0.015210391022264957,0.681039571762085,0.5360035300254822,0.008751090615987778,0.7136034369468689,0.7501223683357239,0.005859069526195526,0.7340925335884094,0.668071985244751,0.005722653586417437,0.7307918667793274,0.6154725551605225,0.006964039523154497,0.719505250453949,0.5733064413070679,0.007100455462932587
HELLO,0.6069493293762207,0.9639882445335388,5.6672490700293565e-8,0.5345807075500488,0.9034802317619324,-0.008597644045948982,0.49202823638916016,0.8237095475196838,-0.003728780196979642,0.47452226281166077,0.7484738826751709,-0.0029031005688011646,0.47434455156326294,0.6849701404571533,-0.0006820670096203685,0.5880436897277832,0.745114266872406,0.04793054237961769,0.590477705001831,0.6573870778083801,0.04823613166809082,0.5862252712249756,0.6025086045265198,0.03676477074623108,0.5807337760925293,0.554685652256012,0.026727333664894104,0.6328153014183044,0.737723708152771,0.04292358085513115,0.6441224813461304,0.6440412998199463,0.04677870497107506,0.6385298371315002,0.5834235548973083,0.0336383581161499,0.6307231783866882,0.5345355868339539,0.02204946056008339,0.6736636757850647,0.7382786273956299,0.03156974911689758,0.6881903409957886,0.648475706577301,0.03305068612098694,0.6841686964035034,0.588776171207428,0.024564698338508606,0.6764448285102844,0.5405128002166748,0.017500877380371094,0.7141553163528442,0.748901903629303,0.017113015055656433,0.7332143783569336,0.6703345775604248,0.01743035949766636,0.7297888994216919,0.6162275671958923,0.016760410740971565,0.7186151146888733,0.5716434121131897,0.016078712418675423
HELLO,0.6043363809585571,0.9554151296615601,1.1352669559983042e-7,0.5327063202857971,0.9018476009368896,-0.01131108682602644,0.4921300709247589,0.8224087953567505,-0.0060760704800486565,0.473684698343277,0.7465913891792297,-0.003757782280445099,0.47479012608528137,0.68318772315979,0.00018296949565410614,0.5865657329559326,0.7433720231056213,0.046538274735212326,0.5906383991241455,0.6563700437545776,0.04796159639954567,0.5873330235481262,0.6006536483764648,0.03728669136762619,0.5831236243247986,0.5518280267715454,0.027927279472351074,0.6319732069969177,0.736516535282135,0.04429546743631363,0.6440956592559814,0.6473818421363831,0.05085137113928795,0.6401218771934509,0.5851156115531921,0.0389041006565094,0.634026050567627,0.534429669380188,0.027754755690693855,0.6735035181045532,0.7381976842880249,0.03549675643444061,0.6891055107116699,0.6529118418693542,0.03918445482850075,0.6866391897201538,0.5946635603904724,0.030428873375058174,0.6804932355880737,0.5469441413879395,0.022924091666936874,0.7131489515304565,0.7480643391609192,0.023420095443725586,0.7325147986412048,0.6741244792938232,0.024757156148552895,0.7299078702926636,0.6221734285354614,0.023312270641326904,0.7210623025894165,0.5786652565002441,0.022050688043236732
HELLO,0.5920166969299316,0.9534811973571777,-1.2698120599452523e-7,0.5178354382514954,0.8978357315063477,0.004623244982212782,0.4820151627063751,0.8364482522010803,0.020482050254940987,0.4690655469894409,0.7733686566352844,0.029223207384347916,0.4755873382091522,0.717522919178009,0.03952337056398392,0.5776810646057129,0.7696038484573364,0.08300337195396423,0.5770874619483948,0.6962102651596069,0.0969376191496849,0.565012514591217,0.6526606678962708,0.09143273532390594,0.5540720224380493,0.6225614547729492,0.08571281284093857,0.6143168210983276,0.7608811259269714,0.07741247117519379,0.6171098351478577,0.6837655305862427,0.0963355228304863,0.600395143032074,0.6393870711326599,0.08696001768112183,0.5867334008216858,0.617804229259491,0.07788555324077606,0.6515309810638428,0.7587931156158447,0.06532752513885498,0.6566082835197449,0.681247353553772,0.07844464480876923,0.6399617791175842,0.6487845778465271,0.07410094141960144,0.6277262568473816,0.639414370059967,0.07057437300682068,0.6907684803009033,0.7617964148521423,0.050877198576927185,0.700560986995697,0.6890008449554443,0.06132788211107254,0.6825914978981018,0.6627569198608398,0.06657472252845764,0.6643128395080566,0.6639657020568848,0.07074639946222305
HELLO,0.5927159190177917,0.9458643794059753,-8.737369716627086e-10,0.5205579996109009,0.8991312384605408,0.0022296090610325336,0.4838148355484009,0.834079921245575,0.018304504454135895,0.4728962779045105,0.7686550617218018,0.028687873855233192,0.4766353666782379,0.7110743522644043,0.04092268645763397,0.5741494297981262,0.7703602910041809,0.08070015162229538,0.5735296607017517,0.6988443732261658,0.09963453561067581,0.5642589926719666,0.6556908488273621,0.09749678522348404,0.5535531044006348,0.6236954927444458,0.09291588515043259,0.6126531958580017,0.7625795602798462,0.0775698721408844,0.6161105632781982,0.6910912990570068,0.10337560623884201,0.602871298789978,0.6448827981948853,0.09711503982543945,0.591131865978241,0.6185241937637329,0.08818228542804718,0.6496645212173462,0.7622355818748474,0.06825537979602814,0.6566712856292725,0.6900053024291992,0.0874188020825386,0.6421481370925903,0.6536676287651062,0.08451756834983826,0.6295484304428101,0.6388346552848816,0.07947857677936554,0.6897550821304321,0.7683053612709045,0.05619234964251518,0.7011541128158569,0.7007848024368286,0.06905703991651535,0.6858270764350891,0.6712859272956848,0.07337071746587753,0.6679325103759766,0.6657329201698303,0.07547029107809067
HELLO,0.5939001441001892,0.9499374628067017,9.019713864688583e-9,0.5218605399131775,0.9022626876831055,0.0035967498552054167,0.48455744981765747,0.8365888595581055,0.020650923252105713,0.47244322299957275,0.771140992641449,0.031710509210824966,0.4772280156612396,0.7141933441162109,0.04435276612639427,0.5740531086921692,0.7715513706207275,0.08420542627573013,0.5732038617134094,0.700536847114563,0.10457032918930054,0.5651214122772217,0.6577256917953491,0.1025109589099884,0.5552554726600647,0.6234496235847473,0.09724810719490051,0.6125280261039734,0.7634747624397278,0.08023922890424728,0.6161655783653259,0.6931560039520264,0.10624833405017853,0.6045745015144348,0.6451514959335327,0.09823966771364212,0.5920290350914001,0.6174305081367493,0.08763770759105682,0.649789571762085,0.7632205486297607,0.07013305276632309,0.6567067503929138,0.6922154426574707,0.08885808289051056,0.6442038416862488,0.6526665687561035,0.08321388065814972,0.6299349665641785,0.6340675950050354,0.07604421675205231,0.690308690071106,0.7693445086479187,0.05750986561179161,0.7011575698852539,0.7030384540557861,0.06914150714874268,0.6875881552696228,0.6710936427116394,0.07135341316461563,0.6687314510345459,0.6607387065887451,0.07169665396213531
HELLO,0.5764858722686768,0.9669018387794495,-1.331972327989206e-7,0.5090358257293701,0.9189918041229248,0.0062639303505420685,0.4784722626209259,0.854474663734436,0.026437047868967056,0.4695107340812683,0.7944321632385254,0.04028867930173874,0.4771406650543213,0.7444201707839966,0.05602044239640236,0.5717494487762451,0.7888683676719666,0.08617940545082092,0.5705300569534302,0.7250733971595764,0.10567145049571991,0.5583740472793579,0.6865959167480469,0.10206465423107147,0.5448300838470459,0.6595984697341919,0.09669283032417297,0.6049461960792542,0.7813531160354614,0.08195868134498596,0.6105865836143494,0.7108425498008728,0.10498078912496567,0.5939646363258362,0.6674480438232422,0.0933929905295372,0.5745783448219299,0.6518871784210205,0.08172845840454102,0.6378061175346375,0.779723584651947,0.072097547352314,0.6478518843650818,0.7085045576095581,0.08940249681472778,0.6300749778747559,0.6729980111122131,0.0787355899810791,0.6118311285972595,0.6671345829963684,0.06929653137922287,0.6732488870620728,0.7820180058479309,0.060126058757305145,0.6863338351249695,0.7176109552383423,0.07094644010066986,0.6695483922958374,0.68459153175354,0.06956511735916138,0.6475417613983154,0.6816968321800232,0.06803031265735626
HELLO,0.5796902775764465,0.9554316997528076,-8.847926125099548e-8,0.5117812156677246,0.9165526032447815,0.008424938656389713,0.4798387885093689,0.854476809501648,0.029368719086050987,0.4707764685153961,0.7949293851852417,0.043489325791597366,0.4765082895755768,0.7433341145515442,0.059417515993118286,0.5691537857055664,0.7924222946166992,0.0894126296043396,0.5698142647743225,0.728211522102356,0.11067408323287964,0.5573053956031799,0.6879882216453552,0.10909915715456009,0.5416505336761475,0.6621041297912598,0.10573454946279526,0.6041669249534607,0.7829963564872742,0.08504579961299896,0.6096566915512085,0.7132489681243896,0.11153312027454376,0.5937367081642151,0.6693623065948486,0.10294263809919357,0.5751612186431885,0.654839038848877,0.09385104477405548,0.6374554634094238,0.7779310941696167,0.0751667395234108,0.6464002132415771,0.7092863917350769,0.09607025235891342,0.6301440596580505,0.6736489534378052,0.08905468881130219,0.6144430637359619,0.6677869558334351,0.08239706605672836,0.6736025214195251,0.7770792245864868,0.06317585706710815,0.6859973073005676,0.7163960933685303,0.07652690261602402,0.6716054677963257,0.6808018088340759,0.07688484340906143,0.6516525745391846,0.6736966371536255,0.07702801376581192
HELLO,0.5661319494247437,0.9729089736938477,-1.8346025854043546e-7,0.5026535987854004,0.9291163086891174,0.0031305081211030483,0.4765869379043579,0.8688283562660217,0.01905868947505951,0.4690026342868805,0.8128474950790405,0.029576847329735756,0.47282174229621887,0.7653331756591797,0.04175760969519615,0.5663334131240845,0.808262288570404,0.07224451750516891,0.5651400089263916,0.7485581636428833,0.08561534434556961,0.5528473258018494,0.7094829082489014,0.079104945063591,0.5384803414344788,0.6835641860961914,0.07231451570987701,0.5986216068267822,0.8006684184074402,0.06912931799888611,0.6020225882530212,0.7342098951339722,0.08631538599729538,0.5844998955726624,0.6926143169403076,0.07294455915689468,0.5632234215736389,0.6737080812454224,0.06006374955177307,0.6298997402191162,0.7978363633155823,0.060868799686431885,0.6383857131004333,0.7324945330619812,0.07427463680505753,0.619350790977478,0.6959913372993469,0.06174385920166969,0.5982031226158142,0.682662844657898,0.05082317441701889,0.663353443145752,0.799801230430603,0.0506131574511528,0.6779997944831848,0.7425295114517212,0.06013375520706177,0.6609465479850769,0.706520676612854,0.057333581149578094,0.6354813575744629,0.6931025981903076,0.05407837778329849
HELLO,0.5653807520866394,0.9688904881477356,-1.7419895925741002e-7,0.5023902654647827,0.9313430786132812,0.004058138933032751,0.4763399064540863,0.8697004318237305,0.020284323021769524,0.46858617663383484,0.8126932978630066,0.03103807382285595,0.47261127829551697,0.765163242816925,0.043626587837934494,0.5660547018051147,0.8076822757720947,0.06955111026763916,0.5658743381500244,0.7449914216995239,0.07977820932865143,0.5517746806144714,0.706784725189209,0.07237119972705841,0.5335981845855713,0.6860460042953491,0.06666304916143417,0.5988670587539673,0.7989452481269836,0.06635726243257523,0.6055760383605957,0.7288467288017273,0.08168093115091324,0.5888810157775879,0.6883504390716553,0.06934724748134613,0.5659224987030029,0.6775191426277161,0.05881434679031372,0.629959225654602,0.7969562411308289,0.058100830763578415,0.640410304069519,0.7296062707901001,0.07019667327404022,0.6224074363708496,0.6918854713439941,0.05898423120379448,0.6007258892059326,0.683201014995575,0.05028609558939934,0.6627607345581055,0.8001736402511597,0.047975655645132065,0.6792152523994446,0.7426078915596008,0.055790383368730545,0.6639949083328247,0.7043993473052979,0.05256256088614464,0.6395087242126465,0.6915615200996399,0.050252120941877365
HELLO,0.5578604340553284,0.9856825470924377,-2.529513949411921e-7,0.49952617287635803,0.9510562419891357,-0.0023162111174315214,0.47427767515182495,0.8902767300605774,0.007539782207459211,0.46713703870773315,0.8322585821151733,0.012849605642259121,0.4712989032268524,0.784720242023468,0.019791927188634872,0.5598154664039612,0.821574330329895,0.054798055440187454,0.5609535574913025,0.7608062028884888,0.05890454724431038,0.5478407740592957,0.7232681512832642,0.04809976741671562,0.5297607183456421,0.7047796845436096,0.03988679498434067,0.5905983448028564,0.8145105242729187,0.05227358266711235,0.5938677787780762,0.7457275390625,0.05934212729334831,0.5731114745140076,0.7068560719490051,0.04305080696940422,0.5456833243370056,0.6940102577209473,0.029906680807471275,0.6220508813858032,0.8148066401481628,0.044767457991838455,0.6328423619270325,0.7462754845619202,0.04843636229634285,0.6136117577552795,0.7092729806900024,0.03308752551674843,0.588701605796814,0.6983458399772644,0.022249089553952217,0.6563215255737305,0.8217284679412842,0.03551102802157402,0.6738755106925964,0.7629823088645935,0.036823756992816925,0.6581392288208008,0.7251960039138794,0.03047889471054077,0.6320346593856812,0.7118474841117859,0.025968490168452263
HELLO,0.5544273853302002,0.9855032563209534,-2.1475982237006974e-7,0.49635955691337585,0.9500452876091003,0.00063927291193977,0.47240182757377625,0.888765811920166,0.011294870637357235,0.4656168818473816,0.8328267335891724,0.01708926446735859,0.4697968065738678,0.7867457866668701,0.02448761649429798,0.5613224506378174,0.8208816051483154,0.055559009313583374,0.5626140236854553,0.7576650977134705,0.0582798570394516,0.5472065806388855,0.7209551334381104,0.046523112803697586,0.526117205619812,0.7043421268463135,0.03859570622444153,0.5918700098991394,0.8139644861221313,0.05196480453014374,0.5973573923110962,0.7428701519966125,0.05995938926935196,0.5767548680305481,0.7031810283660889,0.04541461542248726,0.5482305288314819,0.6934009194374084,0.03406096249818802,0.6223452091217041,0.8142769932746887,0.04360072314739227,0.6333550214767456,0.7439060211181641,0.049982950091362,0.614450216293335,0.7057657837867737,0.037991076707839966,0.5902843475341797,0.6952705383300781,0.02944224141538143,0.6547325849533081,0.8213201761245728,0.03337235376238823,0.673054039478302,0.7613219618797302,0.03668104112148285,0.658765971660614,0.7228519916534424,0.03258297219872475,0.6344012022018433,0.7088087797164917,0.03013085015118122
HELLO,0.5563910603523254,1.0037323236465454,-2.601244659672375e-7,0.49850994348526,0.9682685136795044,-0.000946846732404083,0.47235721349716187,0.9099582433700562,0.008754592388868332,0.4621439576148987,0.8533334136009216,0.013311426155269146,0.4664658308029175,0.8060562610626221,0.01908227615058422,0.557259738445282,0.8389087915420532,0.058512136340141296,0.5554322600364685,0.774773120880127,0.06241066753864288,0.5412620902061462,0.7371286749839783,0.051022857427597046,0.5229682922363281,0.7187034487724304,0.04261024296283722,0.5884212255477905,0.8310485482215881,0.05522916838526726,0.5908048748970032,0.7586780190467834,0.06251326203346252,0.5697920918464661,0.7215452194213867,0.045893214643001556,0.5413771867752075,0.7117756605148315,0.03288101777434349,0.6197686195373535,0.8301049470901489,0.04678235575556755,0.6297977566719055,0.758754312992096,0.0509202666580677,0.6081151366233826,0.7231078147888184,0.03529195114970207,0.5816547870635986,0.7132680416107178,0.024400006979703903,0.6533399820327759,0.8371810913085938,0.036659855395555496,0.6698667407035828,0.775677502155304,0.03843813017010689,0.6516547799110413,0.7403269410133362,0.03219706565141678,0.623881995677948,0.728679895401001,0.02776847407221794
HELLO,0.5567330718040466,1.006974220275879,-2.0424134561380924e-7,0.49947524070739746,0.971333920955658,-0.0020043551921844482,0.47289466857910156,0.912243664264679,0.007192600984126329,0.46085506677627563,0.8540942072868347,0.011735520325601101,0.4647352695465088,0.8051646947860718,0.017829786986112595,0.5575764179229736,0.8407951593399048,0.05586552619934082,0.554824948310852,0.7755187153816223,0.059147708117961884,0.5386965274810791,0.7370572090148926,0.04755749553442001,0.5180813670158386,0.7170983552932739,0.03921527415513992,0.5879334807395935,0.8316738605499268,0.05326712504029274,0.5898798704147339,0.756987452507019,0.06058366596698761,0.5687761306762695,0.718595564365387,0.04495909810066223,0.5404777526855469,0.7101334929466248,0.03290732577443123,0.6190325617790222,0.8300179243087769,0.04547194018959999,0.6264451146125793,0.7556511163711548,0.050497785210609436,0.6049165725708008,0.7195234894752502,0.035898901522159576,0.5790859460830688,0.7105312943458557,0.02577882818877697,0.652439296245575,0.8358983993530273,0.035796329379081726,0.6675721406936646,0.7720764875411987,0.037847694009542465,0.6494399905204773,0.7364803552627563,0.031847450882196426,0.6228532195091248,0.7267096042633057,0.027898572385311127
HELLO,0.5605751276016235,1.0370519161224365,-2.389863880125631e-7,0.5016204118728638,1.0089192390441895,-0.012381849810481071,0.47185078263282776,0.94740229845047,-0.013391193002462387,0.45930659770965576,0.8844001889228821,-0.017106616869568825,0.45996010303497314,0.8282409906387329,-0.018690241500735283,0.5536945462226868,0.8585500121116638,0.030001839622855186,0.5529995560646057,0.7895832061767578,0.02210112288594246,0.5371866226196289,0.752873957157135,0.006791309453547001,0.5174103379249573,0.7393316626548767,-0.002536408370360732,0.5872827768325806,0.8514828085899353,0.028714057058095932,0.5899473428726196,0.7753475904464722,0.02577303908765316,0.5696915984153748,0.736598014831543,0.010833030566573143,0.5429605841636658,0.7298312187194824,0.00036164483753964305,0.619658350944519,0.8536494970321655,0.02182268165051937,0.6309544444084167,0.7798329591751099,0.01650623232126236,0.6091643571853638,0.74196457862854,0.00271478365175426,0.5822092890739441,0.7339036464691162,-0.005342554766684771,0.651922345161438,0.8640294671058655,0.012573275715112686,0.6666238307952881,0.7992522120475769,0.004568145610392094,0.6465288996696472,0.7646788954734802,-0.0039808121509850025,0.6170427203178406,0.7579423189163208,-0.008200908079743385
HELLO,0.582965075969696,1.0724005699157715,-9.521160393433092e-8,0.5231675505638123,1.0484822988510132,-0.026355590671300888,0.483190655708313,0.986940860748291,-0.03934778273105621,0.4599163830280304,0.9266058206558228,-0.05207482725381851,0.4529343545436859,0.8655288815498352,-0.06169082224369049,0.5495634078979492,0.887668788433075,-0.006376780103892088,0.5495613217353821,0.8133271932601929,-0.030527234077453613,0.5343658328056335,0.7748755812644958,-0.050448596477508545,0.5163969397544861,0.7636682391166687,-0.0598524734377861,0.5861117243766785,0.8770628571510315,-0.004105356056243181,0.586800754070282,0.7955256104469299,-0.01942642219364643,0.5723195672035217,0.7617112398147583,-0.029272204264998436,0.5581329464912415,0.7562342286109924,-0.03271911293268204,0.6207523345947266,0.8820959329605103,-0.007888116873800755,0.6251935362815857,0.8048989772796631,-0.02333291806280613,0.6076076626777649,0.7830379009246826,-0.024870770052075386,0.5935333371162415,0.7855767011642456,-0.02068144828081131,0.6532153487205505,0.8982446789741516,-0.015210588462650776,0.6646952033042908,0.8297624588012695,-0.02939593978226185,0.6497406363487244,0.8024315237998962,-0.030827732756733894,0.633050799369812,0.8015356659889221,-0.026461651548743248
HELLO,0.5844495892524719,1.0608144998550415,4.7251674573089986e-8,0.5265923142433167,1.0451606512069702,-0.03703346103429794,0.4813807010650635,0.995508074760437,-0.05697176977992058,0.4559164345264435,0.9345986247062683,-0.07413935661315918,0.45149531960487366,0.869265079498291,-0.08851812034845352,0.5494830012321472,0.891632616519928,-0.023668818175792694,0.5485150218009949,0.8197386264801025,-0.051756300032138824,0.5323466658592224,0.7821662425994873,-0.07591407001018524,0.5150966644287109,0.7639642953872681,-0.09025661647319794,0.584880530834198,0.8803001046180725,-0.018598223105072975,0.58642578125,0.8027496933937073,-0.040202584117650986,0.5721232891082764,0.7643735408782959,-0.0567544624209404,0.5580198764801025,0.7532820105552673,-0.06765624135732651,0.6185734272003174,0.883144736289978,-0.019775325432419777,0.6272298693656921,0.8110256195068359,-0.04110804572701454,0.611382782459259,0.7836621999740601,-0.050887055695056915,0.5946940183639526,0.7834029197692871,-0.05447269603610039,0.6521968245506287,0.8992797136306763,-0.02504512295126915,0.6658959984779358,0.8313041925430298,-0.04494721442461014,0.652859091758728,0.8019238710403442,-0.05342235416173935,0.6327003836631775,0.8011149168014526,-0.05617495998740196
HELLO,0.5967554450035095,1.1062664985656738,-2.5981016449350136e-8,0.5402779579162598,1.0831413269042969,-0.028982380405068398,0.49411270022392273,1.029707431793213,-0.04844433441758156,0.4648205041885376,0.9778367877006531,-0.0651417002081871,0.45451074838638306,0.918936550617218,-0.07997160404920578,0.5464924573898315,0.9306585192680359,-0.0294767115265131,0.5490724444389343,0.852073609828949,-0.053351014852523804,0.5391137003898621,0.8128587007522583,-0.0721355527639389,0.5254047513008118,0.7948912978172302,-0.08326713740825653,0.5872694253921509,0.9212865233421326,-0.027261381968855858,0.5860998630523682,0.8420765399932861,-0.045954376459121704,0.5711025595664978,0.8048924207687378,-0.058843567967414856,0.5529409646987915,0.7886433005332947,-0.06744857132434845,0.623710572719574,0.9253503680229187,-0.028909144923090935,0.625353217124939,0.8461405038833618,-0.04727259278297424,0.608715295791626,0.8137995004653931,-0.052142657339572906,0.5899677872657776,0.7989565134048462,-0.053387634456157684,0.6555817127227783,0.9380067586898804,-0.033120106905698776,0.6630828380584717,0.8678586483001709,-0.05031180381774902,0.6506631970405579,0.834892988204956,-0.05349748581647873,0.6330873966217041,0.8205187320709229,-0.05265529081225395
HELLO,0.5953503847122192,1.111088514328003,1.094063577511406e-7,0.535455584526062,1.088657021522522,-0.02764829993247986,0.48638269305229187,1.0343453884124756,-0.04561791196465492,0.4598318934440613,0.9784650802612305,-0.06049177795648575,0.4481206238269806,0.9175469875335693,-0.0733729675412178,0.5408194065093994,0.9355185627937317,-0.025495504960417747,0.5463531613349915,0.8598725199699402,-0.04586699604988098,0.5399924516677856,0.8192630410194397,-0.06301819533109665,0.5290600061416626,0.7962579131126404,-0.07415580004453659,0.5837115049362183,0.9248373508453369,-0.023680750280618668,0.5844330787658691,0.8489277958869934,-0.03931965306401253,0.5717722177505493,0.8099600076675415,-0.0518450066447258,0.5537669658660889,0.7890571355819702,-0.06109669432044029,0.6213530898094177,0.9279477000236511,-0.025353170931339264,0.6231580972671509,0.8529919981956482,-0.040458325296640396,0.6107008457183838,0.8194851279258728,-0.04444366693496704,0.5927847027778625,0.8020755052566528,-0.04615166783332825,0.6545546054840088,0.9411109685897827,-0.029605386778712273,0.6609926819801331,0.8751171827316284,-0.044585999101400375,0.6509336829185486,0.8435702323913574,-0.04672100022435188,0.63482266664505,0.8297047019004822,-0.04565349966287613
HELLO,0.5943048000335693,1.1128735542297363,1.1819174261518128e-7,0.5373812317848206,1.087778091430664,-0.028558164834976196,0.4890683889389038,1.0315046310424805,-0.046511080116033554,0.4613227844238281,0.9765185713768005,-0.06088065356016159,0.4486708343029022,0.9169943928718567,-0.07336806505918503,0.5408240556716919,0.9343949556350708,-0.026241660118103027,0.544267475605011,0.8565557599067688,-0.04585956409573555,0.5359775424003601,0.816725492477417,-0.061966512352228165,0.5237166285514832,0.798026442527771,-0.07213742285966873,0.5825752019882202,0.9243274927139282,-0.022875487804412842,0.5826418995857239,0.8464482426643372,-0.03818614035844803,0.570556640625,0.8088798522949219,-0.050166815519332886,0.5530667304992676,0.7935540676116943,-0.058745127171278,0.6191298961639404,0.9279446601867676,-0.023020271211862564,0.621424674987793,0.8519564867019653,-0.03742603585124016,0.6081507802009583,0.8189587593078613,-0.041733287274837494,0.5898972749710083,0.8043496608734131,-0.04383262246847153,0.6521977186203003,0.9414634704589844,-0.02569873072206974,0.6590213179588318,0.8768491744995117,-0.03985112905502319,0.6486292481422424,0.8451172709465027,-0.04267437011003494,0.6316269040107727,0.8317466974258423,-0.042384807020425797
HELLO,0.6170863509178162,1.1153172254562378,-3.199823197519436e-7,0.5704278945922852,1.0675396919250488,-0.007153025828301907,0.540343165397644,0.989052951335907,-0.012040185742080212,0.5332152247428894,0.9218594431877136,-0.019921841099858284,0.5279671549797058,0.8667682409286499,-0.026124093681573868,0.562085747718811,0.9392668604850769,0.006295551545917988,0.5446204543113708,0.8631615042686462,-0.01649194397032261,0.5247533321380615,0.8568128943443298,-0.032752856612205505,0.5174680352210999,0.8734129667282104,-0.03923945501446724,0.5942708253860474,0.9372200965881348,-0.00011162718874402344,0.5786386132240295,0.8611900210380554,-0.020508302375674248,0.5586459040641785,0.8822740316390991,-0.030673595145344734,0.556715726852417,0.9132834076881409,-0.03205977380275726,0.626364529132843,0.9452376365661621,-0.009996464475989342,0.6099399924278259,0.874180793762207,-0.027759069576859474,0.5920532941818237,0.9024648070335388,-0.02411591447889805,0.5922391414642334,0.9310770034790039,-0.016127629205584526,0.6587631106376648,0.9608328342437744,-0.020917044952511787,0.6396639347076416,0.9004681706428528,-0.028931988403201103,0.62281334400177,0.9175034165382385,-0.02017064206302166,0.6222805976867676,0.9423976540565491,-0.010316351428627968
HELLO,0.6125372648239136,1.1041840314865112,-3.15413387852459e-7,0.5688701272010803,1.0626599788665771,-0.006138036493211985,0.5386718511581421,0.9871084690093994,-0.009997592307627201,0.5315405130386353,0.9236302375793457,-0.017543435096740723,0.5289844274520874,0.8710989952087402,-0.023581843823194504,0.563089907169342,0.9256386160850525,0.011990180239081383,0.5507966876029968,0.8579517006874084,-0.010595368221402168,0.5303294658660889,0.8554815649986267,-0.027809593826532364,0.5189179182052612,0.874177098274231,-0.03527746722102165,0.5936905741691589,0.9238146543502808,0.004899166524410248,0.5772386193275452,0.8630920052528381,-0.017075611278414726,0.559917688369751,0.8960594534873962,-0.027809593826532364,0.5584315657615662,0.934819221496582,-0.028918512165546417,0.6239598393440247,0.9324217438697815,-0.006099050864577293,0.6051218509674072,0.8758522868156433,-0.025297198444604874,0.5897330045700073,0.9124246835708618,-0.021329352632164955,0.5898256897926331,0.946017324924469,-0.012501321732997894,0.6548677682876587,0.9485343098640442,-0.018227847293019295,0.6344218850135803,0.8986393213272095,-0.027549689635634422,0.6195507049560547,0.9218864440917969,-0.018868938088417053,0.6201820373535156,0.9501023888587952,-0.00858545396476984
