label,feature_1,feature_2,feature_3,feature_4,feature_5,feature_6,feature_7,feature_8,feature_9,feature_10,feature_11,feature_12,feature_13,feature_14,feature_15,feature_16,feature_17,feature_18,feature_19,feature_20,feature_21,feature_22,feature_23,feature_24,feature_25,feature_26,feature_27,feature_28,feature_29,feature_30,feature_31,feature_32,feature_33,feature_34,feature_35,feature_36,feature_37,feature_38,feature_39,feature_40,feature_41,feature_42,feature_43,feature_44,feature_45,feature_46,feature_47,feature_48,feature_49,feature_50,feature_51,feature_52,feature_53,feature_54,feature_55,feature_56,feature_57,feature_58,feature_59,feature_60,feature_61,feature_62,feature_63
NO,0.6702039837837219,0.7422189712524414,1.2984629904622125e-7,0.6171442866325378,0.6852352619171143,-0.01158312801271677,0.5799729228019714,0.5900996327400208,-0.013322237879037857,0.5501999855041504,0.5187816023826599,-0.021383393555879593,0.5118006467819214,0.4792644679546356,-0.029160169884562492,0.60390704870224,0.5270101428031921,0.016964523121714592,0.5738486647605896,0.4496581554412842,-0.00335243484005332,0.5544666647911072,0.4003179669380188,-0.0186380073428154,0.5398986339569092,0.3506075441837311,-0.028241394087672234,0.630823016166687,0.5129423141479492,0.007076755166053772,0.5965350866317749,0.4213525652885437,-0.01961147040128708,0.5695754289627075,0.37214723229408264,-0.036663495004177094,0.5505130290985107,0.3212786316871643,-0.04342305660247803,0.6651270389556885,0.5131353139877319,-0.0073173861019313335,0.63396817445755,0.44987452030181885,-0.04965759813785553,0.6221163272857666,0.5235440731048584,-0.05158265680074692,0.6213269233703613,0.582665741443634,-0.03793228045105934,0.7038137912750244,0.5250353217124939,-0.02270686812698841,0.6736255288124084,0.4641645550727844,-0.049263838678598404,0.6557439565658569,0.5101706981658936,-0.04250428453087807,0.6503434777259827,0.5588000416755676,-0.029335172846913338
NO,0.6703380346298218,0.7419498562812805,1.2851315034367872e-7,0.617192804813385,0.6853844523429871,-0.0116817532107234,0.5799761414527893,0.5900750756263733,-0.013464642688632011,0.550161600112915,0.5185816884040833,-0.02151499129831791,0.5117859840393066,0.47925645112991333,-0.029313765466213226,0.6037644147872925,0.5270185470581055,0.01665852963924408,0.5738608241081238,0.44981521368026733,-0.003729848423972726,0.5544558763504028,0.40038833022117615,-0.019075822085142136,0.5398648977279663,0.35058993101119995,-0.02874499000608921,0.630678653717041,0.5129432082176208,0.006863577291369438,0.596513032913208,0.4213208258152008,-0.019852416589856148,0.5694390535354614,0.3723446726799011,-0.0369047150015831,0.550361156463623,0.3214348256587982,-0.04373001307249069,0.6651502847671509,0.5132688283920288,-0.007432351354509592,0.634057343006134,0.44961050152778625,-0.04974589869379997,0.6221861839294434,0.5231021642684937,-0.05171472951769829,0.6214360594749451,0.5824072360992432,-0.0381297692656517,0.7038091421127319,0.5249763131141663,-0.02272910624742508,0.6736111640930176,0.4641127586364746,-0.04935212433338165,0.6555995345115662,0.5101648569107056,-0.0426362119615078,0.6502063870429993,0.5587964653968811,-0.02951064705848694
NO,0.6700825691223145,0.7421789169311523,1.297924967502695e-7,0.6172404289245605,0.6852661371231079,-0.011950058862566948,0.5799243450164795,0.5900780558586121,-0.013874314725399017,0.5500665307044983,0.5188618898391724,-0.022030530497431755,0.5115987658500671,0.47927212715148926,-0.02997901476919651,0.6038540601730347,0.5275031328201294,0.016421763226389885,0.5740368366241455,0.4505389928817749,-0.004116374533623457,0.5548840761184692,0.40127599239349365,-0.019592411816120148,0.540512204170227,0.3514491319656372,-0.029344884678721428,0.6309822797775269,0.5131124258041382,0.006652892101556063,0.5964471697807312,0.4216845631599426,-0.020193742588162422,0.569477379322052,0.37283819913864136,-0.03732617199420929,0.5504748821258545,0.321905255317688,-0.04419225826859474,0.6654394268989563,0.5133635997772217,-0.007636886090040207,0.6341766715049744,0.45002254843711853,-0.05016182363033295,0.6223996877670288,0.5235080718994141,-0.05212981253862381,0.6216912865638733,0.582607090473175,-0.0384850949048996,0.704126238822937,0.5251648426055908,-0.022959858179092407,0.6738370060920715,0.46421051025390625,-0.04972449317574501,0.6558585166931152,0.510099470615387,-0.04305519908666611,0.6505265831947327,0.558721661567688,-0.02995714731514454
NO,0.6705347299575806,0.7414350509643555,1.2902425794436567e-7,0.6172322034835815,0.6849325895309448,-0.011776849627494812,0.5799343585968018,0.5901230573654175,-0.013612203299999237,0.5502209663391113,0.5186681747436523,-0.02172926999628544,0.5117608904838562,0.47918668389320374,-0.02962784469127655,0.6037812232971191,0.5273634791374207,0.01646355539560318,0.5740302801132202,0.4496190547943115,-0.0039520179852843285,0.5548152327537537,0.4000895619392395,-0.01935860700905323,0.5401206016540527,0.3501860499382019,-0.029125308617949486,0.6306455135345459,0.513166606426239,0.006702316924929619,0.5966346263885498,0.42178216576576233,-0.0201124120503664,0.5696229934692383,0.372730553150177,-0.037275150418281555,0.5502047538757324,0.3219720721244812,-0.04420142248272896,0.6651815176010132,0.5133253335952759,-0.0075544449500739574,0.6340174674987793,0.4495519697666168,-0.0499478280544281,0.6222304701805115,0.5228952765464783,-0.052045371383428574,0.6214273571968079,0.5821272134780884,-0.03856426477432251,0.7037527561187744,0.5248990058898926,-0.02283266931772232,0.6736466884613037,0.4640604257583618,-0.049641937017440796,0.6557817459106445,0.5101695656776428,-0.04313080012798309,0.6502143740653992,0.5587736368179321,-0.03017408214509487
NO,0.6700126528739929,0.7425076961517334,1.3078080485229293e-7,0.6173072457313538,0.6854695677757263,-0.012125682085752487,0.5798677802085876,0.5900788903236389,-0.014023046009242535,0.5500971674919128,0.5189008712768555,-0.02210319973528385,0.5117825269699097,0.47928664088249207,-0.03000888228416443,0.6039518713951111,0.5277109742164612,0.016160307452082634,0.5743808150291443,0.4509407877922058,-0.0043862913735210896,0.555286169052124,0.40145039558410645,-0.01988960988819599,0.5409591197967529,0.35138610005378723,-0.02970355935394764,0.6309887766838074,0.5132924914360046,0.006537182256579399,0.5968286395072937,0.4220673143863678,-0.020216740667819977,0.5698174238204956,0.37314316630363464,-0.037271205335855484,0.5506441593170166,0.32234102487564087,-0.04414097219705582,0.6653245091438293,0.5132778882980347,-0.007611264940351248,0.6341634392738342,0.44995757937431335,-0.050072960555553436,0.6223816871643066,0.5233184099197388,-0.05212298780679703,0.6216809749603271,0.5826669931411743,-0.03853611648082733,0.7042282223701477,0.5250537991523743,-0.02281198650598526,0.6739358901977539,0.46433401107788086,-0.049680404365062714,0.655795156955719,0.5102271437644958,-0.04315957799553871,0.6503020524978638,0.5589971542358398,-0.03016154281795025
NO,0.6704914569854736,0.741375207901001,1.2894794565454504e-7,0.617185115814209,0.6845009326934814,-0.011671618558466434,0.5799806714057922,0.589900553226471,-0.013516804203391075,0.5501495003700256,0.5183228850364685,-0.021672744303941727,0.5116230249404907,0.4790569245815277,-0.029653992503881454,0.6039308905601501,0.5277425050735474,0.01649749092757702,0.574307918548584,0.44961705803871155,-0.0038841706700623035,0.5550658702850342,0.39973798394203186,-0.019281646236777306,0.5403566360473633,0.3495795726776123,-0.029086243361234665,0.6307854652404785,0.5135748982429504,0.006703811232000589,0.5968045592308044,0.42203617095947266,-0.020166024565696716,0.569678783416748,0.37294167280197144,-0.037384115159511566,0.5501276850700378,0.3220561444759369,-0.04441547766327858,0.664997935295105,0.513658344745636,-0.007566353771835566,0.6339266300201416,0.44931256771087646,-0.050092972815036774,0.6222510933876038,0.5225632786750793,-0.05236397311091423,0.6214526295661926,0.5819416046142578,-0.03902185708284378,0.7037543058395386,0.5248110890388489,-0.022819161415100098,0.6736925840377808,0.4639851450920105,-0.04983093589544296,0.6556215286254883,0.5097291469573975,-0.04354202002286911,0.6497933268547058,0.558562159538269,-0.030745815485715866
NO,0.6701785922050476,0.7420026063919067,1.316317366217845e-7,0.6174646615982056,0.6854199171066284,-0.012634944170713425,0.580079197883606,0.5901274681091309,-0.014715353958308697,0.5499870181083679,0.518559992313385,-0.02287360653281212,0.5115842819213867,0.47902220487594604,-0.03089025989174843,0.6039028763771057,0.5280978083610535,0.015869924798607826,0.5743439793586731,0.4512254297733307,-0.004768057726323605,0.5554283261299133,0.40183597803115845,-0.020357510074973106,0.5410930514335632,0.35164302587509155,-0.030302083119750023,0.6309860944747925,0.513297975063324,0.006480855401605368,0.5967704057693481,0.42238932847976685,-0.020422864705324173,0.5697956085205078,0.3735138177871704,-0.037599850445985794,0.5506272912025452,0.3226282000541687,-0.04461442679166794,0.6652834415435791,0.5132911801338196,-0.007499275263398886,0.6339373588562012,0.4495314359664917,-0.05023479461669922,0.6222954988479614,0.5227667093276978,-0.052500370889902115,0.6215880513191223,0.5820487141609192,-0.039124760776758194,0.7040809392929077,0.5246999859809875,-0.022546840831637383,0.673588752746582,0.4643043279647827,-0.049842678010463715,0.6555678844451904,0.5099198222160339,-0.04367769509553909,0.6496973037719727,0.5589379072189331,-0.030977396294474602
NO,0.6705335974693298,0.7412882447242737,1.3067266024791024e-7,0.6174054741859436,0.6846092343330383,-0.012475202791392803,0.5801328420639038,0.5901067852973938,-0.01459980197250843,0.5499438047409058,0.5184616446495056,-0.022902075201272964,0.511223316192627,0.4788576662540436,-0.031051816418766975,0.6039867401123047,0.5282084941864014,0.016016200184822083,0.5740879774093628,0.4505734443664551,-0.0045569902285933495,0.5550065040588379,0.40107303857803345,-0.02006927877664566,0.5406449437141418,0.3507497012615204,-0.029984069988131523,0.630979597568512,0.5135685205459595,0.006569910794496536,0.5965492725372314,0.4224165081977844,-0.02049419842660427,0.5696774125099182,0.37331289052963257,-0.037850528955459595,0.5503319501876831,0.322223961353302,-0.04497610777616501,0.6653625965118408,0.5133152008056641,-0.0074524362571537495,0.6339448690414429,0.44888946413993835,-0.05038020759820938,0.6222475171089172,0.5220522284507751,-0.052951518446207047,0.621311604976654,0.58175128698349,-0.039746325463056564,0.7040815353393555,0.5245415568351746,-0.022509843111038208,0.6737057566642761,0.4638076424598694,-0.05003155767917633,0.6555624604225159,0.5093538165092468,-0.0441916361451149,0.6493977904319763,0.5582177639007568,-0.031683746725320816
NO,0.6701703071594238,0.7415491342544556,1.331377745827922e-7,0.6176128387451172,0.685339093208313,-0.012631039135158062,0.5801921486854553,0.5901591181755066,-0.014709013514220715,0.5500115752220154,0.5185028910636902,-0.022868599742650986,0.5114361047744751,0.4792330861091614,-0.030897632241249084,0.6038891077041626,0.5282679796218872,0.015894873067736626,0.574152946472168,0.45077013969421387,-0.004648244008421898,0.5552736520767212,0.40132778882980347,-0.020159617066383362,0.5409546494483948,0.35099726915359497,-0.030070796608924866,0.6307831406593323,0.5133737325668335,0.00652222940698266,0.5964953899383545,0.42239460349082947,-0.020420724526047707,0.569686770439148,0.37332582473754883,-0.03772992640733719,0.5505331754684448,0.32225292921066284,-0.04482332244515419,0.6652815937995911,0.513140857219696,-0.007430662866681814,0.6338439583778381,0.4492819309234619,-0.05026305094361305,0.6223382949829102,0.522559642791748,-0.05270004644989967,0.6216267943382263,0.581952691078186,-0.039427123963832855,0.7040268778800964,0.5245775580406189,-0.02243342250585556,0.6735759377479553,0.46403899788856506,-0.04987138882279396,0.6555794477462769,0.5097631216049194,-0.04390944913029671,0.6496864557266235,0.5587176084518433,-0.03128929063677788
NO,0.6704118251800537,0.7412490844726562,1.3319510117071331e-7,0.6174919009208679,0.68502277135849,-0.012636477127671242,0.5800950527191162,0.5901244282722473,-0.014802420511841774,0.549988329410553,0.5183724761009216,-0.023074360564351082,0.5112776160240173,0.4788617491722107,-0.031193923205137253,0.6038468480110168,0.5280764698982239,0.0159017164260149,0.5740557909011841,0.45052164793014526,-0.004669292364269495,0.5550771951675415,0.40096718072891235,-0.020179182291030884,0.540692150592804,0.3507152199745178,-0.03008374199271202,0.630800724029541,0.5134150385856628,0.0064978268928825855,0.5964725017547607,0.42236340045928955,-0.0205601267516613,0.569575846195221,0.37325620651245117,-0.03789854794740677,0.5503323674201965,0.32211512327194214,-0.04501676931977272,0.6652840375900269,0.513075053691864,-0.007488282863050699,0.6337440013885498,0.44898006319999695,-0.05041530355811119,0.6221446394920349,0.5222644805908203,-0.052896879613399506,0.6213911175727844,0.5818628072738647,-0.03964000940322876,0.704001784324646,0.5244187712669373,-0.022530153393745422,0.6736414432525635,0.46396997570991516,-0.05006701126694679,0.6554154753684998,0.5095340609550476,-0.04412427172064781,0.6494607329368591,0.55849689245224,-0.031563982367515564
NO,0.6704914569854736,0.7417580485343933,1.3014985711379268e-7,0.6177229881286621,0.685991644859314,-0.012990080751478672,0.5799389481544495,0.5903494358062744,-0.01505718007683754,0.5495169162750244,0.518955647945404,-0.023064468055963516,0.5112130641937256,0.4796046018600464,-0.030832406133413315,0.6038161516189575,0.5278333425521851,0.015470598824322224,0.574171245098114,0.45087897777557373,-0.005105189047753811,0.5553223490715027,0.40161776542663574,-0.020692743360996246,0.5411695837974548,0.35142773389816284,-0.030680092051625252,0.6307101845741272,0.5129389762878418,0.006391685921698809,0.5964832305908203,0.422322154045105,-0.020529551431536674,0.5698408484458923,0.3733938932418823,-0.03781701996922493,0.5508306622505188,0.3223256468772888,-0.04499746859073639,0.6652086973190308,0.5127059817314148,-0.007294681388884783,0.6336350440979004,0.4488877058029175,-0.04995850473642349,0.6217663288116455,0.5217033624649048,-0.052482541650533676,0.6206777095794678,0.5813995599746704,-0.039383664727211,0.7041648626327515,0.5236989855766296,-0.022085314616560936,0.6738357543945312,0.463885098695755,-0.04952332377433777,0.6552042365074158,0.5092284083366394,-0.043866004794836044,0.6487069129943848,0.5579832196235657,-0.03150693327188492
NO,0.6706013679504395,0.7414964437484741,1.2737460508560616e-7,0.6177445650100708,0.6856366991996765,-0.01314259972423315,0.5798221826553345,0.5902380347251892,-0.015333033166825771,0.549379825592041,0.5189061760902405,-0.023430006578564644,0.5109813213348389,0.47930777072906494,-0.03131992742419243,0.6039365530014038,0.52793949842453,0.015115078538656235,0.5743030905723572,0.4512192904949188,-0.005541469436138868,0.5554379224777222,0.401966392993927,-0.021130597218871117,0.5412920117378235,0.3518737554550171,-0.031123768538236618,0.6307089328765869,0.512879490852356,0.006135392468422651,0.5966218709945679,0.42243319749832153,-0.020781870931386948,0.5699654221534729,0.37360450625419617,-0.037967510521411896,0.5507045984268188,0.32284975051879883,-0.045029204338788986,0.6650986075401306,0.5125053524971008,-0.007448562886565924,0.6336692571640015,0.4489024579524994,-0.05012932047247887,0.6217501163482666,0.5216584801673889,-0.05270116776227951,0.6207652688026428,0.581232488155365,-0.039602164179086685,0.7041504979133606,0.5236981511116028,-0.022133182734251022,0.6737706065177917,0.46378418803215027,-0.04964981973171234,0.6551384925842285,0.5093848705291748,-0.043939437717199326,0.6486302614212036,0.5582212805747986,-0.031581468880176544
NO,0.6705495119094849,0.7416643500328064,1.2724052567136823e-7,0.6177146434783936,0.6859201788902283,-0.01318319607526064,0.5798492431640625,0.5902594327926636,-0.015393096022307873,0.5493651628494263,0.5188541412353516,-0.02351420745253563,0.5108166337013245,0.47919827699661255,-0.03146113455295563,0.6042030453681946,0.5281001925468445,0.015131826512515545,0.5745543837547302,0.4514926075935364,-0.005543800536543131,0.5556793212890625,0.40231186151504517,-0.02115190029144287,0.5413667559623718,0.35223737359046936,-0.031156323850154877,0.6310741305351257,0.512986421585083,0.006145263556391001,0.5969375967979431,0.42249077558517456,-0.0208035409450531,0.5701438188552856,0.3737829625606537,-0.03797108680009842,0.5507213473320007,0.3230525255203247,-0.04502534866333008,0.6652913689613342,0.5126165747642517,-0.0074570514261722565,0.6338260173797607,0.4489331841468811,-0.05020718276500702,0.6218581199645996,0.5218474864959717,-0.05273278430104256,0.6207743287086487,0.5814006328582764,-0.03960401937365532,0.7040370106697083,0.5238372683525085,-0.022164316847920418,0.6736223101615906,0.46383777260780334,-0.04968464747071266,0.6550067067146301,0.5092292428016663,-0.044002044945955276,0.6485654711723328,0.5582024455070496,-0.03163531422615051
NO,0.6708633303642273,0.7409619092941284,1.2854916064952704e-7,0.617713212966919,0.6852059960365295,-0.013224659487605095,0.5796814560890198,0.5901240110397339,-0.015499519184231758,0.5491741895675659,0.5186886191368103,-0.023706426844000816,0.5108580589294434,0.4790763556957245,-0.031717412173748016,0.6039893627166748,0.5280805230140686,0.014977063052356243,0.5742645859718323,0.45108330249786377,-0.005708916578441858,0.5556027889251709,0.40181922912597656,-0.021290069445967674,0.5413379073143005,0.3515329957008362,-0.03126026317477226,0.6308789849281311,0.5130413770675659,0.005997356027364731,0.5967183709144592,0.42232754826545715,-0.02099618874490261,0.5700024366378784,0.3735555410385132,-0.03820457309484482,0.5506446361541748,0.32269030809402466,-0.04527949169278145,0.6652272939682007,0.5127230882644653,-0.0075973765924572945,0.6336969137191772,0.448824405670166,-0.050460509955883026,0.6217567324638367,0.521654486656189,-0.053159866482019424,0.6207494139671326,0.5813360810279846,-0.04009847342967987,0.7041611075401306,0.5236026048660278,-0.02229144237935543,0.6738419532775879,0.46353092789649963,-0.04998159408569336,0.6550247669219971,0.5089055895805359,-0.04443050175905228,0.6481329202651978,0.5581563115119934,-0.032131027430295944
NO,0.6700827479362488,0.7421112060546875,1.2578577468502772e-7,0.6168595552444458,0.6851155161857605,-0.012669755145907402,0.5795657634735107,0.5900009274482727,-0.014562061056494713,0.5489439964294434,0.5181816220283508,-0.022598927840590477,0.5101819038391113,0.4790823459625244,-0.030537914484739304,0.6048591136932373,0.5288788676261902,0.016312988474965096,0.5750356912612915,0.4516798257827759,-0.004151655361056328,0.5558991432189941,0.4020818769931793,-0.019749591127038002,0.5413350462913513,0.35167306661605835,-0.029754891991615295,0.6312799453735352,0.5138525366783142,0.0072157783433794975,0.597729504108429,0.4231257438659668,-0.019542960450053215,0.5704572796821594,0.3743687868118286,-0.036889106035232544,0.5510900020599365,0.32341328263282776,-0.04413207247853279,0.6652960777282715,0.5132784247398376,-0.006476256065070629,0.6338506937026978,0.44836899638175964,-0.049025967717170715,0.6213675737380981,0.5210350751876831,-0.051679547876119614,0.6205147504806519,0.5806706547737122,-0.03856390714645386,0.7037125825881958,0.5243157744407654,-0.02125038579106331,0.6735921502113342,0.4630025029182434,-0.04850395396351814,0.6550561189651489,0.5076186060905457,-0.04276178404688835,0.6489756107330322,0.5566539764404297,-0.030342159792780876
NO,0.6704810261726379,0.7406283617019653,1.2829968909500167e-7,0.6171272397041321,0.6844668984413147,-0.0128187770023942,0.5794719457626343,0.5895573496818542,-0.01487195398658514,0.5487619042396545,0.5178624391555786,-0.023117251694202423,0.5097426176071167,0.4787719249725342,-0.03119959868490696,0.6053410768508911,0.5286694169044495,0.016610093414783478,0.575355589389801,0.4501200318336487,-0.003348633646965027,0.556102991104126,0.40051180124282837,-0.018500320613384247,0.5415579080581665,0.3500981330871582,-0.0282882172614336,0.6316484212875366,0.5137741565704346,0.007582632824778557,0.5976786017417908,0.42310261726379395,-0.01898917183279991,0.5705368518829346,0.373995304107666,-0.03632711246609688,0.5512955784797668,0.32272303104400635,-0.0436272956430912,0.6654934883117676,0.5135694146156311,-0.006067192181944847,0.6335919499397278,0.448485791683197,-0.04866790026426315,0.6212708950042725,0.5207906365394592,-0.05162273719906807,0.6202600002288818,0.5804922580718994,-0.03871705010533333,0.7037174105644226,0.5244227051734924,-0.0207816269248724,0.6733915209770203,0.46286463737487793,-0.04836372658610344,0.654527485370636,0.5074719786643982,-0.0428885854780674,0.6481404304504395,0.556976318359375,-0.0306781567633152
NO,0.6703472137451172,0.7404407262802124,1.2979681685010291e-7,0.6172621846199036,0.6845666170120239,-0.012543100863695145,0.5795744061470032,0.5897360444068909,-0.014437011443078518,0.5488337874412537,0.5180174112319946,-0.02255377173423767,0.5099523067474365,0.4789583683013916,-0.030519021674990654,0.6053475737571716,0.5286218523979187,0.01677463762462139,0.5751851797103882,0.45011287927627563,-0.0031195415649563074,0.5559152960777283,0.4005531668663025,-0.018203189596533775,0.5414695143699646,0.35014113783836365,-0.027921658009290695,0.631672739982605,0.5136863589286804,0.007613521534949541,0.5977670550346375,0.4228496253490448,-0.018852530047297478,0.5706086158752441,0.37362560629844666,-0.03610335290431976,0.5514758825302124,0.322323203086853,-0.04333268105983734,0.6654951572418213,0.5131893157958984,-0.00614709360525012,0.6337406635284424,0.4482001066207886,-0.04852740466594696,0.6213130354881287,0.5205183625221252,-0.051297929137945175,0.6204082369804382,0.5801769495010376,-0.03835440054535866,0.7036176919937134,0.524099588394165,-0.02096288651227951,0.6733317375183105,0.46283942461013794,-0.0482676699757576,0.6545930504798889,0.507318913936615,-0.0427049845457077,0.648260235786438,0.5564696788787842,-0.0304324422031641
NO,0.6703119277954102,0.7402241230010986,1.304490240272571e-7,0.6171289682388306,0.6843360662460327,-0.012596406042575836,0.5796958804130554,0.5897920727729797,-0.014555124565958977,0.5489249229431152,0.5184453725814819,-0.022768761962652206,0.5102807283401489,0.4789068102836609,-0.03077678382396698,0.605233907699585,0.5287889242172241,0.01669781282544136,0.5750154256820679,0.45047256350517273,-0.0033628290984779596,0.5558973550796509,0.40076541900634766,-0.018580781295895576,0.5414681434631348,0.35025084018707275,-0.02839602157473564,0.6315366625785828,0.513702392578125,0.007537282537668943,0.5976882576942444,0.42283496260643005,-0.019056933000683784,0.570561408996582,0.3735848367214203,-0.03638239949941635,0.5514683723449707,0.322310209274292,-0.04367619380354881,0.6652219295501709,0.513281524181366,-0.006217040121555328,0.6337497234344482,0.44800254702568054,-0.048697445541620255,0.6213087439537048,0.5204830765724182,-0.05151107534766197,0.6203975677490234,0.5803173184394836,-0.03854673355817795,0.7035762071609497,0.5239724516868591,-0.021026475355029106,0.6733293533325195,0.46268361806869507,-0.04843772575259209,0.6545648574829102,0.507140040397644,-0.04285375401377678,0.6479618549346924,0.5565404891967773,-0.030603639781475067
NO,0.6695535778999329,0.7405987977981567,1.3005656285258738e-7,0.6165045499801636,0.6840084195137024,-0.012666099704802036,0.5794830322265625,0.5898011326789856,-0.01452653482556343,0.5489431023597717,0.5184503197669983,-0.022671343758702278,0.5102654695510864,0.4784221053123474,-0.030610641464591026,0.6056087017059326,0.5284133553504944,0.017349636182188988,0.57554030418396,0.4504958391189575,-0.002455341164022684,0.5561232566833496,0.4009178876876831,-0.017576782032847404,0.5415125489234924,0.35039669275283813,-0.02734406478703022,0.63161700963974,0.5133782625198364,0.00824756734073162,0.598046064376831,0.42288076877593994,-0.01813923753798008,0.5707746148109436,0.3738207221031189,-0.0354996919631958,0.5515316724777222,0.322726309299469,-0.042768366634845734,0.6651506423950195,0.5129520297050476,-0.00550018111243844,0.6332982182502747,0.4482266902923584,-0.047938648611307144,0.6207531094551086,0.5205488801002502,-0.05088073015213013,0.6200228929519653,0.580315887928009,-0.037944212555885315,0.7029539346694946,0.5237454771995544,-0.02031335048377514,0.6725855469703674,0.4619859457015991,-0.04763578623533249,0.6541938185691833,0.5067272186279297,-0.04198957607150078,0.6482319235801697,0.5563141107559204,-0.029615525156259537
NO,0.6701993346214294,0.7401871681213379,1.3098981810344412e-7,0.6167956590652466,0.6837776303291321,-0.012887634336948395,0.5795716047286987,0.5898887515068054,-0.014844564720988274,0.5487483739852905,0.518134593963623,-0.023072324693202972,0.5099870562553406,0.47791072726249695,-0.031094659119844437,0.6051817536354065,0.5283782482147217,0.017266402021050453,0.5752344131469727,0.4497670531272888,-0.0025299550034105778,0.556036114692688,0.40006524324417114,-0.017677247524261475,0.541602373123169,0.34918615221977234,-0.02750515192747116,0.6312129497528076,0.5133653879165649,0.008308847434818745,0.5976637005805969,0.42295265197753906,-0.018142156302928925,0.5703563094139099,0.3738771677017212,-0.03561398386955261,0.5510678887367249,0.3227384686470032,-0.04298761114478111,0.6647812724113464,0.5126118659973145,-0.005316689610481262,0.6330049633979797,0.448114275932312,-0.04783128574490547,0.6204588413238525,0.5204121470451355,-0.050988323986530304,0.6193404793739319,0.5801854729652405,-0.038252055644989014,0.7027341723442078,0.5232467651367188,-0.020034216344356537,0.6727574467658997,0.462007999420166,-0.04757180064916611,0.6538848280906677,0.5064877271652222,-0.04225241020321846,0.6473387479782104,0.5563041567802429,-0.030099976807832718
NO,0.6697167158126831,0.7401028871536255,1.293335145646779e-7,0.6163976788520813,0.6836625337600708,-0.012800490483641624,0.5793216228485107,0.5893506407737732,-0.014800568111240864,0.5485692620277405,0.5177387595176697,-0.023006288334727287,0.5096896290779114,0.4778209924697876,-0.031049838289618492,0.6054965853691101,0.528512179851532,0.016789834946393967,0.5755726099014282,0.4507969319820404,-0.003194717224687338,0.5561725497245789,0.40143883228302,-0.01841151714324951,0.5415760278701782,0.3511340618133545,-0.02821730077266693,0.6314556002616882,0.513283371925354,0.007821922190487385,0.5980250835418701,0.42299702763557434,-0.018573684617877007,0.570894718170166,0.3740329146385193,-0.035850025713443756,0.5519082546234131,0.3228989839553833,-0.04311516880989075,0.6649428009986877,0.512650191783905,-0.005773194599896669,0.633241593837738,0.44812214374542236,-0.0480450876057148,0.6207352876663208,0.5204192996025085,-0.050942499190568924,0.6200025081634521,0.5799776315689087,-0.038077134639024734,0.7027026414871216,0.523227870464325,-0.020454837009310722,0.6724108457565308,0.462063193321228,-0.047612641006708145,0.6538533568382263,0.5064771175384521,-0.042012423276901245,0.6477516889572144,0.5559045076370239,-0.02970924973487854
NO,0.6703404188156128,0.7400729656219482,1.301374368267716e-7,0.6169221997261047,0.6839042901992798,-0.01277143880724907,0.579703152179718,0.5900449156761169,-0.014757866971194744,0.5489121675491333,0.5182685852050781,-0.023016659542918205,0.5101121664047241,0.4780385196208954,-0.031070327386260033,0.6056078672409058,0.5286125540733337,0.017122147604823112,0.5755743980407715,0.4502059519290924,-0.0027610273100435734,0.556187093257904,0.40067338943481445,-0.017931833863258362,0.5415699481964111,0.35004132986068726,-0.027745220810174942,0.6315756440162659,0.5135451555252075,0.00809145625680685,0.5978966951370239,0.4231850504875183,-0.018352871760725975,0.570654034614563,0.37404346466064453,-0.0357557088136673,0.5514370203018188,0.32295316457748413,-0.04309685528278351,0.665122389793396,0.5128738284111023,-0.005586829502135515,0.6330630779266357,0.44806432723999023,-0.04797656089067459,0.6205203533172607,0.5203313827514648,-0.050999388098716736,0.6196378469467163,0.5799804329872131,-0.038217153400182724,0.7030074596405029,0.523201048374176,-0.02035009302198887,0.6724333763122559,0.4622977375984192,-0.047717463225126266,0.6537975072860718,0.5067282319068909,-0.042276374995708466,0.6475844383239746,0.5562319159507751,-0.030077116563916206
NO,0.6684118509292603,0.7389037609100342,1.337941171186685e-7,0.6157386898994446,0.6822995543479919,-0.01308770477771759,0.5787780284881592,0.5880492925643921,-0.01521499827504158,0.5482513904571533,0.5164409279823303,-0.02356218919157982,0.5094857811927795,0.4763181507587433,-0.0316610150039196,0.6051031947135925,0.5272783637046814,0.01671597920358181,0.5754542350769043,0.4489955008029938,-0.00316124246455729,0.5563696026802063,0.39950031042099,-0.018314149230718613,0.5419188737869263,0.34892570972442627,-0.028054337948560715,0.6311025023460388,0.5124624967575073,0.007936851121485233,0.5976748466491699,0.42245763540267944,-0.01862730272114277,0.5706137418746948,0.37351489067077637,-0.036153167486190796,0.5514334440231323,0.32258522510528564,-0.04349610581994057,0.6644155979156494,0.5119149684906006,-0.005472108256071806,0.6329199075698853,0.4481404423713684,-0.048117831349372864,0.6205978393554688,0.5208353400230408,-0.0512709766626358,0.6196698546409607,0.5811215043067932,-0.03837764635682106,0.7023926973342896,0.5224516987800598,-0.01994471438229084,0.6724233627319336,0.46105921268463135,-0.0474267341196537,0.6537191271781921,0.5054352283477783,-0.04187633842229843,0.6471366286277771,0.5554945468902588,-0.029479732736945152
NO,0.669391930103302,0.7387765049934387,1.2907057111988252e-7,0.6164243221282959,0.6820428967475891,-0.012569773942232132,0.5787984132766724,0.5881093740463257,-0.01442080270498991,0.5476346611976624,0.5161924362182617,-0.02266433648765087,0.5082175135612488,0.4764651954174042,-0.0307356808334589,0.605440616607666,0.5272454023361206,0.01805828884243965,0.5753542184829712,0.44882744550704956,-0.0014797464245930314,0.5560305714607239,0.39909493923187256,-0.01659468561410904,0.5413169264793396,0.3482454717159271,-0.026538578793406487,0.6314095854759216,0.5125730633735657,0.00885157473385334,0.5973570942878723,0.42250996828079224,-0.017627816647291183,0.5702872276306152,0.37365540862083435,-0.03534172475337982,0.5508766770362854,0.322492390871048,-0.04298259690403938,0.6649875044822693,0.5120824575424194,-0.005028447601944208,0.6327546238899231,0.4476029872894287,-0.047739315778017044,0.6204218864440918,0.519625723361969,-0.051140040159225464,0.6192192435264587,0.5792982578277588,-0.03863483667373657,0.7029846906661987,0.5225455164909363,-0.019963126629590988,0.6726999878883362,0.46145763993263245,-0.04769626632332802,0.6539329886436462,0.5054475665092468,-0.042573653161525726,0.6472902297973633,0.5548308491706848,-0.030649587512016296
NO,0.6695452928543091,0.7392589449882507,1.2951068129041232e-7,0.6164543628692627,0.6823350191116333,-0.012656020931899548,0.5791376233100891,0.5887072682380676,-0.01459481567144394,0.5482138395309448,0.5171224474906921,-0.022899320349097252,0.509106457233429,0.4768577218055725,-0.031020715832710266,0.6056368947029114,0.5276620984077454,0.017815370112657547,0.5756680965423584,0.4497840702533722,-0.002019577892497182,0.5563417077064514,0.4001535177230835,-0.017352212220430374,0.5416263341903687,0.34938275814056396,-0.02735854871571064,0.6315882205963135,0.5128515362739563,0.00867072120308876,0.5979350209236145,0.4226820170879364,-0.017912307754158974,0.5705596804618835,0.37386566400527954,-0.03560919687151909,0.5511497259140015,0.32284867763519287,-0.043170493096113205,0.6650296449661255,0.5120570659637451,-0.005159348249435425,0.6328631043434143,0.44760075211524963,-0.047866687178611755,0.6203116178512573,0.5198614001274109,-0.05118418112397194,0.619299590587616,0.5797705054283142,-0.03849584609270096,0.7028474807739258,0.522602379322052,-0.020055754110217094,0.672610878944397,0.46135151386260986,-0.0476512685418129,0.6538128852844238,0.5055087804794312,-0.0423949770629406,0.6472988724708557,0.5549665689468384,-0.03028828278183937
NO,0.6695393919944763,0.7394111156463623,1.3023863232319854e-7,0.6164864897727966,0.6828016042709351,-0.012705986388027668,0.5791637897491455,0.5891130566596985,-0.014656608924269676,0.5483689308166504,0.5174423456192017,-0.022976389154791832,0.5094195604324341,0.47690725326538086,-0.03108063153922558,0.6054936051368713,0.5277212262153625,0.017684921622276306,0.5756551623344421,0.44975411891937256,-0.0021863672882318497,0.5564461350440979,0.39996278285980225,-0.01753404550254345,0.541865348815918,0.34912168979644775,-0.027545800432562828,0.6314321160316467,0.512729823589325,0.00855687353760004,0.5978034734725952,0.42268216609954834,-0.01804056018590927,0.5705700516700745,0.37388306856155396,-0.03575781360268593,0.551022469997406,0.3228720426559448,-0.04332320764660835,0.6649208664894104,0.512123703956604,-0.005256441421806812,0.6328815221786499,0.44758498668670654,-0.048021942377090454,0.6203413605690002,0.520061194896698,-0.05129813030362129,0.6191848516464233,0.5800413489341736,-0.03862447291612625,0.7030273079872131,0.5226073265075684,-0.02014205977320671,0.672783613204956,0.4613151252269745,-0.04780640825629234,0.6538338661193848,0.505530059337616,-0.04256882518529892,0.6470682621002197,0.555270254611969,-0.0304340161383152
NO,0.6680269241333008,0.7381151914596558,1.280140509152261e-7,0.6155907511711121,0.6813194751739502,-0.012983281165361404,0.5784726738929749,0.5875263214111328,-0.015118406154215336,0.5476850271224976,0.5161967873573303,-0.02355106920003891,0.5087521076202393,0.4760282039642334,-0.031768061220645905,0.6048782467842102,0.5266156792640686,0.017253529280424118,0.5752561092376709,0.44854745268821716,-0.002538155997171998,0.5562208294868469,0.39915215969085693,-0.01777113601565361,0.5416373014450073,0.34847190976142883,-0.027713481336832047,0.6308841109275818,0.5119539499282837,0.00828169472515583,0.597252607345581,0.4222385883331299,-0.018321091309189796,0.570024311542511,0.37370169162750244,-0.03601674363017082,0.5506350994110107,0.3229962885379791,-0.043565165251493454,0.6644220948219299,0.511500358581543,-0.005348594393581152,0.6326622366905212,0.4472302496433258,-0.048137351870536804,0.6203114986419678,0.5199014544487,-0.05128611996769905,0.6190757751464844,0.5801376700401306,-0.038518503308296204,0.7023158073425293,0.5222173929214478,-0.020046446472406387,0.6722665429115295,0.460654616355896,-0.04774914309382439,0.6536243557929993,0.5050137042999268,-0.042357418686151505,0.6470413208007812,0.5549304485321045,-0.0301074106246233
NO,0.6684517860412598,0.7385202646255493,1.2982890496004984e-7,0.6158892512321472,0.6817376017570496,-0.013160191476345062,0.5784504413604736,0.5873405933380127,-0.015373253263533115,0.5469642877578735,0.5154409408569336,-0.023892462253570557,0.5074266195297241,0.4752289652824402,-0.032229043543338776,0.6049090027809143,0.5272331833839417,0.01780117303133011,0.5749638080596924,0.44909045100212097,-0.0019619427621364594,0.5557120442390442,0.39941835403442383,-0.017188820987939835,0.5410346984863281,0.3484581708908081,-0.027265770360827446,0.6309500932693481,0.5124046802520752,0.00873407069593668,0.5971606969833374,0.4224143624305725,-0.018005291000008583,0.5700410604476929,0.373646080493927,-0.03579572215676308,0.5504274964332581,0.32257673144340515,-0.04348771646618843,0.6646042466163635,0.5119228363037109,-0.005086817312985659,0.6328732967376709,0.446463406085968,-0.04804275557398796,0.6204858422279358,0.5190991163253784,-0.051351603120565414,0.6190556883811951,0.5792797207832336,-0.03869633376598358,0.7025271654129028,0.5224195122718811,-0.020024975761771202,0.6728519797325134,0.46106597781181335,-0.04795681685209274,0.6540839672088623,0.5049535036087036,-0.04288610816001892,0.6474148035049438,0.5542415380477905,-0.03096136637032032
NO,0.6683496832847595,0.7386994957923889,1.2671286242493807e-7,0.6158259510993958,0.682306170463562,-0.013069519773125648,0.578686535358429,0.5883126258850098,-0.015328449197113514,0.5476472973823547,0.5166113376617432,-0.023880111053586006,0.5084120035171509,0.47596099972724915,-0.032248906791210175,0.6052138209342957,0.527082622051239,0.01741527020931244,0.5753328204154968,0.44942060112953186,-0.002488856203854084,0.5560386776924133,0.40009573101997375,-0.017781000584363937,0.5413373112678528,0.3495585322380066,-0.027774076908826828,0.6311599016189575,0.5123829245567322,0.008315011858940125,0.5975663065910339,0.42207372188568115,-0.018329598009586334,0.5703381896018982,0.37331581115722656,-0.03597076237201691,0.550686776638031,0.32263773679733276,-0.043457500636577606,0.6647218465805054,0.5118483304977417,-0.005499417427927256,0.6330432891845703,0.44671109318733215,-0.04827655106782913,0.6205864548683167,0.5193319320678711,-0.05137450993061066,0.6192167401313782,0.5794140100479126,-0.03853088244795799,0.7027666568756104,0.5226154923439026,-0.020416418090462685,0.672662615776062,0.46116018295288086,-0.04801838845014572,0.6541002988815308,0.5052956938743591,-0.04261846840381622,0.6474684476852417,0.5544852614402771,-0.030420249328017235
NO,0.6684032082557678,0.7380833625793457,1.2847660002535122e-7,0.6157800555229187,0.6815330982208252,-0.013135815970599651,0.5783429145812988,0.5874640941619873,-0.01535383053123951,0.5470845103263855,0.5155072808265686,-0.023881344124674797,0.5074869394302368,0.47538501024246216,-0.03223658725619316,0.6049956679344177,0.5271841883659363,0.01775488443672657,0.5749834775924683,0.44886648654937744,-0.0019905606750398874,0.5557029247283936,0.3991730809211731,-0.0172272976487875,0.5410212874412537,0.34827858209609985,-0.02730526775121689,0.63096022605896,0.5123605132102966,0.008699786849319935,0.5969889163970947,0.4223864674568176,-0.01801329478621483,0.5698229074478149,0.3735988140106201,-0.035832781344652176,0.5503287315368652,0.3225569725036621,-0.04356353357434273,0.6645548939704895,0.5119156837463379,-0.005108970683068037,0.632781445980072,0.4464893937110901,-0.04810723289847374,0.6204725503921509,0.5190699100494385,-0.051466554403305054,0.6192802786827087,0.5791295766830444,-0.038826026022434235,0.7025626301765442,0.5224358439445496,-0.02001596987247467,0.6725513935089111,0.46102088689804077,-0.0480210967361927,0.6541458964347839,0.5048927068710327,-0.042939044535160065,0.6476250886917114,0.5544328689575195,-0.030987601727247238
NO,0.6682063937187195,0.7382892966270447,1.2952322947512585e-7,0.6159327030181885,0.6822795867919922,-0.013194680213928223,0.5786134600639343,0.5878909826278687,-0.015451098792254925,0.5473106503486633,0.5161668658256531,-0.024004001170396805,0.507917046546936,0.4756194055080414,-0.032320521771907806,0.605168342590332,0.5270875096321106,0.017761241644620895,0.5749650597572327,0.44905051589012146,-0.0020656981505453587,0.5556634664535522,0.3996012806892395,-0.017352938652038574,0.5409207344055176,0.3487617075443268,-0.02742086723446846,0.631162703037262,0.512006938457489,0.008687213994562626,0.5972310900688171,0.4220925271511078,-0.01800837367773056,0.5701531767845154,0.37326112389564514,-0.03580185025930405,0.5508695244789124,0.3221660852432251,-0.04347367584705353,0.6647160053253174,0.5116519927978516,-0.00515484344214201,0.6330149173736572,0.4462287425994873,-0.04809396341443062,0.6201974749565125,0.5190631151199341,-0.05144635960459709,0.6188869476318359,0.5794371366500854,-0.03876743093132973,0.7026898860931396,0.5222275257110596,-0.020114365965127945,0.6728879809379578,0.4607642889022827,-0.04800800234079361,0.6540488004684448,0.5047480463981628,-0.042979415506124496,0.6473187804222107,0.5541006326675415,-0.031009646132588387
NO,0.6682051420211792,0.7384397983551025,1.2996808607113053e-7,0.6157464981079102,0.6815164089202881,-0.013206563889980316,0.5785014629364014,0.5873096585273743,-0.01544350478798151,0.5470138788223267,0.5153077244758606,-0.02402562089264393,0.5073846578598022,0.47503989934921265,-0.03234963119029999,0.6049870848655701,0.5269793272018433,0.017960064113140106,0.5747755169868469,0.4488045275211334,-0.0018255815375596285,0.5553907752037048,0.3991016149520874,-0.01713196560740471,0.5407065153121948,0.34798526763916016,-0.027294998988509178,0.630928099155426,0.5121935606002808,0.00888324249535799,0.5968735218048096,0.4221554398536682,-0.017917048186063766,0.5698814988136292,0.3732753396034241,-0.03583409637212753,0.5505250692367554,0.321970134973526,-0.04368489980697632,0.6645901799201965,0.5115585923194885,-0.004979347810149193,0.6328546404838562,0.44600361585617065,-0.04805124178528786,0.6201801896095276,0.5189624428749084,-0.051406655460596085,0.618749737739563,0.5793860554695129,-0.03880234435200691,0.7025773525238037,0.5222764015197754,-0.01997116208076477,0.6728979349136353,0.4608334004878998,-0.04805124178528786,0.6540900468826294,0.5047529339790344,-0.043104156851768494,0.6472569108009338,0.5541262626647949,-0.03127417340874672
NO,0.6682663559913635,0.7385728359222412,1.2808118299290072e-7,0.6157879829406738,0.6820427179336548,-0.013204295188188553,0.5785825252532959,0.5877875089645386,-0.015474960207939148,0.547346830368042,0.5160650014877319,-0.024062594398856163,0.5079026818275452,0.47556886076927185,-0.032391954213380814,0.6051172614097595,0.5269854068756104,0.017831716686487198,0.5748556852340698,0.4489807188510895,-0.0020150807686150074,0.555449366569519,0.3994516134262085,-0.017336688935756683,0.540759801864624,0.348591685295105,-0.027463212609291077,0.63106369972229,0.512155294418335,0.008738294243812561,0.5970539450645447,0.4220670759677887,-0.018003899604082108,0.5699933767318726,0.37310200929641724,-0.03585714101791382,0.5505999326705933,0.32187971472740173,-0.04360537976026535,0.6647754907608032,0.5116543173789978,-0.005125138908624649,0.6329699754714966,0.4460998773574829,-0.0480821430683136,0.6203140616416931,0.5189429521560669,-0.05135362595319748,0.6187936067581177,0.5794453620910645,-0.038698162883520126,0.7027666568756104,0.5221482515335083,-0.02011314406991005,0.6730217337608337,0.4607056677341461,-0.0480821430683136,0.6541001796722412,0.5047167539596558,-0.043045785278081894,0.6473000049591064,0.5541309714317322,-0.031122101470828056
NO,0.668281078338623,0.7379676699638367,1.2913194780139747e-7,0.6158017516136169,0.6813666224479675,-0.013254067860543728,0.5783789157867432,0.5872892141342163,-0.015515119768679142,0.5469966530799866,0.5153632164001465,-0.024117881432175636,0.507377028465271,0.4750513732433319,-0.03249453753232956,0.6050400733947754,0.5270170569419861,0.01781923696398735,0.5747700929641724,0.4487684965133667,-0.002034946344792843,0.5554970502853394,0.3990707993507385,-0.017377793788909912,0.5407804250717163,0.3479034900665283,-0.027563292533159256,0.6310064196586609,0.5122002959251404,0.008764265105128288,0.5968854427337646,0.42207688093185425,-0.01807764545083046,0.5697269439697266,0.37328284978866577,-0.036026086658239365,0.5504817962646484,0.3219810128211975,-0.04388592764735222,0.6647071242332458,0.5115464925765991,-0.005060448311269283,0.6327803730964661,0.4459710419178009,-0.048192694783210754,0.6201134324073792,0.519020676612854,-0.05155197158455849,0.6186711192131042,0.5793348550796509,-0.038954682648181915,0.7027127742767334,0.522076427936554,-0.020015688613057137,0.6727109551429749,0.46065449714660645,-0.048149626702070236,0.654058039188385,0.5047765970230103,-0.04323991760611534,0.647231936454773,0.5542104244232178,-0.03137477859854698
NO,0.668515682220459,0.7384265065193176,1.3023901601627585e-7,0.6160769462585449,0.6819860339164734,-0.013018012046813965,0.5785567760467529,0.587570071220398,-0.015114222653210163,0.5471699237823486,0.5158005952835083,-0.02362806722521782,0.5076602697372437,0.47520917654037476,-0.031905416399240494,0.6052074432373047,0.5269608497619629,0.018403662368655205,0.5748977661132812,0.44869792461395264,-0.0012960231397300959,0.5554689168930054,0.3990534543991089,-0.016576196998357773,0.5405880212783813,0.34793561697006226,-0.0267455093562603,0.6310927271842957,0.5119532346725464,0.00919108185917139,0.596957802772522,0.42201894521713257,-0.017554428428411484,0.5699115991592407,0.3731215000152588,-0.03549585118889809,0.5505021810531616,0.32183051109313965,-0.04336470365524292,0.6644986867904663,0.5115106701850891,-0.004829348996281624,0.6326791644096375,0.4458649158477783,-0.047815125435590744,0.6200876235961914,0.5188155174255371,-0.05121205747127533,0.6186932921409607,0.5790356993675232,-0.03861329331994057,0.7024519443511963,0.5219727158546448,-0.019973134621977806,0.6727204918861389,0.4606127142906189,-0.04803011938929558,0.6538328528404236,0.504586398601532,-0.043149709701538086,0.6471896767616272,0.5539128184318542,-0.03134642541408539
NO,0.6685289144515991,0.7381972074508667,1.278346530853014e-7,0.6160314679145813,0.6820611953735352,-0.01309430692344904,0.5786246061325073,0.588013768196106,-0.015291049145162106,0.5476128458976746,0.5163906812667847,-0.0238195788115263,0.5082862973213196,0.4756847023963928,-0.03208966925740242,0.6051015853881836,0.5269572138786316,0.017886221408843994,0.5748676061630249,0.4487253427505493,-0.001940994057804346,0.5555605292320251,0.3992423415184021,-0.01725088804960251,0.5408086180686951,0.3482797145843506,-0.02735159546136856,0.6310247182846069,0.5119028687477112,0.008743896149098873,0.5970597267150879,0.4217645525932312,-0.017961598932743073,0.569973349571228,0.3729843497276306,-0.0357939749956131,0.5505358576774597,0.3218003511428833,-0.04354718700051308,0.6644880771636963,0.5114325881004333,-0.005166112910956144,0.6327760219573975,0.44602057337760925,-0.04802681878209114,0.6201671957969666,0.5189273953437805,-0.05125731974840164,0.618769109249115,0.5790728330612183,-0.03857221081852913,0.7025402188301086,0.522061824798584,-0.02021218277513981,0.6727296710014343,0.4606199860572815,-0.048112962394952774,0.6538293957710266,0.5046847462654114,-0.04305184260010719,0.6473032236099243,0.5538836121559143,-0.03112051449716091
NO,0.6685279607772827,0.7379719614982605,1.2751240774377948e-7,0.6160023808479309,0.6818755269050598,-0.013148806989192963,0.5784934163093567,0.5874941349029541,-0.015313350595533848,0.5472840070724487,0.5157511234283447,-0.023842304944992065,0.5077347755432129,0.4751323163509369,-0.032112810760736465,0.6052998304367065,0.5268757343292236,0.017919421195983887,0.5748652815818787,0.4485229253768921,-0.0019060922786593437,0.5555059909820557,0.39887329936027527,-0.017230210825800896,0.5407015085220337,0.3477402925491333,-0.027374500408768654,0.6312462091445923,0.5119794011116028,0.008814331144094467,0.5969690084457397,0.4219406843185425,-0.01798403263092041,0.5697243213653564,0.37321826815605164,-0.03588191792368889,0.5503902435302734,0.3219641149044037,-0.04372166469693184,0.6647109985351562,0.5114821195602417,-0.005069451872259378,0.6326118111610413,0.44562986493110657,-0.04811536893248558,0.6200929880142212,0.5189099907875061,-0.051432184875011444,0.6189144253730774,0.5793806910514832,-0.0387679785490036,0.7024714946746826,0.5219780802726746,-0.020083965733647346,0.6725740432739258,0.4601977467536926,-0.04820151999592781,0.6537215709686279,0.5044596791267395,-0.043226294219493866,0.6472175121307373,0.5536662936210632,-0.0313589870929718
NO,0.668565034866333,0.7384869456291199,1.2932879656091245e-7,0.616087794303894,0.6820281147956848,-0.013057729229331017,0.5785320401191711,0.5875681638717651,-0.015187407843768597,0.5472797155380249,0.5159074068069458,-0.02370612509548664,0.5078086853027344,0.475284218788147,-0.03198820725083351,0.6051888465881348,0.5269171595573425,0.018317390233278275,0.5748787522315979,0.4487970769405365,-0.0014628098579123616,0.5554456114768982,0.3992191553115845,-0.01679004542529583,0.5406975150108337,0.34812766313552856,-0.026975933462381363,0.6311153173446655,0.5120736360549927,0.00912104919552803,0.5969473719596863,0.42209696769714355,-0.01765052042901516,0.5698783993721008,0.37317872047424316,-0.035602208226919174,0.5504502058029175,0.3218635320663452,-0.04345405846834183,0.6645117402076721,0.5114423632621765,-0.004864380229264498,0.632664144039154,0.44576749205589294,-0.04788551107048988,0.6200763583183289,0.5187631845474243,-0.05124136433005333,0.6187188029289246,0.5791977643966675,-0.03861387446522713,0.7025168538093567,0.5220798254013062,-0.019984563812613487,0.6727306842803955,0.46051305532455444,-0.04805760458111763,0.6538673639297485,0.5046964883804321,-0.043131377547979355,0.6471991539001465,0.5538733601570129,-0.03129982948303223
NO,0.6691027879714966,0.7384846806526184,1.3112284591443313e-7,0.6164613366127014,0.682400107383728,-0.013256028294563293,0.5786553025245667,0.5877187848091125,-0.01542049739509821,0.5471217632293701,0.5164356827735901,-0.02394915372133255,0.5075863003730774,0.47579696774482727,-0.032197825610637665,0.6052870154380798,0.5267956852912903,0.018134159967303276,0.5749834775924683,0.4482111930847168,-0.0015950847882777452,0.5554907917976379,0.39850127696990967,-0.01686347834765911,0.5407023429870605,0.34736210107803345,-0.02698587253689766,0.6312370300292969,0.5119139552116394,0.009024006314575672,0.596988320350647,0.4218599200248718,-0.017638809978961945,0.5698798894882202,0.37299633026123047,-0.035536061972379684,0.5505620837211609,0.3217335343360901,-0.04337553307414055,0.6648356318473816,0.5113964676856995,-0.004905053414404392,0.6326513886451721,0.4457472264766693,-0.047855231910943985,0.6200820207595825,0.5188382267951965,-0.05125807970762253,0.6190199851989746,0.5792679190635681,-0.038658928126096725,0.702620267868042,0.5220922231674194,-0.019986342638731003,0.6724730134010315,0.4603744447231293,-0.04798445105552673,0.6538200378417969,0.5041886568069458,-0.04305247962474823,0.6474933624267578,0.5537111759185791,-0.031207125633955002
NO,0.668999969959259,0.7386647462844849,1.2767192458795762e-7,0.6163409352302551,0.6826111078262329,-0.013219165615737438,0.5786710381507874,0.5881922841072083,-0.015429549850523472,0.5473170876502991,0.5171849131584167,-0.023979956284165382,0.5081800818443298,0.47626569867134094,-0.03228237107396126,0.6053217053413391,0.5267208814620972,0.017790885642170906,0.5749764442443848,0.4488365948200226,-0.0022225126158446074,0.5555764436721802,0.399436354637146,-0.01770462468266487,0.5408555865287781,0.34841251373291016,-0.02792629785835743,0.6313115358352661,0.5119301080703735,0.008647448383271694,0.5970175862312317,0.42181384563446045,-0.0181251373142004,0.5699498653411865,0.3730117082595825,-0.03603462874889374,0.550657331943512,0.3216513693332672,-0.04386261850595474,0.6648175716400146,0.5113602876663208,-0.00528874434530735,0.6326276659965515,0.4456746280193329,-0.04830494895577431,0.6200177669525146,0.5189319849014282,-0.051582783460617065,0.6190167665481567,0.5792621970176697,-0.03885960578918457,0.7026668787002563,0.5219681859016418,-0.02036786824464798,0.6723585724830627,0.46007227897644043,-0.0483480766415596,0.6536709666252136,0.5043913722038269,-0.04325880855321884,0.6473821401596069,0.5538146495819092,-0.031268827617168427
NO,0.6688693165779114,0.7384761571884155,1.2740328259042144e-7,0.6163627505302429,0.6822865605354309,-0.013300949707627296,0.5786402821540833,0.587990939617157,-0.01554474513977766,0.5471900701522827,0.5169463157653809,-0.024099206551909447,0.5080268383026123,0.4761543869972229,-0.0324055552482605,0.6053789258003235,0.5267062783241272,0.017659088596701622,0.5747503042221069,0.44846126437187195,-0.002307170070707798,0.5553640723228455,0.39892154932022095,-0.01772381365299225,0.5406748056411743,0.34785372018814087,-0.027917971834540367,0.6312283277511597,0.5118019580841064,0.008565251715481281,0.5968512296676636,0.42163538932800293,-0.018198462203145027,0.569687008857727,0.3729022741317749,-0.036094874143600464,0.5504314303398132,0.321536660194397,-0.043926578015089035,0.664914608001709,0.5114184021949768,-0.005323616322129965,0.632489025592804,0.4457353949546814,-0.04837101325392723,0.6199527978897095,0.5189719796180725,-0.05160725489258766,0.6189057230949402,0.5793294310569763,-0.03892119228839874,0.7027449607849121,0.5219022035598755,-0.020355956628918648,0.6722278594970703,0.4601932764053345,-0.04837101325392723,0.6536329388618469,0.5044697523117065,-0.04332248121500015,0.6473037600517273,0.5539079904556274,-0.03136996179819107
NO,0.6689263582229614,0.7386105060577393,1.2805520555048133e-7,0.6164480447769165,0.6823813915252686,-0.01334342360496521,0.5785776376724243,0.5877383947372437,-0.01556552853435278,0.5471324920654297,0.5164920091629028,-0.024119559675455093,0.5076810121536255,0.4759465456008911,-0.032403912395238876,0.6052077412605286,0.526516854763031,0.01792786456644535,0.5746449828147888,0.448431134223938,-0.0020144577138125896,0.5551472306251526,0.39891666173934937,-0.017453240230679512,0.5404818654060364,0.3478395938873291,-0.027679244056344032,0.6312264204025269,0.51177579164505,0.008807522244751453,0.5967569947242737,0.42162448167800903,-0.01796022802591324,0.569736897945404,0.3727434277534485,-0.035898879170417786,0.5505127906799316,0.3214099407196045,-0.04373018816113472,0.6648823022842407,0.5112394094467163,-0.005131878890097141,0.6324882507324219,0.44553354382514954,-0.0481959693133831,0.6200832724571228,0.5188979506492615,-0.051475197076797485,0.6190376281738281,0.5794315338134766,-0.03876820206642151,0.7027348279953003,0.5219332575798035,-0.020236266776919365,0.6725174188613892,0.46012604236602783,-0.04828226566314697,0.6537394523620605,0.5042436122894287,-0.0432124100625515,0.6472818851470947,0.5538926720619202,-0.031260501593351364
NO,0.6690988540649414,0.7383352518081665,1.2417839911904593e-7,0.616147518157959,0.6829756498336792,-0.012617379426956177,0.5773484706878662,0.5872284770011902,-0.014085270464420319,0.5459405779838562,0.5155580043792725,-0.021996764466166496,0.5065978169441223,0.475910484790802,-0.029681604355573654,0.6046802401542664,0.5259440541267395,0.018953053280711174,0.5740469694137573,0.44764837622642517,-0.00030997037538327277,0.5548361539840698,0.39830827713012695,-0.015326499938964844,0.5401900410652161,0.34747907519340515,-0.025277933105826378,0.6308738589286804,0.5113219022750854,0.009665410034358501,0.5964918732643127,0.4210972487926483,-0.01645979844033718,0.5694554448127747,0.3722918629646301,-0.03410685807466507,0.5502333641052246,0.32111844420433044,-0.041748519986867905,0.664578378200531,0.5109472870826721,-0.00439827423542738,0.6319328546524048,0.4456571936607361,-0.047102004289627075,0.6196004152297974,0.5194319486618042,-0.05042634531855583,0.6188426613807678,0.5799249410629272,-0.037776585668325424,0.7024853825569153,0.5218072533607483,-0.01955747790634632,0.6719034910202026,0.45969638228416443,-0.047361042350530624,0.6534556746482849,0.5041334629058838,-0.04228819161653519,0.6472795605659485,0.5537383556365967,-0.030350787565112114
NO,0.6692059636116028,0.7395877838134766,1.2269947546883486e-7,0.6158041954040527,0.6836841106414795,-0.012710335664451122,0.5778571963310242,0.5887705087661743,-0.014536906033754349,0.5465728044509888,0.5174111723899841,-0.02276187762618065,0.5074715614318848,0.4771904945373535,-0.03080311045050621,0.6048347353935242,0.5266101360321045,0.018546713516116142,0.5744869112968445,0.44969499111175537,-0.0012996752047911286,0.5551965832710266,0.40072548389434814,-0.016774185001850128,0.5404737591743469,0.3502464294433594,-0.02691219002008438,0.6309723258018494,0.5115017890930176,0.009165276773273945,0.5973436832427979,0.4213793873786926,-0.017228124663233757,0.570009708404541,0.372565358877182,-0.03478049486875534,0.550298273563385,0.3218773603439331,-0.04225970432162285,0.6645869016647339,0.5110297799110413,-0.0050230687484145164,0.6323480010032654,0.4459863305091858,-0.047685373574495316,0.6197784543037415,0.5192687511444092,-0.05079811066389084,0.618798553943634,0.5793848633766174,-0.03795808181166649,0.7026289701461792,0.522112250328064,-0.020330052822828293,0.6724637746810913,0.4602440297603607,-0.04785830155014992,0.6534922122955322,0.5046120882034302,-0.0424758680164814,0.6470910906791687,0.5540273189544678,-0.030327554792165756
NO,0.6687933802604675,0.7391014695167542,1.2197386922707665e-7,0.6157746911048889,0.6832635402679443,-0.012922031804919243,0.5778613090515137,0.5884649157524109,-0.014871708117425442,0.5464752316474915,0.5173175930976868,-0.023201165720820427,0.507304310798645,0.4773486852645874,-0.031389813870191574,0.6049641966819763,0.5263793468475342,0.018196992576122284,0.5747032761573792,0.4490451514720917,-0.0016166077693924308,0.5555508136749268,0.40000009536743164,-0.017048850655555725,0.5408412218093872,0.3494861125946045,-0.027143847197294235,0.6310320496559143,0.5113053917884827,0.008973933756351471,0.5973079800605774,0.42135190963745117,-0.01744961552321911,0.5698672533035278,0.37280312180519104,-0.03509419783949852,0.5501729846000671,0.32216474413871765,-0.04263295233249664,0.6646134853363037,0.5110881924629211,-0.005044790916144848,0.632208526134491,0.4459080994129181,-0.047962069511413574,0.6196736693382263,0.519116222858429,-0.051254864782094955,0.6188201308250427,0.5795032978057861,-0.03849530592560768,0.7024310827255249,0.5221328735351562,-0.020168334245681763,0.6719082593917847,0.4598148465156555,-0.04809205234050751,0.6533045768737793,0.5043222904205322,-0.042871247977018356,0.6473541259765625,0.5542627573013306,-0.030761582776904106
NO,0.6691522002220154,0.7387728095054626,1.240556173343066e-7,0.6160434484481812,0.6837059259414673,-0.013103311881422997,0.5779378414154053,0.5888975858688354,-0.015103405341506004,0.5465751886367798,0.5176403522491455,-0.023460552096366882,0.507260262966156,0.4771364629268646,-0.031633906066417694,0.6048516035079956,0.5263321995735168,0.018314367160201073,0.574516773223877,0.44912225008010864,-0.001506826956756413,0.5554890036582947,0.4001072347164154,-0.016973763704299927,0.5408695340156555,0.3494599461555481,-0.02713639847934246,0.6308691501617432,0.5111899971961975,0.009103125892579556,0.5970715880393982,0.4211927354335785,-0.017352160066366196,0.5697701573371887,0.3726463317871094,-0.03502865880727768,0.5501755475997925,0.32185882329940796,-0.04259657859802246,0.6646299362182617,0.5108238458633423,-0.004954284988343716,0.6321619153022766,0.4459187984466553,-0.0479157455265522,0.6196820735931396,0.5190915465354919,-0.05124562978744507,0.6187496185302734,0.5795432925224304,-0.038509901612997055,0.70235675573349,0.521969735622406,-0.020141476765275,0.6720328330993652,0.45985037088394165,-0.048131972551345825,0.6534410715103149,0.5045754909515381,-0.04300740733742714,0.647140622138977,0.5544804930686951,-0.030941981822252274
NO,0.6681578755378723,0.739210844039917,9.504334741450293e-8,0.6151506900787354,0.6831316351890564,-0.012911702506244183,0.577194333076477,0.5889079570770264,-0.015160977840423584,0.5462149977684021,0.5175963044166565,-0.023725522682070732,0.5074727535247803,0.4774160087108612,-0.03237658366560936,0.6034449338912964,0.5290257930755615,0.015744924545288086,0.5730569958686829,0.452633798122406,-0.005033833906054497,0.5531130433082581,0.40306270122528076,-0.02103288285434246,0.5375421643257141,0.3525126576423645,-0.031597986817359924,0.6299189329147339,0.5132653713226318,0.006547768600285053,0.5963695645332336,0.4243788719177246,-0.020686838775873184,0.5674822926521301,0.37729448080062866,-0.038410693407058716,0.5460649132728577,0.3282430171966553,-0.046110134571790695,0.6637340784072876,0.5121920108795166,-0.007239853497594595,0.6319623589515686,0.4473403990268707,-0.05004636570811272,0.6195758581161499,0.5202159285545349,-0.05268493667244911,0.6185479164123535,0.5801829099655151,-0.039816491305828094,0.7022754549980164,0.5227839350700378,-0.02216833457350731,0.6721717119216919,0.4612274765968323,-0.05004636570811272,0.6527888774871826,0.5049653053283691,-0.044639457017183304,0.6457989811897278,0.5543790459632874,-0.032614484429359436
NO,0.6677063703536987,0.7383680939674377,1.1193585436330977e-7,0.6149418950080872,0.6821627616882324,-0.013030746951699257,0.5769941210746765,0.5877327919006348,-0.015186451375484467,0.5457288026809692,0.516087532043457,-0.023573318496346474,0.5067897439002991,0.47609075903892517,-0.032088883221149445,0.6035255789756775,0.5292356014251709,0.016183864325284958,0.5738542675971985,0.4518803656101227,-0.003922630101442337,0.5543971061706543,0.4017148017883301,-0.019283361732959747,0.5392001867294312,0.3509645164012909,-0.029343312606215477,0.6299238204956055,0.513680636882782,0.007298291195183992,0.596651554107666,0.4246339797973633,-0.019433509558439255,0.5679988861083984,0.37752050161361694,-0.036915089935064316,0.5468617677688599,0.32910865545272827,-0.04427236691117287,0.6634886860847473,0.5127133727073669,-0.006172176916152239,0.6319195628166199,0.44865065813064575,-0.04877682402729988,0.6198679804801941,0.5209176540374756,-0.05190848931670189,0.6190177202224731,0.5809303522109985,-0.03923166170716286,0.7017274498939514,0.523125171661377,-0.020699046552181244,0.6716705560684204,0.4614323675632477,-0.04826202616095543,0.6523261666297913,0.5054718255996704,-0.042878128588199615,0.645234227180481,0.5556860566139221,-0.030780447646975517
NO,0.6675727963447571,0.7381828427314758,1.105099372011864e-7,0.614936888217926,0.6821561455726624,-0.01318155787885189,0.5771686434745789,0.5876866579055786,-0.015414089895784855,0.5456345081329346,0.5160374641418457,-0.02388489618897438,0.5064955949783325,0.47587841749191284,-0.032515931874513626,0.6038851141929626,0.5292108654975891,0.01629001274704933,0.5742111206054688,0.45179975032806396,-0.003829488530755043,0.5547147393226624,0.401664137840271,-0.019248919561505318,0.5394619703292847,0.35095304250717163,-0.029375433921813965,0.6301628351211548,0.5135825872421265,0.0074346549808979034,0.5969418883323669,0.42469918727874756,-0.019377103075385094,0.5680747032165527,0.37802228331565857,-0.036938272416591644,0.546672523021698,0.32993072271347046,-0.04430883005261421,0.6636988520622253,0.5124564170837402,-0.006051339209079742,0.6320178508758545,0.4484984278678894,-0.04870980978012085,0.6199490427970886,0.5204567313194275,-0.05191440135240555,0.6190767884254456,0.5804060101509094,-0.03926694393157959,0.7017751336097717,0.52288818359375,-0.020605532452464104,0.6716272234916687,0.46147122979164124,-0.048239804804325104,0.6522447466850281,0.5056982040405273,-0.042941540479660034,0.6452982425689697,0.555839478969574,-0.030870908871293068
NO,0.6676182150840759,0.7383188009262085,1.0841375086556582e-7,0.6147430539131165,0.6823238134384155,-0.013100516982376575,0.5770471096038818,0.5879032015800476,-0.015298161655664444,0.5456729531288147,0.516253650188446,-0.023726018145680428,0.5066800713539124,0.47620895504951477,-0.03234589844942093,0.6039310693740845,0.5293658375740051,0.0163223035633564,0.5742906332015991,0.4520055055618286,-0.003824540413916111,0.5546644330024719,0.40213167667388916,-0.019298724830150604,0.5392487049102783,0.35151761770248413,-0.02948683127760887,0.6302007436752319,0.5138354301452637,0.007414380554109812,0.5971418023109436,0.4247909486293793,-0.019384071230888367,0.5682274103164673,0.37794941663742065,-0.036997225135564804,0.5468969941139221,0.3296343684196472,-0.044464945793151855,0.663933515548706,0.5125553607940674,-0.0061021954752504826,0.6320754885673523,0.44830697774887085,-0.04868954420089722,0.6197978854179382,0.5203527212142944,-0.05193266645073891,0.6188271045684814,0.5802218317985535,-0.039344221353530884,0.7019144892692566,0.522908091545105,-0.02068558894097805,0.6716693639755249,0.4617360234260559,-0.04839083552360535,0.6522384881973267,0.5058484673500061,-0.04312075674533844,0.6452463269233704,0.5560823678970337,-0.031108394265174866
NO,0.6668159365653992,0.7383248805999756,-3.743958032487171e-8,0.6122322678565979,0.6768492460250854,-0.009254490956664085,0.5759150385856628,0.5822161436080933,-0.009233154356479645,0.5471937656402588,0.5096173286437988,-0.016194025054574013,0.508989691734314,0.47008389234542847,-0.02376830391585827,0.59983229637146,0.5260277390480042,0.02560320310294628,0.5709785223007202,0.45868074893951416,0.008225028403103352,0.5477231740951538,0.41570860147476196,-0.00795832835137844,0.5269999504089355,0.3728499412536621,-0.01966112293303013,0.6269243359565735,0.5121319890022278,0.015564612112939358,0.5952555537223816,0.43683844804763794,-0.010358627885580063,0.5611581802368164,0.40199577808380127,-0.02955036051571369,0.5329639911651611,0.365650475025177,-0.03868217021226883,0.6604757308959961,0.5114714503288269,0.0008747761021368206,0.629810631275177,0.44762206077575684,-0.03949293866753578,0.6186568737030029,0.5180352330207825,-0.04395215958356857,0.6182684302330017,0.5781064033508301,-0.03371088206768036,0.699493944644928,0.521350622177124,-0.014796515926718712,0.6700791120529175,0.46179884672164917,-0.04269333928823471,0.6504607796669006,0.5065157413482666,-0.039300911128520966,0.6442530155181885,0.5581963062286377,-0.029187651351094246
NO,0.6659733653068542,0.7369220852851868,-1.0063940791837922e-8,0.6125632524490356,0.674920916557312,-0.008708126842975616,0.5771582126617432,0.5814406275749207,-0.008393809199333191,0.547410249710083,0.5098696947097778,-0.015386074781417847,0.5076474547386169,0.47257107496261597,-0.023084264248609543,0.6029717922210693,0.5284515619277954,0.026856066659092903,0.5740482211112976,0.461681067943573,0.009331608191132545,0.5494596362113953,0.4185768961906433,-0.007198374252766371,0.5275163054466248,0.375116229057312,-0.01904451847076416,0.628300666809082,0.5144034624099731,0.01666395366191864,0.5960056781768799,0.4398210644721985,-0.009135804139077663,0.5617232322692871,0.4040970802307129,-0.028752276673913002,0.5340721607208252,0.36679956316947937,-0.03810964524745941,0.661117434501648,0.5132254958152771,0.0018395273946225643,0.6293807029724121,0.45056164264678955,-0.038563087582588196,0.6198190450668335,0.5209624171257019,-0.043282996863126755,0.6212547421455383,0.5813296437263489,-0.032792024314403534,0.6997937560081482,0.5225279927253723,-0.013881475664675236,0.6693987250328064,0.46216094493865967,-0.041263122111558914,0.6510921716690063,0.5052798986434937,-0.037429485470056534,0.645974338054657,0.5566416382789612,-0.026814846321940422
NO,0.6659929752349854,0.735995352268219,1.8568609982949624e-9,0.6127021908760071,0.6756521463394165,-0.009071067906916142,0.5772178173065186,0.5819783806800842,-0.00873641762882471,0.5474345684051514,0.5102075934410095,-0.015566338784992695,0.5075080394744873,0.4727315902709961,-0.02299964614212513,0.6032980680465698,0.5285341143608093,0.027360249310731888,0.5743266344070435,0.46254992485046387,0.010196711868047714,0.5495041608810425,0.4195391535758972,-0.006160619203001261,0.5271303653717041,0.3768804669380188,-0.017787203192710876,0.628630518913269,0.5144513845443726,0.0175336804240942,0.5973080396652222,0.4397619366645813,-0.008077256381511688,0.5626373291015625,0.40315181016921997,-0.027684759348630905,0.534203827381134,0.3665027320384979,-0.03683188185095787,0.6613829135894775,0.5132707953453064,0.0030245345551520586,0.6303441524505615,0.4508977234363556,-0.037014421075582504,0.620668351650238,0.5210131406784058,-0.041821226477622986,0.6221471428871155,0.5813376903533936,-0.0312543660402298,0.6996192336082458,0.5228974223136902,-0.012422648258507252,0.6696563363075256,0.4630460739135742,-0.03952937200665474,0.6514546275138855,0.5053476095199585,-0.035817790776491165,0.6463468670845032,0.5562477111816406,-0.025190088897943497
NO,0.6663116216659546,0.7356916069984436,4.931958397236258e-9,0.6128884553909302,0.6756429076194763,-0.009434008039534092,0.5772096514701843,0.5815355181694031,-0.009141089394688606,0.5472513437271118,0.5095868706703186,-0.01591862551867962,0.5071892738342285,0.47231006622314453,-0.023271897807717323,0.6032171845436096,0.5283304452896118,0.02743336744606495,0.5744706392288208,0.46220511198043823,0.010545078665018082,0.5500243306159973,0.41926661133766174,-0.005676565691828728,0.527863085269928,0.3765493631362915,-0.017332715913653374,0.6288087368011475,0.5140516757965088,0.017827646806836128,0.5973023176193237,0.4399047791957855,-0.007610840257257223,0.5626641511917114,0.4034409523010254,-0.027271756902337074,0.534422755241394,0.3664505183696747,-0.036564357578754425,0.6618108153343201,0.512799859046936,0.00350492587313056,0.6303986310958862,0.4506203234195709,-0.036564357578754425,0.6206217408180237,0.5206522345542908,-0.04165508598089218,0.6219608187675476,0.5809435844421387,-0.03137262165546417,0.699889600276947,0.5224275588989258,-0.011767257936298847,0.6698551177978516,0.46302473545074463,-0.03915012255311012,0.6516296863555908,0.5055129528045654,-0.03585730865597725,0.6465401649475098,0.5563740730285645,-0.02553444355726242
NO,0.6639085412025452,0.7347676157951355,-1.4780361823341082e-7,0.6106595993041992,0.6709152460098267,-0.004305933602154255,0.5766540765762329,0.5783911943435669,-0.0017581930151209235,0.5492044687271118,0.5074039101600647,-0.006906646303832531,0.5120104551315308,0.46902844309806824,-0.012420864775776863,0.6015888452529907,0.5270958542823792,0.03834223002195358,0.5729620456695557,0.4691391587257385,0.02258155681192875,0.5460602641105652,0.4363241195678711,0.005201426334679127,0.5198366641998291,0.4060439467430115,-0.0068107908591628075,0.627238929271698,0.5141884684562683,0.02774766832590103,0.5974249839782715,0.44653087854385376,0.004205032717436552,0.5618505477905273,0.42698317766189575,-0.015579053200781345,0.5315549373626709,0.40819454193115234,-0.024539027363061905,0.6596021056175232,0.5132554769515991,0.012289694510400295,0.6285046339035034,0.44826143980026245,-0.023348402231931686,0.6188771724700928,0.5180250406265259,-0.028070548549294472,0.6217425465583801,0.5801096558570862,-0.018606072291731834,0.6976792216300964,0.5214146375656128,-0.004000708926469088,0.6685089468955994,0.46255820989608765,-0.027707306668162346,0.6493064761161804,0.504435658454895,-0.024337226524949074,0.6451349854469299,0.5549922585487366,-0.014741579070687294
NO,0.6641262173652649,0.7314134240150452,-1.0911570313965058e-7,0.611343264579773,0.6686640977859497,-0.005623559467494488,0.5772444605827332,0.5765696167945862,-0.0037007443606853485,0.5499973297119141,0.5054910182952881,-0.009331670589745045,0.5132164359092712,0.46508491039276123,-0.015333409421145916,0.601169228553772,0.5270377993583679,0.03773924335837364,0.5726852416992188,0.4698575735092163,0.021197626367211342,0.5458633899688721,0.4374057948589325,0.003175223944708705,0.5195246338844299,0.4063589572906494,-0.009336582385003567,0.6268275380134583,0.5138728022575378,0.02777891233563423,0.5957431793212891,0.44612014293670654,0.0034748194739222527,0.559802770614624,0.42493364214897156,-0.01738637685775757,0.5289249420166016,0.40324288606643677,-0.02718954160809517,0.6599072813987732,0.5124737620353699,0.012818769551813602,0.6283048391342163,0.4446977376937866,-0.024006951600313187,0.6181691884994507,0.516005277633667,-0.02954701893031597,0.620546281337738,0.5787633657455444,-0.020333219319581985,0.6984325051307678,0.520147979259491,-0.0029787677340209484,0.6678760647773743,0.4628744125366211,-0.028545089066028595,0.6495884656906128,0.5066797137260437,-0.026423363015055656,0.6467130780220032,0.5575661063194275,-0.01727832667529583
NO,0.6632263660430908,0.7304507493972778,-1.0951084306043413e-7,0.6115601658821106,0.6675738096237183,-0.006109143141657114,0.5777649879455566,0.5759333372116089,-0.004297852981835604,0.5500460863113403,0.5048322081565857,-0.00992674846202135,0.5132796764373779,0.4648458659648895,-0.01589449867606163,0.6017695665359497,0.5278167128562927,0.03709366172552109,0.5730143785476685,0.47133418917655945,0.02088712528347969,0.5461339354515076,0.4385843873023987,0.003161835018545389,0.5201458930969238,0.40659505128860474,-0.009331922978162766,0.6272131204605103,0.5147225260734558,0.027478955686092377,0.5956842303276062,0.44763708114624023,0.0031862130854278803,0.5599324703216553,0.426949679851532,-0.01750344969332218,0.529664933681488,0.40541893243789673,-0.02726442739367485,0.6598554849624634,0.5134881138801575,0.012822861783206463,0.6287604570388794,0.4459344446659088,-0.024007517844438553,0.6190875172615051,0.5165971517562866,-0.02985825389623642,0.6218813061714172,0.5791687369346619,-0.02090662717819214,0.698184609413147,0.5211492776870728,-0.0026840250939130783,0.6692146062850952,0.4633665680885315,-0.028122536838054657,0.6503362059593201,0.5053769946098328,-0.026503831148147583,0.6470013856887817,0.5556042194366455,-0.017864245921373367
NO,0.6629652976989746,0.7286370992660522,-1.0552844287303742e-7,0.6113044619560242,0.6668635606765747,-0.00646193465217948,0.5771790146827698,0.5749564170837402,-0.004720882512629032,0.5495489835739136,0.5037841200828552,-0.010383527725934982,0.5128633379936218,0.4631873369216919,-0.01641080342233181,0.6019231081008911,0.5267454385757446,0.0374772883951664,0.5733877420425415,0.47117409110069275,0.021250009536743164,0.5464778542518616,0.43907856941223145,0.0032792629208415747,0.520250141620636,0.40729379653930664,-0.009504549205303192,0.6272488236427307,0.5136045813560486,0.028011376038193703,0.5961737632751465,0.44695761799812317,0.0036149166990071535,0.5603879690170288,0.42650365829467773,-0.017502281814813614,0.5302537679672241,0.40502408146858215,-0.02760569378733635,0.6599759459495544,0.5126784443855286,0.013445461168885231,0.6286157965660095,0.4442583918571472,-0.023684101179242134,0.6186138987541199,0.515735924243927,-0.02980796806514263,0.621451735496521,0.5789907574653625,-0.020998874679207802,0.6983943581581116,0.5204095244407654,-0.001983736641705036,0.6684081554412842,0.46289265155792236,-0.02828183025121689,0.6499153971672058,0.505944550037384,-0.027180694043636322,0.6472170352935791,0.5567887425422668,-0.0187386441975832
NO,0.6612879633903503,0.7299187779426575,-1.9042879273456492e-7,0.6096024513244629,0.6647384762763977,-0.004028578754514456,0.5763781070709229,0.5733431577682495,-0.0015515798004344106,0.5493402481079102,0.5033434629440308,-0.006985113024711609,0.5136625170707703,0.4631447196006775,-0.012316490523517132,0.6003599166870117,0.5257629156112671,0.04442013055086136,0.5715941190719604,0.4748768210411072,0.027055896818637848,0.5429892539978027,0.45020154118537903,0.006773589178919792,0.5136846303939819,0.4294160008430481,-0.006566871423274279,0.6259591579437256,0.5142978429794312,0.034113120287656784,0.5995601415634155,0.4506598711013794,0.009172468446195126,0.5631078481674194,0.43987366557121277,-0.012989522889256477,0.5300265550613403,0.4320726990699768,-0.022710030898451805,0.6584677696228027,0.5137889385223389,0.01832570508122444,0.62842857837677,0.4454805552959442,-0.016518134623765945,0.6171743869781494,0.51444411277771,-0.022748490795493126,0.6183537840843201,0.5785340666770935,-0.014104831963777542,0.6970553398132324,0.5206131935119629,0.0015696072950959206,0.6676685810089111,0.46268925070762634,-0.021479343995451927,0.6492970585823059,0.5036428570747375,-0.01954677887260914,0.6472058296203613,0.5535621643066406,-0.010720442980527878
NO,0.6601954698562622,0.7267167568206787,-1.9374061821508803e-7,0.6090949773788452,0.6632697582244873,-0.0030176693107932806,0.5759438276290894,0.5727742910385132,-0.00001620818511582911,0.5501922369003296,0.503207266330719,-0.005057917442172766,0.5149834156036377,0.4637673795223236,-0.01024868804961443,0.5995182394981384,0.5239560604095459,0.04494239389896393,0.5712195634841919,0.4736400246620178,0.02772839553654194,0.5422251224517822,0.44958585500717163,0.007605855353176594,0.5127237439155579,0.42939773201942444,-0.0055466280318796635,0.6250425577163696,0.5126562118530273,0.03429514542222023,0.5980769991874695,0.4495534300804138,0.010011449456214905,0.5620253086090088,0.4389819800853729,-0.011880886740982533,0.529870867729187,0.4302959442138672,-0.021465307101607323,0.6579356789588928,0.5118668079376221,0.018305296078324318,0.6279362440109253,0.44448477029800415,-0.016530755907297134,0.616528332233429,0.5145488977432251,-0.02264201082289219,0.6184142827987671,0.5784000158309937,-0.01391164492815733,0.6969341039657593,0.5183013677597046,0.001495786476880312,0.6663961410522461,0.461662620306015,-0.022148553282022476,0.6490465402603149,0.5050930380821228,-0.01998494192957878,0.6485434770584106,0.5553814172744751,-0.01079908013343811
NO,0.6608370542526245,0.7269973158836365,-1.9416317798004457e-7,0.6100295782089233,0.664299726486206,-0.0035487711429595947,0.5766425728797913,0.5728884339332581,-0.0003075130225624889,0.5503444671630859,0.5029973983764648,-0.005014465656131506,0.5153185129165649,0.46300169825553894,-0.009717883542180061,0.6008856296539307,0.5256618857383728,0.04464005306363106,0.571530282497406,0.4747084975242615,0.027654964476823807,0.5419051051139832,0.4502130150794983,0.0076819355599582195,0.5120611786842346,0.42980605363845825,-0.005471611395478249,0.6263098120689392,0.5141028165817261,0.03432835265994072,0.5989469885826111,0.4507562816143036,0.010019505396485329,0.5617804527282715,0.438646525144577,-0.01209315750747919,0.5286769866943359,0.4288506805896759,-0.021980702877044678,0.6589570641517639,0.5131776332855225,0.018559176474809647,0.6283647418022156,0.44498246908187866,-0.0166457649320364,0.6171072125434875,0.5143790245056152,-0.02328144758939743,0.6189934015274048,0.5787792205810547,-0.01484545785933733,0.6976417303085327,0.5192734003067017,0.0019487609388306737,0.6673627495765686,0.46167492866516113,-0.022244621068239212,0.6497079730033875,0.5037686824798584,-0.02077421545982361,0.6486534476280212,0.5541987419128418,-0.012064879760146141
NO,0.6607754826545715,0.7261630296707153,-1.989191105167265e-7,0.6098608374595642,0.6633079051971436,-0.002690862864255905,0.5765478610992432,0.5723358392715454,0.0007842479972168803,0.5504504442214966,0.5032687187194824,-0.0038132299669086933,0.5153764486312866,0.46369728446006775,-0.008593855425715446,0.6013059020042419,0.5247219800949097,0.04493224620819092,0.5722653865814209,0.47382229566574097,0.028120223432779312,0.5422948598861694,0.4492914378643036,0.008330874145030975,0.5125131607055664,0.429128497838974,-0.004588085692375898,0.6261898875236511,0.5134165287017822,0.03426271677017212,0.5989218950271606,0.450239360332489,0.010293842293322086,0.5623360276222229,0.43842560052871704,-0.011561788618564606,0.5300177335739136,0.4287870228290558,-0.021188784390687943,0.6588159799575806,0.5124107003211975,0.01828659698367119,0.6280878186225891,0.44593456387519836,-0.016342412680387497,0.6172837615013123,0.5145711302757263,-0.022785458713769913,0.6196790337562561,0.5780821442604065,-0.014304307289421558,0.6973763704299927,0.5187668800354004,0.0015344492858275771,0.6670255661010742,0.46102654933929443,-0.022090435028076172,0.6495724320411682,0.5035088062286377,-0.020118074491620064,0.648998498916626,0.5542535185813904,-0.011092178523540497
NO,0.6590660214424133,0.7254578471183777,-1.9897694869541738e-7,0.6081954836845398,0.6656014919281006,-0.004986216779798269,0.574678361415863,0.572992742061615,-0.0033139814622700214,0.5490720272064209,0.5028888583183289,-0.00928290095180273,0.513605535030365,0.4640403091907501,-0.015610658563673496,0.5968948602676392,0.5241814851760864,0.0412781797349453,0.5673828721046448,0.473142147064209,0.022534135729074478,0.5369228720664978,0.4507332444190979,0.0018727629212662578,0.5069969892501831,0.433736115694046,-0.010948100127279758,0.6227831244468689,0.5116360187530518,0.03097740188241005,0.5951585173606873,0.4474852979183197,0.003975370433181524,0.5570087432861328,0.4387274384498596,-0.018725285306572914,0.5234904885292053,0.43531253933906555,-0.027449991554021835,0.6557004451751709,0.5103933811187744,0.015301072038710117,0.6248968243598938,0.4463030993938446,-0.020807957276701927,0.6134006381034851,0.5143907070159912,-0.027562569826841354,0.6145063042640686,0.5783439874649048,-0.0185095127671957,0.694028377532959,0.5171399116516113,-0.0012641443172469735,0.6625527143478394,0.45977556705474854,-0.025554947555065155,0.6460769772529602,0.5029136538505554,-0.023322172462940216,0.6460127234458923,0.5545998811721802,-0.01353736687451601
NO,0.6595701575279236,0.7264365553855896,-1.997840826106767e-7,0.6079886555671692,0.6653149127960205,-0.004808048252016306,0.574855625629425,0.5743336081504822,-0.002948778448626399,0.5485664010047913,0.5046960115432739,-0.008881863206624985,0.5118873715400696,0.4663800597190857,-0.014855211600661278,0.596373975276947,0.5245493054389954,0.0431634820997715,0.5676374435424805,0.4733313322067261,0.024783948436379433,0.5385820269584656,0.45050543546676636,0.0039553893730044365,0.5089266300201416,0.4327360987663269,-0.009232399985194206,0.6221897006034851,0.5124056935310364,0.032931577414274216,0.5946725010871887,0.44891753792762756,0.006608105730265379,0.5575258731842041,0.4403608441352844,-0.016020510345697403,0.5240241289138794,0.4358741343021393,-0.025219751521945,0.6547867059707642,0.5113633275032043,0.01717633754014969,0.623909056186676,0.4455428719520569,-0.018578486517071724,0.6137776374816895,0.51485276222229,-0.024878688156604767,0.6156428456306458,0.5793489217758179,-0.01566997356712818,0.693596363067627,0.5179468393325806,0.0004594883357640356,0.6636707782745361,0.45946207642555237,-0.0231354758143425,0.6466612219810486,0.501149594783783,-0.02080487459897995,0.6453964710235596,0.5518273115158081,-0.011217199265956879
NO,0.6592649221420288,0.7263293266296387,-2.0672473510785494e-7,0.6075178384780884,0.6643022298812866,-0.004436230752617121,0.5744916796684265,0.5732837319374084,-0.0025035215076059103,0.5481534600257874,0.5034606456756592,-0.008460339158773422,0.5118526220321655,0.4648052453994751,-0.014476370066404343,0.5974182486534119,0.5243006944656372,0.043618593364953995,0.5687405467033386,0.47374311089515686,0.024765202775597572,0.539098858833313,0.45206528902053833,0.0034840868320316076,0.5087910890579224,0.43564265966415405,-0.009919344447553158,0.6228708028793335,0.5123479962348938,0.033159222453832626,0.5960721373558044,0.44862982630729675,0.006655530072748661,0.5580414533615112,0.44057589769363403,-0.016105908900499344,0.5236228108406067,0.4362437427043915,-0.025409439578652382,0.6553970575332642,0.5113646388053894,0.01712910644710064,0.6244097948074341,0.44492650032043457,-0.018787067383527756,0.6138913631439209,0.5143815875053406,-0.024992581456899643,0.615909993648529,0.5785800814628601,-0.015736419707536697,0.6940560340881348,0.5179868340492249,0.000135449503432028,0.6635994911193848,0.45984211564064026,-0.023704107850790024,0.6468802094459534,0.5021546483039856,-0.02139243669807911,0.6463441252708435,0.5527008771896362,-0.011823631823062897
NO,0.6592124700546265,0.7258158326148987,-2.0408448619946284e-7,0.6075782179832458,0.6648509502410889,-0.004942274186760187,0.5745397806167603,0.5736807584762573,-0.003360273316502571,0.5481958985328674,0.503693699836731,-0.009515650570392609,0.5116055607795715,0.4649489223957062,-0.015749065205454826,0.5971265435218811,0.5239705443382263,0.04260287433862686,0.5688949823379517,0.47271019220352173,0.023514818400144577,0.5393915772438049,0.4507378935813904,0.002183823147788644,0.5092960596084595,0.4342258870601654,-0.011170958168804646,0.622661292552948,0.5119027495384216,0.03236834704875946,0.5963941812515259,0.44767671823501587,0.005656420718878508,0.5586981177330017,0.43998926877975464,-0.016969261690974236,0.5248916745185852,0.4363735020160675,-0.02601196989417076,0.6553502082824707,0.5109695196151733,0.0165909044444561,0.6244928240776062,0.44444581866264343,-0.019296150654554367,0.6135684251785278,0.5138915181159973,-0.025387680158019066,0.6153041124343872,0.5781607031822205,-0.015985537320375443,0.6936267018318176,0.5176615715026855,-0.00017957125965040177,0.6634963154792786,0.45935341715812683,-0.024044517427682877,0.646942675113678,0.5020177960395813,-0.021641958504915237,0.6463627219200134,0.5529162287712097,-0.011918211355805397
NO,0.6594326496124268,0.7265456318855286,-2.1241910985736467e-7,0.6076510548591614,0.6675710678100586,-0.0039016955997794867,0.5741803050041199,0.5765956044197083,-0.001543632009997964,0.5486628413200378,0.5067892074584961,-0.007235183380544186,0.5126906633377075,0.4688352346420288,-0.013182427734136581,0.5958782434463501,0.5267250537872314,0.044623278081417084,0.5669044256210327,0.47662878036499023,0.026535317301750183,0.5369145274162292,0.4557875990867615,0.0061082374304533005,0.5069536566734314,0.44039854407310486,-0.006610154639929533,0.6208717226982117,0.5134521722793579,0.03384626284241676,0.5921893119812012,0.448543518781662,0.008489975705742836,0.5540633201599121,0.4400949478149414,-0.013381300494074821,0.5205708742141724,0.4356679618358612,-0.022084353491663933,0.6533244848251343,0.5115645527839661,0.01749134063720703,0.6223722696304321,0.4441763162612915,-0.018305771052837372,0.611942708492279,0.5142455697059631,-0.024603409692645073,0.6137255430221558,0.5785889625549316,-0.015398439951241016,0.6915991306304932,0.5179011821746826,0.0002622043539304286,0.6618137359619141,0.4591069221496582,-0.023751096799969673,0.6452299356460571,0.5023508667945862,-0.021364623680710793,0.6444337368011475,0.5540459156036377,-0.011724026873707771
NO,0.659354031085968,0.7270370125770569,-2.1958894080853497e-7,0.6073126196861267,0.6668003797531128,-0.0035406379029154778,0.5742039680480957,0.5760058760643005,-0.0006543517811223865,0.5492329001426697,0.5060353875160217,-0.005905822850763798,0.5143101215362549,0.466838002204895,-0.011269127018749714,0.5960597395896912,0.5263622403144836,0.04553336650133133,0.5675447583198547,0.4755033850669861,0.027544641867280006,0.538081169128418,0.4550424814224243,0.0069099548272788525,0.5078262686729431,0.44008058309555054,-0.0059867240488529205,0.6210434436798096,0.5132731199264526,0.03479723632335663,0.5922455787658691,0.44932660460472107,0.00974151398986578,0.5538312196731567,0.44064900279045105,-0.012496929615736008,0.5194352865219116,0.4356445372104645,-0.021757792681455612,0.6535124778747559,0.5115372538566589,0.018426546826958656,0.6220346689224243,0.44441959261894226,-0.017094049602746964,0.6121605634689331,0.5146951675415039,-0.0236042533069849,0.6144775748252869,0.5788530111312866,-0.014733622781932354,0.6918823719024658,0.5178103446960449,0.001160582178272307,0.6617411971092224,0.45978429913520813,-0.022709578275680542,0.6453182697296143,0.5025721192359924,-0.020634686574339867,0.6448134779930115,0.553429365158081,-0.011307199485599995
NO,0.6588464379310608,0.7263271808624268,-2.152410303324359e-7,0.6070839166641235,0.6666457056999207,-0.0035146272275596857,0.5741717219352722,0.57587069272995,-0.0008845976553857327,0.5494698882102966,0.5058804750442505,-0.0064209080301225185,0.5144491195678711,0.4668606221675873,-0.01223346870392561,0.5959094166755676,0.5260777473449707,0.044903580099344254,0.5675175189971924,0.47520002722740173,0.02693834714591503,0.5377030372619629,0.4543915390968323,0.00655398378148675,0.507722795009613,0.4391276240348816,-0.006164261605590582,0.620882511138916,0.5130807161331177,0.03404839709401131,0.5919657349586487,0.4490462839603424,0.00916321948170662,0.5537484884262085,0.44030749797821045,-0.012718244455754757,0.5198666453361511,0.4349817633628845,-0.021767400205135345,0.6534305810928345,0.5114080309867859,0.01761353388428688,0.6223168969154358,0.44405293464660645,-0.018012760207057,0.6119815111160278,0.5143161416053772,-0.02446693740785122,0.6139501929283142,0.5784698724746704,-0.015569869428873062,0.6916850209236145,0.5174717903137207,0.0003418979176785797,0.6616265177726746,0.4591151475906372,-0.023801559582352638,0.6453167796134949,0.5027462244033813,-0.02165333554148674,0.6445717215538025,0.5540825128555298,-0.012280995957553387
NO,0.659416913986206,0.7266184687614441,-2.186136924819948e-7,0.6074047684669495,0.6673890948295593,-0.0033730280119925737,0.5743223428726196,0.5761460661888123,-0.0004921964136883616,0.5496086478233337,0.5061058402061462,-0.005768779199570417,0.5145183801651001,0.4674660861492157,-0.011233937926590443,0.5957655310630798,0.5260912775993347,0.0453532338142395,0.5670804977416992,0.47503477334976196,0.027382725849747658,0.5370590686798096,0.45469993352890015,0.006802985444664955,0.506833016872406,0.4400751292705536,-0.006005982402712107,0.6208280324935913,0.5131379961967468,0.03447984531521797,0.592109203338623,0.44880324602127075,0.009435939602553844,0.5538542866706848,0.44003042578697205,-0.012733062729239464,0.5197397470474243,0.43506208062171936,-0.02189859002828598,0.6531734466552734,0.5114198923110962,0.017979994416236877,0.6222288012504578,0.4442752003669739,-0.01761944591999054,0.6120871305465698,0.5144729614257812,-0.024213694036006927,0.6139980554580688,0.5786721706390381,-0.015380248427391052,0.6916144490242004,0.5176443457603455,0.0006475644768215716,0.6616845726966858,0.45932629704475403,-0.023473618552088737,0.6452952027320862,0.5025255084037781,-0.021405206993222237,0.6445135474205017,0.553924560546875,-0.012059405446052551
NO,0.6597304940223694,0.7259876728057861,-2.1133767802439252e-7,0.607685923576355,0.6684610247612,-0.004406673833727837,0.5741304755210876,0.5771947503089905,-0.0023067856673151255,0.5497118234634399,0.5067627429962158,-0.008085641078650951,0.5146545171737671,0.46813464164733887,-0.01393583882600069,0.5937376022338867,0.5269397497177124,0.04311073198914528,0.5643343925476074,0.4752228260040283,0.024237895384430885,0.5345097184181213,0.4554734528064728,0.003405481344088912,0.5040141344070435,0.4422662556171417,-0.009174823760986328,0.6193004846572876,0.5136743783950806,0.03272306174039841,0.5904446840286255,0.448619544506073,0.007262807339429855,0.5530062913894653,0.4404001533985138,-0.014449515379965305,0.5189551711082458,0.43654704093933105,-0.023020293563604355,0.6521346569061279,0.5119877457618713,0.016675444319844246,0.621177077293396,0.44491809606552124,-0.01881576143205166,0.6116554141044617,0.5157130360603333,-0.02478962019085884,0.6132231950759888,0.5805670022964478,-0.015448329038918018,0.6907202005386353,0.5181843638420105,-0.00031777756521478295,0.6610708236694336,0.46004313230514526,-0.02383837103843689,0.6447670459747314,0.50343918800354,-0.021193889901041985,0.6433685421943665,0.5548786520957947,-0.01144355908036232
NO,0.6593780517578125,0.7262371778488159,-2.2098869578712765e-7,0.6075504422187805,0.6672009825706482,-0.004685444291681051,0.5745704174041748,0.5761988162994385,-0.0024165650829672813,0.5504329800605774,0.5059093236923218,-0.008003605529665947,0.5159420371055603,0.46597370505332947,-0.013548960909247398,0.5935274958610535,0.527116596698761,0.04363870620727539,0.5641257762908936,0.47663775086402893,0.02437288500368595,0.5338605046272278,0.45825833082199097,0.003060902701690793,0.5026592016220093,0.4463815689086914,-0.009842528961598873,0.6190646886825562,0.51372230052948,0.033500805497169495,0.5891704559326172,0.449673593044281,0.00818940345197916,0.5509630441665649,0.44134923815727234,-0.013911028392612934,0.5160870552062988,0.43678906559944153,-0.023153288289904594,0.6521110534667969,0.5117653608322144,0.01756981946527958,0.6213685274124146,0.4444781541824341,-0.01810339465737343,0.6120771169662476,0.5160126686096191,-0.024430053308606148,0.6138681173324585,0.5809004306793213,-0.015473637729883194,0.6909621953964233,0.5174506306648254,0.0006598210893571377,0.6615802049636841,0.4602671265602112,-0.02311517670750618,0.6453025937080383,0.503447413444519,-0.02088559977710247,0.6434966921806335,0.5542758107185364,-0.011538531631231308
NO,0.6594272255897522,0.7263548374176025,-2.1101523373090458e-7,0.607926607131958,0.6676100492477417,-0.0051930439658463,0.5750060677528381,0.5769090056419373,-0.0035000736825168133,0.5503320693969727,0.5065801739692688,-0.00962044671177864,0.5155861973762512,0.4671057462692261,-0.015731308609247208,0.5939199328422546,0.527632474899292,0.04279981181025505,0.5647993087768555,0.4767998456954956,0.023264074698090553,0.5345485210418701,0.4580848217010498,0.001954524777829647,0.5037130117416382,0.4454089403152466,-0.01090919692069292,0.6193957328796387,0.5141492486000061,0.03269905596971512,0.5900045037269592,0.44953542947769165,0.006962102372199297,0.551888108253479,0.44123774766921997,-0.01506553404033184,0.5174311399459839,0.4371781349182129,-0.0240249615162611,0.6520906090736389,0.5120155215263367,0.01681556925177574,0.6213801503181458,0.44499096274375916,-0.019088715314865112,0.6115931868553162,0.5160238742828369,-0.025299444794654846,0.6130199432373047,0.5812296867370605,-0.016130773350596428,0.6907773017883301,0.5179550647735596,-0.00009540791506879032,0.6616540551185608,0.4602721631526947,-0.023910827934741974,0.645097553730011,0.5032660365104675,-0.021552084013819695,0.6429765820503235,0.5545889735221863,-0.012021991424262524
NO,0.6594173312187195,0.7264915704727173,-2.147716458011928e-7,0.6076105833053589,0.6671327352523804,-0.0048217326402664185,0.574874997138977,0.5763591527938843,-0.00281029986217618,0.5502526164054871,0.5060049295425415,-0.008687678724527359,0.5155965089797974,0.46647077798843384,-0.014579322189092636,0.5941450595855713,0.5275065898895264,0.043481189757585526,0.564765453338623,0.47707200050354004,0.024251317605376244,0.5344119668006897,0.45835885405540466,0.003029037266969681,0.5034695863723755,0.44568365812301636,-0.00986220221966505,0.6195101737976074,0.5140948295593262,0.03330514207482338,0.5901349782943726,0.44996070861816406,0.0077889529056847095,0.5518803596496582,0.44149649143218994,-0.01431303285062313,0.5172243714332581,0.43695923686027527,-0.02343343198299408,0.6523510217666626,0.5121216177940369,0.017337314784526825,0.6215432286262512,0.44494450092315674,-0.0185261033475399,0.6118828058242798,0.5162364840507507,-0.02493606135249138,0.6133816838264465,0.5814005136489868,-0.01592978835105896,0.6910016536712646,0.5179515480995178,0.0003896259586326778,0.6614483594894409,0.46039021015167236,-0.023566575720906258,0.6451569199562073,0.5035985112190247,-0.021379200741648674,0.6432364583015442,0.5548379421234131,-0.01199251413345337
NO,0.6595869660377502,0.7259030342102051,-2.0755102525527036e-7,0.6080093383789062,0.6684932708740234,-0.005319243296980858,0.5747841000556946,0.5778067708015442,-0.003590489039197564,0.5507093071937561,0.5065172910690308,-0.009617380797863007,0.5160166025161743,0.4670090079307556,-0.015701264142990112,0.594261646270752,0.5279883146286011,0.04285790026187897,0.5660065412521362,0.4763949513435364,0.024088570848107338,0.5363034605979919,0.4567924439907074,0.003626108868047595,0.5058289170265198,0.44327664375305176,-0.008738757111132145,0.6193152666091919,0.5143986940383911,0.03297930583357811,0.5893665552139282,0.44934141635894775,0.007893376983702183,0.5511454939842224,0.44207844138145447,-0.013355099596083164,0.5170340538024902,0.438159316778183,-0.021732907742261887,0.6517345905303955,0.512442409992218,0.017297038808465004,0.6207660436630249,0.4452124238014221,-0.018322892487049103,0.6114016175270081,0.5162854790687561,-0.02418355830013752,0.6135147213935852,0.5809857249259949,-0.014779897406697273,0.6900957226753235,0.518409252166748,0.0006174120935611427,0.6607860922813416,0.46031779050827026,-0.023138707503676414,0.6443251967430115,0.5033250451087952,-0.020650062710046768,0.6425928473472595,0.5544219017028809,-0.011037429794669151
NO,0.6592675447463989,0.7261413931846619,-2.1626267709962121e-7,0.6077675223350525,0.6684530973434448,-0.0055788313038647175,0.5745317339897156,0.5772005319595337,-0.00378104904666543,0.5502702593803406,0.5060774683952332,-0.009654754772782326,0.5153698921203613,0.4663556218147278,-0.015485654585063457,0.5942021608352661,0.5281307697296143,0.04265213757753372,0.5655102133750916,0.47651270031929016,0.02338067628443241,0.5356987118721008,0.45760780572891235,0.002466005040332675,0.5050399899482727,0.44533270597457886,-0.010063773021101952,0.6194036602973938,0.5145273208618164,0.03294982388615608,0.5894542932510376,0.44927921891212463,0.007581122685223818,0.5511609315872192,0.4421793222427368,-0.013944699428975582,0.5167985558509827,0.43872326612472534,-0.02252458967268467,0.652010977268219,0.5125402212142944,0.01742611825466156,0.6209766864776611,0.4448056221008301,-0.01831074245274067,0.6119566559791565,0.5162977576255798,-0.024179691448807716,0.6141775846481323,0.5814335346221924,-0.014762738719582558,0.6904412508010864,0.5183415412902832,0.0008483580895699561,0.6609712243080139,0.4604588747024536,-0.02288604900240898,0.6447151899337769,0.5035625696182251,-0.020450957119464874,0.6431417465209961,0.5542275309562683,-0.010900836437940598
NO,0.6595759987831116,0.7261751890182495,-2.1778662073757005e-7,0.607757568359375,0.668755054473877,-0.005290474742650986,0.5743082165718079,0.5773122906684875,-0.003254213137552142,0.549943208694458,0.506156861782074,-0.008939570747315884,0.5150493383407593,0.46665260195732117,-0.014577352441847324,0.5944375991821289,0.5281808376312256,0.04312308132648468,0.56572026014328,0.4764828085899353,0.024130653589963913,0.5359221696853638,0.4573875665664673,0.003354123095050454,0.5052633285522461,0.4449213147163391,-0.009134632535278797,0.6195560693740845,0.514700174331665,0.03332237899303436,0.5896975994110107,0.44916701316833496,0.008078440092504025,0.5515527725219727,0.442049115896225,-0.013454552739858627,0.5173618197441101,0.43874794244766235,-0.022018272429704666,0.6520596742630005,0.5128657817840576,0.017736410722136497,0.6211208701133728,0.44484153389930725,-0.017850594595074654,0.6120743155479431,0.516287088394165,-0.023731013759970665,0.614432156085968,0.5815333724021912,-0.014310925267636776,0.6904624104499817,0.5186468362808228,0.0011132833315059543,0.6610687971115112,0.46048328280448914,-0.02251306362450123,0.6446930766105652,0.5033859610557556,-0.020058130845427513,0.6431943774223328,0.5543394088745117,-0.01046676654368639
NO,0.6593090891838074,0.726061224937439,-2.2199735383310326e-7,0.6074684858322144,0.6683277487754822,-0.005222530569881201,0.5741561651229858,0.5767986178398132,-0.0031611307058483362,0.5499803423881531,0.5057142972946167,-0.008835931308567524,0.5150602459907532,0.4660598933696747,-0.014463124796748161,0.594314694404602,0.5279202461242676,0.04311325028538704,0.5655056834220886,0.4760740101337433,0.02393699437379837,0.5354927778244019,0.45740413665771484,0.002958799246698618,0.5046083927154541,0.4456250071525574,-0.009602409787476063,0.61946702003479,0.5145506262779236,0.033287085592746735,0.5897700190544128,0.44894272089004517,0.007907587103545666,0.5513718128204346,0.44203388690948486,-0.013777578249573708,0.5169188380241394,0.43885937333106995,-0.0224326029419899,0.6521087288856506,0.512627363204956,0.01766234077513218,0.6210917830467224,0.44460538029670715,-0.01796702854335308,0.6119817495346069,0.5161499381065369,-0.023898910731077194,0.6142493486404419,0.5813159942626953,-0.014529774896800518,0.6903336048126221,0.5185890197753906,0.0009860680438578129,0.6609001755714417,0.4605896770954132,-0.022699203342199326,0.6446686387062073,0.5035067796707153,-0.020299792289733887,0.6431834697723389,0.5543379187583923,-0.010768791660666466
NO,0.6596506834030151,0.7264189124107361,-2.1906708980168332e-7,0.6075754165649414,0.6690310835838318,-0.005521838553249836,0.5739772915840149,0.576740562915802,-0.003391646547242999,0.5499069690704346,0.5051095485687256,-0.008915865793824196,0.515268862247467,0.4649863541126251,-0.014347260817885399,0.5940027236938477,0.5282957553863525,0.04314650595188141,0.5652197003364563,0.47624653577804565,0.024219926446676254,0.5353937149047852,0.4570544362068176,0.0034749500919133425,0.5046159625053406,0.44469091296195984,-0.00893014669418335,0.6193448305130005,0.5145796537399292,0.03354993090033531,0.589242696762085,0.4490799307823181,0.008335120044648647,0.5511965751647949,0.44191017746925354,-0.013214332051575184,0.5170736908912659,0.43907225131988525,-0.021725580096244812,0.6519848108291626,0.5127142071723938,0.01812686398625374,0.620651364326477,0.4452720880508423,-0.01734618842601776,0.6119162440299988,0.516481339931488,-0.023305967450141907,0.614441990852356,0.5820410847663879,-0.013928362168371677,0.6904684901237488,0.5181540250778198,0.0016494113951921463,0.6603854894638062,0.46033918857574463,-0.021915988996624947,0.6441418528556824,0.5033805966377258,-0.0194692425429821,0.6426925659179688,0.5546771287918091,-0.009891708381474018
NO,0.6594194173812866,0.7266286611557007,-2.212345862062648e-7,0.6076568365097046,0.6688175201416016,-0.0055801416747272015,0.5743303298950195,0.5766381025314331,-0.0035436288453638554,0.5503276586532593,0.505041241645813,-0.009185772389173508,0.5156562328338623,0.4649333655834198,-0.014775453135371208,0.5940538644790649,0.5281022787094116,0.04296232387423515,0.565194308757782,0.4758652448654175,0.023713218048214912,0.5350768566131592,0.45706403255462646,0.002823456423357129,0.5040640234947205,0.4453452229499817,-0.009572089649736881,0.6193259358406067,0.5144608616828918,0.03334730863571167,0.5889975428581238,0.44879138469696045,0.0080172810703516,0.5506260395050049,0.44182953238487244,-0.01354495994746685,0.5162694454193115,0.43891698122024536,-0.022053483873605728,0.6518768668174744,0.5123490691184998,0.017904147505760193,0.6202794909477234,0.4452512562274933,-0.017751529812812805,0.6115897297859192,0.5168269872665405,-0.023694142699241638,0.6142306923866272,0.5823448300361633,-0.014241285622119904,0.690267026424408,0.518047571182251,0.0013843044871464372,0.6602403521537781,0.4601580500602722,-0.022187024354934692,0.6440572142601013,0.5033434629440308,-0.01963065378367901,0.6425666213035583,0.5546245574951172,-0.009958406910300255
NO,0.6594632863998413,0.7270843386650085,-2.2769488339235977e-7,0.6072202920913696,0.6692218780517578,-0.0052495235577225685,0.5739346742630005,0.5759955048561096,-0.0028827001806348562,0.5507286190986633,0.504161536693573,-0.008211038075387478,0.5167393684387207,0.46352362632751465,-0.013489221222698689,0.5933330059051514,0.5279017090797424,0.042645812034606934,0.564139723777771,0.4756353497505188,0.02306160144507885,0.5335686206817627,0.4571291506290436,0.0019440909381955862,0.5022828578948975,0.4460715055465698,-0.01040351390838623,0.6187798976898193,0.5142582654953003,0.03284415230154991,0.5885788798332214,0.44822269678115845,0.007241380400955677,0.5501722693443298,0.4412422776222229,-0.01436812337487936,0.5159117579460144,0.43903931975364685,-0.022679470479488373,0.651530921459198,0.5123369693756104,0.01723410375416279,0.6196696758270264,0.4461698830127716,-0.018227646127343178,0.6109650731086731,0.517638087272644,-0.023864077404141426,0.6137060523033142,0.5828678607940674,-0.01415795087814331,0.6902679204940796,0.5183708667755127,0.0005463277921080589,0.6601824760437012,0.45984959602355957,-0.022583937272429466,0.6436818838119507,0.503141462802887,-0.019479122012853622,0.6422713398933411,0.554617166519165,-0.009390868246555328
NO,0.6594046354293823,0.7275757789611816,-2.2805465960118454e-7,0.607358992099762,0.669157087802887,-0.005328875035047531,0.5740634202957153,0.5760684013366699,-0.0029762079939246178,0.5509054064750671,0.5042638182640076,-0.008312276564538479,0.5168372392654419,0.46370571851730347,-0.013535629957914352,0.5927848815917969,0.5275799632072449,0.04289960116147995,0.5630898475646973,0.47580191493034363,0.02342594601213932,0.5325011610984802,0.4574544131755829,0.0022471449337899685,0.5010628700256348,0.4461318552494049,-0.010254846885800362,0.6184274554252625,0.5137443542480469,0.033114805817604065,0.5876896977424622,0.44881880283355713,0.007794258650392294,0.5492884516716003,0.44155851006507874,-0.013928940519690514,0.514853298664093,0.43864214420318604,-0.02262013964354992,0.6513690948486328,0.5120089650154114,0.017507104203104973,0.6195908784866333,0.4462454319000244,-0.017919601872563362,0.6109141111373901,0.5175661444664001,-0.0238480344414711,0.6130916476249695,0.5826164484024048,-0.014504516497254372,0.6902796030044556,0.5179212093353271,0.0008261914481408894,0.6605687141418457,0.45990896224975586,-0.022428279742598534,0.6439447402954102,0.502648115158081,-0.019646329805254936,0.6421626806259155,0.5538246035575867,-0.00988072156906128
NO,0.6593713760375977,0.7273843288421631,-2.2526781151555042e-7,0.6072589755058289,0.6696569919586182,-0.005399396643042564,0.5739797353744507,0.5763452649116516,-0.003124451031908393,0.5510948896408081,0.504241943359375,-0.008528647944331169,0.5171915888786316,0.4634550213813782,-0.013822455890476704,0.5924776196479797,0.527370035648346,0.04284961521625519,0.5630630254745483,0.47531232237815857,0.023287000134587288,0.5325788259506226,0.4570242762565613,0.0020697687286883593,0.5013524889945984,0.44598522782325745,-0.010405237786471844,0.6182476282119751,0.513460636138916,0.0330779030919075,0.5879605412483215,0.44852694869041443,0.0076359473168849945,0.5497993230819702,0.44138097763061523,-0.01412002183496952,0.5154295563697815,0.43897444009780884,-0.022730259224772453,0.6512088775634766,0.5116910338401794,0.017489245161414146,0.6197007298469543,0.446316659450531,-0.01793079823255539,0.6104932427406311,0.5173711180686951,-0.023882132023572922,0.6124703884124756,0.5825386047363281,-0.014523177407681942,0.6899380683898926,0.5178056359291077,0.0008147089974954724,0.6604143381118774,0.45970824360847473,-0.022365503013134003,0.643714427947998,0.5026891827583313,-0.019543418660759926,0.6416023373603821,0.5540175437927246,-0.009728513658046722
NO,0.6594880223274231,0.7274807691574097,-2.2762972662349057e-7,0.6073306202888489,0.6698142290115356,-0.005366235040128231,0.5739530920982361,0.5763778686523438,-0.003050306113436818,0.5510450601577759,0.5044565200805664,-0.008394942618906498,0.517080545425415,0.4635499119758606,-0.013631580397486687,0.59241783618927,0.5273754596710205,0.04269948601722717,0.562874436378479,0.47554904222488403,0.023192886263132095,0.532374918460846,0.45729780197143555,0.001991938566789031,0.5011085867881775,0.4461381435394287,-0.010502077639102936,0.618209719657898,0.5135915279388428,0.032946184277534485,0.5876358151435852,0.4487697184085846,0.007598165888339281,0.5494368076324463,0.44151216745376587,-0.014130765572190285,0.5151225328445435,0.4387911260128021,-0.022828098386526108,0.6511723399162292,0.5117803812026978,0.017365865409374237,0.6195858120918274,0.4462813138961792,-0.018057044595479965,0.6106959581375122,0.5174330472946167,-0.023999260738492012,0.6128089427947998,0.5824047327041626,-0.014687547460198402,0.6901474595069885,0.5177677273750305,0.0007067783153615892,0.6603417992591858,0.45978182554244995,-0.022559305652976036,0.6439094543457031,0.5027081370353699,-0.019794592633843422,0.642042338848114,0.5538052916526794,-0.010031691752374172
NO,0.6594257354736328,0.7279744148254395,-2.3292214734738081e-7,0.6071636080741882,0.6707263588905334,-0.005438680294901133,0.5736281275749207,0.5761717557907104,-0.0031969647388905287,0.5510252714157104,0.5034787058830261,-0.008534840308129787,0.517505943775177,0.4624527096748352,-0.013709506951272488,0.5911059379577637,0.5274596214294434,0.04181975498795509,0.561195969581604,0.47459304332733154,0.02167791873216629,0.5304721593856812,0.4572925269603729,0.00011123073636554182,0.4991203546524048,0.4481382668018341,-0.012307833880186081,0.6172776818275452,0.5136820673942566,0.03218085691332817,0.5871918797492981,0.449052631855011,0.0064851343631744385,0.5492379069328308,0.44184255599975586,-0.015447196550667286,0.515052855014801,0.43987977504730225,-0.02411644347012043,0.6505994200706482,0.5117102861404419,0.01673366315662861,0.6191425919532776,0.44719943404197693,-0.01866336166858673,0.6102427244186401,0.5180501937866211,-0.024826878681778908,0.6124017834663391,0.5830245614051819,-0.01564880646765232,0.6896416544914246,0.5172915458679199,0.00020431051962077618,0.6597925424575806,0.45933836698532104,-0.023079589009284973,0.6434487104415894,0.5026068091392517,-0.020391451194882393,0.6419453024864197,0.5541079640388489,-0.010656548663973808
NO,0.6594371199607849,0.7284446954727173,-2.282876749859497e-7,0.6070091128349304,0.6700443625450134,-0.005384443793445826,0.573417067527771,0.5752769708633423,-0.003079228801652789,0.55040442943573,0.5026565194129944,-0.008413192816078663,0.5164968371391296,0.4620983600616455,-0.013624565675854683,0.591319739818573,0.5273734331130981,0.04226788133382797,0.5615382194519043,0.4751697778701782,0.022422360256314278,0.5309455990791321,0.45795488357543945,0.0010005690855905414,0.4996301531791687,0.4479280114173889,-0.011499633081257343,0.6174823641777039,0.5134110450744629,0.03261434659361839,0.587333619594574,0.4493093490600586,0.006937278434634209,0.5494162440299988,0.4422858953475952,-0.015076442621648312,0.5152897834777832,0.4398174285888672,-0.02388385497033596,0.6507585048675537,0.5114268064498901,0.01711483858525753,0.619145929813385,0.446975439786911,-0.01839364320039749,0.6102136969566345,0.5179107785224915,-0.024710750207304955,0.612336277961731,0.582891583442688,-0.015624500811100006,0.6896710991859436,0.5170117020606995,0.0005513646174222231,0.6596333384513855,0.4594763219356537,-0.022826194763183594,0.6435063481330872,0.5027129650115967,-0.020307043567299843,0.642151951789856,0.5541422367095947,-0.01071119587868452
NO,0.6599295735359192,0.7284142374992371,-2.2632444540704455e-7,0.6071444153785706,0.6696616411209106,-0.00482389610260725,0.5736132264137268,0.5751309394836426,-0.002324175089597702,0.5503958463668823,0.502862811088562,-0.0076278154738247395,0.5163081288337708,0.462363600730896,-0.012860517017543316,0.5917702317237854,0.5275312066078186,0.04309283196926117,0.5619007349014282,0.475113183259964,0.023297062143683434,0.531244695186615,0.45741695165634155,0.0018756925128400326,0.4998115301132202,0.4473479390144348,-0.010628923773765564,0.6175746321678162,0.5135900974273682,0.03308913856744766,0.5878018736839294,0.4489484131336212,0.007396961096674204,0.5496254563331604,0.4418281316757202,-0.014620780944824219,0.5152802467346191,0.43951287865638733,-0.023335538804531097,0.6507474780082703,0.5117286443710327,0.017304465174674988,0.6193613409996033,0.44661447405815125,-0.0180835984647274,0.6102665662765503,0.517914354801178,-0.024220479652285576,0.6124179363250732,0.5828861594200134,-0.014995920471847057,0.6895785927772522,0.5176124572753906,0.00047313142567873,0.659788191318512,0.4595802128314972,-0.022739162668585777,0.6433853507041931,0.5030333399772644,-0.020065099000930786,0.6418386697769165,0.5545199513435364,-0.010340355336666107
NO,0.6597812175750732,0.7282610535621643,-2.245619157292822e-7,0.6069474220275879,0.6695502400398254,-0.004801289178431034,0.573451578617096,0.5749161839485168,-0.002280251123011112,0.5501426458358765,0.5029425024986267,-0.007526995614171028,0.5162419080734253,0.46273043751716614,-0.012684647925198078,0.591821014881134,0.527277946472168,0.04268668591976166,0.5619434118270874,0.47484099864959717,0.022961430251598358,0.5315150618553162,0.4567735195159912,0.0016229030443355441,0.5003506541252136,0.4461659789085388,-0.010873932391405106,0.6177268028259277,0.5137189626693726,0.03270847722887993,0.5881947875022888,0.4491201639175415,0.0068672397173941135,0.5499414205551147,0.4420258104801178,-0.015082885511219501,0.515532374382019,0.439731240272522,-0.023712685331702232,0.6508201956748962,0.5117958784103394,0.016989916563034058,0.6194024682044983,0.44665080308914185,-0.01844426989555359,0.6101471781730652,0.5179927349090576,-0.024463940411806107,0.6123808026313782,0.582883358001709,-0.015159937553107738,0.6895923018455505,0.5176111459732056,0.00023130580666474998,0.6596954464912415,0.45975232124328613,-0.022980693727731705,0.643194854259491,0.503192663192749,-0.0203224066644907,0.6419112682342529,0.5543510913848877,-0.010594618506729603
NO,0.6600705981254578,0.728298544883728,-2.2416213596443413e-7,0.606550395488739,0.6685289740562439,-0.003175131045281887,0.5731185078620911,0.57420414686203,0.0005483169807121158,0.5502211451530457,0.5025551319122314,-0.003783237421885133,0.5167934894561768,0.46231380105018616,-0.0081337196752429,0.5921306610107422,0.5273168087005615,0.04503350332379341,0.5620606541633606,0.4753600060939789,0.026612453162670135,0.5315983891487122,0.4567146897315979,0.005811859853565693,0.4999285638332367,0.4444025158882141,-0.006806942634284496,0.617793619632721,0.5133906006813049,0.034400053322315216,0.5874841213226318,0.4494958817958832,0.009840262122452259,0.5486908555030823,0.44111621379852295,-0.012094821780920029,0.5133841633796692,0.4363819360733032,-0.021305346861481667,0.6508601903915405,0.5116879940032959,0.018171075731515884,0.6194096803665161,0.4451321065425873,-0.01687314175069332,0.6107271909713745,0.5162881016731262,-0.02324743941426277,0.6129818558692932,0.5808676481246948,-0.014508016407489777,0.6892886757850647,0.5174825191497803,0.0010347417555749416,0.6592333316802979,0.4595959782600403,-0.022689808160066605,0.642810046672821,0.5034071803092957,-0.02051697112619877,0.6416580677032471,0.5547499656677246,-0.011248759925365448
NO,0.660097062587738,0.7280863523483276,-2.2505673769046552e-7,0.6064205169677734,0.6684069633483887,-0.0029998617246747017,0.573052704334259,0.574069082736969,0.0008028475567698479,0.5503824353218079,0.5025165677070618,-0.0034758008550852537,0.5171381831169128,0.4620661437511444,-0.0077496422454714775,0.5917707681655884,0.5270816683769226,0.045190222561359406,0.5616695880889893,0.4751516282558441,0.026691075414419174,0.5312252640724182,0.456694632768631,0.005754542071372271,0.49956274032592773,0.44483116269111633,-0.006903527304530144,0.6177268028259277,0.5133659839630127,0.03449840471148491,0.5876179337501526,0.4494166374206543,0.009941848926246166,0.5489671230316162,0.4411938190460205,-0.012057134881615639,0.5138202905654907,0.43669265508651733,-0.021306710317730904,0.6508834362030029,0.5114307403564453,0.018210697919130325,0.6195734143257141,0.44517967104911804,-0.0166915375739336,0.6106615662574768,0.5162707567214966,-0.023056628182530403,0.6128334403038025,0.5808926820755005,-0.01434549130499363,0.6894975900650024,0.517464816570282,0.0010324042523279786,0.6591691970825195,0.4596855342388153,-0.02253742143511772,0.6428887844085693,0.5034754872322083,-0.02026829496026039,0.6417656540870667,0.5548227429389954,-0.010951417498290539
NO,0.660157322883606,0.7285398244857788,-2.2230939578093967e-7,0.6067029237747192,0.668874979019165,-0.003289137501269579,0.57334303855896,0.5742656588554382,0.0004138450894970447,0.5506028532981873,0.502616822719574,-0.00393062736839056,0.5173308849334717,0.46214792132377625,-0.008236058056354523,0.5916310548782349,0.5272402167320251,0.045091696083545685,0.5616574287414551,0.4754909873008728,0.02658218890428543,0.5311842560768127,0.4569219946861267,0.005679708439856768,0.4994385242462158,0.4449652433395386,-0.006967493332922459,0.6175649762153625,0.5134986639022827,0.03453954681754112,0.5871872305870056,0.4496987760066986,0.010013970546424389,0.548637866973877,0.4413287043571472,-0.012003310024738312,0.5135782361030579,0.43659472465515137,-0.021277282387018204,0.6507348418235779,0.5116817951202393,0.01836535334587097,0.6194819808006287,0.4453021287918091,-0.016606662422418594,0.6107739806175232,0.5164886116981506,-0.02312246896326542,0.6131399273872375,0.5811951160430908,-0.01449238695204258,0.6893930435180664,0.5173062086105347,0.0012697656638920307,0.6592769026756287,0.459511399269104,-0.022372862324118614,0.6430046558380127,0.5031418204307556,-0.020277809351682663,0.6416798233985901,0.5545470118522644,-0.011071107350289822
NO,0.6602733135223389,0.7286357283592224,-2.1963894880627777e-7,0.6064713597297668,0.6683709025382996,-0.003218502039089799,0.5732467174530029,0.574285626411438,0.00044080009683966637,0.5506981611251831,0.5026571154594421,-0.003988248761743307,0.517565906047821,0.4619407653808594,-0.008380614221096039,0.5915235280990601,0.527181088924408,0.04529957473278046,0.5615969896316528,0.4753667414188385,0.026729445904493332,0.531208872795105,0.45685240626335144,0.005715366918593645,0.49953609704971313,0.4448802173137665,-0.006971016060560942,0.6175094246864319,0.5135497450828552,0.034696321934461594,0.5874083042144775,0.44958922266960144,0.010035568848252296,0.5489568710327148,0.44137564301490784,-0.012094640173017979,0.5139132142066956,0.4369979500770569,-0.02139895036816597,0.6507176160812378,0.5116891860961914,0.018445048481225967,0.6195305585861206,0.4453875720500946,-0.01653030328452587,0.6106817722320557,0.516392707824707,-0.023092392832040787,0.6127381920814514,0.5812960267066956,-0.014471233822405338,0.6893678903579712,0.5176309943199158,0.0012809060281142592,0.6593831181526184,0.45956408977508545,-0.022322645410895348,0.6428834795951843,0.5033485889434814,-0.02018659934401512,0.6415932178497314,0.5548169016838074,-0.010949642397463322
NO,0.6603269577026367,0.7280743718147278,-2.0949499912603642e-7,0.6063869595527649,0.6675202250480652,-0.0021313887555152178,0.5733751654624939,0.5736528635025024,0.002121760742738843,0.551092803478241,0.5024024248123169,-0.0019231841433793306,0.517733633518219,0.4621017575263977,-0.006080054212361574,0.5924695134162903,0.5268862843513489,0.04725400730967522,0.5634729862213135,0.4749077558517456,0.029846662655472755,0.5340734720230103,0.45445728302001953,0.009522048756480217,0.5030314922332764,0.44000011682510376,-0.0030303990934044123,0.6181314587593079,0.5128183364868164,0.0362396277487278,0.58796626329422,0.4488547146320343,0.012275642715394497,0.5487070679664612,0.44061148166656494,-0.009473907761275768,0.513083815574646,0.43604081869125366,-0.018514558672904968,0.6509400010108948,0.5107197761535645,0.019641028717160225,0.6196829676628113,0.4437374174594879,-0.014673003926873207,0.6109399199485779,0.5151170492172241,-0.020719360560178757,0.6132512092590332,0.5798180103302002,-0.011852012947201729,0.6892302632331848,0.5165808200836182,0.0022132263984531164,0.6590083837509155,0.458914577960968,-0.020777126774191856,0.6428020000457764,0.5035022497177124,-0.018110183998942375,0.6418164372444153,0.5550820827484131,-0.008544810116291046
NO,0.6602181792259216,0.7285856604576111,-2.1413643480627798e-7,0.6062667965888977,0.6675279140472412,-0.0022499070037156343,0.5732311010360718,0.5727830529212952,0.0020574016962200403,0.5508663058280945,0.5013741850852966,-0.0018480519065633416,0.5173816680908203,0.4616929888725281,-0.00572703592479229,0.5917807221412659,0.5259993076324463,0.04716382548213005,0.562565803527832,0.4740263521671295,0.02929932251572609,0.5330045819282532,0.4542871117591858,0.008479863405227661,0.5018165111541748,0.44069135189056396,-0.004239931702613831,0.6178007125854492,0.512447714805603,0.03626801818609238,0.5885831713676453,0.4484425187110901,0.011704329401254654,0.5498355627059937,0.4405405521392822,-0.010568547062575817,0.5143116116523743,0.4368862211704254,-0.019731806591153145,0.6507852673530579,0.5107754468917847,0.019808806478977203,0.6198279857635498,0.4443083703517914,-0.014678538776934147,0.6108176112174988,0.5158279538154602,-0.021060092374682426,0.6129947304725647,0.5806801319122314,-0.012281845323741436,0.6893474459648132,0.5163674354553223,0.002478507114574313,0.6593407392501831,0.4589000940322876,-0.02050182595849037,0.6430261135101318,0.5034021139144897,-0.017999256029725075,0.6420884728431702,0.554563581943512,-0.008484676480293274
NO,0.6601514220237732,0.7287442684173584,-2.1256312265904853e-7,0.6062299013137817,0.6671875715255737,-0.002376825548708439,0.5731704831123352,0.5727304220199585,0.0018438183469697833,0.5506355166435242,0.5013758540153503,-0.0021344400011003017,0.5169534683227539,0.46174973249435425,-0.006121139507740736,0.5918623208999634,0.5257856845855713,0.04703967645764351,0.563037633895874,0.4735538363456726,0.02932744286954403,0.5335792899131775,0.4533914625644684,0.008648701943457127,0.5026125907897949,0.43934714794158936,-0.004032523836940527,0.6179662942886353,0.5123432874679565,0.03617694601416588,0.5886552929878235,0.44821423292160034,0.011557327583432198,0.5501163601875305,0.4405612349510193,-0.010689081624150276,0.5147645473480225,0.4369237422943115,-0.019815318286418915,0.6509056091308594,0.5106831192970276,0.019757436588406563,0.6196714043617249,0.4444882273674011,-0.014827723614871502,0.6107597947120667,0.5159772038459778,-0.021185219287872314,0.6129387021064758,0.580815851688385,-0.01232910342514515,0.6893489956855774,0.5164997577667236,0.0024636501912027597,0.6592497825622559,0.4589240252971649,-0.020567800849676132,0.6430059671401978,0.503339409828186,-0.01802094280719757,0.6420572996139526,0.554458498954773,-0.008450934663414955
NO,0.6602874398231506,0.7288344502449036,-2.1572211039710965e-7,0.606322169303894,0.6674687266349792,-0.002229515463113785,0.5732463002204895,0.5730516314506531,0.0021027696784585714,0.5505293011665344,0.5016618371009827,-0.0017985804006457329,0.5169036388397217,0.46216869354248047,-0.0057313148863613605,0.5918896198272705,0.5261378884315491,0.047241099178791046,0.5627657175064087,0.474077433347702,0.029588457196950912,0.5333309173583984,0.4539959728717804,0.00896634440869093,0.5022141933441162,0.4398363530635834,-0.003715456696227193,0.6179741024971008,0.5124146938323975,0.036290280520915985,0.5884965658187866,0.4484037756919861,0.01179096195846796,0.5497473478317261,0.4403870105743408,-0.010400380939245224,0.5143341422080994,0.43651556968688965,-0.01955503225326538,0.6509177684783936,0.5106588006019592,0.019796455278992653,0.6197267770767212,0.44433557987213135,-0.014784570783376694,0.6108459234237671,0.5158376097679138,-0.021109778434038162,0.6129541993141174,0.5807452201843262,-0.01228345837444067,0.6895127892494202,0.5165175795555115,0.002445586258545518,0.6594482660293579,0.45882439613342285,-0.02064625173807144,0.6430185437202454,0.5032919645309448,-0.01810651272535324,0.642041802406311,0.5546199083328247,-0.008565586991608143
NO,0.6598303914070129,0.7270845770835876,-2.2074546279782226e-7,0.6064872741699219,0.6658859252929688,-0.0011009428417310119,0.5734779834747314,0.5721352100372314,0.0036987815983593464,0.5514098405838013,0.5010403990745544,-0.00006465926708187908,0.518176794052124,0.4604172706604004,-0.004126120824366808,0.593208372592926,0.526354193687439,0.04867326095700264,0.5636671185493469,0.47564059495925903,0.03181145340204239,0.5337382555007935,0.45506978034973145,0.011849621310830116,0.5023998618125916,0.4401618540287018,-0.0006026816554367542,0.6186251044273376,0.5118076801300049,0.03718096390366554,0.5879116654396057,0.44822752475738525,0.013703839853405952,0.5484063029289246,0.440332293510437,-0.0076389978639781475,0.5125364065170288,0.4354586601257324,-0.016523798927664757,0.6512693762779236,0.5097803473472595,0.020145321264863014,0.6200340390205383,0.441445529460907,-0.013916303403675556,0.6116129755973816,0.5131587386131287,-0.019643137231469154,0.6139671206474304,0.5778273344039917,-0.01069073285907507,0.6894210577011108,0.5159227848052979,0.0023781328927725554,0.6589915752410889,0.4578578770160675,-0.020550932735204697,0.6428272128105164,0.5029430985450745,-0.01769234426319599,0.6419095993041992,0.5544348359107971,-0.00808806624263525
NO,0.6597759127616882,0.7265622615814209,-2.1513368153591728e-7,0.606387734413147,0.6661742329597473,-0.0019556600600481033,0.5734800696372986,0.5721753239631653,0.002636359538882971,0.5517757534980774,0.5003135204315186,-0.0010870781261473894,0.5191521048545837,0.45899033546447754,-0.004946175031363964,0.5924604535102844,0.5263950228691101,0.04798270761966705,0.5622540712356567,0.4749019145965576,0.0307911429554224,0.5322033762931824,0.45493465662002563,0.010497416369616985,0.5008014440536499,0.44064831733703613,-0.0020060823298990726,0.6183948516845703,0.5119224786758423,0.037053097039461136,0.5882101655006409,0.44758865237236023,0.012936891056597233,0.5490756034851074,0.4394013583660126,-0.00898475106805563,0.5133776664733887,0.43539857864379883,-0.01795029453933239,0.651285707950592,0.5096753835678101,0.020553039386868477,0.6200338006019592,0.4416411817073822,-0.01396454218775034,0.6110577583312988,0.5133316516876221,-0.020284121856093407,0.6128259897232056,0.5787730813026428,-0.011477047577500343,0.6895895004272461,0.5154351592063904,0.0032654362730681896,0.6593934297561646,0.4578595757484436,-0.020111246034502983,0.6427996158599854,0.5028519034385681,-0.017719794064760208,0.6414300799369812,0.5548071265220642,-0.008245226927101612
NO,0.660435676574707,0.727491557598114,-2.0491172847414418e-7,0.6068251729011536,0.6672797799110413,-0.0028121371287852526,0.5737361907958984,0.5731959939002991,0.001233161659911275,0.5514693856239319,0.5010234117507935,-0.0029226052574813366,0.5184479355812073,0.4593852162361145,-0.007127602584660053,0.5925296545028687,0.5273951292037964,0.04718434810638428,0.5624171495437622,0.4755786061286926,0.029778392985463142,0.5322259068489075,0.45513397455215454,0.009485859423875809,0.5009454488754272,0.4400370717048645,-0.003028270322829485,0.618416428565979,0.5126894116401672,0.03656018525362015,0.5881863236427307,0.44806969165802,0.01206505298614502,0.5490620136260986,0.43947190046310425,-0.009855687618255615,0.513769268989563,0.43508976697921753,-0.018769994378089905,0.6512796878814697,0.5101922750473022,0.020306942984461784,0.6196483969688416,0.44282859563827515,-0.014629836194217205,0.6106030344963074,0.5142780542373657,-0.021171478554606438,0.6124730706214905,0.5797260999679565,-0.012343624606728554,0.6898079514503479,0.5156089067459106,0.0031963742803782225,0.6596962809562683,0.4577089250087738,-0.020287731662392616,0.642930805683136,0.5021584033966064,-0.01807836815714836,0.6410451531410217,0.5543252229690552,-0.008659749291837215
NO,0.6595451235771179,0.7269110083580017,-2.142486295042545e-7,0.6064133048057556,0.6662008166313171,-0.002219787333160639,0.5737944841384888,0.5715943574905396,0.002198119182139635,0.55223548412323,0.49969959259033203,-0.0017358640907332301,0.519692063331604,0.458309531211853,-0.00578300328925252,0.5924538969993591,0.5259469747543335,0.04792043939232826,0.5621280074119568,0.47482040524482727,0.030296966433525085,0.5318072438240051,0.45514553785324097,0.009779583662748337,0.5002011060714722,0.44141602516174316,-0.002766307443380356,0.618307888507843,0.5114397406578064,0.0369996652007103,0.587860107421875,0.4476374089717865,0.012615710496902466,0.5485396981239319,0.439483642578125,-0.009384741075336933,0.5127873420715332,0.4353798031806946,-0.018374638631939888,0.651129961013794,0.5094977617263794,0.020435525104403496,0.6197462677955627,0.44211193919181824,-0.014387688599526882,0.6107802987098694,0.5139850974082947,-0.020801478996872902,0.6128001809120178,0.5794305801391602,-0.011931958608329296,0.6893832087516785,0.5153841376304626,0.0030504020396620035,0.6593396663665771,0.4577188193798065,-0.020281441509723663,0.642920196056366,0.5024392604827881,-0.017844971269369125,0.6415262818336487,0.553948163986206,-0.008325406350195408
NO,0.6597859859466553,0.7266283631324768,-2.056985550780155e-7,0.6062017679214478,0.6648834943771362,-0.0025336332619190216,0.5735882520675659,0.570673942565918,0.0016886881785467267,0.5518990755081177,0.49838194251060486,-0.002384596038609743,0.5194808840751648,0.4563513398170471,-0.006548023782670498,0.5922480821609497,0.5257858037948608,0.04769191890954971,0.5622610449790955,0.47432854771614075,0.029999757185578346,0.5321553349494934,0.454273521900177,0.009423000738024712,0.5011321306228638,0.4391714334487915,-0.0032091084867715836,0.6179398894309998,0.511203408241272,0.03698046877980232,0.5872837901115417,0.4472869038581848,0.012884511612355709,0.5479388236999512,0.43823355436325073,-0.00908165704458952,0.5126339197158813,0.43249374628067017,-0.0182786975055933,0.6508383750915527,0.5087780952453613,0.020557524636387825,0.619948148727417,0.4415575861930847,-0.014422960579395294,0.6103548407554626,0.5133734941482544,-0.02113444358110428,0.6122332215309143,0.5786907076835632,-0.012538360431790352,0.6895463466644287,0.5144070386886597,0.003331703832373023,0.65983647108078,0.45694056153297424,-0.020326757803559303,0.642817497253418,0.5024695992469788,-0.01815369911491871,0.6408635973930359,0.5546829700469971,-0.008802813477814198
NO,0.6596145629882812,0.7268214225769043,-2.0275396650504263e-7,0.6062854528427124,0.6643804907798767,-0.0030306512489914894,0.573610782623291,0.5706163644790649,0.0009484324837103486,0.5517184138298035,0.49831584095954895,-0.0032834059093147516,0.5192590951919556,0.45624470710754395,-0.007491172756999731,0.5922192931175232,0.525745689868927,0.047257937490940094,0.5623064637184143,0.47426408529281616,0.02929067797958851,0.5324543118476868,0.454109251499176,0.008535892702639103,0.50148606300354,0.4388188421726227,-0.004186101723462343,0.6180616021156311,0.511152982711792,0.036820363253355026,0.5877774953842163,0.4469180703163147,0.012170747853815556,0.5486701726913452,0.4383377432823181,-0.009994649328291416,0.5134375691413879,0.4334571957588196,-0.019141968339681625,0.6510602235794067,0.5089032053947449,0.0206055399030447,0.6198466420173645,0.441760390996933,-0.014654967002570629,0.6100531220436096,0.5138373970985413,-0.021375838667154312,0.6115227937698364,0.5795973539352417,-0.012584784999489784,0.6898657083511353,0.5145347714424133,0.003538568038493395,0.6600069403648376,0.4572739005088806,-0.02002781257033348,0.6428334712982178,0.5023413300514221,-0.017813198268413544,0.6404935121536255,0.5546366572380066,-0.008372203446924686
NO,0.6598657369613647,0.726873517036438,-1.964773019835775e-7,0.6064538359642029,0.6642792224884033,-0.0030431910417973995,0.5734910368919373,0.5703035593032837,0.0008192280074581504,0.5512305498123169,0.4981979727745056,-0.00354436575435102,0.5184850692749023,0.456364244222641,-0.007859770208597183,0.5919111967086792,0.5253565907478333,0.047495946288108826,0.5618625283241272,0.4741497337818146,0.029395829886198044,0.5321300029754639,0.45386117696762085,0.00848623737692833,0.5013033151626587,0.4382593035697937,-0.004279261454939842,0.6180978417396545,0.5110542178153992,0.0370098277926445,0.5884737372398376,0.4464831054210663,0.01193181425333023,0.5495354533195496,0.4381558895111084,-0.010437928140163422,0.5145599246025085,0.4340205192565918,-0.01945907436311245,0.6511013507843018,0.5087252259254456,0.020818030461668968,0.6199222803115845,0.4419587552547455,-0.014505154453217983,0.6097785830497742,0.5141597390174866,-0.021222824230790138,0.6111869215965271,0.5801458358764648,-0.012278782203793526,0.6899359822273254,0.5144592523574829,0.0037564013618975878,0.6601293087005615,0.4570689797401428,-0.01959400624036789,0.6427860856056213,0.5023359060287476,-0.017203787341713905,0.6404001712799072,0.5548349022865295,-0.007565811742097139
NO,0.6597750186920166,0.7267001271247864,-2.0025477454055363e-7,0.6064064502716064,0.664414644241333,-0.0028370777145028114,0.5732969641685486,0.5703885555267334,0.001313595799729228,0.551077663898468,0.4983578622341156,-0.0027429908514022827,0.5185292363166809,0.4566972851753235,-0.006735647097229958,0.592108964920044,0.5255482792854309,0.04751622676849365,0.5620852112770081,0.47429800033569336,0.02970246784389019,0.5324127674102783,0.4540037214756012,0.008950304239988327,0.5015902519226074,0.4384241998195648,-0.003773120231926441,0.6180422306060791,0.5110962390899658,0.03707500547170639,0.5884585976600647,0.4466240406036377,0.012197503820061684,0.5494627356529236,0.4383644461631775,-0.01007451955229044,0.514424204826355,0.43421411514282227,-0.01911649852991104,0.6511140465736389,0.5088580250740051,0.02094033546745777,0.619761049747467,0.44175177812576294,-0.014272238127887249,0.6099557876586914,0.5141420364379883,-0.020882435142993927,0.61167973279953,0.5801268815994263,-0.011917656287550926,0.690092921257019,0.5143215656280518,0.003944406285881996,0.6602147817611694,0.45707958936691284,-0.01936739683151245,0.642960786819458,0.5020777583122253,-0.016983864828944206,0.640900194644928,0.5540471076965332,-0.007382191251963377
NO,0.660038948059082,0.7270867824554443,-1.8972970394770527e-7,0.6064497232437134,0.6646068692207336,-0.003484446555376053,0.5739734172821045,0.570990800857544,-0.00004887202157988213,0.5516499280929565,0.49823373556137085,-0.004780873190611601,0.5184324383735657,0.4568445682525635,-0.009484635666012764,0.5921477675437927,0.5255734324455261,0.047230400145053864,0.5625616312026978,0.4737282991409302,0.029591292142868042,0.5331379771232605,0.4525246024131775,0.009161734022200108,0.502593994140625,0.43551105260849,-0.003448301227763295,0.6182050704956055,0.5112705230712891,0.03687826544046402,0.588793158531189,0.4468175172805786,0.011932904832065105,0.5499193668365479,0.43894678354263306,-0.010197910480201244,0.51490718126297,0.43470388650894165,-0.01904638111591339,0.6511498689651489,0.5092509984970093,0.020800651982426643,0.6201210618019104,0.4422856569290161,-0.01434261817485094,0.6103663444519043,0.5142288208007812,-0.02105126529932022,0.6123688220977783,0.5796997547149658,-0.012135321274399757,0.689633846282959,0.5150473117828369,0.003816987620666623,0.6601948142051697,0.45721739530563354,-0.01933554746210575,0.6430672407150269,0.5014370679855347,-0.017080053687095642,0.6413235068321228,0.5530662536621094,-0.007609877269715071
NO,0.6598857641220093,0.7269344925880432,-1.8808108848133998e-7,0.6063480377197266,0.6644294261932373,-0.003493836848065257,0.5738289952278137,0.5709475874900818,-0.00010066782851936296,0.5516600608825684,0.4979279339313507,-0.0048513454385101795,0.5185034871101379,0.4564264416694641,-0.009611065499484539,0.5918391942977905,0.5253643989562988,0.04702815040946007,0.5625052452087402,0.4737558364868164,0.029551737010478973,0.5330514907836914,0.4525684416294098,0.009278319776058197,0.5025238394737244,0.43547505140304565,-0.0032744172494858503,0.6180242896080017,0.5109864473342896,0.03670819476246834,0.5886482000350952,0.44700193405151367,0.012056027539074421,0.5497007966041565,0.43892577290534973,-0.009847363457083702,0.514678955078125,0.4341164231300354,-0.018682019785046577,0.6510184407234192,0.5090923309326172,0.020639918744564056,0.6200826168060303,0.44223612546920776,-0.0143514946103096,0.6104820370674133,0.5141934156417847,-0.020909974351525307,0.6124925017356873,0.5795432329177856,-0.01201744843274355,0.6896793246269226,0.5149732828140259,0.0036867333110421896,0.6601895093917847,0.45713701844215393,-0.019415028393268585,0.6429866552352905,0.5016009211540222,-0.017061689868569374,0.6413905620574951,0.5532236695289612,-0.00757600786164403
NO,0.6598232388496399,0.7267520427703857,-1.8610994345635845e-7,0.6062160730361938,0.6643692851066589,-0.003605600679293275,0.5739589333534241,0.5709182620048523,-0.00028947769897058606,0.5520132184028625,0.4977448582649231,-0.005086859222501516,0.5188422203063965,0.456058144569397,-0.009875059127807617,0.5918232798576355,0.5254209041595459,0.04682222753763199,0.5624842643737793,0.47371700406074524,0.029287977144122124,0.5330750346183777,0.4526400566101074,0.008974259719252586,0.5024887323379517,0.43543368577957153,-0.003612826345488429,0.617977499961853,0.5110522508621216,0.03653290122747421,0.5886248350143433,0.4471454918384552,0.011898241005837917,0.5496589541435242,0.43876904249191284,-0.010019571520388126,0.5144801735877991,0.43361520767211914,-0.018902305513620377,0.6510546803474426,0.5091118812561035,0.02050158381462097,0.6201735734939575,0.4424964189529419,-0.014480207115411758,0.6104139685630798,0.5140981078147888,-0.021060366183519363,0.6124314069747925,0.5793754458427429,-0.012206535786390305,0.6896737813949585,0.5149766206741333,0.0035622466821223497,0.6602083444595337,0.457211434841156,-0.019528530538082123,0.643000602722168,0.5014712810516357,-0.01720668561756611,0.64117431640625,0.5531177520751953,-0.007755533792078495
NO,0.6598495841026306,0.7265400290489197,-1.84140091619156e-7,0.606422483921051,0.6648639440536499,-0.0039071207866072655,0.5742606520652771,0.5711585879325867,-0.000842653273139149,0.5523094534873962,0.4979075789451599,-0.005846245680004358,0.5191003084182739,0.455869197845459,-0.010816757567226887,0.5918061137199402,0.5254735946655273,0.04650050774216652,0.5625892877578735,0.47362804412841797,0.02879336103796959,0.5332278609275818,0.45265424251556396,0.008410895243287086,0.5025862455368042,0.43566644191741943,-0.004215070977807045,0.6180505752563477,0.5110809206962585,0.03628040477633476,0.5885217785835266,0.44748491048812866,0.011682868003845215,0.5497632026672363,0.43863946199417114,-0.010220103897154331,0.5145184993743896,0.43293389678001404,-0.019208405166864395,0.6510908007621765,0.5091427564620972,0.020286232233047485,0.6202141642570496,0.4424423575401306,-0.014781618490815163,0.610256552696228,0.5142035484313965,-0.021518032997846603,0.611883282661438,0.5793689489364624,-0.012799188494682312,0.6897863149642944,0.5149608850479126,0.003380236681550741,0.6603537797927856,0.4572601616382599,-0.019882047548890114,0.6429262757301331,0.5015507340431213,-0.01770714856684208,0.6407737135887146,0.5534190535545349,-0.008391647599637508
NO,0.6601458787918091,0.7255613803863525,-1.694680094033174e-7,0.6065610647201538,0.6647570133209229,-0.0046884543262422085,0.5744995474815369,0.5715330839157104,-0.002464320743456483,0.55242520570755,0.49829012155532837,-0.008180776610970497,0.5189966559410095,0.4562508165836334,-0.01386360451579094,0.591740071773529,0.5251645445823669,0.04469403252005577,0.5623559355735779,0.47365134954452515,0.02619001269340515,0.5323697924613953,0.4531983733177185,0.005370585713535547,0.5017187595367432,0.4376184940338135,-0.007378550712019205,0.6179090142250061,0.510630190372467,0.03452931344509125,0.5884794592857361,0.4467889666557312,0.010078255087137222,0.550436794757843,0.4353814423084259,-0.011673097498714924,0.5156040787696838,0.42686980962753296,-0.02090589515864849,0.6510434150695801,0.5088059306144714,0.018542451784014702,0.6201193928718567,0.44242292642593384,-0.01672663725912571,0.6104860901832581,0.5136294364929199,-0.02321169152855873,0.6120291948318481,0.5782093405723572,-0.01453612931072712,0.6898849010467529,0.5150417685508728,0.0015552121913060546,0.6602245569229126,0.45736515522003174,-0.021828213706612587,0.6431899070739746,0.5014664530754089,-0.01941673271358013,0.6408989429473877,0.5531303882598877,-0.010049433447420597
NO,0.6601861715316772,0.7260213494300842,-1.6589802953603794e-7,0.606778085231781,0.6650114059448242,-0.005455355625599623,0.5746056437492371,0.5717458128929138,-0.003575274720788002,0.5521048307418823,0.4985364079475403,-0.009470036253333092,0.518354058265686,0.4567251205444336,-0.015223130583763123,0.5915261507034302,0.524886965751648,0.04368126392364502,0.5623040199279785,0.4735853672027588,0.024914070963859558,0.5327122807502747,0.452858567237854,0.004031488671898842,0.5021829605102539,0.4368487000465393,-0.00878811627626419,0.6179531216621399,0.5104891657829285,0.033846255391836166,0.5886275172233582,0.44670480489730835,0.009100263006985188,0.5507358908653259,0.4356508255004883,-0.012697148136794567,0.5161636471748352,0.42735904455184937,-0.021955884993076324,0.6512225270271301,0.5086512565612793,0.018142899498343468,0.6204578876495361,0.44264960289001465,-0.017345726490020752,0.6103618144989014,0.5139158368110657,-0.023953620344400406,0.611542820930481,0.5784723162651062,-0.01529036182910204,0.6902152299880981,0.5148481130599976,0.001386649557389319,0.6609413027763367,0.4573051929473877,-0.02203272096812725,0.6435020565986633,0.5007880330085754,-0.01982368715107441,0.6407604217529297,0.5521302819252014,-0.010612971149384975
NO,0.6603528261184692,0.7261003255844116,-1.679297838563798e-7,0.6067641377449036,0.6649914383888245,-0.005271839443594217,0.5747586488723755,0.5718275904655457,-0.003304519923403859,0.5522823333740234,0.4986412227153778,-0.009158378466963768,0.5187480449676514,0.45673513412475586,-0.014872744679450989,0.5914270281791687,0.5246677994728088,0.04406026378273964,0.5621485710144043,0.4731016755104065,0.025243261829018593,0.5324435234069824,0.45259809494018555,0.0041967881843447685,0.5019016265869141,0.43669840693473816,-0.008686991408467293,0.6179031133651733,0.5102663040161133,0.03411303460597992,0.5885869264602661,0.4465152621269226,0.009293059818446636,0.5506685972213745,0.4355740249156952,-0.012660111300647259,0.5159697532653809,0.4275219738483429,-0.0219724103808403,0.6512578129768372,0.5086094737052917,0.018316756933927536,0.6205012202262878,0.4426364004611969,-0.017162339761853218,0.610358715057373,0.5140111446380615,-0.023780997842550278,0.6115144491195679,0.5786737203598022,-0.015122867189347744,0.6900423765182495,0.5147674679756165,0.001469477079808712,0.6607754230499268,0.45726799964904785,-0.021895449608564377,0.6434391140937805,0.5009272694587708,-0.01958661526441574,0.64067143201828,0.5523511171340942,-0.010283934883773327
NO,0.6604080200195312,0.7262172698974609,-1.690116420149934e-7,0.6068320274353027,0.6650618314743042,-0.005345541052520275,0.5746925473213196,0.5716676712036133,-0.0033469831105321646,0.5522880554199219,0.4985407888889313,-0.009145209565758705,0.5187885761260986,0.45650631189346313,-0.014784515835344791,0.5914671421051025,0.5243902206420898,0.0439201220870018,0.562267541885376,0.4729178547859192,0.025099964812397957,0.5327211618423462,0.4521862864494324,0.004057313781231642,0.5022053718566895,0.4360262155532837,-0.008841813541948795,0.6179951429367065,0.510097861289978,0.03401883319020271,0.5888381600379944,0.4462260901927948,0.009024814702570438,0.5508238077163696,0.43575796484947205,-0.012935247272253036,0.5160501003265381,0.42825812101364136,-0.022171957418322563,0.6512689590454102,0.5084381103515625,0.018242262303829193,0.6204904317855835,0.44274330139160156,-0.017269469797611237,0.6103554368019104,0.5140565037727356,-0.023790067061781883,0.6115884780883789,0.5789539217948914,-0.01496751606464386,0.6901650428771973,0.5148735642433167,0.0013977867783978581,0.6610312461853027,0.4571014940738678,-0.021883009001612663,0.6435549855232239,0.5007157921791077,-0.01947510801255703,0.6407895684242249,0.5520450472831726,-0.010074660181999207
NO,0.6601276993751526,0.726108729839325,-1.5389417740152567e-7,0.6064473390579224,0.6638627648353577,-0.005684002302587032,0.574299156665802,0.5703511238098145,-0.004230459686368704,0.5513820052146912,0.4971367120742798,-0.01053878478705883,0.5172447562217712,0.4551634192466736,-0.016738638281822205,0.5911614894866943,0.521992564201355,0.04304221644997597,0.5620337128639221,0.4702495336532593,0.023102406412363052,0.5325958728790283,0.4495198130607605,0.0012751640751957893,0.5023986101150513,0.43414294719696045,-0.011907960288226604,0.6177247166633606,0.50837641954422,0.03299517184495926,0.5901672840118408,0.4435325264930725,0.006985682062804699,0.5532037615776062,0.4320693910121918,-0.015436958521604538,0.5190356373786926,0.42390143871307373,-0.024722274392843246,0.6511571407318115,0.5073692798614502,0.017047183588147163,0.6200376749038696,0.44254767894744873,-0.019139515236020088,0.6101718544960022,0.5141708850860596,-0.025339366868138313,0.611924946308136,0.5786172151565552,-0.016044409945607185,0.6900679469108582,0.5150286555290222,-0.0000014288912097981665,0.6605575680732727,0.45662277936935425,-0.02343023754656315,0.6434112191200256,0.5008322596549988,-0.020441194996237755,0.6412263512611389,0.5520126223564148,-0.010490575805306435
NO,0.6598588824272156,0.725994348526001,-1.836319256653951e-7,0.6062856316566467,0.6637544631958008,-0.004704616963863373,0.5731064081192017,0.5691840052604675,-0.0023207662161439657,0.5497022271156311,0.4964331090450287,-0.0077156685292720795,0.5157106518745422,0.45569705963134766,-0.01296620536595583,0.5918440222740173,0.5220354795455933,0.04262543097138405,0.5622426867485046,0.46931248903274536,0.023001428693532944,0.533141016960144,0.4482840597629547,0.001515231211669743,0.5029503107070923,0.4326627254486084,-0.01141336653381586,0.6183018088340759,0.5088459849357605,0.03249315544962883,0.5906335711479187,0.4433411955833435,0.006749996915459633,0.5533431768417358,0.4331882894039154,-0.015149885788559914,0.5193139910697937,0.4267197847366333,-0.02401077374815941,0.6515629887580872,0.507885217666626,0.01666390337049961,0.6195867657661438,0.442636638879776,-0.018857289105653763,0.6107818484306335,0.5151394009590149,-0.024166056886315346,0.6138022541999817,0.5797266364097595,-0.014354055747389793,0.6903237104415894,0.5149797797203064,-0.00023717188742011786,0.6604998111724854,0.456352174282074,-0.022768501192331314,0.643202006816864,0.500281810760498,-0.01904168725013733,0.6414942145347595,0.550744891166687,-0.008715309202671051
NO,0.6600154638290405,0.726078987121582,-1.9323931610415457e-7,0.6062083840370178,0.6637446880340576,-0.00410663103684783,0.5728530883789062,0.5683821439743042,-0.001104838796891272,0.5492826104164124,0.4960407316684723,-0.005876312032341957,0.5154515504837036,0.4558269679546356,-0.010482332669198513,0.59208744764328,0.5219452381134033,0.04305416718125343,0.5622612833976746,0.46889621019363403,0.023815549910068512,0.5330419540405273,0.4479590654373169,0.0025187660939991474,0.5027016997337341,0.4326789081096649,-0.01035627257078886,0.6184444427490234,0.5089592337608337,0.03279486298561096,0.5909225344657898,0.44287049770355225,0.007258118595927954,0.5532903075218201,0.433072954416275,-0.0146713862195611,0.5187841653823853,0.4270152449607849,-0.023544037714600563,0.6517404317855835,0.507829487323761,0.01695985347032547,0.6198834776878357,0.44181138277053833,-0.018152568489313126,0.6112131476402283,0.5140807628631592,-0.02338888682425022,0.6145336627960205,0.578630268573761,-0.01362412329763174,0.6905350089073181,0.5149403810501099,0.00010121123341377825,0.6605046391487122,0.4566729664802551,-0.022341622039675713,0.6437419652938843,0.500586748123169,-0.01870529167354107,0.6425951719284058,0.5507568717002869,-0.008445987477898598
NO,0.6600673198699951,0.7261984348297119,-1.950422898744364e-7,0.6062395572662354,0.6640689373016357,-0.00418386934325099,0.5729021430015564,0.5688615441322327,-0.0012347635347396135,0.549423336982727,0.4963541626930237,-0.006065760739147663,0.5155118703842163,0.4559042751789093,-0.010761990211904049,0.5919336080551147,0.5224320888519287,0.04300910606980324,0.5619746446609497,0.46948835253715515,0.023777393624186516,0.53275465965271,0.44875049591064453,0.0024646706879138947,0.5021098256111145,0.43343669176101685,-0.010451174341142178,0.6182763576507568,0.5091093182563782,0.03275219723582268,0.5905066132545471,0.44314467906951904,0.0073721581138670444,0.552632749080658,0.4330396056175232,-0.01453062891960144,0.5178297758102417,0.42635953426361084,-0.023524856194853783,0.651627779006958,0.5079860687255859,0.016890885308384895,0.619576632976532,0.4417293667793274,-0.018299268558621407,0.6110023856163025,0.5140766501426697,-0.02356370911002159,0.6144101023674011,0.578533411026001,-0.013850720599293709,0.6905765533447266,0.5149176716804504,0.000005292819423630135,0.6602332592010498,0.4564649164676666,-0.02257298305630684,0.6435871124267578,0.5005683898925781,-0.01893061213195324,0.6426727175712585,0.5507417321205139,-0.008688267320394516
NO,0.659403920173645,0.7258723974227905,-1.1768880625595557e-7,0.6061730980873108,0.6639524698257446,-0.004803534131497145,0.5727678537368774,0.5710059404373169,-0.002642186591401696,0.5473449230194092,0.5001800060272217,-0.008227691054344177,0.5114145278930664,0.4612117111682892,-0.014172610826790333,0.593353807926178,0.5241779685020447,0.03706832230091095,0.5626462697982788,0.47099974751472473,0.019855255261063576,0.5342352986335754,0.44311442971229553,0.0011395643232390285,0.5068039298057556,0.4163556694984436,-0.011423571035265923,0.6186307668685913,0.5099626183509827,0.026402436196804047,0.5877469182014465,0.4455660879611969,0.002872892189770937,0.5505878329277039,0.42434895038604736,-0.017067359760403633,0.5182694792747498,0.4016074538230896,-0.026538431644439697,0.651351273059845,0.5081369876861572,0.010665885172784328,0.6206488013267517,0.44265490770339966,-0.025392189621925354,0.6135326027870178,0.5142210125923157,-0.02964688651263714,0.6175481081008911,0.5761049389839172,-0.019884396344423294,0.6895864009857178,0.5159251689910889,-0.006003203336149454,0.6612337827682495,0.456154465675354,-0.03050171211361885,0.6445696949958801,0.49928611516952515,-0.02681042067706585,0.6423776149749756,0.5499070882797241,-0.016737084835767746
NO,0.6596430540084839,0.7249136567115784,-1.0154199259204688e-7,0.6061925888061523,0.6646944284439087,-0.0062254793010652065,0.5725538730621338,0.5724527835845947,-0.004899369552731514,0.5466068387031555,0.501429557800293,-0.010811404325067997,0.5105816125869751,0.46180596947669983,-0.017003130167722702,0.5939902663230896,0.524993360042572,0.03414127975702286,0.5639029741287231,0.46954724192619324,0.016559485346078873,0.5360866189002991,0.43902990221977234,-0.002162763150408864,0.5089195966720581,0.4106733500957489,-0.014823487028479576,0.6195312142372131,0.5111001133918762,0.024168940261006355,0.5891609191894531,0.44507256150245667,-0.0001255282695638016,0.5516790747642517,0.4235420823097229,-0.02031116932630539,0.5186727643013,0.4021662473678589,-0.029839864000678062,0.6522349715232849,0.5092791318893433,0.00924900732934475,0.6219613552093506,0.4416953921318054,-0.026965823024511337,0.61455237865448,0.5130574107170105,-0.03099719248712063,0.6187102794647217,0.5754075050354004,-0.021063433960080147,0.6902267932891846,0.5169208645820618,-0.006688411347568035,0.6613245010375977,0.45753175020217896,-0.031653016805648804,0.6447558999061584,0.5010369420051575,-0.02827746607363224,0.642918050289154,0.5514435768127441,-0.018353350460529327
NO,0.6601636409759521,0.7248805165290833,-1.0154060703371215e-7,0.6062141060829163,0.6642971038818359,-0.005942950025200844,0.5724674463272095,0.5720223188400269,-0.004490870051085949,0.5462784767150879,0.5011160373687744,-0.010395354591310024,0.5099350810050964,0.4614400267601013,-0.016607563942670822,0.5945122241973877,0.5253815054893494,0.03496531769633293,0.5641794800758362,0.4699997305870056,0.01762690581381321,0.5362966656684875,0.43924158811569214,-0.001073433319106698,0.5091496706008911,0.41044098138809204,-0.01386688370257616,0.6201123595237732,0.5115350484848022,0.02482960745692253,0.5893303751945496,0.4453217685222626,0.0006719476077705622,0.5518446564674377,0.4237465560436249,-0.019713670015335083,0.5188829898834229,0.4019757807254791,-0.0294647254049778,0.652722954750061,0.5097770690917969,0.009717396460473537,0.6221331357955933,0.44113749265670776,-0.026483630761504173,0.61458420753479,0.5124772787094116,-0.030753323808312416,0.618606448173523,0.5750113129615784,-0.02104073576629162,0.6910753846168518,0.5173090100288391,-0.006385305430740118,0.6617214679718018,0.4575580060482025,-0.031503405421972275,0.6448279023170471,0.501183032989502,-0.028387684375047684,0.6428837180137634,0.5517977476119995,-0.018665477633476257
NO,0.6598305702209473,0.7247858047485352,-1.0207396883288311e-7,0.6063088178634644,0.6644641160964966,-0.006112836766988039,0.5724631547927856,0.572452962398529,-0.004702367354184389,0.5465973615646362,0.5013216137886047,-0.010562905110418797,0.5104411244392395,0.46162670850753784,-0.01671418733894825,0.5943345427513123,0.5257047414779663,0.03435106948018074,0.5639729499816895,0.47020795941352844,0.016906416043639183,0.536110520362854,0.4395597577095032,-0.001774500822648406,0.5089695453643799,0.4107879400253296,-0.014513181522488594,0.6198882460594177,0.5116931796073914,0.02435523457825184,0.5892812013626099,0.44581034779548645,0.00017420624499209225,0.551765501499176,0.4240262508392334,-0.020068557932972908,0.5189054608345032,0.40208548307418823,-0.02977605164051056,0.6526913642883301,0.5096828937530518,0.009395122528076172,0.6220365762710571,0.4414522647857666,-0.026892637833952904,0.6145118474960327,0.5127584934234619,-0.031006308272480965,0.6186983585357666,0.5753782987594604,-0.021183479577302933,0.6907576322555542,0.5171095132827759,-0.00655976589769125,0.6616702675819397,0.45748668909072876,-0.031755995005369186,0.6447979807853699,0.5010973811149597,-0.028565019369125366,0.6428691744804382,0.5516864657402039,-0.018780633807182312
NO,0.6596724987030029,0.7239611148834229,-3.043474450237227e-8,0.6073626279830933,0.6667514443397522,-0.009057081304490566,0.5726752877235413,0.5730421543121338,-0.008726250380277634,0.5456624627113342,0.5014402866363525,-0.015093537047505379,0.5078493356704712,0.4628739356994629,-0.021844392642378807,0.5943247079849243,0.5246353149414062,0.028096608817577362,0.5645857453346252,0.4665415585041046,0.010500268079340458,0.5380428433418274,0.4302321970462799,-0.007177581079304218,0.5125880241394043,0.3936559557914734,-0.019696392118930817,0.6200411915779114,0.5097710490226746,0.018651161342859268,0.5879812836647034,0.44097623229026794,-0.005873437505215406,0.551147997379303,0.41337522864341736,-0.02510474994778633,0.5194119215011597,0.384634792804718,-0.034291286021471024,0.6529797315597534,0.5075623989105225,0.004396687727421522,0.6209006905555725,0.44214141368865967,-0.03302549943327904,0.6146901249885559,0.51368647813797,-0.03582557290792465,0.6196741461753845,0.5745476484298706,-0.024893786758184433,0.6911563873291016,0.51612389087677,-0.011142750270664692,0.6614539623260498,0.4568396806716919,-0.0373406782746315,0.6451883316040039,0.5008153319358826,-0.03340907394886017,0.6428157687187195,0.5517582893371582,-0.02295675128698349
NO,0.6600961685180664,0.7263519167900085,-4.867718672585397e-8,0.6068747639656067,0.6665126085281372,-0.007921776734292507,0.571976363658905,0.5725042819976807,-0.006895690690726042,0.5449932217597961,0.5012320280075073,-0.01288686878979206,0.50718092918396,0.4634473919868469,-0.01929626241326332,0.5951752662658691,0.5248349905014038,0.029994795098900795,0.5650059580802917,0.467207133769989,0.012342216446995735,0.5382208824157715,0.4306018352508545,-0.0057139890268445015,0.5129519701004028,0.39317208528518677,-0.018595993518829346,0.6205004453659058,0.5104502439498901,0.019996529445052147,0.588131844997406,0.4405527710914612,-0.004585780203342438,0.550977885723114,0.41322487592697144,-0.024023069068789482,0.5197371244430542,0.38460999727249146,-0.03341832384467125,0.6529732942581177,0.5088062882423401,0.005154747981578112,0.6205780506134033,0.44233056902885437,-0.032076142728328705,0.6140724420547485,0.5138639211654663,-0.03483831509947777,0.6196072697639465,0.5747339129447937,-0.02392580918967724,0.6911910772323608,0.5177901387214661,-0.010951407253742218,0.6618327498435974,0.4568318724632263,-0.03619994595646858,0.6448013782501221,0.4996345639228821,-0.03180381655693054,0.6425724625587463,0.5493254065513611,-0.021241450682282448
NO,0.6603742837905884,0.7277791500091553,-4.224027350119286e-8,0.6065567135810852,0.6676501035690308,-0.008265510201454163,0.5719737410545349,0.5740671157836914,-0.007499821949750185,0.5450572967529297,0.5018219351768494,-0.013713679276406765,0.5064228177070618,0.4642711579799652,-0.020379098132252693,0.5945207476615906,0.5251038670539856,0.03049011528491974,0.5644558072090149,0.46711111068725586,0.013036339543759823,0.5379131436347961,0.4303881824016571,-0.0048051867634058,0.5125994682312012,0.39258819818496704,-0.017483223229646683,0.6198932528495789,0.5101994872093201,0.02075212448835373,0.5880155563354492,0.44055503606796265,-0.0038259888533502817,0.5508428812026978,0.4130450189113617,-0.023265155032277107,0.5191512703895569,0.3844056725502014,-0.03247305005788803,0.652461588382721,0.5081727504730225,0.0061402334831655025,0.6205747127532959,0.44283556938171387,-0.03141286224126816,0.6140987277030945,0.5139244198799133,-0.03459341824054718,0.619085967540741,0.5746760964393616,-0.023755978792905807,0.6904174089431763,0.5168402791023254,-0.009693813510239124,0.6610761284828186,0.45638057589530945,-0.03508424386382103,0.6442493796348572,0.49974843859672546,-0.03068644367158413,0.6420795917510986,0.550020694732666,-0.02003551833331585
NO,0.6604816317558289,0.7289227247238159,-3.734551512479811e-8,0.6064727306365967,0.6679468750953674,-0.008230624720454216,0.5718918442726135,0.5742334127426147,-0.007520067039877176,0.544675350189209,0.5018905997276306,-0.013875609263777733,0.5059862732887268,0.4638909101486206,-0.020665379241108894,0.5943689942359924,0.5252729058265686,0.03098820336163044,0.5637099742889404,0.46841302514076233,0.013579542748630047,0.5367447733879089,0.4320225119590759,-0.004110377747565508,0.5112284421920776,0.39430102705955505,-0.01667836308479309,0.6196857690811157,0.510048508644104,0.021139085292816162,0.5876702666282654,0.4406311810016632,-0.0034072219859808683,0.5507689118385315,0.41253864765167236,-0.022777315229177475,0.519207775592804,0.383079469203949,-0.03195535019040108,0.6523290872573853,0.508064866065979,0.00637034559622407,0.6208066940307617,0.4428201913833618,-0.03142243251204491,0.6143271327018738,0.5141929388046265,-0.03463967889547348,0.6190109252929688,0.5747084617614746,-0.02374446392059326,0.6902932524681091,0.5168471336364746,-0.009592526592314243,0.6609741449356079,0.45661240816116333,-0.03495548292994499,0.6443857550621033,0.5000457763671875,-0.03047502040863037,0.6419064402580261,0.550386369228363,-0.019727841019630432
NO,0.6605852246284485,0.7283328771591187,4.747054660469985e-8,0.6070681214332581,0.6696951389312744,-0.01086878776550293,0.5725024342536926,0.5766163468360901,-0.011859562247991562,0.5443633198738098,0.5032141208648682,-0.019310180097818375,0.503972053527832,0.4652310311794281,-0.027087755501270294,0.5946975946426392,0.5254789590835571,0.02451174333691597,0.5645623803138733,0.4612409472465515,0.00645984522998333,0.539029598236084,0.41813528537750244,-0.01034367736428976,0.5162537693977356,0.3744046092033386,-0.02231222577393055,0.6202330589294434,0.5101420879364014,0.015475885942578316,0.5875158309936523,0.43594983220100403,-0.009967183694243431,0.5518379211425781,0.4016701579093933,-0.028732437640428543,0.5225324034690857,0.3665602207183838,-0.03755032643675804,0.6527875661849976,0.5083776116371155,0.0016558306524530053,0.6227503418922424,0.44323843717575073,-0.037510693073272705,0.6153179407119751,0.5139826536178589,-0.04030467942357063,0.6191491484642029,0.5741500854492188,-0.028811700642108917,0.690193772315979,0.5175773501396179,-0.013444799929857254,0.6613242626190186,0.4574548602104187,-0.03976966068148613,0.6448106169700623,0.5003310441970825,-0.03519228473305702,0.6420937776565552,0.5502532720565796,-0.02419469691812992
NO,0.661922037601471,0.7301610708236694,1.4093219036226401e-8,0.6069991588592529,0.6715940237045288,-0.009984057396650314,0.5720694065093994,0.5772169828414917,-0.010034254752099514,0.5438709855079651,0.5041223764419556,-0.016735469922423363,0.5036916136741638,0.46656858921051025,-0.02375292219221592,0.5952556133270264,0.526820719242096,0.02455606311559677,0.5639409422874451,0.4621214270591736,0.006505449302494526,0.5374680757522583,0.4192200303077698,-0.010410726070404053,0.5143393874168396,0.3750741481781006,-0.022528132423758507,0.6204010844230652,0.5108596086502075,0.015159303322434425,0.5861600637435913,0.4372287392616272,-0.00906546413898468,0.5507834553718567,0.401400089263916,-0.027266668155789375,0.5228897929191589,0.36309295892715454,-0.03634217381477356,0.6527048945426941,0.5089970231056213,0.001013339264318347,0.6211948990821838,0.44541722536087036,-0.03718547150492668,0.6141918897628784,0.5160145163536072,-0.03953465819358826,0.6187430024147034,0.5751686096191406,-0.028290674090385437,0.6902884840965271,0.5181331634521484,-0.014406357891857624,0.6613169312477112,0.4569137990474701,-0.039855919778347015,0.6443854570388794,0.5002025961875916,-0.03453510254621506,0.6412120461463928,0.5501960515975952,-0.02337143011391163
NO,0.6616435647010803,0.7300394177436829,2.7711401173746708e-8,0.6065173745155334,0.6704246401786804,-0.010059145279228687,0.5719841122627258,0.5767636299133301,-0.010351737961173058,0.5438059568405151,0.5038948655128479,-0.01730334386229515,0.5037060976028442,0.46666640043258667,-0.024577811360359192,0.5941977500915527,0.5255202054977417,0.024981386959552765,0.5639287233352661,0.4600735008716583,0.007208885159343481,0.5387561321258545,0.4172494411468506,-0.009463869966566563,0.5164220333099365,0.3732302784919739,-0.02136937715113163,0.6198367476463318,0.5102124810218811,0.015578052960336208,0.5863691568374634,0.43606096506118774,-0.00891904067248106,0.5516488552093506,0.40132689476013184,-0.027301952242851257,0.5238420963287354,0.3644183278083801,-0.03626134991645813,0.652260422706604,0.5086413621902466,0.0014654872938990593,0.6215183138847351,0.44423606991767883,-0.03704832121729851,0.6147801280021667,0.5145273208618164,-0.03977246955037117,0.6190398931503296,0.573771595954895,-0.02857321873307228,0.6899111866950989,0.5181252360343933,-0.013872943818569183,0.6610391139984131,0.4566539227962494,-0.03961103409528732,0.6443950533866882,0.4998684823513031,-0.03454614803195,0.641352653503418,0.5505101084709167,-0.02342761680483818
NO,0.6616837382316589,0.7305243611335754,2.285159617088084e-8,0.606578528881073,0.6707661151885986,-0.01001268532127142,0.572023332118988,0.577196478843689,-0.010159410536289215,0.5438970327377319,0.5046343207359314,-0.016918858513236046,0.503603458404541,0.46828019618988037,-0.024002112448215485,0.5945264101028442,0.525130033493042,0.02487233839929104,0.5643132328987122,0.45930391550064087,0.007204681169241667,0.5392220616340637,0.4160722494125366,-0.009405549615621567,0.5169763565063477,0.37163612246513367,-0.021290237084031105,0.6198764443397522,0.5100165009498596,0.015542682260274887,0.5862869620323181,0.4360525608062744,-0.008722521364688873,0.5518330335617065,0.40133196115493774,-0.02687588892877102,0.5243583917617798,0.36395567655563354,-0.03571983426809311,0.6524242162704468,0.508541464805603,0.001486218417994678,0.6211697459220886,0.4450153112411499,-0.03695434704422951,0.614526093006134,0.5149816870689392,-0.03964598476886749,0.618773877620697,0.5738875269889832,-0.028474681079387665,0.6899446249008179,0.518058180809021,-0.013781988061964512,0.6612302660942078,0.45671916007995605,-0.03926146402955055,0.644430935382843,0.4999682903289795,-0.034040093421936035,0.6411573886871338,0.5499674677848816,-0.0228890273720026
NO,0.6608697175979614,0.7280838489532471,1.2742573574087146e-7,0.6060425639152527,0.6719523668289185,-0.011492722667753696,0.5710269212722778,0.5776267647743225,-0.012465651147067547,0.5426520109176636,0.503389298915863,-0.019529519602656364,0.5016664862632751,0.46872714161872864,-0.026775814592838287,0.5933104753494263,0.5231271386146545,0.018627535551786423,0.563962996006012,0.4479615390300751,0.00010871022823266685,0.5418822169303894,0.39917996525764465,-0.015617535449564457,0.522937536239624,0.34856945276260376,-0.02651231177151203,0.6196280717849731,0.5079149603843689,0.009764759801328182,0.5881274938583374,0.4268646836280823,-0.014786492101848125,0.5566495656967163,0.3850802183151245,-0.03202557563781738,0.5323854684829712,0.34039804339408875,-0.03993062302470207,0.6529197096824646,0.5066260099411011,-0.0034609916619956493,0.6213277578353882,0.44537585973739624,-0.04244402050971985,0.6137165427207947,0.5171542167663574,-0.04426826536655426,0.6181630492210388,0.5760767459869385,-0.031883690506219864,0.6906126737594604,0.5168971419334412,-0.01793837733566761,0.6611601114273071,0.45565852522850037,-0.043376412242650986,0.6444476246833801,0.49907124042510986,-0.03729560971260071,0.6418121457099915,0.5485586524009705,-0.025174535810947418
NO,0.6610652804374695,0.7278029918670654,9.542203827095364e-8,0.6068103909492493,0.6725239753723145,-0.011320422403514385,0.5709458589553833,0.5779362320899963,-0.01242460310459137,0.5428001284599304,0.5033217072486877,-0.019627569243311882,0.5023536086082458,0.46749234199523926,-0.027140120044350624,0.5924329161643982,0.5213119983673096,0.017501765862107277,0.5632951259613037,0.44647520780563354,-0.0018084814073517919,0.5414432287216187,0.39818596839904785,-0.017976460978388786,0.5229285359382629,0.34881532192230225,-0.028997618705034256,0.6188709139823914,0.5067635774612427,0.008621890097856522,0.5876839756965637,0.4251596927642822,-0.01685164123773575,0.555736780166626,0.38412928581237793,-0.03421925753355026,0.5312142372131348,0.33983200788497925,-0.042082663625478745,0.6521960496902466,0.5053891539573669,-0.004589569754898548,0.6212701201438904,0.4423689842224121,-0.04482763260602951,0.6125147342681885,0.5158919095993042,-0.04672641307115555,0.6160963773727417,0.5758109092712402,-0.03423989191651344,0.6901435852050781,0.5152040123939514,-0.018915530294179916,0.6609726548194885,0.45360881090164185,-0.0456119142472744,0.6435109972953796,0.49950382113456726,-0.039709195494651794,0.6402811408042908,0.5503929257392883,-0.027573537081480026
NO,0.6611493825912476,0.7282860279083252,9.593252059403312e-8,0.6068683862686157,0.6725260019302368,-0.011443231254816055,0.5708121061325073,0.5779088139533997,-0.012532569468021393,0.5427126288414001,0.5032820701599121,-0.019691072404384613,0.5025407075881958,0.4671213924884796,-0.027077820152044296,0.5923500061035156,0.5208096504211426,0.0177717637270689,0.5629627108573914,0.445878803730011,-0.0015082136960700154,0.541522204875946,0.39750880002975464,-0.01767839305102825,0.5232881307601929,0.3479880690574646,-0.028758512809872627,0.619233250617981,0.5064539313316345,0.008875507861375809,0.5874412059783936,0.42447376251220703,-0.016640927642583847,0.5556663274765015,0.38380542397499084,-0.034028831869363785,0.5310627818107605,0.3397640883922577,-0.04191356152296066,0.6529244780540466,0.5051715970039368,-0.004409223794937134,0.6216508150100708,0.44217395782470703,-0.044735465198755264,0.6127452850341797,0.5157120227813721,-0.04664439707994461,0.6159067153930664,0.5754122734069824,-0.034111831337213516,0.6909140944480896,0.5152381658554077,-0.01882997713983059,0.6620211005210876,0.45400768518447876,-0.045523934066295624,0.644268810749054,0.4998230040073395,-0.039651889353990555,0.6405835747718811,0.5506581664085388,-0.027596551924943924
NO,0.6609894037246704,0.7292167544364929,9.15242068799671e-8,0.606670618057251,0.6726894378662109,-0.011246494948863983,0.5707430839538574,0.5781227946281433,-0.012194116599857807,0.5427665710449219,0.5036463737487793,-0.019358551129698753,0.5029631853103638,0.4667091369628906,-0.026700010523200035,0.5926241278648376,0.5210086703300476,0.018869120627641678,0.5631283521652222,0.4464802145957947,-0.0004272756923455745,0.5416937470436096,0.3978618085384369,-0.016859330236911774,0.5236407518386841,0.3482287526130676,-0.02817871794104576,0.6195038557052612,0.5067265629768372,0.009783409535884857,0.5878340005874634,0.42485761642456055,-0.016109563410282135,0.5562215447425842,0.38432615995407104,-0.03390609845519066,0.5315543413162231,0.34051644802093506,-0.04202856495976448,0.6532254815101624,0.505760908126831,-0.0037722617853432894,0.621751606464386,0.442859023809433,-0.0443611703813076,0.6125233173370361,0.5157806277275085,-0.046568818390369415,0.6152679920196533,0.5754532814025879,-0.034218501299619675,0.6913073658943176,0.5158123970031738,-0.018473409116268158,0.6626741886138916,0.45417729020118713,-0.04531921073794365,0.6444517374038696,0.4998471140861511,-0.03971678763628006,0.6403399705886841,0.550599992275238,-0.027845488861203194
NO,0.659278154373169,0.7273530960083008,1.5553897014797258e-7,0.6055470705032349,0.6733134388923645,-0.011986106634140015,0.5703029632568359,0.5774381160736084,-0.013497398234903812,0.5416016578674316,0.5032438039779663,-0.021012166514992714,0.5013651847839355,0.46607986092567444,-0.028641583397984505,0.5958437919616699,0.5185024738311768,0.014362482354044914,0.5669205784797668,0.43779119849205017,-0.0052374075166881084,0.5461602210998535,0.38693130016326904,-0.02045976184308529,0.5281542539596558,0.33536574244499207,-0.03026752360165119,0.6216455101966858,0.5048702955245972,0.005435438826680183,0.5915778875350952,0.41482841968536377,-0.0202617309987545,0.5611823797225952,0.3683583736419678,-0.03708396852016449,0.5374862551689148,0.32023006677627563,-0.04373365640640259,0.6547822952270508,0.5044276714324951,-0.007577303797006607,0.6220303177833557,0.44270414113998413,-0.047986119985580444,0.612129807472229,0.5167251825332642,-0.04932022467255592,0.6146729588508606,0.5761164426803589,-0.03556225821375847,0.6913495063781738,0.515323281288147,-0.021700063720345497,0.661186695098877,0.45349642634391785,-0.04723568260669708,0.6432603597640991,0.4991774559020996,-0.039856407791376114,0.6394180059432983,0.5490990877151489,-0.026265207678079605
NO,0.6597645282745361,0.7292138338088989,1.0914611436874111e-7,0.6063640713691711,0.6746494770050049,-0.013032469898462296,0.5704396367073059,0.5781223177909851,-0.014932152815163136,0.5410313606262207,0.5036157369613647,-0.022987237200140953,0.5004099011421204,0.4638778567314148,-0.031074158847332,0.5964006781578064,0.5183101296424866,0.016725709661841393,0.5671528577804565,0.4396788477897644,-0.0030219831969588995,0.5457272529602051,0.38936227560043335,-0.018508652225136757,0.5282953977584839,0.3388129472732544,-0.02878180332481861,0.6222009658813477,0.5043308734893799,0.007821603678166866,0.5905380249023438,0.41602012515068054,-0.018880099058151245,0.559873640537262,0.37042516469955444,-0.03614706173539162,0.5366350412368774,0.3226277232170105,-0.043278831988573074,0.6551616191864014,0.5043996572494507,-0.005672520026564598,0.6220219731330872,0.44024497270584106,-0.047672517597675323,0.6115899682044983,0.5142704844474792,-0.04932810738682747,0.613683819770813,0.5739076137542725,-0.035743772983551025,0.6922864317893982,0.5154936909675598,-0.020397724583745003,0.662662148475647,0.45328423380851746,-0.04720555618405342,0.6442751884460449,0.4990336000919342,-0.04060441628098488,0.639682948589325,0.5483776926994324,-0.027678078040480614
NO,0.6595378518104553,0.7283124923706055,1.0884404844091478e-7,0.6058486104011536,0.6738491058349609,-0.012988818809390068,0.5701131224632263,0.577796995639801,-0.015022313222289085,0.541029691696167,0.5030677914619446,-0.02310306206345558,0.500250518321991,0.4642261266708374,-0.031300920993089676,0.5955322980880737,0.5177068710327148,0.015363003127276897,0.5665592551231384,0.4384850263595581,-0.004540762864053249,0.5453967452049255,0.38861745595932007,-0.020047495141625404,0.5279316306114197,0.3383382558822632,-0.030257558450102806,0.6214953064918518,0.5041142702102661,0.006579581648111343,0.5899638533592224,0.4159621000289917,-0.020079433917999268,0.5596011877059937,0.3704105019569397,-0.037199120968580246,0.536522388458252,0.322487473487854,-0.04424715414643288,0.6545320749282837,0.5041026473045349,-0.006648784503340721,0.6212702393531799,0.4406109154224396,-0.048378024250268936,0.6113198399543762,0.5144724249839783,-0.049740783870220184,0.613559365272522,0.5740513801574707,-0.03615575656294823,0.6916705965995789,0.5148084163665771,-0.02110150456428528,0.6618459820747375,0.4527455270290375,-0.047781817615032196,0.643915057182312,0.4987885653972626,-0.04088283330202103,0.6399499773979187,0.548440158367157,-0.027787555009126663
NO,0.6594575643539429,0.7281131148338318,1.1122300946908581e-7,0.6059265732765198,0.6743173003196716,-0.013111899606883526,0.5701656341552734,0.5778319239616394,-0.015098873525857925,0.5408905744552612,0.5030287504196167,-0.023142395541071892,0.5000637769699097,0.4642723500728607,-0.03126029670238495,0.5959703922271729,0.5179444551467896,0.015683278441429138,0.5667358040809631,0.43830278515815735,-0.004072233103215694,0.5454149842262268,0.3881874680519104,-0.019465964287519455,0.5279014706611633,0.33751702308654785,-0.029666470363736153,0.6217142343521118,0.5042995810508728,0.006959719583392143,0.5900655388832092,0.4158952534198761,-0.01969972625374794,0.5596174597740173,0.37039485573768616,-0.036828070878982544,0.5365583896636963,0.32241150736808777,-0.043862175196409225,0.6545817852020264,0.5043537020683289,-0.0062531218864023685,0.6215056777000427,0.44031405448913574,-0.04811238497495651,0.6113944053649902,0.514367938041687,-0.04959995672106743,0.6133832931518555,0.5739349722862244,-0.03604178503155708,0.6917031407356262,0.5150465965270996,-0.02069852501153946,0.6620155572891235,0.45298755168914795,-0.047517355531454086,0.643913984298706,0.4987441599369049,-0.04086577519774437,0.6395232677459717,0.54829341173172,-0.027923883870244026
NO,0.6575360298156738,0.7251096367835999,1.801723215066886e-7,0.6046001315116882,0.6751832962036133,-0.012519213370978832,0.5692763328552246,0.5780479907989502,-0.01456858403980732,0.5410003066062927,0.5027927160263062,-0.022511223331093788,0.5008015632629395,0.4640083909034729,-0.03036891482770443,0.5954383611679077,0.5133362412452698,0.012296224944293499,0.5675885677337646,0.42961156368255615,-0.00737454928457737,0.5486385822296143,0.37826472520828247,-0.021544940769672394,0.533541738986969,0.327515572309494,-0.030199015513062477,0.6214857697486877,0.5007725954055786,0.0032147513702511787,0.59227454662323,0.40529510378837585,-0.02265988290309906,0.5657166242599487,0.3542078733444214,-0.03871505334973335,0.546206533908844,0.3028380870819092,-0.04447028040885925,0.654371976852417,0.5019893646240234,-0.009907062165439129,0.6215704083442688,0.4399165213108063,-0.051011279225349426,0.6102502346038818,0.5146032571792603,-0.05207312852144241,0.6118515729904175,0.5738575458526611,-0.03769567608833313,0.6913363933563232,0.513707160949707,-0.024061523377895355,0.6607925295829773,0.4509793519973755,-0.04982200637459755,0.6430648565292358,0.4974800944328308,-0.04200679063796997,0.6389942765235901,0.5466955900192261,-0.02790542133152485
NO,0.6579673886299133,0.7289118766784668,1.4491669730887224e-7,0.6050187349319458,0.6775591373443604,-0.01211495604366064,0.5692858099937439,0.5795940160751343,-0.014018733985722065,0.5410865545272827,0.5046215653419495,-0.022044893354177475,0.5016950368881226,0.46498167514801025,-0.029833080247044563,0.5958284139633179,0.5147555470466614,0.014862455427646637,0.5678243637084961,0.4355815052986145,-0.005062320735305548,0.5489171147346497,0.38490694761276245,-0.019492099061608315,0.5345078110694885,0.3349689245223999,-0.02855668216943741,0.6220672130584717,0.500716507434845,0.00498660234734416,0.5909684896469116,0.4061838984489441,-0.02164466865360737,0.5644311308860779,0.3555442988872528,-0.037902507930994034,0.5458462834358215,0.30421507358551025,-0.043916717171669006,0.6548231244087219,0.5022212862968445,-0.009232246316969395,0.6237236857414246,0.4386083483695984,-0.051099155098199844,0.610672116279602,0.5129154920578003,-0.051618367433547974,0.6096224784851074,0.5716508030891418,-0.03705878555774689,0.6916310787200928,0.5152379870414734,-0.024576054885983467,0.6619253754615784,0.4533136487007141,-0.05101262032985687,0.6444385647773743,0.5000010132789612,-0.04367874190211296,0.6396691799163818,0.5484524369239807,-0.03007105179131031
NO,0.6573376655578613,0.7277131676673889,1.5400543418309098e-7,0.604028582572937,0.6748446226119995,-0.011938895098865032,0.5688363909721375,0.5780543088912964,-0.013992429710924625,0.5408597588539124,0.503275454044342,-0.022337641566991806,0.5009413361549377,0.46427270770072937,-0.0304753165692091,0.5942472815513611,0.5136971473693848,0.0157073475420475,0.5668312311172485,0.4332487881183624,-0.004243605770170689,0.5484740138053894,0.38220661878585815,-0.018864110112190247,0.5346289873123169,0.3317462205886841,-0.02802855148911476,0.62116539478302,0.5002977848052979,0.005729140713810921,0.5902557969093323,0.4053881764411926,-0.021136105060577393,0.5640844106674194,0.35456597805023193,-0.037793759256601334,0.5457595586776733,0.30280157923698425,-0.044019900262355804,0.6545125842094421,0.5018941164016724,-0.00865105725824833,0.6234408020973206,0.43860986828804016,-0.051119882613420486,0.6105326414108276,0.512888491153717,-0.0524306520819664,0.6093735694885254,0.5716097354888916,-0.03825252875685692,0.6920840740203857,0.5143287181854248,-0.024074407294392586,0.6618393659591675,0.45272231101989746,-0.050945114344358444,0.6439229249954224,0.4998239576816559,-0.043910667300224304,0.6387348771095276,0.5489856004714966,-0.03043162263929844
NO,0.6582000851631165,0.7299101948738098,1.4486563770788052e-7,0.6046038866043091,0.6765600442886353,-0.011534561403095722,0.5695000886917114,0.579528272151947,-0.01321509387344122,0.5410946607589722,0.5046155452728271,-0.02132311463356018,0.5013099908828735,0.46496492624282837,-0.029158324003219604,0.5958726406097412,0.5148565173149109,0.016816232353448868,0.5678046941757202,0.4356676936149597,-0.0031155317556113005,0.5488603115081787,0.38506239652633667,-0.017929313704371452,0.5345051288604736,0.3346223831176758,-0.027303190901875496,0.6221105456352234,0.5009927153587341,0.00654207170009613,0.5906888842582703,0.4065622091293335,-0.02012273482978344,0.5641272664070129,0.35557761788368225,-0.036862581968307495,0.5454100370407104,0.3036739230155945,-0.04330098256468773,0.6551265120506287,0.5023805499076843,-0.008162584155797958,0.6235918402671814,0.4385957717895508,-0.050241366028785706,0.6107124090194702,0.5130613446235657,-0.05120166391134262,0.6096814274787903,0.5719118714332581,-0.036884404718875885,0.6921635866165161,0.5150235891342163,-0.02398577705025673,0.66230708360672,0.4528694450855255,-0.05041596293449402,0.6442939043045044,0.4996519982814789,-0.043148208409547806,0.639274001121521,0.5483793020248413,-0.029572999104857445
NO,0.6575333476066589,0.7260490655899048,2.0145492385381658e-7,0.6043846011161804,0.6748945713043213,-0.012228231877088547,0.5687289237976074,0.5781842470169067,-0.014636657200753689,0.5403890609741211,0.5040835738182068,-0.023296041414141655,0.5007373094558716,0.46451669931411743,-0.03155037388205528,0.5946279168128967,0.5108963847160339,0.013498128391802311,0.5678796172142029,0.42568570375442505,-0.007055590860545635,0.5504534244537354,0.3734079599380493,-0.021840037778019905,0.5375635623931885,0.3218047320842743,-0.03084973804652691,0.6214432120323181,0.4982735216617584,0.003440216416493058,0.5922383666038513,0.39885756373405457,-0.02390909381210804,0.5680066347122192,0.34509170055389404,-0.04076807200908661,0.5514087677001953,0.29168328642845154,-0.04689860716462135,0.6548367142677307,0.49968963861465454,-0.010892650112509727,0.6225685477256775,0.43638038635253906,-0.05377357080578804,0.6099096536636353,0.511702835559845,-0.05499967560172081,0.6102082133293152,0.5716837644577026,-0.04039585962891579,0.6910070776939392,0.5117918848991394,-0.026273731142282486,0.6599543690681458,0.4508218765258789,-0.05372978001832962,0.6410679221153259,0.49942561984062195,-0.04641692340373993,0.6357621550559998,0.5498698949813843,-0.03249184787273407
NO,0.6579920053482056,0.7287733554840088,1.8010607050200633e-7,0.6038237810134888,0.6769474148750305,-0.011471875011920929,0.5687515735626221,0.5792827606201172,-0.013726463541388512,0.5410006046295166,0.5048408508300781,-0.0223580002784729,0.5022938847541809,0.46342572569847107,-0.03052535653114319,0.5957307815551758,0.5104976892471313,0.014080123975872993,0.5684475898742676,0.42687898874282837,-0.0065040444023907185,0.5509532690048218,0.3740882873535156,-0.021109135821461678,0.5382344126701355,0.32230401039123535,-0.030105382204055786,0.6224867701530457,0.49760839343070984,0.0033818823285400867,0.5920730829238892,0.39924925565719604,-0.023739488795399666,0.5674440860748291,0.34513360261917114,-0.0404057539999485,0.5512292385101318,0.29127153754234314,-0.046683236956596375,0.6552333831787109,0.5002188682556152,-0.011516083031892776,0.6235249638557434,0.4366767704486847,-0.05335858836770058,0.61080002784729,0.511773943901062,-0.05313754826784134,0.6106685996055603,0.5701475143432617,-0.038084857165813446,0.6917082667350769,0.5139409303665161,-0.027563443407416344,0.660368800163269,0.45280101895332336,-0.05357962101697922,0.6427254676818848,0.5015162825584412,-0.04520228132605553,0.6383430361747742,0.5500762462615967,-0.030856912955641747
NO,0.6572498083114624,0.7283509373664856,1.8373346222233522e-7,0.6032406091690063,0.6760942935943604,-0.011607141233980656,0.5685792565345764,0.5793761014938354,-0.014155592769384384,0.5410056114196777,0.5047877430915833,-0.023058481514453888,0.5019940137863159,0.4634544849395752,-0.03151622787117958,0.5949477553367615,0.5109685659408569,0.013599161989986897,0.5681600570678711,0.4261002540588379,-0.00698320334777236,0.5509567260742188,0.37325286865234375,-0.02147821895778179,0.5384183526039124,0.3214886784553528,-0.030314335599541664,0.6217989325523376,0.4982098340988159,0.0031187930144369602,0.5921390056610107,0.3989992141723633,-0.024149086326360703,0.5674633383750916,0.34475016593933105,-0.04073071479797363,0.5513078570365906,0.2911398410797119,-0.04687371104955673,0.6545669436454773,0.5007266402244568,-0.011540369130671024,0.6233298778533936,0.4366026222705841,-0.053506359457969666,0.6100890040397644,0.511201798915863,-0.053550876677036285,0.609117865562439,0.5697550773620605,-0.038594022393226624,0.6908788084983826,0.5143083930015564,-0.027309611439704895,0.6604230999946594,0.4524942636489868,-0.053550876677036285,0.6422470808029175,0.50090491771698,-0.04542699083685875,0.6371169090270996,0.5501062273979187,-0.031160110607743263
NO,0.6576167941093445,0.729181706905365,1.8082127439811302e-7,0.6034463047981262,0.6766910552978516,-0.011761369183659554,0.5686938762664795,0.5795475244522095,-0.014351540245115757,0.540920078754425,0.5047274827957153,-0.023300407454371452,0.5017640590667725,0.46332210302352905,-0.03181573003530502,0.5954487919807434,0.5112664699554443,0.013906875625252724,0.5687066316604614,0.42688384652137756,-0.006820038426667452,0.5511904358863831,0.3739960193634033,-0.021443935111165047,0.5385997295379639,0.32201892137527466,-0.030392803251743317,0.6220976114273071,0.4983506500720978,0.0033822276163846254,0.5920332074165344,0.39956918358802795,-0.024034105241298676,0.5673450827598572,0.3453059196472168,-0.040753480046987534,0.5509939193725586,0.29147839546203613,-0.04695654660463333,0.6549710035324097,0.5008005499839783,-0.011377846822142601,0.6232078075408936,0.4371063709259033,-0.053626514971256256,0.610629677772522,0.511859118938446,-0.05371544510126114,0.6099656820297241,0.5702755451202393,-0.038730259984731674,0.6912220120429993,0.5141518115997314,-0.027257919311523438,0.660212516784668,0.4525783061981201,-0.053626514971256256,0.6424133777618408,0.5012493133544922,-0.045444685965776443,0.6374509930610657,0.5503644943237305,-0.03112649917602539
NO,0.6569317579269409,0.7271947860717773,2.3943036353557545e-7,0.6027828454971313,0.674975574016571,-0.010672315023839474,0.5675904750823975,0.5785925388336182,-0.012898032553493977,0.5397370457649231,0.5050472021102905,-0.021823158487677574,0.5005857944488525,0.46375131607055664,-0.030136216431856155,0.5936244130134583,0.5079500079154968,0.015490993857383728,0.5684579610824585,0.4203266501426697,-0.004696263931691647,0.553043007850647,0.3658416271209717,-0.01910778507590294,0.5423206090927124,0.3135945200920105,-0.0277992133051157,0.6206705570220947,0.49649500846862793,0.004404138308018446,0.5921570658683777,0.39426833391189575,-0.02270231768488884,0.569270133972168,0.3374132812023163,-0.03990711271762848,0.5550010204315186,0.28184881806373596,-0.04638395085930824,0.6538015604019165,0.4994961619377136,-0.010794729925692081,0.6232346892356873,0.4359687864780426,-0.05230436101555824,0.610161542892456,0.51071697473526,-0.05225984752178192,0.6096653342247009,0.5695310831069946,-0.037191737443208694,0.6903370022773743,0.5126309394836426,-0.027086982503533363,0.6600205898284912,0.4517483413219452,-0.05266047641634941,0.6422080397605896,0.4996749758720398,-0.04409146308898926,0.6378046274185181,0.5479081869125366,-0.02946849912405014
NO,0.6571971774101257,0.7268878221511841,2.2106129904386762e-7,0.6030607223510742,0.6751018762588501,-0.009905388578772545,0.5677409768104553,0.5784884691238403,-0.011893204413354397,0.5401259660720825,0.5044271349906921,-0.02074291743338108,0.5007115602493286,0.4644821584224701,-0.02913217432796955,0.5938407778739929,0.5074238777160645,0.016857128590345383,0.5683910846710205,0.4216235876083374,-0.0028371301013976336,0.5532122850418091,0.36843639612197876,-0.01684589870274067,0.5432964563369751,0.3170454800128937,-0.02531377039849758,0.6208127737045288,0.49480676651000977,0.0051829214207828045,0.5907220840454102,0.3930545151233673,-0.021214602515101433,0.568006694316864,0.33663541078567505,-0.0377572737634182,0.5544721484184265,0.28172948956489563,-0.043889179825782776,0.6538917422294617,0.49813413619995117,-0.010640992783010006,0.6225305199623108,0.4350680708885193,-0.051525987684726715,0.6101703643798828,0.5096337199211121,-0.05112168565392494,0.6100826263427734,0.5675597786903381,-0.0360502228140831,0.6904135942459106,0.5124577283859253,-0.027537427842617035,0.6590578556060791,0.4513463079929352,-0.052604127675294876,0.6422529816627502,0.4997345805168152,-0.04368703067302704,0.6384722590446472,0.5479061603546143,-0.029064789414405823
NO,0.6569089889526367,0.7279086709022522,2.2261026799696992e-7,0.6025121212005615,0.6755290627479553,-0.010186359286308289,0.567638099193573,0.5793571472167969,-0.012345395050942898,0.5401521921157837,0.5045459270477295,-0.021364860236644745,0.5003914833068848,0.4640958607196808,-0.029967175796628,0.5937667489051819,0.5084385275840759,0.016629640012979507,0.5685141086578369,0.42222028970718384,-0.003531684633344412,0.5531835556030273,0.3681618571281433,-0.017948737367987633,0.543433427810669,0.31592562794685364,-0.026652522385120392,0.6207331418991089,0.49600666761398315,0.005059356801211834,0.590711236000061,0.39399999380111694,-0.02186093106865883,0.5679711103439331,0.336750864982605,-0.03882880136370659,0.5541573762893677,0.2810530960559845,-0.0452326238155365,0.6538540124893188,0.4987904727458954,-0.010688068345189095,0.6224092245101929,0.4356587529182434,-0.05208741873502731,0.6101019978523254,0.5102843642234802,-0.05190702900290489,0.6098346710205078,0.5682858228683472,-0.03682197257876396,0.6901465654373169,0.512691080570221,-0.027531921863555908,0.6589034199714661,0.45087915658950806,-0.05289916694164276,0.6424210071563721,0.4991474449634552,-0.04401499778032303,0.6386180520057678,0.5475055575370789,-0.029335813596844673
NO,0.6568363308906555,0.72690749168396,2.2121810161479516e-7,0.602633535861969,0.6744035482406616,-0.01008980255573988,0.5677387714385986,0.5784077048301697,-0.01223177183419466,0.5400988459587097,0.5040099620819092,-0.02121676877140999,0.5004645586013794,0.46406280994415283,-0.02976209670305252,0.5937900543212891,0.5075756311416626,0.0166284441947937,0.5685065984725952,0.42154863476753235,-0.0033876933157444,0.5533276796340942,0.36812883615493774,-0.017710702493786812,0.543684184551239,0.31625738739967346,-0.026402588933706284,0.6207660436630249,0.49518924951553345,0.005036446265876293,0.5906997919082642,0.3931785225868225,-0.021701529622077942,0.5679876804351807,0.33668845891952515,-0.03851035237312317,0.5544182658195496,0.28126370906829834,-0.04486861452460289,0.6536563038825989,0.4984811544418335,-0.010709845460951328,0.6225267648696899,0.4350370466709137,-0.05185820162296295,0.6101223826408386,0.5094483494758606,-0.0514974445104599,0.6099425554275513,0.5674070119857788,-0.03641347587108612,0.6902734041213989,0.5127416253089905,-0.027552487328648567,0.6591759920120239,0.4514482319355011,-0.052714988589286804,0.6423669457435608,0.49976208806037903,-0.04378635808825493,0.6384620666503906,0.5477332472801208,-0.02917587384581566
NO,0.6552256941795349,0.7255373001098633,2.455079197716259e-7,0.6018475294113159,0.6744177937507629,-0.008608165197074413,0.5671958923339844,0.577041745185852,-0.009999668225646019,0.5398845076560974,0.5037781596183777,-0.018523329868912697,0.5001309514045715,0.4638914465904236,-0.026523062959313393,0.594782292842865,0.5028879046440125,0.018489528447389603,0.5704165697097778,0.4160763621330261,-0.00021495767578016967,0.5564056038856506,0.36256957054138184,-0.013824894092977047,0.5484224557876587,0.31096699833869934,-0.022162646055221558,0.6212368011474609,0.49201852083206177,0.0061631761491298676,0.5922609567642212,0.3893824815750122,-0.01925569958984852,0.571382999420166,0.331353098154068,-0.0358748659491539,0.5598913431167603,0.2750570476055145,-0.042274653911590576,0.6539977788925171,0.4965157210826874,-0.010179944336414337,0.6222091913223267,0.4344668388366699,-0.05038706213235855,0.6097562313079834,0.5094401240348816,-0.0501166470348835,0.6096051335334778,0.5675548911094666,-0.035311508923769,0.6898894309997559,0.511939525604248,-0.027492046356201172,0.657678484916687,0.4509856104850769,-0.052460234612226486,0.6407392621040344,0.5002911686897278,-0.04358164966106415,0.6366111040115356,0.5486888289451599,-0.029024390503764153
NO,0.6559332013130188,0.7266953587532043,2.2088748607984598e-7,0.6013791561126709,0.6751766800880432,-0.009505582973361015,0.5663928985595703,0.5765224695205688,-0.010964501649141312,0.5393503308296204,0.5018002986907959,-0.01939568854868412,0.4997767508029938,0.4614498019218445,-0.027323603630065918,0.5950902700424194,0.5043138861656189,0.01726951263844967,0.571144700050354,0.41604867577552795,-0.002000357024371624,0.5571707487106323,0.3619106411933899,-0.01579928584396839,0.548862099647522,0.3092973232269287,-0.024179581552743912,0.6218428611755371,0.4934777319431305,0.005473768804222345,0.5926260352134705,0.3908228576183319,-0.020617106929421425,0.5705315470695496,0.3334192633628845,-0.03727591037750244,0.5575283765792847,0.27781015634536743,-0.043609198182821274,0.654400646686554,0.4976828694343567,-0.010427302680909634,0.6219481229782104,0.434727281332016,-0.0513448528945446,0.6096409559249878,0.5093050599098206,-0.05125437676906586,0.6096863746643066,0.5670357346534729,-0.036416392773389816,0.6900759339332581,0.5124971866607666,-0.02734622359275818,0.658041775226593,0.450418621301651,-0.05265675112605095,0.640502393245697,0.49940210580825806,-0.04388062283396721,0.6362218260765076,0.548397958278656,-0.029336685314774513
NO,0.6554433107376099,0.7261909246444702,2.300975268099137e-7,0.6014278531074524,0.674657940864563,-0.009642398916184902,0.5667973160743713,0.577183187007904,-0.011479315347969532,0.5392869710922241,0.5028459429740906,-0.020223036408424377,0.4995192587375641,0.4624371826648712,-0.02844111993908882,0.59478759765625,0.5037345290184021,0.017283970490098,0.5708385109901428,0.4161258339881897,-0.0020149562042206526,0.5569681525230408,0.36209920048713684,-0.01595008745789528,0.5488024353981018,0.3098698854446411,-0.024416860193014145,0.6214888691902161,0.49266237020492554,0.005555966403335333,0.5924857258796692,0.3902300000190735,-0.020302167162299156,0.5705968737602234,0.33263471722602844,-0.036941803991794586,0.5578441023826599,0.27714723348617554,-0.043272100389003754,0.6542049050331116,0.49695637822151184,-0.010286732576787472,0.6220376491546631,0.4344002902507782,-0.05086845904588699,0.6093097925186157,0.5085057616233826,-0.05086845904588699,0.6089643836021423,0.5661273002624512,-0.036127910017967224,0.6896219849586487,0.5119563937187195,-0.0271750595420599,0.6578739285469055,0.45027610659599304,-0.05213451758027077,0.6403959393501282,0.4992702007293701,-0.043362535536289215,0.6362857222557068,0.5480256676673889,-0.028870677575469017
NO,0.6559159159660339,0.7258366942405701,2.2283707323822455e-7,0.6015256643295288,0.6743254065513611,-0.009257393889129162,0.5665080547332764,0.5765285491943359,-0.010721170343458652,0.5392109155654907,0.5021155476570129,-0.01914777234196663,0.4995371997356415,0.4620232582092285,-0.027037469670176506,0.5946180820465088,0.503510594367981,0.017825288698077202,0.570583164691925,0.4157148599624634,-0.00121015845797956,0.5568041205406189,0.3619535565376282,-0.01498816255480051,0.5485587120056152,0.30984508991241455,-0.02337520197033882,0.6213276982307434,0.49248331785202026,0.005985091906040907,0.5923064351081848,0.3902358114719391,-0.019577298313379288,0.5705127716064453,0.33289292454719543,-0.03603488579392433,0.5578392744064331,0.2775779962539673,-0.04229690879583359,0.654179573059082,0.49679529666900635,-0.009963850490748882,0.6217348575592041,0.4338829219341278,-0.05027703195810318,0.6092502474784851,0.5080801248550415,-0.05014139413833618,0.609304666519165,0.5657793879508972,-0.03537929430603981,0.6898913383483887,0.5119708180427551,-0.026924435049295425,0.657349705696106,0.4504569172859192,-0.05176906660199165,0.6401386260986328,0.49953675270080566,-0.04286207631230354,0.6362946033477783,0.5484000444412231,-0.028371257707476616
NO,0.6543095111846924,0.7248340845108032,2.5827668537203863e-7,0.6007428169250488,0.6729621291160583,-0.00794909056276083,0.5663326382637024,0.5751454830169678,-0.009112922474741936,0.5388438105583191,0.5018698573112488,-0.01760438084602356,0.4989912509918213,0.4623923599720001,-0.02560431882739067,0.5948690176010132,0.5012720823287964,0.01893770508468151,0.5707594156265259,0.4126002788543701,0.0004113668401259929,0.5576006770133972,0.3580414652824402,-0.012994248420000076,0.5506824254989624,0.30591046810150146,-0.02114107646048069,0.6213924288749695,0.49114349484443665,0.006327634211629629,0.5931727290153503,0.3872256278991699,-0.019129794090986252,0.5727222561836243,0.3280535936355591,-0.03597711771726608,0.562206506729126,0.2713944613933563,-0.042508140206336975,0.6539269685745239,0.4961669445037842,-0.010197660885751247,0.6221203207969666,0.4338149428367615,-0.050169095396995544,0.6089012026786804,0.5076942443847656,-0.04989791288971901,0.6085119247436523,0.5653287768363953,-0.03514096513390541,0.6891523003578186,0.5116943120956421,-0.027660800144076347,0.6565150618553162,0.4507331848144531,-0.05233857408165932,0.6392971277236938,0.49991241097450256,-0.04334429278969765,0.6353591084480286,0.5482445359230042,-0.028722938150167465
NO,0.6548078060150146,0.7244769930839539,2.5292953864664014e-7,0.6010295748710632,0.6742081046104431,-0.009155342355370522,0.5664882659912109,0.5757988691329956,-0.010753984563052654,0.5393262505531311,0.501166045665741,-0.019467150792479515,0.4992191791534424,0.4613441526889801,-0.02761908993124962,0.5947003364562988,0.5004991888999939,0.018866240978240967,0.5711429119110107,0.41122281551361084,0.000951673777308315,0.5581609606742859,0.35723936557769775,-0.011644008569419384,0.5509819984436035,0.30577999353408813,-0.01911567524075508,0.6213592886924744,0.4904829263687134,0.006853751838207245,0.5935012698173523,0.38592636585235596,-0.01804991252720356,0.5732881426811218,0.3276022672653198,-0.03399097919464111,0.5618634223937988,0.2720603942871094,-0.03961456939578056,0.6537986993789673,0.49578067660331726,-0.009268720634281635,0.6209285855293274,0.43335220217704773,-0.04965994134545326,0.6081628203392029,0.5072598457336426,-0.04970528930425644,0.6077629327774048,0.5647890567779541,-0.03482998535037041,0.6889796853065491,0.5114268660545349,-0.02632657065987587,0.6554737687110901,0.44974285364151,-0.051428649574518204,0.6385478377342224,0.49968209862709045,-0.0425850935280323,0.6348357796669006,0.5491650700569153,-0.02789119817316532
NO,0.6552644371986389,0.7253115177154541,2.5333162056995207e-7,0.601300060749054,0.6746999025344849,-0.008545657619833946,0.566490650177002,0.5755349397659302,-0.009529288858175278,0.539387047290802,0.5009141564369202,-0.01781908981502056,0.4991215765476227,0.4615224003791809,-0.025540314614772797,0.5950929522514343,0.5001711845397949,0.020593727007508278,0.5709449052810669,0.4106084406375885,0.003277825191617012,0.5576821565628052,0.35674533247947693,-0.008926601149141788,0.5505050420761108,0.30512815713882446,-0.016204340383410454,0.62166428565979,0.49005016684532166,0.008289799094200134,0.5930241942405701,0.38521522283554077,-0.016249826177954674,0.5729280710220337,0.32692253589630127,-0.03206753730773926,0.5615163445472717,0.2714669108390808,-0.03757132589817047,0.6543550491333008,0.495193749666214,-0.00818745605647564,0.6202934384346008,0.4333461821079254,-0.048533421009778976,0.6079484820365906,0.5074545741081238,-0.048715364187955856,0.6078246831893921,0.5651201605796814,-0.03384148329496384,0.6894168853759766,0.5110018849372864,-0.025563057512044907,0.6553817987442017,0.4493451714515686,-0.050716742873191833,0.6384056806564331,0.4997284710407257,-0.04191522300243378,0.6345118284225464,0.5494438409805298,-0.027246033772826195
NO,0.6547480821609497,0.7252007722854614,2.552925764121028e-7,0.600969672203064,0.6741856932640076,-0.008645418100059032,0.5664801001548767,0.5755772590637207,-0.009851091541349888,0.5393292307853699,0.5009453892707825,-0.01835365779697895,0.4987906515598297,0.4617428481578827,-0.026261957362294197,0.595052182674408,0.500507652759552,0.020273590460419655,0.5709693431854248,0.4104427397251129,0.002759905532002449,0.5576522946357727,0.3562041223049164,-0.009542529471218586,0.5506072640419006,0.3042880892753601,-0.016879422590136528,0.6217342019081116,0.4901663362979889,0.008016868494451046,0.5928828716278076,0.38501209020614624,-0.01681085303425789,0.5727136731147766,0.3264119625091553,-0.032867446541786194,0.5617223978042603,0.270707905292511,-0.038558680564165115,0.6542447805404663,0.49504995346069336,-0.008376856334507465,0.6201218366622925,0.4334411025047302,-0.04886689782142639,0.6080591082572937,0.5074189901351929,-0.04909546300768852,0.6079984903335571,0.5649530291557312,-0.03428454324603081,0.6891066431999207,0.5104615092277527,-0.02569054812192917,0.6550102829933167,0.44904443621635437,-0.050786830484867096,0.6380698680877686,0.4996294677257538,-0.04198713228106499,0.6345383524894714,0.5492914915084839,-0.027336206287145615
NO,0.6540697813034058,0.7247310280799866,2.4793078523543954e-7,0.6004552841186523,0.6739142537117004,-0.008409857749938965,0.5659742951393127,0.5748484134674072,-0.009466802701354027,0.5385208129882812,0.5000434517860413,-0.017802387475967407,0.49759694933891296,0.461608350276947,-0.025572365149855614,0.5953608751296997,0.4993349611759186,0.020293351262807846,0.5710322856903076,0.409302294254303,0.003025149228051305,0.5574869513511658,0.3558005094528198,-0.009358251467347145,0.5498809814453125,0.30442559719085693,-0.01687684655189514,0.6219419836997986,0.48931801319122314,0.008084203116595745,0.5936741232872009,0.38458219170570374,-0.016556907445192337,0.5734696388244629,0.3258576989173889,-0.03293099254369736,0.5620433688163757,0.2704543173313141,-0.039055559784173965,0.6543459892272949,0.4947364032268524,-0.008169902488589287,0.6203529834747314,0.433014452457428,-0.047945328056812286,0.6079201698303223,0.5063967108726501,-0.0481281541287899,0.6076908111572266,0.5635378360748291,-0.03352516144514084,0.6888834834098816,0.510340690612793,-0.025343837216496468,0.6546027064323425,0.4486885964870453,-0.04991067573428154,0.6381120085716248,0.4988733232021332,-0.04097520187497139,0.6351739168167114,0.5481484532356262,-0.026395069435238838
NO,0.6540667414665222,0.7237035036087036,2.420118505597202e-7,0.6007848381996155,0.6741565465927124,-0.008631985634565353,0.5658742189407349,0.5751961469650269,-0.009738797321915627,0.5387245416641235,0.5001157522201538,-0.018017059192061424,0.4978893995285034,0.46167823672294617,-0.025810379534959793,0.5950977206230164,0.4991011917591095,0.018975533545017242,0.5709838271141052,0.4088701009750366,0.0015603755600750446,0.5576145052909851,0.3549669682979584,-0.010782850906252861,0.5503625869750977,0.30357837677001953,-0.018188215792179108,0.6218746900558472,0.4896315336227417,0.006920422427356243,0.5937150120735168,0.38453298807144165,-0.0178344938904047,0.5734286308288574,0.3254363536834717,-0.034094348549842834,0.561933159828186,0.2700043320655823,-0.04007341340184212,0.6541864275932312,0.4950741231441498,-0.009105518460273743,0.620599627494812,0.4329792857170105,-0.049156107008457184,0.6079248189926147,0.5063636898994446,-0.04947559908032417,0.6072625517845154,0.5640654563903809,-0.03487025573849678,0.6888513565063477,0.5104434490203857,-0.026015767827630043,0.6551206707954407,0.4483824670314789,-0.05084484815597534,0.6382892727851868,0.49822449684143066,-0.041990362107753754,0.6347833275794983,0.5478947758674622,-0.027430659160017967
NO,0.6541182994842529,0.7238491177558899,2.424015690394299e-7,0.6009183526039124,0.6745537519454956,-0.008477860130369663,0.5658507347106934,0.5749813914299011,-0.009342714212834835,0.5387986302375793,0.4999382495880127,-0.01741090416908264,0.4981435537338257,0.461469441652298,-0.024989770725369453,0.5953309535980225,0.4989246428012848,0.019447866827249527,0.571144163608551,0.4087989926338196,0.0023015395272523165,0.5576003789901733,0.35510489344596863,-0.009854800067842007,0.5502911806106567,0.30377525091171265,-0.017160551622509956,0.6220239400863647,0.4894212484359741,0.007334201596677303,0.5937837362289429,0.3844771981239319,-0.017217449843883514,0.5734784603118896,0.3255847692489624,-0.03338797017931938,0.5619322061538696,0.27023208141326904,-0.03928264230489731,0.6544243693351746,0.49493473768234253,-0.008762351237237453,0.620420515537262,0.4331839084625244,-0.04884157329797745,0.6079224348068237,0.5067809224128723,-0.0492057241499424,0.6073593497276306,0.5645197629928589,-0.03461697697639465,0.68904048204422,0.5103771090507507,-0.025718070566654205,0.6547242999076843,0.4485032856464386,-0.050753358751535416,0.6380770206451416,0.49882176518440247,-0.041991010308265686,0.6348369121551514,0.5487142205238342,-0.027425019070506096
NO,0.6540645956993103,0.7236250638961792,2.432174994737579e-7,0.601070761680603,0.6745803356170654,-0.008550403639674187,0.5658942461013794,0.5747524499893188,-0.009432769380509853,0.5387688875198364,0.49985969066619873,-0.017510682344436646,0.49812349677085876,0.4613155126571655,-0.025093331933021545,0.5954228639602661,0.49850717186927795,0.019491732120513916,0.5712940692901611,0.4083031415939331,0.0024435827508568764,0.5579288005828857,0.35452961921691895,-0.009620627388358116,0.5506813526153564,0.3033556342124939,-0.016884487122297287,0.6220184564590454,0.4892612099647522,0.007406175602227449,0.5938458442687988,0.3842257857322693,-0.01712357997894287,0.5736016631126404,0.32546722888946533,-0.03326801583170891,0.562124490737915,0.27031010389328003,-0.03914286196231842,0.6542618274688721,0.4946648180484772,-0.008675643242895603,0.6204580068588257,0.432993620634079,-0.04872933402657509,0.6078964471817017,0.5066100358963013,-0.049093667417764664,0.6072627305984497,0.5641855597496033,-0.03458872064948082,0.6891956329345703,0.5102862119674683,-0.02563982829451561,0.6546489000320435,0.44859325885772705,-0.05068761855363846,0.6380722522735596,0.49868860840797424,-0.04198920354247093,0.6347917318344116,0.5486013889312744,-0.027507025748491287
NO,0.6542746424674988,0.7249172925949097,2.4321462888110545e-7,0.6004191040992737,0.6748799085617065,-0.008117664605379105,0.565714418888092,0.5751331448554993,-0.008573072962462902,0.5389388203620911,0.500548779964447,-0.016258100047707558,0.49861225485801697,0.46211740374565125,-0.023385249078273773,0.5950093865394592,0.4981655478477478,0.020129073411226273,0.5711145997047424,0.40849602222442627,0.0029943138360977173,0.557652473449707,0.3550403416156769,-0.009426964446902275,0.5502568483352661,0.3038031756877899,-0.01689567230641842,0.621698796749115,0.48851045966148376,0.007924115285277367,0.5941929817199707,0.3839070200920105,-0.016508573666214943,0.5740254521369934,0.32453569769859314,-0.03297160938382149,0.562337338924408,0.2688359320163727,-0.03905131667852402,0.6539409160614014,0.4939229488372803,-0.008225823752582073,0.6201305985450745,0.4332336485385895,-0.04786347597837448,0.6074143052101135,0.5068796277046204,-0.04827335104346275,0.6065773367881775,0.5641055107116699,-0.03376857563853264,0.6885594725608826,0.5094301700592041,-0.02525242604315281,0.6546221971511841,0.44778427481651306,-0.04986727982759476,0.6379198431968689,0.4980996251106262,-0.04085017740726471,0.6345807909965515,0.5476283431053162,-0.026140473783016205
NO,0.6541666984558105,0.7254981994628906,2.4467141201967024e-7,0.6002302765846252,0.6737114191055298,-0.008251852355897427,0.5658565759658813,0.5748289227485657,-0.009092477150261402,0.5384343266487122,0.5000669956207275,-0.017189929261803627,0.497469961643219,0.46184465289115906,-0.024704091250896454,0.5948345065116882,0.498125821352005,0.020666800439357758,0.5709154605865479,0.4084506034851074,0.00349116837605834,0.5573901534080505,0.35526153445243835,-0.009103914722800255,0.5499231219291687,0.30399954319000244,-0.01673244684934616,0.6214893460273743,0.4884023368358612,0.008440564386546612,0.593950092792511,0.38392525911331177,-0.015954725444316864,0.5738385915756226,0.32487016916275024,-0.032527051866054535,0.5624991655349731,0.269127756357193,-0.03879457339644432,0.653885006904602,0.4937684237957001,-0.007788650691509247,0.6203036308288574,0.432966411113739,-0.047258008271455765,0.60756915807724,0.5065914392471313,-0.04753250256180763,0.6067734956741333,0.5638875365257263,-0.03305315598845482,0.6884179711341858,0.5095309019088745,-0.024932831525802612,0.6545379757881165,0.4476103186607361,-0.04922518879175186,0.6379144787788391,0.4977729320526123,-0.04000690579414368,0.6344517469406128,0.5473766922950745,-0.025230195373296738
NO,0.6539233922958374,0.7249205708503723,2.408828834177257e-7,0.6003485918045044,0.6741189360618591,-0.008626440539956093,0.5657629370689392,0.5749045014381409,-0.009680401533842087,0.5383066534996033,0.5000106692314148,-0.017871512100100517,0.49730587005615234,0.46190592646598816,-0.025501271709799767,0.594630777835846,0.49792367219924927,0.019509732723236084,0.570737361907959,0.40847769379615784,0.002046345267444849,0.5572107434272766,0.35529273748397827,-0.010677081532776356,0.5497521162033081,0.3040396273136139,-0.0183755774050951,0.6214758157730103,0.4881569743156433,0.007412094622850418,0.5936440229415894,0.3837597966194153,-0.017207056283950806,0.5737968683242798,0.32453227043151855,-0.03372674807906151,0.562466561794281,0.2688383460044861,-0.03995886445045471,0.6536615490913391,0.49380213022232056,-0.008672265335917473,0.6206369996070862,0.43294477462768555,-0.048298902809619904,0.6075296401977539,0.5063724517822266,-0.048482198268175125,0.6065537333488464,0.563605546951294,-0.03391004353761673,0.6882752776145935,0.5097927451133728,-0.025707481428980827,0.6549259424209595,0.44762247800827026,-0.05013187974691391,0.6380711793899536,0.4975133240222931,-0.040944088250398636,0.6341619491577148,0.547301709651947,-0.02618863806128502
NO,0.6541510224342346,0.7250251770019531,2.388625262028654e-7,0.6006529927253723,0.674251914024353,-0.008353427052497864,0.5656276941299438,0.5746573209762573,-0.009200213477015495,0.5381073355674744,0.5000602006912231,-0.017244679853320122,0.49730920791625977,0.4619421362876892,-0.02476276271045208,0.5947749018669128,0.49771156907081604,0.019785037264227867,0.5707921385765076,0.40838855504989624,0.0024388001766055822,0.5572588443756104,0.3549683094024658,-0.010155707597732544,0.5496803522109985,0.3038036823272705,-0.017748171463608742,0.6214738488197327,0.4881972670555115,0.007575300056487322,0.5936546325683594,0.38351914286613464,-0.016992930322885513,0.5736913681030273,0.32428622245788574,-0.03348236903548241,0.5624040365219116,0.26874566078186035,-0.03963873162865639,0.6537654399871826,0.4938194155693054,-0.008593731559813023,0.6205088496208191,0.433081716299057,-0.04833545163273811,0.6072752475738525,0.506645143032074,-0.048655856400728226,0.606282651424408,0.5638124942779541,-0.03412318229675293,0.6885975003242493,0.5095500946044922,-0.025655319914221764,0.6547542214393616,0.44776156544685364,-0.050257883965969086,0.6376405358314514,0.4978471100330353,-0.041194986552000046,0.633915901184082,0.5479269027709961,-0.026479221880435944
NO,0.6535283923149109,0.7253326177597046,2.4892943883969565e-7,0.5996373891830444,0.6734390258789062,-0.007750219199806452,0.5652163028717041,0.574591875076294,-0.008534979075193405,0.5376952886581421,0.5005157589912415,-0.016726266592741013,0.49663013219833374,0.46204784512519836,-0.024356193840503693,0.5941020250320435,0.49678918719291687,0.021549388766288757,0.570087730884552,0.40777379274368286,0.004419285804033279,0.5568588972091675,0.3547186255455017,-0.008282938040792942,0.5493971705436707,0.30356475710868835,-0.016050342470407486,0.6208261251449585,0.4872344434261322,0.008913038298487663,0.5932500958442688,0.38278138637542725,-0.015466068871319294,0.5735285878181458,0.32352906465530396,-0.03221524879336357,0.5626202821731567,0.2677849233150482,-0.03865371644496918,0.6531844735145569,0.49302002787590027,-0.007744490168988705,0.6196146011352539,0.4327022135257721,-0.04724597930908203,0.6064112186431885,0.5063655972480774,-0.04756675660610199,0.6054787635803223,0.5637929439544678,-0.033154670149087906,0.6875410676002502,0.5092533826828003,-0.025295615196228027,0.653697669506073,0.4480076730251312,-0.04972054809331894,0.6367911100387573,0.49852070212364197,-0.04062420874834061,0.6330673694610596,0.5484703183174133,-0.025868432596325874
NO,0.6527593731880188,0.7248779535293579,2.3664149750857177e-7,0.5996726751327515,0.6729624271392822,-0.007455585990101099,0.5648096799850464,0.5741021633148193,-0.008288451470434666,0.5373104810714722,0.5001785159111023,-0.016634343191981316,0.496259480714798,0.4623319208621979,-0.02460687980055809,0.5941896438598633,0.49662795662879944,0.020942268893122673,0.5703608393669128,0.40769341588020325,0.003713433165103197,0.5566684007644653,0.35438817739486694,-0.008880074135959148,0.5490730404853821,0.30312004685401917,-0.016553929075598717,0.6208740472793579,0.487303763628006,0.008098903112113476,0.5931679606437683,0.38276100158691406,-0.016370123252272606,0.5732167363166809,0.32397207617759705,-0.0327172726392746,0.5619173049926758,0.2684556245803833,-0.03880580887198448,0.6531729698181152,0.4931751489639282,-0.008713500574231148,0.6194034218788147,0.43268921971321106,-0.04861639067530632,0.6062629818916321,0.5065059661865234,-0.04898400232195854,0.6054372787475586,0.5640556216239929,-0.03444043919444084,0.687929093837738,0.5096150636672974,-0.026330050081014633,0.6534773707389832,0.448494553565979,-0.05118965730071068,0.6363742351531982,0.49935513734817505,-0.04222917556762695,0.6326351761817932,0.5496308207511902,-0.027570733800530434
NO,0.6528370380401611,0.724224328994751,2.3199361010028952e-7,0.599729061126709,0.6733731627464294,-0.007665029261261225,0.5648987889289856,0.5741910934448242,-0.008416052907705307,0.5372216701507568,0.500164806842804,-0.01661425270140171,0.4963408410549164,0.46197184920310974,-0.02437674254179001,0.5947515964508057,0.49695900082588196,0.020730549469590187,0.570784330368042,0.407970666885376,0.003500000573694706,0.5569559335708618,0.35446956753730774,-0.009035217575728893,0.5493890047073364,0.30329087376594543,-0.01667158305644989,0.6212442517280579,0.48763999342918396,0.008026208728551865,0.593166172504425,0.3831189274787903,-0.01655692234635353,0.5732524394989014,0.32407665252685547,-0.033022116869688034,0.5621400475502014,0.2685556411743164,-0.039190828800201416,0.6534634232521057,0.4936777949333191,-0.008639641106128693,0.6197504997253418,0.4327693581581116,-0.04857002943754196,0.6065765023231506,0.5065324902534485,-0.04898280277848244,0.6055492162704468,0.5637751221656799,-0.03451269865036011,0.6880271434783936,0.5096991062164307,-0.026142507791519165,0.653540849685669,0.44857269525527954,-0.05104668810963631,0.636457622051239,0.4992087483406067,-0.042217858135700226,0.6327147483825684,0.5493345856666565,-0.02765602245926857
NO,0.6528910398483276,0.7239742279052734,2.3551950789624243e-7,0.5998795032501221,0.6736125946044922,-0.007923303171992302,0.5650063157081604,0.5741217136383057,-0.008706486783921719,0.5373212099075317,0.5003015995025635,-0.016864173114299774,0.4966559410095215,0.46155110001564026,-0.024535944685339928,0.5946647524833679,0.4969917833805084,0.020465675741434097,0.570784866809845,0.4078395366668701,0.0032327764201909304,0.5570372939109802,0.35447192192077637,-0.009232420474290848,0.5495191216468811,0.30333250761032104,-0.016795575618743896,0.6210891008377075,0.4877358078956604,0.00784898642450571,0.5932663679122925,0.3830562233924866,-0.01672697439789772,0.5733928680419922,0.32367414236068726,-0.03311095014214516,0.5623363852500916,0.2681518793106079,-0.03919348493218422,0.6533560156822205,0.49376755952835083,-0.00875793769955635,0.6197613477706909,0.43279406428337097,-0.04875175654888153,0.6066425442695618,0.5069056153297424,-0.049071889370679855,0.6057679057121277,0.5643349885940552,-0.03448294848203659,0.6878336668014526,0.5099830627441406,-0.026228077709674835,0.6537565588951111,0.4487246572971344,-0.05117562413215637,0.636538565158844,0.4992261230945587,-0.042326219379901886,0.632911741733551,0.5491706728935242,-0.027714410796761513
NO,0.6519805788993835,0.723948061466217,2.500522953141626e-7,0.5989480018615723,0.6736986041069031,-0.007839451543986797,0.5641247630119324,0.5752745270729065,-0.00885081011801958,0.5366476774215698,0.5012771487236023,-0.0173016469925642,0.49560272693634033,0.4621032774448395,-0.02532394416630268,0.5938346982002258,0.49691346287727356,0.021849900484085083,0.5700026154518127,0.40761855244636536,0.0051167854107916355,0.5566319227218628,0.3541032671928406,-0.007028080057352781,0.5493705868721008,0.3030303716659546,-0.014284715056419373,0.6203566193580627,0.48739272356033325,0.009193642996251583,0.5922307372093201,0.38226717710494995,-0.014970380812883377,0.5722489953041077,0.32246649265289307,-0.03110639750957489,0.5608078837394714,0.26667219400405884,-0.03688884526491165,0.652563214302063,0.4929839074611664,-0.007536616176366806,0.6183267831802368,0.4320372939109802,-0.04767666757106781,0.6059098839759827,0.5063849091529846,-0.04827091097831726,0.6051642894744873,0.5643641948699951,-0.03364336118102074,0.6873524188995361,0.5092597603797913,-0.025026822462677956,0.6526585817337036,0.4482213258743286,-0.050007931888103485,0.6359095573425293,0.4996204674243927,-0.04109426960349083,0.6323811411857605,0.549930989742279,-0.02630673348903656
NO,0.6515645384788513,0.7242027521133423,2.3451835318155645e-7,0.5986946821212769,0.6733192205429077,-0.007352571934461594,0.5638971328735352,0.5748259425163269,-0.007942380383610725,0.5362982153892517,0.5008557438850403,-0.016125265508890152,0.49546390771865845,0.46246984601020813,-0.02398175187408924,0.594146192073822,0.4972319006919861,0.02212643064558506,0.5700676441192627,0.4079693853855133,0.005580281373113394,0.5559996962547302,0.3545822501182556,-0.0063447426073253155,0.5481969714164734,0.30361804366111755,-0.01345680933445692,0.6205886602401733,0.48776039481163025,0.009236524812877178,0.5922443270683289,0.3828195035457611,-0.014911290258169174,0.5720016360282898,0.3231205940246582,-0.030944935977458954,0.5603275895118713,0.26754483580589294,-0.03660252317786217,0.6530053019523621,0.493374764919281,-0.007690423633903265,0.6180945038795471,0.43299293518066406,-0.047917697578668594,0.6058818697929382,0.5074183344841003,-0.048604849725961685,0.605353593826294,0.5652633309364319,-0.03401423245668411,0.6878075003623962,0.5093488097190857,-0.02535606361925602,0.652243971824646,0.4485224485397339,-0.05039145424962044,0.6355631351470947,0.4999768137931824,-0.04155004769563675,0.6318435668945312,0.5504250526428223,-0.026867808774113655
NO,0.6514673233032227,0.7235912084579468,2.3699509199559543e-7,0.5985322594642639,0.6737518906593323,-0.007422739639878273,0.5638788938522339,0.5748571753501892,-0.008006036281585693,0.5365110039710999,0.5006500482559204,-0.01609213277697563,0.495940625667572,0.4616847038269043,-0.02381223812699318,0.5941226482391357,0.4971742033958435,0.021696358919143677,0.5701466202735901,0.40755391120910645,0.00515531562268734,0.5563749670982361,0.35394036769866943,-0.006776538211852312,0.5488651394844055,0.30287548899650574,-0.013930503278970718,0.6207015514373779,0.4878215193748474,0.008909573778510094,0.5925116539001465,0.38252174854278564,-0.015108534134924412,0.572435736656189,0.32250890135765076,-0.031154917553067207,0.5612055659294128,0.266689658164978,-0.0369650162756443,0.6530578136444092,0.49359816312789917,-0.007868790067732334,0.6185632944107056,0.43228021264076233,-0.04776172339916229,0.6060279011726379,0.5067659020423889,-0.04831070825457573,0.605305552482605,0.5643373727798462,-0.03378547355532646,0.6877658367156982,0.5097329020500183,-0.025390570983290672,0.6526695489883423,0.44835254549980164,-0.05027790740132332,0.6358596682548523,0.49964988231658936,-0.041379768401384354,0.632260799407959,0.5497528910636902,-0.026717286556959152
NO,0.651284396648407,0.7233949899673462,2.3811927007955092e-7,0.5984252095222473,0.6735832691192627,-0.0077341478317976,0.5636493563652039,0.5744301080703735,-0.008356763981282711,0.5363113880157471,0.5001002550125122,-0.01646219752728939,0.49565523862838745,0.46118929982185364,-0.024173494428396225,0.5941953659057617,0.4969799220561981,0.02171730436384678,0.5703701972961426,0.40703171491622925,0.005177994724363089,0.5566430687904358,0.35356786847114563,-0.006734535098075867,0.549145519733429,0.3024609386920929,-0.013857491314411163,0.620746910572052,0.48765259981155396,0.009030789136886597,0.592621922492981,0.3824573755264282,-0.01511414721608162,0.5727317929267883,0.32246947288513184,-0.03125646710395813,0.5612373352050781,0.26672449707984924,-0.037059932947158813,0.6530401706695557,0.4932482838630676,-0.0076941633597016335,0.6185814142227173,0.4329749643802643,-0.04793572053313255,0.6061813235282898,0.5073363184928894,-0.04866686463356018,0.6053219437599182,0.5650663375854492,-0.034135352820158005,0.687703549861908,0.5093837976455688,-0.0251788217574358,0.6526907086372375,0.4482463598251343,-0.05040333792567253,0.6357884407043457,0.49989280104637146,-0.04162959009408951,0.6319626569747925,0.550578236579895,-0.026938140392303467
NO,0.6502969861030579,0.7225880026817322,2.4667929210409056e-7,0.5971812009811401,0.6724000573158264,-0.008448529057204723,0.5627361536026001,0.5737963318824768,-0.009647306986153126,0.5349323749542236,0.49978896975517273,-0.01821000687777996,0.4942181408405304,0.4610596001148224,-0.026350276544690132,0.5933110117912292,0.49625363945961,0.02026505209505558,0.5697770118713379,0.4066750407218933,0.0025773721281439066,0.5564805865287781,0.3526453971862793,-0.010081150569021702,0.5495637059211731,0.30104541778564453,-0.017604907974600792,0.6200226545333862,0.48713624477386475,0.0076265097595751286,0.591052234172821,0.38138505816459656,-0.017810413613915443,0.5706299543380737,0.3213385343551636,-0.034547630697488785,0.5590264797210693,0.2654497027397156,-0.04053010419011116,0.6525785326957703,0.49271759390830994,-0.009087877348065376,0.6181735992431641,0.4322330951690674,-0.05050850287079811,0.6054478883743286,0.5067833662033081,-0.05123918876051903,0.6045835018157959,0.5648598074913025,-0.036351509392261505,0.6874450445175171,0.5084517002105713,-0.026601450517773628,0.6519588828086853,0.4476156532764435,-0.052426546812057495,0.635259747505188,0.4999380111694336,-0.04345284029841423,0.6315814256668091,0.550937294960022,-0.028450991958379745
NO,0.6509522199630737,0.7237876653671265,2.2844717761927313e-7,0.5979331731796265,0.6730286478996277,-0.007462900131940842,0.5628387928009033,0.5744166970252991,-0.008062903769314289,0.5347985625267029,0.5003434419631958,-0.016354380175471306,0.4942770004272461,0.4618484377861023,-0.02434299699962139,0.594611406326294,0.49720779061317444,0.021965842694044113,0.5702850818634033,0.40768319368362427,0.0046800272539258,0.5563003420829773,0.3536356985569,-0.007782902102917433,0.5489877462387085,0.3019689619541168,-0.015245801769196987,0.620903491973877,0.48803606629371643,0.00869719311594963,0.590984582901001,0.3821512758731842,-0.01656009629368782,0.5699936151504517,0.32184264063835144,-0.03337161988019943,0.5581505298614502,0.265937864780426,-0.039360228925943375,0.6534148454666138,0.49310895800590515,-0.008640049956738949,0.6174045205116272,0.4336482882499695,-0.05005743354558945,0.605450451374054,0.5080589056015015,-0.051108866930007935,0.6052194833755493,0.5658412575721741,-0.03641163557767868,0.6880112886428833,0.5089905261993408,-0.026720155030488968,0.6516413688659668,0.4478299021720886,-0.0526631623506546,0.6348919868469238,0.5003659129142761,-0.04381739720702171,0.6315147876739502,0.5519237518310547,-0.028914453461766243
NO,0.650550127029419,0.7232420444488525,2.3333903698130598e-7,0.5976733565330505,0.6722269058227539,-0.007680392358452082,0.5625814199447632,0.5737836360931396,-0.008515963330864906,0.5347081422805786,0.5002903342247009,-0.016894575208425522,0.4942080080509186,0.4618169367313385,-0.024906907230615616,0.5940655469894409,0.4964461624622345,0.021141109988093376,0.5698649287223816,0.4069097340106964,0.0036856725346297026,0.556134819984436,0.3530946373939514,-0.008876518346369267,0.5490833520889282,0.3016824722290039,-0.01635660231113434,0.6205568313598633,0.48730161786079407,0.008103901520371437,0.5909724235534668,0.3817184567451477,-0.01713494397699833,0.5702232718467712,0.32151681184768677,-0.03388071805238724,0.5587677955627441,0.26567143201828003,-0.03985562548041344,0.6530128717422485,0.492889404296875,-0.008962364867329597,0.6180520057678223,0.4330170154571533,-0.05008852109313011,0.6054590344429016,0.5070249438285828,-0.05095842853188515,0.6048249006271362,0.5647655725479126,-0.036284416913986206,0.6879504919052124,0.5090207457542419,-0.026784079149365425,0.6522693037986755,0.44811785221099854,-0.05224040523171425,0.635317862033844,0.4999169707298279,-0.04326659068465233,0.6314713358879089,0.5508365035057068,-0.028340762481093407
NO,0.6507790684700012,0.7233502864837646,2.3181236485925183e-7,0.5979791283607483,0.6727490425109863,-0.007630347274243832,0.5628830790519714,0.5741680860519409,-0.008356774225831032,0.534833550453186,0.5003619194030762,-0.01669066958129406,0.49433237314224243,0.4617173373699188,-0.024641331285238266,0.5943023562431335,0.4964883625507355,0.021598344668745995,0.5701152682304382,0.40700191259384155,0.004232726059854031,0.5562246441841125,0.3530557155609131,-0.008276696316897869,0.5491534471511841,0.3014795482158661,-0.015741165727376938,0.6207788586616516,0.48734891414642334,0.00843113288283348,0.590898334980011,0.381695032119751,-0.0167936272919178,0.570137083530426,0.3213343620300293,-0.0335872545838356,0.5585435032844543,0.2655516564846039,-0.03958170861005783,0.6532167792320251,0.49293357133865356,-0.008791486732661724,0.6178892254829407,0.4335745573043823,-0.05001480504870415,0.6056158542633057,0.5076708197593689,-0.0510215125977993,0.605126678943634,0.5653476715087891,-0.036332808434963226,0.6881112456321716,0.5088632702827454,-0.026769133284687996,0.6521610021591187,0.4480574131011963,-0.05244004726409912,0.635121762752533,0.5002444982528687,-0.04351700097322464,0.6314455270767212,0.5512967109680176,-0.02859950251877308
NO,0.6506601572036743,0.7235345840454102,2.3229102907862398e-7,0.5974469184875488,0.6721970438957214,-0.0077490671537816525,0.5625231862068176,0.5739151239395142,-0.00855029933154583,0.5347471833229065,0.5000047087669373,-0.01696324534714222,0.4942707419395447,0.4617241322994232,-0.025021357461810112,0.5933080315589905,0.4969281256198883,0.02194233611226082,0.5694912672042847,0.40809983015060425,0.004392473492771387,0.5558702349662781,0.35396403074264526,-0.008332822471857071,0.5489396452903748,0.30232757329940796,-0.01594453491270542,0.6199202537536621,0.4875592589378357,0.008905131369829178,0.5900703072547913,0.38223201036453247,-0.01643672026693821,0.5690792798995972,0.32247909903526306,-0.0331481508910656,0.557479202747345,0.2666652500629425,-0.0390772745013237,0.6524972319602966,0.49292269349098206,-0.008264144882559776,0.6174890398979187,0.43266481161117554,-0.04967644065618515,0.6051115989685059,0.5072194933891296,-0.05050056427717209,0.6045247912406921,0.5653456449508667,-0.03559763357043266,0.6874347925186157,0.5090540647506714,-0.026211760938167572,0.652042806148529,0.4480880796909332,-0.05196567252278328,0.6349467635154724,0.49991872906684875,-0.04303765296936035,0.6311239004135132,0.5510309934616089,-0.02808893658220768
NO,0.6507152915000916,0.7236806750297546,2.3537006654805737e-7,0.5975019931793213,0.6726194620132446,-0.007844201289117336,0.5623785257339478,0.5741409659385681,-0.008702429011464119,0.534500777721405,0.5001800656318665,-0.017164554446935654,0.4938925504684448,0.46194151043891907,-0.025266222655773163,0.5933971405029297,0.4972938299179077,0.021593010053038597,0.5689492225646973,0.40810921788215637,0.004096606746315956,0.555151641368866,0.3539677858352661,-0.00842207483947277,0.5480746030807495,0.302480548620224,-0.015825718641281128,0.6200211644172668,0.4881657063961029,0.008605163544416428,0.5899723768234253,0.3828083872795105,-0.016741162165999413,0.5690783262252808,0.32302749156951904,-0.033436551690101624,0.5576030015945435,0.2672770619392395,-0.0393182709813118,0.6524853706359863,0.493572473526001,-0.008485011756420135,0.6174684166908264,0.43368542194366455,-0.0499374084174633,0.6049889326095581,0.5079668760299683,-0.050852853804826736,0.6045345664024353,0.5656946301460266,-0.03599978983402252,0.6874631643295288,0.509506106376648,-0.026341870427131653,0.6518189311027527,0.448175311088562,-0.05204293131828308,0.6349848508834839,0.4996681809425354,-0.04311735928058624,0.6313219666481018,0.550787091255188,-0.028149869292974472
NO,0.6507561206817627,0.7238298058509827,2.3650594016544346e-7,0.5975934863090515,0.6728396415710449,-0.007561224512755871,0.5624449849128723,0.5740945935249329,-0.008304201066493988,0.5346106886863708,0.5004153251647949,-0.016745569184422493,0.4940412640571594,0.4622301459312439,-0.024804018437862396,0.5935616493225098,0.4972912669181824,0.021946409717202187,0.5691026449203491,0.4080193042755127,0.004529304802417755,0.5552875399589539,0.35374900698661804,-0.007978435605764389,0.5483667254447937,0.30238431692123413,-0.01537391822785139,0.6198906302452087,0.48842287063598633,0.008807140402495861,0.5899543762207031,0.38277292251586914,-0.016459807753562927,0.5689539909362793,0.3232883810997009,-0.03314822539687157,0.5573140978813171,0.2674425542354584,-0.03900060057640076,0.6526326537132263,0.4939424395561218,-0.00843565259128809,0.6174280047416687,0.4335862696170807,-0.049790918827056885,0.60514235496521,0.5079493522644043,-0.050705358386039734,0.60472172498703,0.565805971622467,-0.0358458049595356,0.6875744462013245,0.5098488330841064,-0.026427136734128,0.6522000432014465,0.4481460452079773,-0.051985565572977066,0.6353439688682556,0.49920207262039185,-0.04297839105129242,0.6318131685256958,0.5500409007072449,-0.027981674298644066
NO,0.6506959199905396,0.7236058115959167,2.3664118486976804e-7,0.5976879596710205,0.6729537844657898,-0.0076856366358697414,0.5625281929969788,0.5743544697761536,-0.008497660979628563,0.5346665382385254,0.5006408095359802,-0.01697244867682457,0.4941880702972412,0.46222013235092163,-0.025069814175367355,0.5934821367263794,0.49733853340148926,0.02170734852552414,0.5691395401954651,0.4079899191856384,0.004237393382936716,0.5553202629089355,0.3537886142730713,-0.008291794918477535,0.5485318899154663,0.3023641109466553,-0.01569150760769844,0.6199690699577332,0.4884254038333893,0.008646341040730476,0.5900235772132874,0.38291579484939575,-0.016652213409543037,0.5689776539802551,0.32321059703826904,-0.033304426819086075,0.5573406219482422,0.26748040318489075,-0.03913727402687073,0.6524177193641663,0.49381136894226074,-0.008520535193383694,0.6174722909927368,0.4333656430244446,-0.04991089180111885,0.605046808719635,0.5078070163726807,-0.050780098885297775,0.6046349406242371,0.5656968355178833,-0.03591205179691315,0.6874062418937683,0.5099096894264221,-0.02644224837422371,0.6522907018661499,0.44811660051345825,-0.05201529338955879,0.6354329586029053,0.4992064833641052,-0.04300297051668167,0.6317636370658875,0.5501077771186829,-0.028020551428198814
NO,0.6508713960647583,0.724515438079834,2.3567977791572048e-7,0.5972958207130432,0.6724788546562195,-0.008082617074251175,0.5622481107711792,0.5745664238929749,-0.009190764278173447,0.5345374941825867,0.5007103681564331,-0.017844591289758682,0.4942483901977539,0.46230021119117737,-0.026161404326558113,0.5923522114753723,0.4994010627269745,0.020517854019999504,0.5682538747787476,0.4106966555118561,0.0022862667683511972,0.554521381855011,0.35594671964645386,-0.010847271420061588,0.5470424294471741,0.30374768376350403,-0.018735678866505623,0.6191208958625793,0.4894394874572754,0.00761422561481595,0.5892331004142761,0.38423991203308105,-0.01823301427066326,0.5680178999900818,0.32424914836883545,-0.03509512171149254,0.5563028454780579,0.26786017417907715,-0.041195645928382874,0.6517489552497864,0.4941778779029846,-0.00936212670058012,0.6171537041664124,0.4327412247657776,-0.05099760368466377,0.6047663688659668,0.5072917938232422,-0.051500268280506134,0.6044034957885742,0.5655015110969543,-0.036443181335926056,0.6872751712799072,0.5101287961006165,-0.027166733518242836,0.6521745920181274,0.4482124149799347,-0.05305395647883415,0.6351914405822754,0.49927765130996704,-0.04409739002585411,0.6313577890396118,0.5499622225761414,-0.029108846560120583
NO,0.6504930257797241,0.7239701747894287,2.40872537915493e-7,0.5974621772766113,0.6725888252258301,-0.007938600145280361,0.5626988410949707,0.5748067498207092,-0.00921220239251852,0.5348288416862488,0.5013442039489746,-0.018150268122553825,0.4941789507865906,0.46291324496269226,-0.026728523895144463,0.5919762253761292,0.4991292357444763,0.0211543720215559,0.5677697658538818,0.4105663001537323,0.0032553973142057657,0.5540120005607605,0.3564784824848175,-0.00954345427453518,0.5465056300163269,0.30479496717453003,-0.017190782353281975,0.6186015605926514,0.489372193813324,0.008184182457625866,0.5890145897865295,0.3846469223499298,-0.017430653795599937,0.5677391886711121,0.3252832293510437,-0.0340617373585701,0.5557779669761658,0.269045889377594,-0.03997856378555298,0.6513208150863647,0.49442416429519653,-0.008903796784579754,0.6173871159553528,0.4324648380279541,-0.050213076174259186,0.6051691770553589,0.5069435238838196,-0.050532907247543335,0.6048998236656189,0.5649876594543457,-0.03545527532696724,0.6866500377655029,0.5103464126586914,-0.026819905266165733,0.6526911854743958,0.44819507002830505,-0.05231480672955513,0.6357220411300659,0.4988451600074768,-0.04322253540158272,0.6319485902786255,0.5493932962417603,-0.02823628857731819
NO,0.6506928205490112,0.7240813374519348,2.4334187287422537e-7,0.5974879860877991,0.672966480255127,-0.007882696576416492,0.5625397562980652,0.5749496221542358,-0.00906168483197689,0.5348187685012817,0.5014939308166504,-0.017929719761013985,0.49420595169067383,0.46283018589019775,-0.026427539065480232,0.5919016003608704,0.49880528450012207,0.021438203752040863,0.5673686861991882,0.4101957380771637,0.003716372884809971,0.553577184677124,0.3559839725494385,-0.008896511979401112,0.5461902022361755,0.30432096123695374,-0.016380516812205315,0.6186420321464539,0.4893949031829834,0.008423778228461742,0.5890204906463623,0.3846060633659363,-0.01704120635986328,0.567753791809082,0.3253326416015625,-0.0335811972618103,0.5557714104652405,0.26911887526512146,-0.03939070180058479,0.6513000130653381,0.49458831548690796,-0.008719949051737785,0.6172518134117126,0.43267822265625,-0.05003006383776665,0.6051892042160034,0.5075410008430481,-0.050394583493471146,0.6051255464553833,0.5655844211578369,-0.035267092287540436,0.6865424513816833,0.5104278922080994,-0.026678146794438362,0.6525623202323914,0.44790977239608765,-0.052171606570482254,0.6358398795127869,0.4985979199409485,-0.04305866360664368,0.632108211517334,0.5490118861198425,-0.02802230417728424
NO,0.6506251096725464,0.7238601446151733,2.427980234642746e-7,0.5973473787307739,0.6727869510650635,-0.007847721688449383,0.5624701976776123,0.5749151110649109,-0.008981851860880852,0.534674882888794,0.5014519691467285,-0.017815526574850082,0.49403196573257446,0.463011771440506,-0.02626165747642517,0.592103898525238,0.4988066852092743,0.02150857262313366,0.5673177242279053,0.41001805663108826,0.003923860844224691,0.5533444881439209,0.3559211492538452,-0.008565814234316349,0.5459380745887756,0.3044276833534241,-0.01596900261938572,0.6186845898628235,0.48919573426246643,0.008491725660860538,0.5891067981719971,0.38434869050979614,-0.01684666983783245,0.5677934885025024,0.3251635432243347,-0.03328300267457962,0.5559353232383728,0.2691369354724884,-0.03900494426488876,0.6512233018875122,0.49438104033470154,-0.008668399415910244,0.6171311140060425,0.4326710104942322,-0.04992450773715973,0.6050938367843628,0.5074055194854736,-0.050289250910282135,0.6050752401351929,0.5654852390289307,-0.035197913646698,0.6865254044532776,0.5103733539581299,-0.026649199426174164,0.6524754762649536,0.44786322116851807,-0.05211297795176506,0.63578200340271,0.4986060857772827,-0.04303994029760361,0.6319435238838196,0.5490904450416565,-0.02803979068994522
NO,0.6507576107978821,0.7239871025085449,2.3270126803254243e-7,0.5974552631378174,0.6724885106086731,-0.0074142953380942345,0.5623630285263062,0.5748505592346191,-0.008246337994933128,0.5352962017059326,0.5010072588920593,-0.016846008598804474,0.4951796531677246,0.4630086421966553,-0.025189228355884552,0.5913883447647095,0.4995128810405731,0.0220092311501503,0.567058265209198,0.41159772872924805,0.004274190403521061,0.5530981421470642,0.35739558935165405,-0.008514187298715115,0.5455470681190491,0.3057401180267334,-0.016116546466946602,0.6180909276008606,0.48969900608062744,0.008816230110824108,0.5878700017929077,0.38519155979156494,-0.016515471041202545,0.5660482048988342,0.3264131546020508,-0.03287137299776077,0.5536418557167053,0.2705136835575104,-0.038524702191352844,0.6508880257606506,0.4946521818637848,-0.008491392247378826,0.6167754530906677,0.4325331449508667,-0.04983135685324669,0.6048727631568909,0.5074126124382019,-0.0501960925757885,0.6048775911331177,0.5658732652664185,-0.03501416742801666,0.6864686608314514,0.5106057524681091,-0.02660256065428257,0.6524492502212524,0.44806987047195435,-0.05220210924744606,0.635589063167572,0.4988305866718292,-0.04312942549586296,0.6320650577545166,0.5496255159378052,-0.028061483055353165
NO,0.6506868600845337,0.7237669825553894,2.3841411689318193e-7,0.5978434681892395,0.6724691390991211,-0.007613058667629957,0.5625432729721069,0.5744997262954712,-0.008586755953729153,0.5350745320320129,0.500520646572113,-0.01726461574435234,0.4945611357688904,0.46265366673469543,-0.025646384805440903,0.5912178158760071,0.4994824528694153,0.021888256072998047,0.566752552986145,0.41155070066452026,0.004316153936088085,0.5527920722961426,0.35753291845321655,-0.00830774288624525,0.5453866124153137,0.3059898018836975,-0.015841083601117134,0.6181541085243225,0.48946040868759155,0.008820215240120888,0.5877514481544495,0.38498300313949585,-0.016364945098757744,0.5660393834114075,0.32621055841445923,-0.032684337347745895,0.5539194345474243,0.27046725153923035,-0.038355693221092224,0.6511081457138062,0.4943848252296448,-0.008381767198443413,0.6170923709869385,0.4322469234466553,-0.049607306718826294,0.6050940752029419,0.5068150162696838,-0.050062838941812515,0.6049938201904297,0.5652949213981628,-0.03503032028675079,0.6867340207099915,0.5103194117546082,-0.02635245956480503,0.6525489687919617,0.448024719953537,-0.05202161893248558,0.635717511177063,0.49887001514434814,-0.04311598837375641,0.6320934295654297,0.54990154504776,-0.02822013385593891
NO,0.6505322456359863,0.7239619493484497,2.387519373314717e-7,0.597663402557373,0.6722396612167358,-0.007555809337645769,0.5626053214073181,0.574593186378479,-0.00852946750819683,0.5353415608406067,0.5007513165473938,-0.017241138964891434,0.4951344430446625,0.4627836048603058,-0.02566811628639698,0.5911188125610352,0.4992545545101166,0.022001242265105247,0.5666956305503845,0.4113060534000397,0.004361530300229788,0.5529044270515442,0.3572445809841156,-0.008307404816150665,0.5455233454704285,0.30569738149642944,-0.015863213688135147,0.6180587410926819,0.48925527930259705,0.008876794949173927,0.5877060890197754,0.384756863117218,-0.016398441046476364,0.5660352110862732,0.32606446743011475,-0.032751329243183136,0.5538240671157837,0.27053898572921753,-0.038445234298706055,0.6511525511741638,0.4941725432872772,-0.008387119509279728,0.6169059872627258,0.4322689175605774,-0.049696385860443115,0.6048991084098816,0.5070152878761292,-0.05006079748272896,0.6047715544700623,0.5654926896095276,-0.03496056795120239,0.6867952942848206,0.5103273391723633,-0.02644248679280281,0.6523537635803223,0.44807547330856323,-0.05211060494184494,0.6354992985725403,0.4989047050476074,-0.04318256303668022,0.6320207118988037,0.550088107585907,-0.028218984603881836
NO,0.6505696773529053,0.7241111993789673,2.365702869155939e-7,0.5976255536079407,0.671892523765564,-0.007512536831200123,0.5627859234809875,0.5744524598121643,-0.008464428596198559,0.5355647802352905,0.5006935596466064,-0.017156856134533882,0.4954821765422821,0.46260684728622437,-0.02558138594031334,0.5910636186599731,0.49894216656684875,0.021990414708852768,0.5668384432792664,0.411030650138855,0.004320563282817602,0.5532099008560181,0.35686230659484863,-0.008401728235185146,0.5458658337593079,0.3053479790687561,-0.016005465760827065,0.6181820034980774,0.48892784118652344,0.008880524896085262,0.5879133939743042,0.3846679925918579,-0.01641586236655712,0.566137969493866,0.32611507177352905,-0.03280892223119736,0.553686797618866,0.27077704668045044,-0.03855447471141815,0.6510205864906311,0.4939553439617157,-0.008373229764401913,0.616776168346405,0.43194809556007385,-0.049703579396009445,0.6045663952827454,0.506794810295105,-0.0501139797270298,0.6044023633003235,0.565334141254425,-0.03506610542535782,0.6866911053657532,0.5101667046546936,-0.026402179151773453,0.652015745639801,0.448262095451355,-0.05212036147713661,0.6352810859680176,0.499284029006958,-0.04325123503804207,0.6317413449287415,0.550326406955719,-0.028385760262608528
NO,0.6511154770851135,0.7245350480079651,2.1337726252568245e-7,0.5966621041297913,0.6722317934036255,-0.009193326346576214,0.5623166561126709,0.5740174055099487,-0.010442296043038368,0.5356057286262512,0.4985067844390869,-0.018808677792549133,0.4956253468990326,0.4601624608039856,-0.026918424293398857,0.5890862941741943,0.5014095306396484,0.018706023693084717,0.5643892288208008,0.41434669494628906,-0.00042095681419596076,0.5505511164665222,0.36078840494155884,-0.014383106492459774,0.5425080060958862,0.3084225058555603,-0.02276659943163395,0.6164727210998535,0.4899532198905945,0.0067010908387601376,0.5866808295249939,0.38808536529541016,-0.01944741979241371,0.5654236078262329,0.33006271719932556,-0.036453936249017715,0.5533349514007568,0.27406156063079834,-0.04277292266488075,0.6496314406394958,0.4939318001270294,-0.009438557550311089,0.6171385049819946,0.4328468143939972,-0.0512818768620491,0.6053416132926941,0.507628321647644,-0.05192061886191368,0.6050658226013184,0.5654329657554626,-0.037115488201379776,0.6860787272453308,0.5091902017593384,-0.02646217867732048,0.6522564888000488,0.4470372200012207,-0.05246811732649803,0.6362746357917786,0.4982946515083313,-0.04348009452223778,0.6331306099891663,0.5490697026252747,-0.02846965566277504
NO,0.6509547829627991,0.7251275777816772,2.2169908220348589e-7,0.5974632501602173,0.6726363897323608,-0.007910633459687233,0.5627576112747192,0.5751619935035706,-0.00891362875699997,0.5359125137329102,0.5004923343658447,-0.0173965934664011,0.49574172496795654,0.46153122186660767,-0.0255905594676733,0.5894753932952881,0.5021523833274841,0.020751245319843292,0.564206600189209,0.4158534109592438,0.0019195751519873738,0.549970269203186,0.3620845675468445,-0.012069947086274624,0.5423247218132019,0.30997785925865173,-0.020660577341914177,0.616912841796875,0.4906037747859955,0.00800696574151516,0.5856769680976868,0.3884997069835663,-0.01770259067416191,0.5639110207557678,0.33065009117126465,-0.03465718403458595,0.5522916913032532,0.27453768253326416,-0.0411851592361927,0.650005042552948,0.49474313855171204,-0.008873961865901947,0.6180551648139954,0.4318176805973053,-0.049821123480796814,0.6062617301940918,0.5069179534912109,-0.049821123480796814,0.6065167188644409,0.5651496648788452,-0.03492918238043785,0.6868412494659424,0.5105295181274414,-0.02663321979343891,0.6534608006477356,0.4489547312259674,-0.052087776362895966,0.6365194916725159,0.4995715320110321,-0.04313448444008827,0.6326678395271301,0.54979407787323,-0.02842387743294239
NO,0.6504155993461609,0.7250268459320068,2.2155565204684535e-7,0.596800684928894,0.6719226241111755,-0.008280863054096699,0.5623434782028198,0.5745968222618103,-0.009471946395933628,0.5356742143630981,0.4999387562274933,-0.017945652827620506,0.4956110417842865,0.4611569344997406,-0.026113081723451614,0.5882562398910522,0.5018822550773621,0.01954510621726513,0.563075840473175,0.41581690311431885,0.0003686685813590884,0.5489916801452637,0.3622257709503174,-0.013782533816993237,0.5414735674858093,0.31013524532318115,-0.02246042713522911,0.616173505783081,0.4903286397457123,0.007033062167465687,0.5854853391647339,0.3883115351200104,-0.01893254928290844,0.5642618536949158,0.3302118182182312,-0.03602743148803711,0.5527487397193909,0.27390533685684204,-0.042697496712207794,0.6496873497962952,0.4943103790283203,-0.009568368084728718,0.6181935667991638,0.4315045475959778,-0.05059267580509186,0.6060993671417236,0.5068506598472595,-0.05054729804396629,0.6057645082473755,0.5650537610054016,-0.03570980951189995,0.6864933967590332,0.5100728869438171,-0.027065947651863098,0.6535647511482239,0.4486130475997925,-0.05240765959024429,0.6366601586341858,0.4993603825569153,-0.04337811470031738,0.632804274559021,0.5493866205215454,-0.02863137051463127
NO,0.6506804823875427,0.7251175045967102,2.2364766039117967e-7,0.5972177982330322,0.672427773475647,-0.008167972788214684,0.5626561641693115,0.5749526023864746,-0.009364807978272438,0.5359273552894592,0.5003262162208557,-0.017969541251659393,0.4958045482635498,0.4614066183567047,-0.02625095844268799,0.589085042476654,0.5020532608032227,0.020215731114149094,0.5637823939323425,0.4156363606452942,0.0011606746120378375,0.5496288537979126,0.36187079548835754,-0.012932623736560345,0.5420564413070679,0.30969202518463135,-0.021588405594229698,0.6167098879814148,0.4905327558517456,0.007578063756227493,0.5857712030410767,0.38839685916900635,-0.018343904986977577,0.5642025470733643,0.3302995264530182,-0.03543992340564728,0.552645206451416,0.27400511503219604,-0.04206506162881851,0.6501134634017944,0.4946950376033783,-0.009188968688249588,0.6182296276092529,0.4316200315952301,-0.050233032554388046,0.606335461139679,0.506951630115509,-0.050233032554388046,0.606330931186676,0.5650869011878967,-0.03530379384756088,0.6866488456726074,0.5104802250862122,-0.02684086747467518,0.6536434292793274,0.44887131452560425,-0.05222965031862259,0.6366072297096252,0.4994910657405853,-0.04319949820637703,0.632789671421051,0.5495259165763855,-0.02842908352613449
NO,0.6513195037841797,0.7274787425994873,1.723910258988326e-7,0.5968204736709595,0.6710150837898254,-0.008201126009225845,0.5634539127349854,0.5747818946838379,-0.009227685630321503,0.5374533534049988,0.4993551969528198,-0.01776343584060669,0.49653545022010803,0.4595791697502136,-0.026134710758924484,0.5890163779258728,0.503566563129425,0.022641006857156754,0.5636550188064575,0.4201003313064575,0.003661014838144183,0.5484950542449951,0.3670713007450104,-0.011031253263354301,0.5390257239341736,0.31458550691604614,-0.020315654575824738,0.616456151008606,0.49176329374313354,0.010407377034425735,0.5857299566268921,0.3964441120624542,-0.015494797378778458,0.5619048476219177,0.3427310585975647,-0.032895252108573914,0.5468827486038208,0.28858405351638794,-0.03999609127640724,0.6494582295417786,0.49530911445617676,-0.006221740040928125,0.6183522343635559,0.43396610021591187,-0.04777752235531807,0.6064369678497314,0.5076697468757629,-0.049093328416347504,0.6062263250350952,0.5648474097251892,-0.03532269597053528,0.6856042146682739,0.5106737017631531,-0.023729955777525902,0.6540616154670715,0.45042502880096436,-0.049910034984350204,0.637026846408844,0.5003952980041504,-0.042332787066698074,0.6333795189857483,0.5499642491340637,-0.028675585985183716
NO,0.6492186784744263,0.7227378487586975,2.0588012716871162e-7,0.5966289043426514,0.6690677404403687,-0.009884865023195744,0.5626904368400574,0.5731455683708191,-0.012029376812279224,0.536006510257721,0.49923866987228394,-0.021065371111035347,0.4950334131717682,0.4594759941101074,-0.02991148829460144,0.5886225700378418,0.5016537308692932,0.019066061824560165,0.5634546875953674,0.41706931591033936,-0.0004359532322268933,0.5479885935783386,0.36338406801223755,-0.014899896457791328,0.538008987903595,0.31139683723449707,-0.023790689185261726,0.6164950728416443,0.49100661277770996,0.007796198129653931,0.5867142677307129,0.39362919330596924,-0.018932027742266655,0.5627219676971436,0.34038496017456055,-0.03578656166791916,0.547511100769043,0.2874593138694763,-0.04188501834869385,0.6502605676651001,0.49495929479599,-0.00783529132604599,0.619220495223999,0.4332352578639984,-0.05017266795039177,0.60667484998703,0.5076977014541626,-0.05115556716918945,0.6060500144958496,0.5659005641937256,-0.03670244291424751,0.6868245005607605,0.5102293491363525,-0.024349156767129898,0.6551206111907959,0.4519757628440857,-0.05088750272989273,0.6376582980155945,0.5024641156196594,-0.04318065941333771,0.6335225105285645,0.5514736771583557,-0.02919664978981018
NO,0.6500820517539978,0.7238341569900513,1.8826476377853396e-7,0.5971095561981201,0.6706374287605286,-0.008877023123204708,0.5634724497795105,0.5744931101799011,-0.010100867599248886,0.537850022315979,0.500031054019928,-0.018429651856422424,0.4982883334159851,0.4595162868499756,-0.026581229642033577,0.5896373391151428,0.5035573244094849,0.020855188369750977,0.5642630457878113,0.4203881025314331,0.0019548279233276844,0.5489879250526428,0.36675187945365906,-0.012205214239656925,0.5393186807632446,0.3151128888130188,-0.021032394841313362,0.6169430613517761,0.49248674511909485,0.009275741875171661,0.5869318842887878,0.39545923471450806,-0.0166464950889349,0.5627555847167969,0.34206971526145935,-0.033425893634557724,0.5476581454277039,0.28867846727371216,-0.03980538994073868,0.6500402688980103,0.49633824825286865,-0.006628694012761116,0.6187442541122437,0.4330578148365021,-0.04820062965154648,0.6064152121543884,0.5071566104888916,-0.04913097247481346,0.6061092019081116,0.5648762583732605,-0.034865714609622955,0.6864414811134338,0.5116825699806213,-0.0233914814889431,0.6546278595924377,0.45198696851730347,-0.049706898629665375,0.6372623443603516,0.5019486546516418,-0.04224200174212456,0.6334257125854492,0.5507286190986633,-0.02853051945567131
NO,0.6501447558403015,0.7239722013473511,1.9372414783447311e-7,0.5976419448852539,0.6705468893051147,-0.008548724465072155,0.563570499420166,0.5747418999671936,-0.009737581945955753,0.5375741720199585,0.5007421374320984,-0.018103832378983498,0.4977934956550598,0.4601011574268341,-0.026387136429548264,0.5904415845870972,0.5030137896537781,0.021111920475959778,0.5649526715278625,0.4202498197555542,0.002318274462595582,0.549216628074646,0.36617058515548706,-0.011789055541157722,0.5391469597816467,0.3145281970500946,-0.020536843687295914,0.6177089810371399,0.4920412302017212,0.009306276217103004,0.5875962376594543,0.3946804404258728,-0.01658872701227665,0.5631247758865356,0.3409397602081299,-0.03319957107305527,0.5477281212806702,0.2882642447948456,-0.03925998508930206,0.6507654190063477,0.49576109647750854,-0.006773730274289846,0.6193186640739441,0.4332846701145172,-0.04830637574195862,0.6071147918701172,0.5069494247436523,-0.049146868288517,0.6067318916320801,0.5652104020118713,-0.034681499004364014,0.6869188547134399,0.5113842487335205,-0.023688701912760735,0.6553546190261841,0.45220035314559937,-0.0497661791741848,0.6377042531967163,0.5022574663162231,-0.04200265556573868,0.6331942677497864,0.5515576004981995,-0.028023889288306236
NO,0.6512987017631531,0.7257692217826843,1.339076902695524e-7,0.5971758961677551,0.6700311899185181,-0.011568065732717514,0.5638423562049866,0.5752596259117126,-0.013906056992709637,0.5378427505493164,0.4994734525680542,-0.022848039865493774,0.4983255863189697,0.45789092779159546,-0.03171245753765106,0.5895059108734131,0.5094895958900452,0.018293945118784904,0.5622900128364563,0.4311142861843109,-0.0021108395885676146,0.5445091724395752,0.37976938486099243,-0.01780639961361885,0.5320185422897339,0.32810860872268677,-0.028078045696020126,0.617092490196228,0.4961051642894745,0.007606778759509325,0.5857873558998108,0.40353453159332275,-0.019723331555724144,0.5593675374984741,0.35225677490234375,-0.03767378255724907,0.5411813259124756,0.300048828125,-0.04534149914979935,0.6503912210464478,0.4982540011405945,-0.007628940045833588,0.6198557019233704,0.4347091019153595,-0.0504828616976738,0.607140064239502,0.5077318549156189,-0.05176820605993271,0.6058506965637207,0.5651207566261292,-0.03798403590917587,0.6869935989379883,0.5130581259727478,-0.024022573605179787,0.6556699872016907,0.45220181345939636,-0.05185684561729431,0.6385031342506409,0.5009310245513916,-0.04500908404588699,0.6344274878501892,0.5505364537239075,-0.03182326257228851
NO,0.6505881547927856,0.7242114543914795,1.5283262655430008e-7,0.5979799032211304,0.6707934737205505,-0.012084567919373512,0.5640175342559814,0.574712336063385,-0.0142293069511652,0.5376906394958496,0.4999387562274933,-0.022644955664873123,0.4984374940395355,0.46029597520828247,-0.03107149340212345,0.5897067785263062,0.5101704597473145,0.015535746701061726,0.5640594959259033,0.43030089139938354,-0.005334629211574793,0.5467273592948914,0.3783766031265259,-0.02118609845638275,0.5342323184013367,0.3265286087989807,-0.03137633204460144,0.6166325807571411,0.4971650242805481,0.0054598296992480755,0.5865672826766968,0.40348464250564575,-0.022089721634984016,0.559636116027832,0.35290223360061646,-0.03960690274834633,0.5409225821495056,0.30123981833457947,-0.04668344557285309,0.6499138474464417,0.4986058175563812,-0.009036208502948284,0.6199857592582703,0.43422436714172363,-0.052170492708683014,0.6072322726249695,0.5086753368377686,-0.053389836102724075,0.6066020727157593,0.567885160446167,-0.03921496495604515,0.6866950988769531,0.5114448070526123,-0.024626389145851135,0.6564801931381226,0.4499761462211609,-0.05208339914679527,0.6392555236816406,0.49851784110069275,-0.044854432344436646,0.6357476711273193,0.5476828813552856,-0.0312892347574234
NO,0.6504530906677246,0.7240203619003296,1.5660077679058304e-7,0.5982087850570679,0.6712362766265869,-0.012374046258628368,0.5640889406204224,0.5750200748443604,-0.014690795913338661,0.5379061698913574,0.5004702806472778,-0.023232461884617805,0.4992145895957947,0.4603792130947113,-0.03178495168685913,0.589548647403717,0.5101284980773926,0.014972270466387272,0.5637185573577881,0.430218905210495,-0.006008394993841648,0.5467584133148193,0.37841561436653137,-0.021835913881659508,0.5341868996620178,0.32670533657073975,-0.032001469284296036,0.6167355179786682,0.4971054792404175,0.004833780694752932,0.5863540768623352,0.4033137559890747,-0.022777771577239037,0.559712290763855,0.3528746962547302,-0.040250834077596664,0.5412161350250244,0.3011847734451294,-0.04724438861012459,0.6501543521881104,0.49884894490242004,-0.009748755022883415,0.6201726198196411,0.4341217875480652,-0.0528738759458065,0.607437014579773,0.5089089870452881,-0.053869862109422684,0.606708824634552,0.5681842565536499,-0.03951466828584671,0.6870501041412354,0.5119285583496094,-0.025484254583716393,0.6571903824806213,0.4499925971031189,-0.052917178720235825,0.6398589015007019,0.49792492389678955,-0.04559884965419769,0.6361933946609497,0.5466659665107727,-0.032001469284296036
NO,0.6504581570625305,0.7237933278083801,1.5493779415010067e-7,0.598257839679718,0.6709422469139099,-0.012611315585672855,0.5644021034240723,0.5750147700309753,-0.015133578330278397,0.5383042097091675,0.5006162524223328,-0.02381535805761814,0.4997559189796448,0.4602593779563904,-0.03256209194660187,0.5899094343185425,0.510162353515625,0.014235089533030987,0.564142107963562,0.4302234649658203,-0.006987642962485552,0.5470212697982788,0.3779822587966919,-0.02297099493443966,0.534450888633728,0.32598650455474854,-0.033254899084568024,0.6169682741165161,0.49721193313598633,0.004183925688266754,0.5868226885795593,0.40353235602378845,-0.023685457184910774,0.559689998626709,0.35329097509384155,-0.04117891937494278,0.5408459901809692,0.3018203377723694,-0.04819362610578537,0.6503833532333374,0.49900054931640625,-0.010289317928254604,0.6206153035163879,0.4343840181827545,-0.053519606590270996,0.6077974438667297,0.5089671015739441,-0.054472219198942184,0.6069980263710022,0.5680556893348694,-0.040096405893564224,0.6869943141937256,0.5121989250183105,-0.025937089696526527,0.65745609998703,0.4501572847366333,-0.05347630754113197,0.6400632262229919,0.4978812336921692,-0.04615849629044533,0.6362247467041016,0.5466486215591431,-0.032518789172172546
NO,0.6529274582862854,0.7278212904930115,9.035876757934602e-8,0.5983108282089233,0.6718738079071045,-0.012156881392002106,0.566284716129303,0.576007604598999,-0.014134401455521584,0.5415816307067871,0.5008084177970886,-0.022519947960972786,0.5040695071220398,0.4590964615345001,-0.03097033128142357,0.5900536775588989,0.513822078704834,0.016781900078058243,0.562264084815979,0.4377184510231018,-0.0040387860499322414,0.5428470969200134,0.3876473903656006,-0.020510010421276093,0.5285220146179199,0.3367501497268677,-0.03144580125808716,0.617522656917572,0.49913519620895386,0.0066835833713412285,0.5847870111465454,0.4120860993862152,-0.02019663341343403,0.5553807616233826,0.36502605676651,-0.03786463662981987,0.534844696521759,0.31599071621894836,-0.04560181498527527,0.6511552333831787,0.49996551871299744,-0.00799112394452095,0.6210008263587952,0.4368551969528198,-0.04944879189133644,0.6093726754188538,0.5090944170951843,-0.05027005448937416,0.6098076701164246,0.5662481784820557,-0.036762408912181854,0.6885308027267456,0.5131739377975464,-0.024076027795672417,0.6596707701683044,0.4512363076210022,-0.05052940547466278,0.6420314908027649,0.49721759557724,-0.04328930377960205,0.6385109424591064,0.5454269051551819,-0.03021390363574028
NO,0.653007984161377,0.7264578342437744,1.0194235500193827e-7,0.5987633466720581,0.6697893142700195,-0.00961984507739544,0.5663990378379822,0.5737139582633972,-0.00981791689991951,0.5417885184288025,0.49941807985305786,-0.01682000793516636,0.5042441487312317,0.45896488428115845,-0.023939870297908783,0.5911429524421692,0.5143436789512634,0.019336050376296043,0.5640841126441956,0.43585771322250366,0.00019338725542183965,0.5442314147949219,0.3847959339618683,-0.01536391582340002,0.5291893482208252,0.3331913948059082,-0.025802811607718468,0.6174736618995667,0.500769317150116,0.009020277298986912,0.5854107737541199,0.41411831974983215,-0.01633821241557598,0.5563681721687317,0.3660767078399658,-0.03400404006242752,0.5359314680099487,0.3157770037651062,-0.041991133242845535,0.6504511833190918,0.500697672367096,-0.0054978192783892155,0.6205797791481018,0.43787482380867004,-0.04560994729399681,0.6100074648857117,0.5096645951271057,-0.047237347811460495,0.6108489036560059,0.5672153234481812,-0.03456077724695206,0.6876012086868286,0.511622965335846,-0.021081216633319855,0.6585371494293213,0.4504476487636566,-0.046594955027103424,0.641392171382904,0.49809151887893677,-0.039357319474220276,0.6381701231002808,0.5472253561019897,-0.026338139548897743
NO,0.6522808074951172,0.7249572277069092,9.408977064140345e-8,0.5991772413253784,0.6707020998001099,-0.009757958352565765,0.5666435360908508,0.5743414163589478,-0.009906287305057049,0.5415797233581543,0.49975964426994324,-0.01668706350028515,0.5037996172904968,0.45888271927833557,-0.023711521178483963,0.5931043028831482,0.51458740234375,0.018636535853147507,0.5659036040306091,0.43597161769866943,0.00018309416191186756,0.545336127281189,0.38545042276382446,-0.014610450714826584,0.5294356942176819,0.33467987179756165,-0.024474358186125755,0.6185795664787292,0.5010443925857544,0.008671975694596767,0.5865735411643982,0.4145045280456543,-0.01596660539507866,0.5568109750747681,0.3672120273113251,-0.032780807465314865,0.5357881784439087,0.31824415922164917,-0.04009132832288742,0.6511071920394897,0.5010903477668762,-0.005416673142462969,0.6205386519432068,0.4385169744491577,-0.044922634959220886,0.610196590423584,0.5105111598968506,-0.04606688767671585,0.6114706993103027,0.5679190158843994,-0.03307746723294258,0.6876490712165833,0.5120423436164856,-0.020543627440929413,0.6581478714942932,0.45102500915527344,-0.04568547010421753,0.6413928866386414,0.49818623065948486,-0.038057100027799606,0.6383122205734253,0.5469943881034851,-0.024813396856188774
NO,0.6522339582443237,0.7240193486213684,9.365610509348699e-8,0.5991561412811279,0.6697272062301636,-0.00970599614083767,0.5664441585540771,0.5734715461730957,-0.009916196577250957,0.541722297668457,0.49927300214767456,-0.016773978248238564,0.5044340491294861,0.45845305919647217,-0.023920785635709763,0.5922009348869324,0.5138610601425171,0.018508128821849823,0.5646770000457764,0.435451477766037,-0.00012915818660985678,0.5438204407691956,0.3851028084754944,-0.014987275935709476,0.5280041694641113,0.33455246686935425,-0.02482464723289013,0.6179643869400024,0.5006507635116577,0.00836596917361021,0.585892915725708,0.4135470986366272,-0.01623796857893467,0.5561563968658447,0.36621564626693726,-0.03291735425591469,0.5352588891983032,0.31747597455978394,-0.04008518159389496,0.6508643627166748,0.5007657408714294,-0.005943411495536566,0.62033611536026,0.43756186962127686,-0.04544529318809509,0.609896183013916,0.5102182626724243,-0.04649629071354866,0.6111645698547363,0.5681681036949158,-0.03344285860657692,0.6875866651535034,0.5121364593505859,-0.021293282508850098,0.6578928828239441,0.45090991258621216,-0.04649629071354866,0.641061544418335,0.49835729598999023,-0.03882398456335068,0.6383363008499146,0.5476531982421875,-0.025518309324979782
NO,0.654731810092926,0.7279014587402344,4.1732274524974855e-8,0.6012380719184875,0.667655348777771,-0.0122231962159276,0.5685542225837708,0.5717571377754211,-0.01307524275034666,0.5420014262199402,0.49693813920021057,-0.020396538078784943,0.5041787028312683,0.45453551411628723,-0.027875619009137154,0.5924660563468933,0.5190064311027527,0.021648310124874115,0.5633969306945801,0.44759249687194824,0.0027823022101074457,0.5411891341209412,0.4012744426727295,-0.01340133510529995,0.523462176322937,0.3527740240097046,-0.02476196363568306,0.6185904145240784,0.503550112247467,0.012675516307353973,0.5854207277297974,0.4238808751106262,-0.012664997950196266,0.5531185269355774,0.38076114654541016,-0.030694736167788506,0.5289031267166138,0.3347870707511902,-0.03932040184736252,0.6517331600189209,0.5021701455116272,-0.0011972051579505205,0.6207760572433472,0.4365578889846802,-0.042181596159935,0.6113722324371338,0.5076402425765991,-0.044811367988586426,0.6133246421813965,0.566410481929779,-0.03286167234182358,0.6900250911712646,0.5124297142028809,-0.016378240659832954,0.6605387926101685,0.4502738118171692,-0.04359115660190582,0.6435091495513916,0.4957290291786194,-0.038079146295785904,0.6411508321762085,0.5457502007484436,-0.026276715099811554
NO,0.6534007787704468,0.7248069643974304,6.63132198042149e-8,0.6003550887107849,0.6673468351364136,-0.009167785756289959,0.5680859684944153,0.5713093876838684,-0.008903928101062775,0.5423755049705505,0.49654263257980347,-0.015469345264136791,0.5041341185569763,0.45770978927612305,-0.022391747683286667,0.5946339964866638,0.5194109678268433,0.02148117870092392,0.5663250088691711,0.4444617033004761,0.0037147123366594315,0.5430615544319153,0.39670300483703613,-0.011413169093430042,0.5243638753890991,0.34786078333854675,-0.021791601553559303,0.6194124817848206,0.5047960877418518,0.011433864943683147,0.5870388746261597,0.42285576462745667,-0.012303045019507408,0.5544384121894836,0.37768182158470154,-0.029283108189702034,0.5305297374725342,0.3318603038787842,-0.037147123366594315,0.6515370607376099,0.5034783482551575,-0.002822250360623002,0.6201211214065552,0.4398501515388489,-0.04074801504611969,0.6132394075393677,0.5111943483352661,-0.04118260368704796,0.6175317168235779,0.5691646933555603,-0.02820698171854019,0.6887883543968201,0.51336669921875,-0.018242446705698967,0.658074676990509,0.44990482926368713,-0.04219665005803108,0.643129289150238,0.4955252408981323,-0.03383595868945122,0.642126202583313,0.5446808934211731,-0.02035331353545189
NO,0.6547751426696777,0.7249435782432556,6.254144579997956e-8,0.6012061238288879,0.6684800982475281,-0.01075913105159998,0.5681759715080261,0.5711234211921692,-0.010882092639803886,0.5420830249786377,0.49528998136520386,-0.01745028607547283,0.5034835934638977,0.4559134244918823,-0.02430539019405842,0.5946472883224487,0.5197519659996033,0.020022230222821236,0.5658764243125916,0.4456944763660431,0.0017381119541823864,0.5429287552833557,0.39826729893684387,-0.013699959963560104,0.5242016315460205,0.3495485484600067,-0.02428489550948143,0.6195953488349915,0.5049706697463989,0.010595181956887245,0.5866970419883728,0.42201894521713257,-0.013392556458711624,0.5546268820762634,0.3770872950553894,-0.030228033661842346,0.530982255935669,0.33127009868621826,-0.037974607199430466,0.652033269405365,0.5037230253219604,-0.003273849841207266,0.6206497550010681,0.439089834690094,-0.04190937429666519,0.6128214597702026,0.5106794238090515,-0.0427086278796196,0.616485059261322,0.5696110725402832,-0.029818164184689522,0.6893410086631775,0.513669490814209,-0.01842373237013817,0.6593191623687744,0.4501033425331116,-0.04311849921941757,0.643456220626831,0.4945763349533081,-0.035494886338710785,0.6415275931358337,0.5437523126602173,-0.02241997979581356
NO,0.6544936299324036,0.7251641154289246,6.286094134111408e-8,0.6013146638870239,0.6690076589584351,-0.011050974018871784,0.5685390830039978,0.5713874101638794,-0.011370247229933739,0.542487382888794,0.49561354517936707,-0.018033787608146667,0.5038355588912964,0.45647871494293213,-0.02504749968647957,0.5946716070175171,0.5199241638183594,0.019135795533657074,0.5661694407463074,0.44571739435195923,0.0008033327176235616,0.5431921482086182,0.3978115916252136,-0.014501184225082397,0.5246322154998779,0.34887760877609253,-0.025006305426359177,0.619566798210144,0.5050438642501831,0.009871723130345345,0.5866379737854004,0.42217862606048584,-0.01417161151766777,0.5540941953659058,0.3776956796646118,-0.030856214463710785,0.530272364616394,0.3321739137172699,-0.03845697641372681,0.6519578099250793,0.5039039850234985,-0.0037746336311101913,0.6212398409843445,0.43891552090644836,-0.04247364029288292,0.613278329372406,0.5105310678482056,-0.04309159144759178,0.6166455149650574,0.5691808462142944,-0.030094077810645103,0.6893283128738403,0.5141422152519226,-0.018672335892915726,0.6595705151557922,0.45014727115631104,-0.04337996616959572,0.6436007022857666,0.4950641095638275,-0.03553202003240585,0.6416605114936829,0.5445786118507385,-0.022287331521511078
NO,0.6554166078567505,0.7268507480621338,-1.8227096276746124e-8,0.6009023189544678,0.6648741960525513,-0.0095356535166502,0.5688695907592773,0.567747175693512,-0.009067107923328876,0.54193115234375,0.4925535321235657,-0.015405331738293171,0.5030732154846191,0.45341238379478455,-0.022242993116378784,0.5952523946762085,0.5211367607116699,0.024261338636279106,0.5649206042289734,0.4536784291267395,0.006559623405337334,0.5400487184524536,0.4096684753894806,-0.00984973181039095,0.5189598202705383,0.3640049695968628,-0.02166632190346718,0.6198246479034424,0.505864679813385,0.014602112583816051,0.5872772932052612,0.43093663454055786,-0.009149490855634212,0.5519101619720459,0.3921939730644226,-0.02681516297161579,0.5244483351707458,0.35148686170578003,-0.035671167075634,0.6518226861953735,0.504002571105957,0.00033917988184839487,0.6210311651229858,0.43882110714912415,-0.03748356178402901,0.6141194105148315,0.5090259313583374,-0.03888404369354248,0.6182174682617188,0.5676365494728088,-0.027165284380316734,0.6895347237586975,0.5131451487541199,-0.015219972468912601,0.6601683497428894,0.4493706226348877,-0.03983142971992493,0.6442983150482178,0.4925921559333801,-0.03303496167063713,0.6424022316932678,0.5418882369995117,-0.020945485681295395
NO,0.6533153057098389,0.7240580916404724,1.568322360867569e-8,0.6006377339363098,0.6637651920318604,-0.009391414001584053,0.5685317516326904,0.5679497718811035,-0.00881200935691595,0.5419188737869263,0.49397653341293335,-0.014994017779827118,0.502748429775238,0.4545466899871826,-0.021765511482954025,0.5957387685775757,0.5183060169219971,0.025735702365636826,0.5672127604484558,0.4515331983566284,0.008146951906383038,0.542729377746582,0.4074413478374481,-0.008207411505281925,0.5214386582374573,0.36185503005981445,-0.019840873777866364,0.6206843256950378,0.5033536553382874,0.016082294285297394,0.5885970592498779,0.4272012710571289,-0.007552430499345064,0.5539081692695618,0.388643741607666,-0.025554321706295013,0.5265625715255737,0.34902843832969666,-0.0342806801199913,0.6530057787895203,0.5019978880882263,0.0017911201575770974,0.6226633787155151,0.4362524449825287,-0.036215391010046005,0.6154137849807739,0.5067377686500549,-0.03808964416384697,0.6193157434463501,0.5658964514732361,-0.026320146396756172,0.6901642084121704,0.5123043060302734,-0.013704211451113224,0.6595380902290344,0.4506760239601135,-0.0388353131711483,0.6442699432373047,0.49492236971855164,-0.03260795772075653,0.6430124044418335,0.5437370538711548,-0.02063692919909954
NO,0.6535918712615967,0.7237787246704102,-1.0132724881373179e-8,0.6010480523109436,0.6646651029586792,-0.009191170334815979,0.5684818029403687,0.5680157542228699,-0.008416435681283474,0.5427030920982361,0.49429699778556824,-0.01429737638682127,0.5050120949745178,0.4539855718612671,-0.0207065436989069,0.5949667096138,0.5190548300743103,0.023564007133245468,0.5656573176383972,0.45094364881515503,0.006067078094929457,0.5412132143974304,0.4060724973678589,-0.01019228808581829,0.5205416679382324,0.360076367855072,-0.021833430975675583,0.6198883652687073,0.5043897032737732,0.013985469937324524,0.5874783992767334,0.4291955828666687,-0.0089597562327981,0.5518221259117126,0.3902939558029175,-0.026059256866574287,0.5244800448417664,0.3508710265159607,-0.034611523151397705,0.6521809101104736,0.5028968453407288,-0.00012608303222805262,0.622122049331665,0.4368966817855835,-0.03690554201602936,0.6146141290664673,0.5069413781166077,-0.03797205910086632,0.618811845779419,0.5661738514900208,-0.026300732046365738,0.6897141337394714,0.5124914646148682,-0.015514816157519817,0.660205066204071,0.45037218928337097,-0.0397026389837265,0.6441969871520996,0.4937235414981842,-0.033041927963495255,0.6427435278892517,0.5426709651947021,-0.021109003573656082
NO,0.6533787846565247,0.7236257195472717,7.329484574825074e-9,0.6014443039894104,0.6662226319313049,-0.010007189586758614,0.5687247514724731,0.5691455006599426,-0.009857081808149815,0.5424808263778687,0.49473920464515686,-0.016161611303687096,0.504082441329956,0.4543270468711853,-0.023016536608338356,0.5950221419334412,0.5199564695358276,0.022055847570300102,0.5655984282493591,0.4514313340187073,0.003947836346924305,0.5410534739494324,0.40625661611557007,-0.012468958273530006,0.5206190943717957,0.3597433865070343,-0.024117326363921165,0.6199789643287659,0.5050601959228516,0.012829216197133064,0.5874592661857605,0.4288176894187927,-0.010567592456936836,0.5517072677612305,0.38997459411621094,-0.027699900791049004,0.5244482159614563,0.35029786825180054,-0.03612595796585083,0.6522384881973267,0.5033928751945496,-0.0009018979617394507,0.6216793060302734,0.4369058907032013,-0.037947263568639755,0.6148730516433716,0.5076169371604919,-0.0386277511715889,0.6196761727333069,0.5667561888694763,-0.02655908092856407,0.6896705627441406,0.5129019021987915,-0.015981480479240417,0.6595539450645447,0.45030227303504944,-0.04038901627063751,0.6442224383354187,0.49418017268180847,-0.033564113080501556,0.6433234214782715,0.542978048324585,-0.021415386348962784
NO,0.6540511846542358,0.7253307104110718,-3.269245141268584e-8,0.6010903716087341,0.664275586605072,-0.009060711599886417,0.5691784024238586,0.5677854418754578,-0.008154639974236488,0.5436792373657227,0.49364960193634033,-0.014056616462767124,0.5060088634490967,0.45315614342689514,-0.020454179495573044,0.5948128700256348,0.5208823680877686,0.0270720012485981,0.5638314485549927,0.45566272735595703,0.009721491485834122,0.537729024887085,0.41302329301834106,-0.006993266753852367,0.5153135657310486,0.36881303787231445,-0.019002461805939674,0.6198686957359314,0.5056434273719788,0.017380546778440475,0.5863259434700012,0.43186408281326294,-0.005566580221056938,0.5495069622993469,0.39628469944000244,-0.023227456957101822,0.5205197334289551,0.3597947955131531,-0.03201784938573837,0.6523959636688232,0.5039516091346741,0.002888414543122053,0.621195912361145,0.4363514482975006,-0.033900074660778046,0.6140341758728027,0.5068166851997375,-0.035521991550922394,0.6187196969985962,0.5663577318191528,-0.02418859302997589,0.690316915512085,0.5132147669792175,-0.01294530276209116,0.6603058576583862,0.4510501027107239,-0.037244025617837906,0.6440821886062622,0.49445444345474243,-0.03109676204621792,0.6431224942207336,0.5431060791015625,-0.019543103873729706
NO,0.6532526016235352,0.7242915034294128,-4.571924172580566e-9,0.6003623604774475,0.6625609397888184,-0.008389518596231937,0.5688777565956116,0.5669891834259033,-0.00745069095864892,0.5435230135917664,0.493252694606781,-0.013662930577993393,0.5048362016677856,0.45242977142333984,-0.020534344017505646,0.5946796536445618,0.5180761218070984,0.030362065881490707,0.5650326013565063,0.4531269669532776,0.013373292051255703,0.5398355722427368,0.4101116359233856,-0.0034182292874902487,0.5178863406181335,0.36527782678604126,-0.015450696460902691,0.6196591854095459,0.5037943720817566,0.020294642075896263,0.5860310792922974,0.42964819073677063,-0.0028614250477403402,0.5505496263504028,0.3954474925994873,-0.021093646064400673,0.522490382194519,0.35944923758506775,-0.029842713847756386,0.6521273255348206,0.5029920935630798,0.005328343249857426,0.6205257177352905,0.43630263209342957,-0.03196006640791893,0.6144418120384216,0.5081347227096558,-0.03407742455601692,0.6193966269493103,0.5674757957458496,-0.022631723433732986,0.6898791790008545,0.5131264925003052,-0.010866424068808556,0.6599798798561096,0.4508513808250427,-0.03521600365638733,0.644961416721344,0.4951624274253845,-0.02894383855164051,0.6442563533782959,0.5436667799949646,-0.017158562317490578
NO,0.6539813280105591,0.7252864837646484,-3.117981250966295e-8,0.60123211145401,0.6637477874755859,-0.008539209142327309,0.5692822933197021,0.5675473213195801,-0.0076026516035199165,0.5438126921653748,0.49335020780563354,-0.013642702251672745,0.5055561661720276,0.45277872681617737,-0.020293770357966423,0.5947562456130981,0.5201767086982727,0.028587572276592255,0.563866913318634,0.4562695622444153,0.011208651587367058,0.5376100540161133,0.41423603892326355,-0.0057145096361637115,0.5147666335105896,0.37053221464157104,-0.017809636890888214,0.6197314262390137,0.5051559805870056,0.01863100379705429,0.5862876176834106,0.43181079626083374,-0.0046377177350223064,0.5494186282157898,0.3967134356498718,-0.022697770968079567,0.5203612446784973,0.3605451285839081,-0.03157253935933113,0.6522998809814453,0.5036637783050537,0.003831375390291214,0.6209447383880615,0.4365684688091278,-0.033355507999658585,0.6140894889831543,0.507666289806366,-0.03515850752592087,0.6188696026802063,0.5672081112861633,-0.02371946908533573,0.6902093291282654,0.5128016471862793,-0.012220336124300957,0.6597155332565308,0.4507075846195221,-0.036741141229867935,0.6444875597953796,0.4948945939540863,-0.030450671911239624,0.6443285942077637,0.543876051902771,-0.018661051988601685
NO,0.653277575969696,0.72422194480896,-5.486221699158023e-9,0.6004462838172913,0.662814199924469,-0.008384390734136105,0.5689749121665955,0.5672364830970764,-0.0074405851773917675,0.5436054468154907,0.4933280348777771,-0.013642735779285431,0.5050123929977417,0.4526471197605133,-0.020494066178798676,0.5947330594062805,0.5179960131645203,0.030421502888202667,0.5649697184562683,0.4530741274356842,0.013482938520610332,0.5397788286209106,0.4100535213947296,-0.003280848264694214,0.5179612636566162,0.36518192291259766,-0.015310626477003098,0.619714081287384,0.5037203431129456,0.020374218001961708,0.5858705639839172,0.42980116605758667,-0.0026866004336625338,0.550519585609436,0.39555931091308594,-0.020893562585115433,0.5224530696868896,0.3594714403152466,-0.029642490670084953,0.6521818041801453,0.5029258131980896,0.005398169159889221,0.6204891204833984,0.4364303946495056,-0.03181973472237587,0.6144961714744568,0.5080594420433044,-0.03395703062415123,0.6194430589675903,0.5674007534980774,-0.022571438923478127,0.6899316906929016,0.5130689740180969,-0.010786350816488266,0.6600411534309387,0.4507877826690674,-0.0351155623793602,0.6450170278549194,0.49509453773498535,-0.02886347472667694,0.6444308757781982,0.5435646772384644,-0.017088375985622406
NO,0.653430700302124,0.7239733934402466,-9.287445124073201e-8,0.6006010174751282,0.6607480645179749,-0.004544943105429411,0.569276750087738,0.5668782591819763,-0.0017281295731663704,0.5454599857330322,0.4940359592437744,-0.006787382066249847,0.5089918375015259,0.45302194356918335,-0.012383468449115753,0.5922368168830872,0.5175802111625671,0.03682004660367966,0.562586784362793,0.4584355652332306,0.02116301655769348,0.5361100435256958,0.42013776302337646,0.0039017435628920794,0.5117748975753784,0.3804139494895935,-0.008794564753770828,0.6179230213165283,0.5039528608322144,0.025467699393630028,0.5845402479171753,0.43533334136009216,0.0023287830408662558,0.5470812916755676,0.40676045417785645,-0.017749303951859474,0.5162920355796814,0.375586599111557,-0.027950400486588478,0.6506965160369873,0.5031073689460754,0.009420245885848999,0.620877742767334,0.4356517493724823,-0.027349743992090225,0.6131821870803833,0.5081419944763184,-0.03137412294745445,0.6165645718574524,0.5688807368278503,-0.021663561463356018,0.6890615820884705,0.511950671672821,-0.00749314995482564,0.6599982380867004,0.4505651295185089,-0.032475318759679794,0.6436901688575745,0.495352178812027,-0.028050506487488747,0.6425919532775879,0.5450695157051086,-0.017619162797927856
NO,0.6522640585899353,0.7213426828384399,-6.613894498741502e-8,0.5999735593795776,0.6592260003089905,-0.0050437613390386105,0.5684316158294678,0.5649276971817017,-0.0027804719284176826,0.5443751811981201,0.4922540485858917,-0.008201037533581257,0.5077537298202515,0.45138734579086304,-0.01426438707858324,0.5919068455696106,0.5155080556869507,0.03440002351999283,0.5628271698951721,0.45607152581214905,0.018293483182787895,0.5365961790084839,0.4182545840740204,0.001047910307534039,0.5122043490409851,0.3798430263996124,-0.01140756905078888,0.6177301406860352,0.5026988983154297,0.02328798919916153,0.5862493515014648,0.4336242377758026,-0.00016623723786324263,0.5496841073036194,0.4055339992046356,-0.019859809428453445,0.5187597870826721,0.3756259083747864,-0.029513882473111153,0.6508647799491882,0.5021189451217651,0.0075853439047932625,0.620632529258728,0.43527454137802124,-0.02888341248035431,0.6131080389022827,0.507754921913147,-0.032035764306783676,0.6165726184844971,0.5680952668190002,-0.021633006632328033,0.689172625541687,0.5116122961044312,-0.009048230946063995,0.6604331135749817,0.4510514736175537,-0.03367104381322861,0.6442285180091858,0.4958844482898712,-0.02870609238743782,0.6426388025283813,0.5452600717544556,-0.017830483615398407
NO,0.6537317633628845,0.7227882146835327,-7.828894865724578e-8,0.6012015342712402,0.6605750322341919,-0.004797833506017923,0.5688446164131165,0.5644487738609314,-0.0016816896386444569,0.5450789332389832,0.49123838543891907,-0.0063742646016180515,0.5083380937576294,0.44965872168540955,-0.011485425755381584,0.5926587581634521,0.5174488425254822,0.03712935745716095,0.5618651509284973,0.4602847695350647,0.021580461412668228,0.5348538756370544,0.42383840680122375,0.004354767967015505,0.5101876258850098,0.3859923481941223,-0.008254232816398144,0.6186420917510986,0.504132866859436,0.026045382022857666,0.5855430960655212,0.4351445734500885,0.0034784292802214622,0.5486023426055908,0.4065762460231781,-0.016263676807284355,0.5175442695617676,0.3754836320877075,-0.026299960911273956,0.6517243385314941,0.5030531287193298,0.01011461578309536,0.6211581826210022,0.4347456991672516,-0.026339126750826836,0.6137325167655945,0.5080143213272095,-0.030177392065525055,0.6175447702407837,0.5693864822387695,-0.02030756324529648,0.690352737903595,0.5115596652030945,-0.0067610288970172405,0.6610289812088013,0.45144176483154297,-0.03168528527021408,0.6442403793334961,0.49586498737335205,-0.027612023055553436,0.6426499485969543,0.5452253222465515,-0.017438655719161034
NO,0.6521062850952148,0.7206360101699829,-6.55744045729989e-8,0.6005589962005615,0.6592284440994263,-0.004400505684316158,0.5688198208808899,0.5650244355201721,-0.0017611836083233356,0.5453535318374634,0.49282529950141907,-0.006931900978088379,0.509032666683197,0.45236727595329285,-0.012823771685361862,0.5912635326385498,0.5152619481086731,0.03508630767464638,0.5617712736129761,0.4563440680503845,0.019377924501895905,0.5356459021568298,0.41838523745536804,0.002416108502075076,0.511734664440155,0.3798182010650635,-0.009831230156123638,0.617216944694519,0.5023193359375,0.02368522249162197,0.5852200388908386,0.4338313937187195,0.0005279871402308345,0.5487069487571716,0.40582138299942017,-0.018975649029016495,0.5180854797363281,0.376107394695282,-0.028434040024876595,0.6504653692245483,0.5017340779304504,0.007756076753139496,0.6205960512161255,0.4353971481323242,-0.02859102375805378,0.6131510138511658,0.5075395107269287,-0.032005466520786285,0.6166885495185852,0.5677744746208191,-0.021762147545814514,0.6889789700508118,0.5111573338508606,-0.009046302177011967,0.6603909730911255,0.4506232738494873,-0.033693064004182816,0.6443540453910828,0.4953773617744446,-0.028904996812343597,0.6426734924316406,0.5450780391693115,-0.01813185214996338
NO,0.6532377600669861,0.721825122833252,-1.8191605022366275e-7,0.6000942587852478,0.6559857726097107,-0.003798931837081909,0.5687108039855957,0.5622422099113464,-0.0008043718989938498,0.5430663228034973,0.48923274874687195,-0.005760695785284042,0.5057618618011475,0.4492001533508301,-0.010954604484140873,0.5923410654067993,0.5149303078651428,0.04546014219522476,0.5646756887435913,0.4603481590747833,0.029746491461992264,0.5371207594871521,0.4339108169078827,0.011492074467241764,0.5090122818946838,0.4105188250541687,-0.0005090690683573484,0.6182543635368347,0.5032563209533691,0.03527754545211792,0.5888068079948425,0.4370737671852112,0.013221749104559422,0.5520431995391846,0.4254940450191498,-0.0068014319986104965,0.5198135375976562,0.41267600655555725,-0.015537753701210022,0.6511275172233582,0.5036412477493286,0.019622523337602615,0.6212030649185181,0.43435436487197876,-0.014462814666330814,0.6121052503585815,0.5056167244911194,-0.019524799659848213,0.6151180267333984,0.5676129460334778,-0.010319413617253304,0.6891297698020935,0.5116480588912964,0.0031270950566977262,0.6604131460189819,0.4510541260242462,-0.019124140962958336,0.6427311897277832,0.49469849467277527,-0.015537753701210022,0.6412127614021301,0.5446534752845764,-0.005746037233620882
NO,0.6518042683601379,0.7196529507637024,-1.560666049726933e-7,0.5988301634788513,0.65519779920578,-0.0037216870114207268,0.5677899122238159,0.5614400506019592,-0.0013596145436167717,0.5431782007217407,0.48802730441093445,-0.006833182647824287,0.5054996013641357,0.4480675458908081,-0.012678435072302818,0.5916596055030823,0.5118619799613953,0.043585147708654404,0.5647159218788147,0.45697706937789917,0.027119647711515427,0.5365958213806152,0.42975372076034546,0.008746086619794369,0.50812166929245,0.4051588177680969,-0.003213193966075778,0.6182401776313782,0.5011990666389465,0.0333377979695797,0.5908059477806091,0.4332854151725769,0.010537920519709587,0.5538792610168457,0.42282116413116455,-0.009007597342133522,0.5220743417739868,0.4102776050567627,-0.016881980001926422,0.651504397392273,0.50186687707901,0.01780211180448532,0.6206597685813904,0.43235689401626587,-0.016078075394034386,0.610914409160614,0.5054014921188354,-0.020029796287417412,0.615128219127655,0.5671933889389038,-0.009850244037806988,0.6894922256469727,0.5101838707923889,0.0014334670267999172,0.6596135497093201,0.4510408639907837,-0.020378477871418,0.642462432384491,0.4965830445289612,-0.015981221571564674,0.6428570747375488,0.5459213256835938,-0.005375501234084368
NO,0.6511796116828918,0.7192772030830383,-2.501651295006013e-7,0.5985844135284424,0.6554805040359497,-0.001740130828693509,0.568234920501709,0.5615336298942566,0.0022785405162721872,0.5452917218208313,0.4902772605419159,-0.0020069105084985495,0.5103278160095215,0.4507012963294983,-0.006606434006243944,0.5894197821617126,0.5139431357383728,0.04652636870741844,0.5591090321540833,0.4613308310508728,0.028191329911351204,0.5281985402107239,0.4406019449234009,0.007246704772114754,0.4966919422149658,0.4256831407546997,-0.005515062715858221,0.6153551340103149,0.5018919110298157,0.03496268391609192,0.5863361358642578,0.4366208612918854,0.011098033748567104,0.5476855039596558,0.4260275065898895,-0.010884610004723072,0.5126966238021851,0.41708698868751526,-0.020314056426286697,0.6486210227012634,0.5017508864402771,0.017976097762584686,0.6186548471450806,0.43521010875701904,-0.016908979043364525,0.6096705198287964,0.5070993304252625,-0.02242889069020748,0.6115903854370117,0.569708526134491,-0.013193465769290924,0.6870090365409851,0.5097132325172424,0.0002933060168288648,0.6573947668075562,0.4498300552368164,-0.02248709835112095,0.6411584615707397,0.4949380159378052,-0.01831563375890255,0.6403995752334595,0.5454263091087341,-0.007731758989393711
NO,0.6512759923934937,0.7183768153190613,-2.2504454477711988e-7,0.5983583927154541,0.6546997427940369,-0.0023188963532447815,0.5684217810630798,0.5612031817436218,0.0007448868127539754,0.5447564125061035,0.4897852838039398,-0.004433219786733389,0.5092079639434814,0.4502648413181305,-0.009992795065045357,0.5897610187530518,0.5138777494430542,0.044900186359882355,0.5600401759147644,0.4614635109901428,0.025877296924591064,0.5289235711097717,0.4407617151737213,0.00467870756983757,0.4975188374519348,0.42618662118911743,-0.008235872723162174,0.6155964136123657,0.5020620822906494,0.03338633105158806,0.5869272351264954,0.4364206790924072,0.009058979339897633,0.5475096106529236,0.4261191785335541,-0.012823124416172504,0.512014627456665,0.4167272746562958,-0.02223830111324787,0.6487311124801636,0.5021272897720337,0.016423610970377922,0.619559109210968,0.4341086745262146,-0.01871483027935028,0.6093664169311523,0.5056651830673218,-0.02410593256354332,0.610889732837677,0.5677061676979065,-0.014864040538668633,0.6868402361869812,0.5105305314064026,-0.0012719634687528014,0.657762348651886,0.4510498642921448,-0.024375488981604576,0.6411436200141907,0.4963730573654175,-0.020466938614845276,0.6402732729911804,0.5464938282966614,-0.010089064948260784
NO,0.6511538028717041,0.7182102799415588,-2.2471324712114438e-7,0.5982537269592285,0.654757022857666,-0.0025056693702936172,0.5680193901062012,0.5607936382293701,0.0005271146073937416,0.5442639589309692,0.48945340514183044,-0.004617728292942047,0.5087484121322632,0.45006847381591797,-0.010137881152331829,0.589951753616333,0.5145806074142456,0.044468432664871216,0.5603498816490173,0.4618043303489685,0.025536708533763885,0.5291837453842163,0.44112151861190796,0.004528925754129887,0.49781668186187744,0.42669185996055603,-0.008275429718196392,0.6159287691116333,0.5025630593299866,0.03310171887278557,0.5873737931251526,0.4365961253643036,0.008745841681957245,0.547905683517456,0.42612653970718384,-0.013065963052213192,0.5122928619384766,0.4169977009296417,-0.022445421665906906,0.6490663886070251,0.5024256110191345,0.016291651874780655,0.6197692155838013,0.43415600061416626,-0.01893172413110733,0.6094692349433899,0.5053901672363281,-0.02444227784872055,0.6108074188232422,0.5676470994949341,-0.01527402363717556,0.6870455145835876,0.5106356739997864,-0.0012588348472490907,0.657799482345581,0.4513951241970062,-0.02451908029615879,0.6410366892814636,0.49614980816841125,-0.02089018002152443,0.6399608254432678,0.5463598966598511,-0.01070429664105177
NO,0.6508828997612,0.7177512645721436,-2.2488562478883978e-7,0.5983399748802185,0.6545684933662415,-0.0029203102458268404,0.5679588317871094,0.5609626770019531,-0.00008901376713765785,0.5439623594284058,0.48963451385498047,-0.005313575733453035,0.5084825158119202,0.45008954405784607,-0.010885882191359997,0.5901755690574646,0.5141486525535583,0.043888501822948456,0.5605825185775757,0.4614286422729492,0.024953201413154602,0.5294776558876038,0.44054555892944336,0.00396960973739624,0.49799594283103943,0.42603403329849243,-0.008868735283613205,0.6162670254707336,0.5023448467254639,0.03275347128510475,0.5876175165176392,0.4364945888519287,0.008375229313969612,0.5480091571807861,0.42609238624572754,-0.0134061174467206,0.5121145248413086,0.416991651058197,-0.022806689143180847,0.6493439674377441,0.5022907853126526,0.01617550104856491,0.619931697845459,0.43398016691207886,-0.019136536866426468,0.60930997133255,0.5051247477531433,-0.024723218753933907,0.6106082201004028,0.5675907135009766,-0.015610124915838242,0.6872668862342834,0.510741114616394,-0.0011672856053337455,0.657703161239624,0.45183032751083374,-0.02476154826581478,0.6407879590988159,0.49649426341056824,-0.021445954218506813,0.6393082737922668,0.5468701124191284,-0.011451258324086666
NO,0.6489486694335938,0.7180832624435425,-2.3874841303950234e-7,0.5978095531463623,0.6541506052017212,-0.002498581074178219,0.567476212978363,0.5614965558052063,0.0006040229927748442,0.5436805486679077,0.4917103350162506,-0.004518964793533087,0.5079775452613831,0.4540312886238098,-0.009975196793675423,0.5887321829795837,0.5154853463172913,0.044835783541202545,0.5597116351127625,0.46363553404808044,0.02542097121477127,0.5285435318946838,0.4439585506916046,0.0037944959476590157,0.49692776799201965,0.4314877986907959,-0.0090570580214262,0.6144660115242004,0.5040746927261353,0.03349294140934944,0.5869610905647278,0.4369751811027527,0.00773245096206665,0.5483723878860474,0.4275054335594177,-0.014900627546012402,0.5136552453041077,0.42205411195755005,-0.02398637682199478,0.6473793983459473,0.5035222768783569,0.01673690602183342,0.6181218028068542,0.43640485405921936,-0.018735771998763084,0.6078793406486511,0.5075528025627136,-0.024541087448596954,0.6091278791427612,0.5713738203048706,-0.014977140352129936,0.6858530640602112,0.5114403963088989,-0.000790818827226758,0.656290590763092,0.4512398838996887,-0.02346992678940296,0.6402814984321594,0.4948081076145172,-0.019481759518384933,0.639981746673584,0.5453888177871704,-0.008789267390966415
NO,0.6487383842468262,0.717941403388977,-2.3689180750352534e-7,0.5970085859298706,0.6529707908630371,-0.002323728520423174,0.5675429701805115,0.5609127283096313,0.0008258963353000581,0.5443362593650818,0.4907595217227936,-0.004282248206436634,0.5092630386352539,0.45198848843574524,-0.009691153652966022,0.5887424349784851,0.5156497955322266,0.045715510845184326,0.5593410134315491,0.46433764696121216,0.02629501186311245,0.5284521579742432,0.44454801082611084,0.004401597660034895,0.49655306339263916,0.43194103240966797,-0.008702942170202732,0.6145281195640564,0.5040656924247742,0.03435346856713295,0.5875518321990967,0.4377777576446533,0.008674298413097858,0.5492424368858337,0.4280984699726105,-0.014302805997431278,0.5142946243286133,0.42240291833877563,-0.02377435751259327,0.6472914218902588,0.5037067532539368,0.01754910498857498,0.6182234287261963,0.43599748611450195,-0.017759157344698906,0.607445240020752,0.5066792368888855,-0.02381254732608795,0.608163595199585,0.5702059268951416,-0.014531956054270267,0.6856759786605835,0.5114520192146301,-0.000021538797227549367,0.6560223698616028,0.45205649733543396,-0.02274317853152752,0.6395366191864014,0.4955238997936249,-0.019009936600923538,0.6386845111846924,0.5456727743148804,-0.008545401506125927
NO,0.6486536264419556,0.7174344658851624,-2.2433623314555007e-7,0.5971643328666687,0.6533141732215881,-0.003406873671337962,0.5672708749771118,0.560756266117096,-0.0008505297591909766,0.5436660051345825,0.4905020594596863,-0.006328749004751444,0.5082048177719116,0.4518209397792816,-0.012077403254806995,0.5881823897361755,0.5149438977241516,0.04442962631583214,0.5595382452011108,0.4636295735836029,0.025048723444342613,0.5292177200317383,0.4434241056442261,0.0033759670332074165,0.498074471950531,0.4299878776073456,-0.009699961170554161,0.6141377687454224,0.5035387873649597,0.0335124172270298,0.5872551798820496,0.4378257989883423,0.0076173231936991215,0.549275279045105,0.42841285467147827,-0.015244155190885067,0.5147104859352112,0.4226222336292267,-0.02457323484122753,0.6471525430679321,0.5032917857170105,0.017108069732785225,0.617949366569519,0.4362252354621887,-0.018439436331391335,0.6075365543365479,0.506669282913208,-0.024478137493133545,0.6084611415863037,0.5700368881225586,-0.015158567577600479,0.6854014992713928,0.5112228989601135,-0.00016062590293586254,0.6558923721313477,0.4518612027168274,-0.023241868242621422,0.6397230625152588,0.49538272619247437,-0.01976129412651062,0.639477014541626,0.5454847812652588,-0.009419423528015614
NO,0.6484816074371338,0.7172833681106567,-2.187758667560047e-7,0.5969901084899902,0.6533777117729187,-0.003660385264083743,0.5672632455825806,0.5609638094902039,-0.0013649296015501022,0.5437697172164917,0.4903291165828705,-0.007059652823954821,0.5082401633262634,0.451311320066452,-0.012941906228661537,0.588371753692627,0.5154264569282532,0.04420947656035423,0.5598707795143127,0.4637138843536377,0.024744391441345215,0.5294152498245239,0.44340261816978455,0.00304082571528852,0.4982433617115021,0.43007367849349976,-0.010055377148091793,0.6145108342170715,0.5039147138595581,0.03344196081161499,0.5880130529403687,0.4379146695137024,0.007529663387686014,0.5501617193222046,0.4283309578895569,-0.015201754868030548,0.5153800249099731,0.42253410816192627,-0.024497520178556442,0.6474745273590088,0.5035936832427979,0.0171387679874897,0.6184651255607605,0.4358041286468506,-0.018420614302158356,0.6074435710906982,0.5063602924346924,-0.024383578449487686,0.6079012155532837,0.5701099038124084,-0.01503084134310484,0.685674786567688,0.5114263296127319,-0.000043692583858501166,0.6561603546142578,0.45238110423088074,-0.02316819690167904,0.6395211815834045,0.4955274164676666,-0.019844889640808105,0.6382432579994202,0.5456897616386414,-0.009651832282543182
NO,0.6473249197006226,0.7160797119140625,-2.455551566526992e-7,0.5962896943092346,0.6537103056907654,-0.002137164119631052,0.5657860040664673,0.5604894757270813,0.0012018586276099086,0.5430411100387573,0.4912392199039459,-0.003575366223230958,0.5083677768707275,0.45363372564315796,-0.008719250559806824,0.5873655080795288,0.514659583568573,0.044619813561439514,0.5583454966545105,0.46263712644577026,0.025418508797883987,0.5275017023086548,0.44396424293518066,0.0039212931878864765,0.4958610534667969,0.4330199956893921,-0.008804547600448132,0.6131687760353088,0.5036686658859253,0.033246878534555435,0.5863176584243774,0.43751806020736694,0.00792788341641426,0.5480453372001648,0.42854535579681396,-0.014358330518007278,0.5131041407585144,0.42353543639183044,-0.023257652297616005,0.6463577747344971,0.5037079453468323,0.016509711742401123,0.6161275506019592,0.437322199344635,-0.018196694552898407,0.6062585115432739,0.5078622698783875,-0.023447200655937195,0.607714056968689,0.5706949830055237,-0.013856027275323868,0.6850205659866333,0.5119964480400085,-0.000995724112726748,0.6543838977813721,0.45265519618988037,-0.02346615679562092,0.6383203268051147,0.4973126947879791,-0.01922026090323925,0.6380953192710876,0.5475611686706543,-0.008472836576402187
NO,0.6472782492637634,0.7165539264678955,-2.3839187690555264e-7,0.5960134267807007,0.6541436910629272,-0.0032627247273921967,0.5660189390182495,0.5613545775413513,-0.00043414338142611086,0.5433305501937866,0.49111518263816833,-0.005584460683166981,0.5085744261741638,0.45202893018722534,-0.010951407253742218,0.5879665613174438,0.5161251425743103,0.04475134611129761,0.5588703155517578,0.46444836258888245,0.025610025972127914,0.5280279517173767,0.4455457627773285,0.004120963159948587,0.49629950523376465,0.4337240755558014,-0.008714784868061543,0.6138937473297119,0.5047376751899719,0.033932335674762726,0.5864022970199585,0.4386153221130371,0.008733700029551983,0.5482984781265259,0.42952898144721985,-0.013656158931553364,0.513530969619751,0.423647940158844,-0.022848529741168022,0.6468688249588013,0.5046011805534363,0.01754305697977543,0.6166404485702515,0.43675708770751953,-0.01756197027862072,0.6068069338798523,0.5076678991317749,-0.023264646530151367,0.6081730127334595,0.5710614323616028,-0.013949330896139145,0.6855956315994263,0.5121163129806519,0.0003141554770991206,0.6552112698554993,0.45288321375846863,-0.02256481721997261,0.6388123035430908,0.49642765522003174,-0.018933260813355446,0.6381317377090454,0.5465407967567444,-0.008634399622678757
NO,0.6467525959014893,0.7158414125442505,-2.4181878188755945e-7,0.5959518551826477,0.6536281704902649,-0.002874778350815177,0.5657379627227783,0.5605850219726562,0.00002785752440104261,0.5429420471191406,0.4913317561149597,-0.005032631102949381,0.5083688497543335,0.453330934047699,-0.01039542630314827,0.587230384349823,0.5153869986534119,0.04365701600909233,0.5582753419876099,0.4632287621498108,0.02431887947022915,0.5274795293807983,0.44449523091316223,0.0028441206086426973,0.4958997368812561,0.4331989884376526,-0.009914330206811428,0.6132407784461975,0.5041205883026123,0.032582394778728485,0.5860447287559509,0.43835023045539856,0.007188125513494015,0.5480262041091919,0.42886796593666077,-0.015055444091558456,0.5132215023040771,0.4235305190086365,-0.024054748937487602,0.6463453769683838,0.5039206743240356,0.01612139865756035,0.6163066029548645,0.4372725486755371,-0.018866470083594322,0.6064962148666382,0.507577121257782,-0.024262281134724617,0.6079489588737488,0.5709103941917419,-0.01477244682610035,0.6850013732910156,0.5119175314903259,-0.001164414919912815,0.6543800830841064,0.45281678438186646,-0.024111349135637283,0.6382616758346558,0.49689772725105286,-0.020262589678168297,0.6375196576118469,0.5473539233207703,-0.009791698306798935
NO,0.6470330357551575,0.7152408361434937,-2.35681099525209e-7,0.5959244966506958,0.653274655342102,-0.0037648638244718313,0.5657784342765808,0.5608842968940735,-0.0013338307617232203,0.5428844094276428,0.4911353588104248,-0.006729193963110447,0.5080724358558655,0.45264822244644165,-0.012318804860115051,0.5874708890914917,0.5158312320709229,0.04336068779230118,0.5586032867431641,0.46343910694122314,0.023884164169430733,0.5279287695884705,0.4444984793663025,0.002359220525249839,0.4964046776294708,0.4329211413860321,-0.010454030707478523,0.6136214733123779,0.5041778683662415,0.03269945830106735,0.586266040802002,0.43825763463974,0.007223641034215689,0.5481149554252625,0.4292077422142029,-0.015050038695335388,0.513327419757843,0.42367762327194214,-0.024091361090540886,0.64681476354599,0.5040706396102905,0.016538089141249657,0.6165488958358765,0.43680432438850403,-0.018572386354207993,0.6067237854003906,0.5073524713516235,-0.024034854024648666,0.6082099676132202,0.5705822706222534,-0.014560299925506115,0.6854130625724792,0.5120157599449158,-0.0005203470354899764,0.6548315286636353,0.45319855213165283,-0.02356395125389099,0.6382899284362793,0.49653273820877075,-0.019966259598731995,0.6374355554580688,0.5467827320098877,-0.009672333486378193
NO,0.646267294883728,0.7152513265609741,-2.407421106909169e-7,0.5957065224647522,0.6532732248306274,-0.00301817967556417,0.5655017495155334,0.5604146122932434,-0.00032761588227003813,0.5433434844017029,0.49059581756591797,-0.005594445392489433,0.5090667605400085,0.45172324776649475,-0.01115128118544817,0.5873399376869202,0.5150524973869324,0.04381532222032547,0.5587024688720703,0.46319445967674255,0.024446314200758934,0.5278880596160889,0.44467127323150635,0.00296646635979414,0.4964161813259125,0.43393927812576294,-0.009703307412564754,0.6133992671966553,0.5039156079292297,0.032833281904459,0.5859619379043579,0.43814340233802795,0.007625369820743799,0.5480027198791504,0.4291648864746094,-0.014507947489619255,0.513379693031311,0.42436036467552185,-0.023393243551254272,0.6466793417930603,0.5039255619049072,0.016388433054089546,0.6158181428909302,0.43744146823883057,-0.018419358879327774,0.6062552332878113,0.5078113675117493,-0.023750536143779755,0.6081256866455078,0.5709975957870483,-0.014197667129337788,0.6854745745658875,0.5119413137435913,-0.0008855913183651865,0.6543440818786621,0.45257049798965454,-0.023524876683950424,0.6382154226303101,0.49671682715415955,-0.01950063556432724,0.6377951502799988,0.5472599267959595,-0.008908801712095737
NO,0.6461814641952515,0.7154049873352051,-2.429561902772548e-7,0.5960338711738586,0.6537792086601257,-0.0033296942710876465,0.5656675100326538,0.5602572560310364,-0.0008606213959865272,0.5434648394584656,0.4902505576610565,-0.006292816251516342,0.5088667273521423,0.45149266719818115,-0.011993478052318096,0.5877275466918945,0.5148374438285828,0.04346225783228874,0.5590890645980835,0.46256253123283386,0.023686179891228676,0.5280096530914307,0.44413405656814575,0.0020267192739993334,0.4962143301963806,0.43366360664367676,-0.010611784644424915,0.6137876510620117,0.5036846399307251,0.032540298998355865,0.5864613056182861,0.43716076016426086,0.006819176021963358,0.5481400489807129,0.4285818934440613,-0.015311422757804394,0.5133180618286133,0.42455530166625977,-0.0238929633051157,0.6469147801399231,0.5037442445755005,0.016100961714982986,0.6154590845108032,0.4374960958957672,-0.01897714100778103,0.6058787107467651,0.5082321166992188,-0.024099746719002724,0.6075842380523682,0.5715638399124146,-0.014183509163558483,0.6856963634490967,0.512119472026825,-0.001184896333143115,0.6542105674743652,0.45225757360458374,-0.023817770183086395,0.6380500197410583,0.4969329833984375,-0.01945650391280651,0.6378806829452515,0.5476773977279663,-0.008515745401382446
NO,0.6464123725891113,0.7158039212226868,-2.434199757317401e-7,0.5960128307342529,0.6538473963737488,-0.002635224489495158,0.5654298663139343,0.5609852075576782,0.00015085363702382892,0.5430777668952942,0.49155497550964355,-0.005185593385249376,0.5083885788917542,0.45288458466529846,-0.01082374807447195,0.5876173973083496,0.5143777132034302,0.04480352997779846,0.5595059394836426,0.461860328912735,0.025173699483275414,0.528727650642395,0.44315701723098755,0.003554488765075803,0.49727103114128113,0.43282824754714966,-0.009008790366351604,0.6135695576667786,0.5035151839256287,0.03345179185271263,0.5865233540534973,0.43645599484443665,0.0077925329096615314,0.5487417578697205,0.4278576672077179,-0.014472520910203457,0.5143992304801941,0.42426538467407227,-0.02298632077872753,0.646680474281311,0.5037393569946289,0.01664104126393795,0.6151798367500305,0.43816906213760376,-0.01822500489652157,0.605695366859436,0.5085185170173645,-0.023420028388500214,0.6074531078338623,0.5716752409934998,-0.013491972349584103,0.685302734375,0.5122005939483643,-0.00098644127137959,0.6541154980659485,0.45212307572364807,-0.023118318989872932,0.6382543444633484,0.49658992886543274,-0.018441855907440186,0.6381831765174866,0.5472707748413086,-0.007302259095013142
NO,0.6463855504989624,0.7166014909744263,-2.4094680384223466e-7,0.5959463715553284,0.6538040041923523,-0.0027879844419658184,0.5657586455345154,0.5609666705131531,0.0002209915401181206,0.5438498258590698,0.4906516969203949,-0.004965357482433319,0.5098752379417419,0.4510194659233093,-0.010413523763418198,0.5879377126693726,0.5155966281890869,0.04581950604915619,0.5593199729919434,0.4633539021015167,0.026582885533571243,0.5285541415214539,0.44412147998809814,0.005078959744423628,0.4972040355205536,0.4330306053161621,-0.0075687384232878685,0.6138128638267517,0.5043320655822754,0.03461076691746712,0.5863844752311707,0.43761247396469116,0.009381637908518314,0.5485320687294006,0.42807018756866455,-0.013073706068098545,0.5140819549560547,0.42314863204956055,-0.02203880436718464,0.6469168663024902,0.504338264465332,0.017826059833168983,0.6159471273422241,0.43789297342300415,-0.017201248556375504,0.6062254309654236,0.5081429481506348,-0.023042287677526474,0.6076133847236633,0.5716777443885803,-0.013613315299153328,0.6858772039413452,0.512188732624054,0.0002249853714602068,0.6547302603721619,0.4520484209060669,-0.0221902746707201,0.638709306716919,0.4956311583518982,-0.01815739832818508,0.6385275721549988,0.5460748076438904,-0.00752613740041852
NO,0.6466097235679626,0.7150301933288574,-2.6170638989242434e-7,0.596164882183075,0.654538631439209,-0.0022065374068915844,0.565544843673706,0.5602595210075378,0.001352050923742354,0.5445847511291504,0.48976653814315796,-0.0032193937804549932,0.5114523768424988,0.44974735379219055,-0.008211581036448479,0.5881590247154236,0.514397919178009,0.04432457685470581,0.5595277547836304,0.4613645076751709,0.024960936978459358,0.5286459922790527,0.44254449009895325,0.0037914151325821877,0.49727490544319153,0.4325670003890991,-0.008429043926298618,0.6138738989830017,0.5030789971351624,0.032997604459524155,0.5853310823440552,0.43637484312057495,0.00792793370783329,0.546763002872467,0.42819449305534363,-0.013804154470562935,0.5122272968292236,0.4247983992099762,-0.022143378853797913,0.6466985940933228,0.5032222270965576,0.01626242883503437,0.6150420904159546,0.43798884749412537,-0.01857887953519821,0.605692446231842,0.5086684226989746,-0.023693982511758804,0.6078056693077087,0.5717507004737854,-0.013879794627428055,0.685431957244873,0.5116882920265198,-0.0012185004306957126,0.6541635394096375,0.45161527395248413,-0.023920899257063866,0.6381022930145264,0.49675223231315613,-0.019514916464686394,0.6377118825912476,0.5478272438049316,-0.008566140197217464
NO,0.6465156078338623,0.7151865363121033,-2.527965534682153e-7,0.5963513851165771,0.6546947360038757,-0.0025460838805884123,0.5658091306686401,0.5609082579612732,0.000712170556653291,0.5446223616600037,0.49114376306533813,-0.004075625445693731,0.5111790895462036,0.4510902166366577,-0.009172520600259304,0.5879727602005005,0.513948917388916,0.0438389778137207,0.5593945384025574,0.46175768971443176,0.024586139246821404,0.5290340185165405,0.4425245225429535,0.0034633360337466,0.49781519174575806,0.4316600561141968,-0.008822641335427761,0.6137486100196838,0.5030515193939209,0.03260500356554985,0.5854339003562927,0.436808317899704,0.007413666695356369,0.5474215149879456,0.42839011549949646,-0.014250504784286022,0.5131983757019043,0.4247320294380188,-0.022581422701478004,0.646862268447876,0.5033826231956482,0.015924252569675446,0.6157211661338806,0.43804794549942017,-0.01876111514866352,0.6066410541534424,0.508376955986023,-0.023697255179286003,0.6084699630737305,0.571557343006134,-0.01377769373357296,0.6855153441429138,0.5119611620903015,-0.001567366416566074,0.6546962261199951,0.45213475823402405,-0.02364051714539528,0.6390902400016785,0.4958873987197876,-0.019035346806049347,0.639045238494873,0.5455785393714905,-0.008070873096585274
NO,0.6463678479194641,0.7150281667709351,-2.5567655370650755e-7,0.5962784886360168,0.6545806527137756,-0.00235542980954051,0.5657745599746704,0.5607285499572754,0.000972278940025717,0.5447272062301636,0.49084433913230896,-0.003801746293902397,0.511452317237854,0.45078885555267334,-0.008916393853724003,0.5879493355751038,0.5139926075935364,0.044015251100063324,0.559514045715332,0.46165764331817627,0.02467120811343193,0.528968334197998,0.4425727128982544,0.0034522691275924444,0.49771660566329956,0.43205252289772034,-0.008873889222741127,0.6136752963066101,0.5029625296592712,0.032680850476026535,0.5853167176246643,0.4369705617427826,0.007631829008460045,0.5471967458724976,0.42833685874938965,-0.014016873203217983,0.5128602385520935,0.42445963621139526,-0.022404329851269722,0.646632194519043,0.5033410787582397,0.015896493569016457,0.6154267191886902,0.4380970299243927,-0.01872064732015133,0.6063605546951294,0.5084986686706543,-0.023613329976797104,0.6083833575248718,0.5713868737220764,-0.013733512721955776,0.6851196885108948,0.5119603872299194,-0.001675365841947496,0.6545668840408325,0.4519667625427246,-0.02384001947939396,0.6386339664459229,0.4959128797054291,-0.01923069730401039,0.638526439666748,0.5460524559020996,-0.008269388228654861
NO,0.6464748382568359,0.7151314616203308,-2.54810998967514e-7,0.5962856411933899,0.6544549465179443,-0.002323277061805129,0.56585294008255,0.5608594417572021,0.0010454747825860977,0.544792652130127,0.4907331168651581,-0.003710167482495308,0.5114426612854004,0.45074570178985596,-0.008802508935332298,0.5881510376930237,0.5143089294433594,0.04422953724861145,0.5597320199012756,0.46186813712120056,0.024907417595386505,0.5290935039520264,0.4427492320537567,0.0036912979558110237,0.49785539507865906,0.4320750832557678,-0.008646837435662746,0.613849401473999,0.5032978057861328,0.03287024796009064,0.5854856371879578,0.4370575547218323,0.007830740883946419,0.547279953956604,0.42837607860565186,-0.013850034214556217,0.5128411054611206,0.4243677258491516,-0.02228459157049656,0.6467455625534058,0.5035262703895569,0.016076605767011642,0.6154195666313171,0.43806344270706177,-0.018586216494441032,0.6062352061271667,0.5084141492843628,-0.023548832163214684,0.6082701086997986,0.5713895559310913,-0.013680210337042809,0.6851649284362793,0.511987566947937,-0.0015166164375841618,0.6546319127082825,0.4518962502479553,-0.023718655109405518,0.6387107968330383,0.4957885146141052,-0.019180599600076675,0.638619601726532,0.546029269695282,-0.008236430585384369
NO,0.6475382447242737,0.7162967324256897,-2.620045620460587e-7,0.596888542175293,0.6540908217430115,-0.001516590709798038,0.5678409337997437,0.561442494392395,0.0024836238007992506,0.5471464395523071,0.4912188947200775,-0.001807879889383912,0.5136609077453613,0.4510968327522278,-0.006486197002232075,0.5907317399978638,0.5172061324119568,0.0457005612552166,0.5617748498916626,0.46523037552833557,0.02728447876870632,0.5303722620010376,0.44507449865341187,0.0064673274755477905,0.4984419047832489,0.432605504989624,-0.005901259370148182,0.6156756281852722,0.5052511096000671,0.034115031361579895,0.5863991379737854,0.43859028816223145,0.00988732185214758,0.5473932027816772,0.4286327660083771,-0.011877994984388351,0.5124505758285522,0.4228610694408417,-0.02071809209883213,0.6479575037956238,0.5046641826629639,0.017170730978250504,0.6163830161094666,0.4382776618003845,-0.017359422519803047,0.6067634224891663,0.5082440972328186,-0.02283141203224659,0.6087194681167603,0.5707449913024902,-0.013434682972729206,0.6859982013702393,0.5122491717338562,-0.0004873491998296231,0.65495365858078,0.451959490776062,-0.02286914922297001,0.6385293006896973,0.4958132803440094,-0.018614206463098526,0.6381220817565918,0.5464622974395752,-0.007934387773275375
NO,0.6474000215530396,0.7154808044433594,-2.5873492859318503e-7,0.5975316762924194,0.6549214124679565,-0.0028260755352675915,0.5674561858177185,0.5604727268218994,0.0005204688641242683,0.5464252233505249,0.48957252502441406,-0.004057772923260927,0.5129246711730957,0.44970157742500305,-0.009043440222740173,0.5903595685958862,0.5157991647720337,0.043936051428318024,0.5609487891197205,0.4634193480014801,0.024888303130865097,0.5291399955749512,0.4446435272693634,0.003881143406033516,0.49708521366119385,0.4339529275894165,-0.008384023793041706,0.6155171394348145,0.5037823915481567,0.03300856053829193,0.5871766209602356,0.43753954768180847,0.008176778443157673,0.5475459098815918,0.42838212847709656,-0.013480380177497864,0.5120390057563782,0.42397937178611755,-0.0219115037471056,0.6479158401489258,0.5036612749099731,0.016626741737127304,0.616592288017273,0.4380195438861847,-0.01817166432738304,0.6061308979988098,0.5076624751091003,-0.023720191791653633,0.6074603796005249,0.5705167055130005,-0.014318780973553658,0.6855654716491699,0.5118531584739685,-0.0005251790280453861,0.6546335816383362,0.4523323178291321,-0.023399904370307922,0.6380423307418823,0.49735206365585327,-0.019443398341536522,0.63735431432724,0.5487721562385559,-0.008864456787705421
NO,0.6472101211547852,0.7156603932380676,-2.644800076723186e-7,0.5973331928253174,0.6541118621826172,-0.0021524899639189243,0.5675539970397949,0.5599123239517212,0.001626142649911344,0.5463649034500122,0.4895423650741577,-0.0027176951989531517,0.5126062631607056,0.4503861665725708,-0.007493679877370596,0.5906272530555725,0.5155307650566101,0.044726572930812836,0.5617709159851074,0.462677001953125,0.02579219825565815,0.5301680564880371,0.4435959756374359,0.004768918734043837,0.4980925917625427,0.43273961544036865,-0.0075784604996442795,0.6157131195068359,0.5038666129112244,0.033403631299734116,0.5870774388313293,0.4372047781944275,0.008562859147787094,0.5475671291351318,0.42800721526145935,-0.013301162980496883,0.512157142162323,0.42340734601020813,-0.021929964423179626,0.6481339931488037,0.503911554813385,0.016673555597662926,0.6166564226150513,0.4379776418209076,-0.018199609592556953,0.606467604637146,0.5078718662261963,-0.023757459595799446,0.6080250144004822,0.570664644241333,-0.014318532310426235,0.6859229803085327,0.5122403502464294,-0.0007936423644423485,0.6546950340270996,0.45229974389076233,-0.023644419386982918,0.6381478309631348,0.49681055545806885,-0.019631462171673775,0.6372886896133423,0.547944188117981,-0.009047993458807468
NO,0.6472024917602539,0.7161211967468262,-2.6600974933899124e-7,0.5971395373344421,0.6543684601783752,-0.002177972812205553,0.5672902464866638,0.5601474642753601,0.0015388492029160261,0.5464930534362793,0.4898586869239807,-0.0028678015805780888,0.5128828287124634,0.4504973590373993,-0.007655332330614328,0.5900613069534302,0.5153994560241699,0.04463959485292435,0.5606694221496582,0.4633389711380005,0.025357402861118317,0.5291043519973755,0.4444354176521301,0.003983319737017155,0.49691662192344666,0.4341278672218323,-0.00848548486828804,0.6153473258018494,0.5039355754852295,0.03326272591948509,0.5870630741119385,0.4371756911277771,0.008216628804802895,0.548022985458374,0.42794281244277954,-0.013810727745294571,0.5128538012504578,0.4234676957130432,-0.022489601746201515,0.6479105353355408,0.5039070248603821,0.01647099107503891,0.616919994354248,0.4379943013191223,-0.01837656833231449,0.6066738963127136,0.5077640414237976,-0.02388576790690422,0.6080124378204346,0.570840060710907,-0.014376741833984852,0.6858779191970825,0.5125094652175903,-0.0010854487773030996,0.6551991701126099,0.45225316286087036,-0.02375369891524315,0.6383988261222839,0.49664074182510376,-0.019584067165851593,0.6374367475509644,0.5478442311286926,-0.008876978419721127
NO,0.6489415168762207,0.7174511551856995,-2.659245694758283e-7,0.5979783535003662,0.6532668471336365,-0.0006922853644937277,0.5686604380607605,0.5613910555839539,0.00351104442961514,0.5467239022254944,0.49177297949790955,-0.0008157389238476753,0.5123510360717773,0.4530808925628662,-0.005623341538012028,0.5933462381362915,0.5179796814918518,0.046914733946323395,0.5639728903770447,0.4652029275894165,0.028485296294093132,0.5316707491874695,0.44437551498413086,0.0075040897354483604,0.4992436170578003,0.4321195185184479,-0.004971222952008247,0.6176439523696899,0.5061980485916138,0.03493087366223335,0.5889574885368347,0.43846601247787476,0.010736329481005669,0.5489487648010254,0.42830827832221985,-0.011199427768588066,0.5132661461830139,0.42254844307899475,-0.02011171542108059,0.6496049165725708,0.5057635307312012,0.017645005136728287,0.6173539757728577,0.4389408230781555,-0.016491984948515892,0.6070464253425598,0.5087371468544006,-0.02196411043405533,0.6091216802597046,0.571269154548645,-0.012607625685632229,0.6869924068450928,0.5139623880386353,-0.00030715728644281626,0.6553676128387451,0.453220397233963,-0.022153131663799286,0.6383439898490906,0.496812105178833,-0.017730064690113068,0.6377183794975281,0.547387957572937,-0.007017362862825394
NO,0.6478875875473022,0.7168620228767395,-2.8545230179588543e-7,0.5976896286010742,0.652328610420227,-0.00010016549640567973,0.5687739849090576,0.5598192811012268,0.004546937998384237,0.5475034713745117,0.49098923802375793,0.0005981880240142345,0.5133093595504761,0.453126460313797,-0.0039705983363091946,0.5929999351501465,0.5151905417442322,0.04739208146929741,0.5640976428985596,0.4620552957057953,0.028627991676330566,0.5315071940422058,0.4429871737957001,0.007260927464812994,0.4985927939414978,0.43253201246261597,-0.005347670987248421,0.6172446608543396,0.5038638710975647,0.03512834385037422,0.5882038474082947,0.43665310740470886,0.010534723289310932,0.5472890734672546,0.42836710810661316,-0.011866917833685875,0.511137843132019,0.424629807472229,-0.02089937962591648,0.6492640376091003,0.5040426850318909,0.01758306846022606,0.617296576499939,0.4378935694694519,-0.016723284497857094,0.6068452596664429,0.5077828168869019,-0.02241108939051628,0.6087236404418945,0.5699878334999084,-0.013189663179218769,0.6864496469497681,0.5129351615905762,-0.0005689577083103359,0.6544026136398315,0.45320481061935425,-0.022959083318710327,0.6380219459533691,0.4984925091266632,-0.0186979528516531,0.6383882761001587,0.5490992069244385,-0.007960093207657337
NO,0.6483929753303528,0.717528760433197,-2.817858728576539e-7,0.5978785753250122,0.653816819190979,-0.0008455011993646622,0.5683485269546509,0.5613282322883606,0.0033796345815062523,0.547256350517273,0.49178773164749146,-0.0008745338418520987,0.5133041739463806,0.4531625509262085,-0.0056406245566904545,0.5925095081329346,0.5169793367385864,0.046679724007844925,0.5627709031105042,0.464503675699234,0.027511080726981163,0.52998948097229,0.4448353052139282,0.005934505723416805,0.49714475870132446,0.43373388051986694,-0.006768749561160803,0.6171332597732544,0.5049155354499817,0.034621112048625946,0.5882813930511475,0.4372592270374298,0.009859242476522923,0.54753577709198,0.42791181802749634,-0.012361974455416203,0.5115341544151306,0.4234973192214966,-0.021273212507367134,0.649432897567749,0.5048019886016846,0.017234714701771736,0.6176182627677917,0.43802952766418457,-0.01715887524187565,0.607029378414154,0.5076978206634521,-0.022562498226761818,0.6087683439254761,0.5700969099998474,-0.013139337301254272,0.6868789196014404,0.513470470905304,-0.0008697937591932714,0.6554781198501587,0.45334017276763916,-0.022922739386558533,0.6384369134902954,0.49744030833244324,-0.018419720232486725,0.6381654143333435,0.5478290915489197,-0.007579292636364698
NO,0.6481614708900452,0.7177180647850037,-2.7395330448598543e-7,0.5979275703430176,0.6527866125106812,-0.000602868793066591,0.5684686899185181,0.5606094598770142,0.0038645281456410885,0.5465982556343079,0.4917505383491516,-0.00018622804782353342,0.5119413137435913,0.4542449712753296,-0.0047849928960204124,0.5923662185668945,0.5159474611282349,0.047218888998031616,0.563687801361084,0.46377453207969666,0.02860083058476448,0.5315568447113037,0.44343313574790955,0.007254589814692736,0.49896153807640076,0.4316917955875397,-0.005461107473820448,0.6170412302017212,0.5042061805725098,0.03516744449734688,0.588387131690979,0.4371998906135559,0.010656514205038548,0.5486682653427124,0.4279724955558777,-0.011652893386781216,0.5130503177642822,0.4233260452747345,-0.02068673074245453,0.649177610874176,0.5042822360992432,0.017839934676885605,0.6175607442855835,0.4381779730319977,-0.016426024958491325,0.6071674227714539,0.5078163146972656,-0.02201523818075657,0.608851432800293,0.5701659321784973,-0.012715698219835758,0.6865164041519165,0.5132781267166138,-0.00016591494204476476,0.6553657650947571,0.453153520822525,-0.02220502309501171,0.638452410697937,0.49739566445350647,-0.017839934676885605,0.6378904581069946,0.5481129288673401,-0.0071359737776219845
NO,0.6483243107795715,0.7178096175193787,-2.7320325557411707e-7,0.5984606146812439,0.6533395051956177,-0.001049619633704424,0.5691025853157043,0.5612297654151917,0.0029121162369847298,0.5471273064613342,0.49201318621635437,-0.0016032066196203232,0.5127491354942322,0.4527190327644348,-0.006631175521761179,0.5939045548439026,0.5173693299293518,0.04651791229844093,0.5638847947120667,0.46496981382369995,0.027568981051445007,0.5314989686012268,0.4444625973701477,0.006218210328370333,0.49903616309165955,0.4322957396507263,-0.006398586090654135,0.6183186769485474,0.5054068565368652,0.034613121300935745,0.5891743302345276,0.4379611015319824,0.009939642623066902,0.5490226149559021,0.428270161151886,-0.012094656936824322,0.5134468674659729,0.4230513572692871,-0.020904580131173134,0.6503051519393921,0.5052506327629089,0.017363520339131355,0.6174789667129517,0.4388790726661682,-0.017145173624157906,0.6075254678726196,0.5095558762550354,-0.02227163501083851,0.6099093556404114,0.5720770955085754,-0.012531355023384094,0.6880406141281128,0.5135610699653625,-0.0005969007033854723,0.6561750173568726,0.45321381092071533,-0.02255643904209137,0.6393298506736755,0.49741578102111816,-0.01773376762866974,0.6391509175300598,0.5477173924446106,-0.006626429036259651
NO,0.647745668888092,0.7174228429794312,-2.887419157104887e-7,0.5989918112754822,0.6539250612258911,-0.0012761191464960575,0.5695477724075317,0.5610495209693909,0.0028668330051004887,0.5475491285324097,0.49247995018959045,-0.0013033210998401046,0.5129430294036865,0.454641729593277,-0.006102664861828089,0.5945884585380554,0.5157044529914856,0.045680101960897446,0.5660030841827393,0.4631422758102417,0.026454340666532516,0.5336885452270508,0.4432939291000366,0.005132861435413361,0.5008909702301025,0.4317629933357239,-0.007455658167600632,0.6186380982398987,0.5042244791984558,0.03377753868699074,0.5890223383903503,0.436652272939682,0.008997881785035133,0.5477035641670227,0.4285489022731781,-0.012744634412229061,0.5118252635002136,0.4243146777153015,-0.021307287737727165,0.6505170464515686,0.5043277144432068,0.01651977002620697,0.6184065937995911,0.43833500146865845,-0.018175533041357994,0.6076240539550781,0.508328914642334,-0.023029278963804245,0.6096299290657043,0.5700220465660095,-0.013170401565730572,0.6879551410675049,0.5137671232223511,-0.001451156917028129,0.6560593843460083,0.4539567828178406,-0.023748354986310005,0.6394364237785339,0.4987695813179016,-0.018866222351789474,0.6395058631896973,0.5487856864929199,-0.007706387899816036
NO,0.6475762128829956,0.7179214954376221,-2.87333278947699e-7,0.5988372564315796,0.6542319655418396,-0.0013961816439405084,0.569376528263092,0.5614877343177795,0.002407168736681342,0.5472520589828491,0.49218249320983887,-0.002145236823707819,0.5124022364616394,0.45404043793678284,-0.0073341019451618195,0.5945761799812317,0.516295850276947,0.04604317992925644,0.5651939511299133,0.4632702171802521,0.026776345446705818,0.5320726633071899,0.4432861804962158,0.005271830130368471,0.49891453981399536,0.43160274624824524,-0.007414696272462606,0.6187916994094849,0.5044984221458435,0.03419104218482971,0.5896309614181519,0.43697232007980347,0.009107180871069431,0.5482136607170105,0.4280875623226166,-0.013046830892562866,0.5119918584823608,0.4236753284931183,-0.02180793136358261,0.6507375240325928,0.5048839449882507,0.016972258687019348,0.6184091567993164,0.43857741355895996,-0.017835093662142754,0.6073545217514038,0.5084370374679565,-0.023154333233833313,0.6089997291564941,0.5707842111587524,-0.013520916923880577,0.688125491142273,0.5140366554260254,-0.0009576526354067028,0.6561794877052307,0.45355361700057983,-0.023325003683567047,0.639496386051178,0.4979402720928192,-0.018745338544249535,0.6397955417633057,0.5479529500007629,-0.007751296740025282
NO,0.6470657587051392,0.717840313911438,-2.8988299050070054e-7,0.5985054969787598,0.6536935567855835,-0.0013354846742004156,0.5692025423049927,0.5610519647598267,0.002443451201543212,0.5473411083221436,0.49199581146240234,-0.0021223188377916813,0.5126119256019592,0.4537593722343445,-0.0073422035202383995,0.594622015953064,0.516224205493927,0.04580700770020485,0.5652214884757996,0.4633210301399231,0.02641107700765133,0.5320152044296265,0.4432842433452606,0.004822912625968456,0.4989601969718933,0.4316651523113251,-0.007892039604485035,0.6187300682067871,0.5045173764228821,0.033900219947099686,0.5896708965301514,0.4369303584098816,0.008754712529480457,0.5480653047561646,0.428236186504364,-0.013328777626156807,0.5118376016616821,0.42406579852104187,-0.021993430331349373,0.6506488919258118,0.5048240423202515,0.016646752133965492,0.6182224154472351,0.4388216733932495,-0.018030820414423943,0.6073098182678223,0.5085858106613159,-0.023036222904920578,0.609084963798523,0.5707115530967712,-0.013243457302451134,0.6880167722702026,0.5140694975852966,-0.0013354846742004156,0.6559439301490784,0.4537310004234314,-0.023529179394245148,0.6395012140274048,0.4984912574291229,-0.01864701695740223,0.6400880813598633,0.5484137535095215,-0.007460703141987324
NO,0.6487330794334412,0.7172718644142151,-3.017800906945922e-7,0.5994738936424255,0.6538463234901428,-0.0003430627111811191,0.5699944496154785,0.5609329342842102,0.003971120808273554,0.5481991767883301,0.4920383095741272,-0.0001947672717506066,0.5138397812843323,0.45331692695617676,-0.004925421439111233,0.5951289534568787,0.5153360366821289,0.047132495790719986,0.5648897886276245,0.46340328454971313,0.02786651812493801,0.5311567783355713,0.4443741738796234,0.006170984357595444,0.49775636196136475,0.4338756501674652,-0.006568807177245617,0.6192415952682495,0.5037305355072021,0.034818943589925766,0.5894144177436829,0.4364631474018097,0.010248664766550064,0.5481116771697998,0.4276449680328369,-0.011773651465773582,0.5119529962539673,0.42259663343429565,-0.020516274496912956,0.6511924266815186,0.5036529302597046,0.01718214340507984,0.6177186965942383,0.43867388367652893,-0.016879038885235786,0.6083810925483704,0.5092666149139404,-0.021671855822205544,0.6116563677787781,0.5706543922424316,-0.011944146826863289,0.6891465187072754,0.5122344493865967,-0.0011336758034303784,0.6559144854545593,0.4531019330024719,-0.022808490321040154,0.6398889422416687,0.4987981915473938,-0.017532605677843094,0.6413254737854004,0.5484674572944641,-0.0061851926147937775
NO,0.6492515206336975,0.7162966728210449,-2.9451550176418095e-7,0.6000211834907532,0.6537585258483887,-0.000954274320974946,0.5699352622032166,0.5612913966178894,0.003057947615161538,0.5483465194702148,0.4923309087753296,-0.0012988569214940071,0.5142236351966858,0.453407347202301,-0.006220278795808554,0.5951215624809265,0.5153278112411499,0.04627013951539993,0.5649781227111816,0.4629857838153839,0.02702571265399456,0.531643271446228,0.4437706470489502,0.005484852474182844,0.4983443021774292,0.4328489601612091,-0.007216662168502808,0.6194787621498108,0.5035859942436218,0.03423762694001198,0.5898156762123108,0.43699467182159424,0.00946089718490839,0.5482106804847717,0.4280850291252136,-0.01254494022578001,0.5117108821868896,0.42333200573921204,-0.021332092583179474,0.6514509320259094,0.5038838386535645,0.01684362255036831,0.618401050567627,0.43873700499534607,-0.01749838888645172,0.6086630821228027,0.508564829826355,-0.022432858124375343,0.611280083656311,0.5700970888137817,-0.01280115358531475,0.6891224980354309,0.5128853917121887,-0.0012395483208820224,0.6562458276748657,0.4537808299064636,-0.023210985586047173,0.6400187015533447,0.4984848201274872,-0.018267028033733368,0.6410509347915649,0.5478914976119995,-0.007173960097134113
NO,0.6496723890304565,0.7160007357597351,-2.9196945661169593e-7,0.6001426577568054,0.6537119150161743,-0.0007236830424517393,0.5702751278877258,0.5610772371292114,0.003520428901538253,0.5491526126861572,0.49174943566322327,-0.0006705578998662531,0.5155385732650757,0.452219158411026,-0.005416407715529203,0.5948103666305542,0.5156658291816711,0.046655721962451935,0.5642009973526001,0.463639497756958,0.027275651693344116,0.5306048393249512,0.44456711411476135,0.005496685858815908,0.49723386764526367,0.43411749601364136,-0.007295858580619097,0.6191462874412537,0.503859281539917,0.034547895193099976,0.5898178815841675,0.43745243549346924,0.009633366949856281,0.5482959747314453,0.4280282258987427,-0.012712267227470875,0.5115596055984497,0.4232027530670166,-0.021684519946575165,0.6513248085975647,0.5039503574371338,0.017075613141059875,0.6182927489280701,0.4392370581626892,-0.017358949407935143,0.6084904074668884,0.5086686611175537,-0.022666746750473976,0.6108899116516113,0.5701428055763245,-0.013222268782556057,0.6890541911125183,0.5125518441200256,-0.001094378880225122,0.6561862826347351,0.45369279384613037,-0.023252302780747414,0.6397951245307922,0.4984896183013916,-0.018530063331127167,0.6405147314071655,0.5482470989227295,-0.007517803926020861
NO,0.6502257585525513,0.715670108795166,-2.8599149004548963e-7,0.6004869341850281,0.6541488766670227,-0.0010506256949156523,0.5703540444374084,0.5610455274581909,0.0032007843255996704,0.5494112372398376,0.49122461676597595,-0.0008520496776327491,0.516126275062561,0.45138582587242126,-0.005501200910657644,0.5945339798927307,0.5162502527236938,0.04574434831738472,0.5637940168380737,0.46450868248939514,0.026473645120859146,0.5304052233695984,0.4454658627510071,0.005025090184062719,0.4969911575317383,0.4347701668739319,-0.007561204489320517,0.6190980672836304,0.5039080381393433,0.033865150064229965,0.5899419784545898,0.43771666288375854,0.009206379763782024,0.5485137104988098,0.4280672073364258,-0.012708857655525208,0.5118571519851685,0.42281991243362427,-0.02143912762403488,0.6511985659599304,0.5036377310752869,0.016659162938594818,0.6187723875045776,0.43954870104789734,-0.017771659418940544,0.6084780097007751,0.5087761282920837,-0.022966453805565834,0.6105732321739197,0.5699254870414734,-0.013453665189445019,0.689172625541687,0.5122449994087219,-0.0012421305291354656,0.6563912630081177,0.45363932847976685,-0.02338128164410591,0.6398534178733826,0.49870532751083374,-0.018582463264465332,0.6400359272956848,0.5485435128211975,-0.007523493375629187
NO,0.6511942148208618,0.7145788073539734,-2.8104389571126376e-7,0.6015884280204773,0.6536914706230164,-0.001155275502242148,0.5715753436088562,0.5611127614974976,0.0029308570083230734,0.5500651597976685,0.49159324169158936,-0.0013335987459868193,0.5164707899093628,0.45222207903862,-0.006191288121044636,0.5951289534568787,0.5156829953193665,0.04583907499909401,0.5647324323654175,0.4632538855075836,0.026723764836788177,0.5313942432403564,0.44409120082855225,0.005437975749373436,0.49805915355682373,0.4332655668258667,-0.007043472956866026,0.6196207404136658,0.503207266330719,0.034087397158145905,0.5898312330245972,0.43673065304756165,0.009232787415385246,0.5485396385192871,0.4273143708705902,-0.012985226698219776,0.5118733644485474,0.4224681854248047,-0.021827232092618942,0.6517770886421204,0.5025554299354553,0.017006032168865204,0.6188693046569824,0.4383268654346466,-0.017872340977191925,0.6086970567703247,0.508380115032196,-0.023767014965415,0.6106346249580383,0.5703492760658264,-0.014548350125551224,0.6896893978118896,0.5106062889099121,-0.0006979912868700922,0.656985878944397,0.4522123336791992,-0.02346568927168846,0.6404069662094116,0.4975398778915405,-0.019341301172971725,0.6401587724685669,0.5482824444770813,-0.00860659684985876
NO,0.6516830325126648,0.7142586708068848,-2.6977681955031585e-7,0.6019670963287354,0.6548025012016296,-0.0023643355816602707,0.5711448788642883,0.5615895390510559,0.0010078171035274863,0.5498300194740295,0.49118319153785706,-0.0036967038176953793,0.5163665413856506,0.4510262608528137,-0.008891880512237549,0.5943782925605774,0.5169124007225037,0.04391750320792198,0.5630598068237305,0.4650804400444031,0.024164048954844475,0.5296751856803894,0.4461860656738281,0.0026882977690547705,0.49631965160369873,0.4361248016357422,-0.009669389575719833,0.6193380951881409,0.5042133927345276,0.032740212976932526,0.5908100605010986,0.4366140067577362,0.007256754674017429,0.5502596497535706,0.4268994927406311,-0.014711420983076096,0.5139496326446533,0.4228243827819824,-0.023108521476387978,0.6516386270523071,0.5034091472625732,0.016153348609805107,0.6191648244857788,0.438281387090683,-0.01914086751639843,0.608258843421936,0.5083258748054504,-0.024823755025863647,0.6093760132789612,0.5713996887207031,-0.015163791365921497,0.6895773410797119,0.5111650228500366,-0.0011379910865798593,0.6573655009269714,0.4521920084953308,-0.023824773728847504,0.6406384110450745,0.4968603849411011,-0.01948956958949566,0.6397646069526672,0.5476683378219604,-0.008566739968955517
NO,0.6512368321418762,0.7135236263275146,-2.699271988149121e-7,0.6018034815788269,0.6540576219558716,-0.002686931984499097,0.5713245272636414,0.5614474415779114,0.00044831258128397167,0.5496557354927063,0.4911045432090759,-0.004474295303225517,0.5162051320075989,0.4508802890777588,-0.009834029711782932,0.5942103266716003,0.5166242718696594,0.04325466230511665,0.563391923904419,0.46424219012260437,0.023341692984104156,0.5299099683761597,0.4454883337020874,0.0019522057846188545,0.49653589725494385,0.43538933992385864,-0.010323847644031048,0.6189769506454468,0.5037474632263184,0.03217724710702896,0.5895441770553589,0.43658512830734253,0.006702023558318615,0.5487916469573975,0.4268624186515808,-0.015212603844702244,0.5125296711921692,0.4225987493991852,-0.023661958053708076,0.6513980031013489,0.5027915835380554,0.015693001449108124,0.6186949014663696,0.4384518265724182,-0.019799932837486267,0.6082996129989624,0.5088379383087158,-0.025564709678292274,0.6097457408905029,0.5720264911651611,-0.0159755889326334,0.689141035079956,0.5104354619979858,-0.0015024213353171945,0.6571562886238098,0.45180556178092957,-0.024396684020757675,0.6403718590736389,0.4963412284851074,-0.02025207318365574,0.6390354037284851,0.547315776348114,-0.009433697909116745
NO,0.6514151096343994,0.7139350175857544,-2.697427419207088e-7,0.6021739840507507,0.6541768908500671,-0.0024565644562244415,0.5716599225997925,0.5615708231925964,0.0008733145077712834,0.5499510765075684,0.4913596510887146,-0.003911696374416351,0.5163687467575073,0.45139080286026,-0.009116321802139282,0.5944826006889343,0.5173525214195251,0.04385613650083542,0.5636298060417175,0.4650614857673645,0.024203622713685036,0.5300527215003967,0.4460221827030182,0.0028961601201444864,0.4965783953666687,0.43562278151512146,-0.00937020592391491,0.6191902160644531,0.5043659210205078,0.03270404040813446,0.5896366238594055,0.4366917908191681,0.007353237364441156,0.5489261746406555,0.426708459854126,-0.014621846377849579,0.5126362442970276,0.42219457030296326,-0.023112861439585686,0.6513908505439758,0.5031604170799255,0.016116943210363388,0.6186403632164001,0.43877318501472473,-0.019229372963309288,0.6084592342376709,0.5089641213417053,-0.025106322020292282,0.6099618077278137,0.5718554854393005,-0.015562158077955246,0.6892766952514648,0.5106101632118225,-0.0011624603066593409,0.6573119759559631,0.45157772302627563,-0.023846304044127464,0.6404851675033569,0.4957035481929779,-0.019671320915222168,0.6392400860786438,0.5465568900108337,-0.008876542560756207
NO,0.6513593196868896,0.7137531042098999,-2.8125290896241495e-7,0.6025316715240479,0.6521778106689453,-0.00010862624912988394,0.5731010437011719,0.560488760471344,0.004749253857880831,0.5519670248031616,0.49184513092041016,0.0011643674224615097,0.5187163352966309,0.4527237117290497,-0.002986523322761059,0.5973597764968872,0.516663134098053,0.04544975236058235,0.5662536025047302,0.46372079849243164,0.027243493124842644,0.5332087278366089,0.442717969417572,0.006702614948153496,0.500778079032898,0.42965856194496155,-0.005568253807723522,0.6209805607795715,0.504437267780304,0.0334189347922802,0.5906511545181274,0.4367215633392334,0.009056061506271362,0.5493737459182739,0.4265454113483429,-0.01268036849796772,0.5134583115577698,0.42110833525657654,-0.02140694670379162,0.6528859734535217,0.5034725666046143,0.016351742669939995,0.6191480159759521,0.43762922286987305,-0.017933258786797523,0.6100528240203857,0.5077821612358093,-0.023120256140828133,0.6136482357978821,0.5698732733726501,-0.013565264642238617,0.6905561685562134,0.5108252167701721,-0.0013191064354032278,0.6580505967140198,0.45169979333877563,-0.02374156378209591,0.6418023109436035,0.4957255423069,-0.01939239539206028,0.6424574851989746,0.5453236103057861,-0.008594785816967487
NO,0.6520089507102966,0.714050829410553,-2.87024960243798e-7,0.6026947498321533,0.6527865529060364,-0.00044937687925994396,0.5726914405822754,0.5604344606399536,0.004160549025982618,0.5518709421157837,0.4914119839668274,0.0004097777127753943,0.5188467502593994,0.4514194428920746,-0.00396343320608139,0.5972803235054016,0.5161725282669067,0.0456932932138443,0.5655430555343628,0.46462973952293396,0.02677018754184246,0.531517744064331,0.4454001784324646,0.005566171836107969,0.49798738956451416,0.43468108773231506,-0.006842730566859245,0.6213756799697876,0.5039492845535278,0.033753715455532074,0.5915613770484924,0.4361414909362793,0.008715328760445118,0.5498270988464355,0.4266074299812317,-0.013525892049074173,0.5131042003631592,0.42244747281074524,-0.02220836840569973,0.6533132195472717,0.5034942626953125,0.016670355573296547,0.6202011108398438,0.4374672770500183,-0.018012618646025658,0.6104705333709717,0.5072582960128784,-0.023597562685608864,0.6132007241249084,0.5699414014816284,-0.014070305041968822,0.6915324330329895,0.511442244052887,-0.0009773653000593185,0.6585002541542053,0.4522354006767273,-0.023578792810440063,0.6424870491027832,0.4966873824596405,-0.019223473966121674,0.6434674263000488,0.5466061234474182,-0.008288245648145676
NO,0.6521562337875366,0.7134917974472046,-2.818422331074544e-7,0.6029853224754333,0.653048574924469,-0.0011909061577171087,0.5726557970046997,0.5605208277702332,0.002932547824457288,0.5515662431716919,0.49137067794799805,-0.0011620749719440937,0.5183335542678833,0.45134982466697693,-0.005869802087545395,0.5970016717910767,0.5159717798233032,0.04454836621880531,0.5652443766593933,0.4644778072834015,0.025286750867962837,0.5313524603843689,0.44536885619163513,0.004038725048303604,0.4979349970817566,0.43455737829208374,-0.008350464515388012,0.621389627456665,0.5035989284515381,0.03285583108663559,0.5918956398963928,0.43569985032081604,0.007583200931549072,0.550499439239502,0.426116406917572,-0.014403845183551311,0.5139586925506592,0.42195528745651245,-0.022876696661114693,0.6535397171974182,0.5030403137207031,0.015976030379533768,0.6204067468643188,0.4371803104877472,-0.019016843289136887,0.6102631688117981,0.5073170065879822,-0.024326493963599205,0.6125425100326538,0.5698221325874329,-0.014563888311386108,0.6912150382995605,0.5114153027534485,-0.0015274666948243976,0.658526599407196,0.4523080587387085,-0.024307668209075928,0.6424046158790588,0.4969574809074402,-0.019807642325758934,0.6426226496696472,0.5472259521484375,-0.008764693513512611
NO,0.6520594954490662,0.7136464715003967,-2.805681447171082e-7,0.6029331088066101,0.6529600620269775,-0.001243308070115745,0.5726560354232788,0.5604904890060425,0.002898307517170906,0.5513981580734253,0.49143266677856445,-0.0012244879035279155,0.5181610584259033,0.45114991068840027,-0.005886010825634003,0.5971372127532959,0.5163685083389282,0.04498022794723511,0.5654463171958923,0.4647587537765503,0.02574600651860237,0.5316715240478516,0.4456807076931,0.004465087316930294,0.49808207154273987,0.434969037771225,-0.007951525039970875,0.621481716632843,0.5038060545921326,0.033311717212200165,0.5919426083564758,0.43598225712776184,0.008069152012467384,0.550631046295166,0.42612117528915405,-0.014030443504452705,0.5141292214393616,0.42176610231399536,-0.02260303497314453,0.6534985899925232,0.503227949142456,0.016430016607046127,0.6203238368034363,0.4374479055404663,-0.018547287210822105,0.6103634238243103,0.5075394511222839,-0.02397690899670124,0.6128578186035156,0.5702997446060181,-0.014265694655478,0.6914011836051941,0.5114830732345581,-0.0010915703605860472,0.6586325168609619,0.4521362781524658,-0.023769887164235115,0.6422532796859741,0.4963753819465637,-0.019384782761335373,0.6423739194869995,0.5464925169944763,-0.008407915011048317
NO,0.653475821018219,0.7144074440002441,-2.597223272005067e-7,0.6034650802612305,0.6529552936553955,-0.0009868277702480555,0.5737692713737488,0.560548722743988,0.0031550275161862373,0.5525836944580078,0.49069058895111084,-0.0010920345084741712,0.5193443298339844,0.45089444518089294,-0.005811645183712244,0.5962319374084473,0.51682448387146,0.04600415751338005,0.5645729899406433,0.4632558226585388,0.026669621467590332,0.5312944650650024,0.44305452704429626,0.005021712742745876,0.4987078905105591,0.43182259798049927,-0.00755607895553112,0.6209465265274048,0.5043715238571167,0.03438086435198784,0.5925623774528503,0.4364497661590576,0.009008990600705147,0.5527451634407043,0.42471396923065186,-0.0139366639778018,0.5171188116073608,0.4193718731403351,-0.023114925250411034,0.6534910202026367,0.5033730864524841,0.01750076375901699,0.6204505562782288,0.4380671977996826,-0.017585398629307747,0.6104993224143982,0.5075977444648743,-0.024205785244703293,0.6126794815063477,0.5710390210151672,-0.01523440983146429,0.6921131610870361,0.5100173950195312,0.000016475290976813994,0.659022331237793,0.451415479183197,-0.023133734241127968,0.6428060531616211,0.4960492253303528,-0.019673079252243042,0.6434954404830933,0.546964168548584,-0.009239387698471546
NO,0.6530867218971252,0.7136565446853638,-2.489356347723515e-7,0.6041339635848999,0.6520302295684814,-0.002385840518400073,0.5740972757339478,0.5593611001968384,0.0008174804388545454,0.5524100065231323,0.4899258315563202,-0.0040408410131931305,0.519016683101654,0.4507901668548584,-0.009307608008384705,0.5956962704658508,0.5148202180862427,0.042775388807058334,0.5643383264541626,0.4607161283493042,0.022783363237977028,0.5318007469177246,0.44030117988586426,0.0010927245020866394,0.4998575448989868,0.4289158582687378,-0.011419972404837608,0.620864748954773,0.5028045773506165,0.03170433267951012,0.592401385307312,0.43580305576324463,0.005601538810878992,0.5526918172836304,0.42514294385910034,-0.017049800604581833,0.5172287225723267,0.42075008153915405,-0.025876469910144806,0.6535105109214783,0.5022776126861572,0.015390085987746716,0.6214902400970459,0.4378494918346405,-0.020048605278134346,0.6114073991775513,0.5079100728034973,-0.026102794334292412,0.6130573749542236,0.5716120600700378,-0.016672592610120773,0.6916764378547668,0.5099800825119019,-0.0016219944227486849,0.6597126126289368,0.45177024602890015,-0.024744845926761627,0.6432743072509766,0.49626949429512024,-0.02101048454642296,0.642776608467102,0.547084629535675,-0.010344929993152618
NO,0.6534548401832581,0.7143474221229553,-2.48174615080643e-7,0.6043722033500671,0.6533546447753906,-0.002356967655941844,0.5740787982940674,0.5602898597717285,0.0010165232233703136,0.5523058772087097,0.490245521068573,-0.0036985899787396193,0.5185844898223877,0.4511537253856659,-0.008787095546722412,0.5955438613891602,0.5153995752334595,0.04353499412536621,0.5641526579856873,0.4611215889453888,0.023953668773174286,0.5315415263175964,0.44058316946029663,0.002473579254001379,0.4995808005332947,0.4291327893733978,-0.009969701059162617,0.62078458070755,0.5031164884567261,0.03250989690423012,0.5920922160148621,0.43617814779281616,0.006874194368720055,0.5527036786079407,0.4247708320617676,-0.01577436737716198,0.5173002481460571,0.4196203947067261,-0.024726370349526405,0.6535021066665649,0.5024922490119934,0.01621725782752037,0.6212284564971924,0.4379575550556183,-0.01905362866818905,0.6112802624702454,0.5078761577606201,-0.02542368322610855,0.6128292679786682,0.571535050868988,-0.01626437157392502,0.6918180584907532,0.5099180340766907,-0.0007620980031788349,0.6596864461898804,0.4514085352420807,-0.02387828566133976,0.6434046030044556,0.4956094026565552,-0.020391715690493584,0.6428737640380859,0.5467008352279663,-0.009941432625055313
NO,0.6533014178276062,0.7138621807098389,-2.495113164968643e-7,0.6042030453681946,0.6525363922119141,-0.002248160308226943,0.5742243528366089,0.5597439408302307,0.001047961413860321,0.5524925589561462,0.4902392625808716,-0.003724511247128248,0.5188359618186951,0.4512954354286194,-0.008865186013281345,0.5956471562385559,0.514697790145874,0.042975857853889465,0.5645935535430908,0.4604533016681671,0.02313067950308323,0.5322147607803345,0.4397314786911011,0.0014787112595513463,0.5001487731933594,0.4282063841819763,-0.011064961552619934,0.6208412647247314,0.5026557445526123,0.03185424953699112,0.5923497080802917,0.4357490837574005,0.005943168420344591,0.5529353022575378,0.4249238669872284,-0.01669185236096382,0.5173832178115845,0.4202273488044739,-0.025585362687706947,0.653548002243042,0.502269983291626,0.015511716715991497,0.6213775277137756,0.43797266483306885,-0.019694121554493904,0.6115164160728455,0.50789874792099,-0.02569865807890892,0.6130442023277283,0.5715465545654297,-0.016295326873660088,0.6917601823806763,0.5099624395370483,-0.001544798957183957,0.6599802374839783,0.4516389071941376,-0.024452432990074158,0.6435120701789856,0.49603962898254395,-0.020600466057658195,0.6430045962333679,0.5467556715011597,-0.009941471740603447
NO,0.6548571586608887,0.7188378572463989,-2.2976328750701214e-7,0.6050543189048767,0.6553782820701599,-0.0015354958595708013,0.5755902528762817,0.5628190040588379,0.0024058460257947445,0.5547745823860168,0.4922855496406555,-0.002021382562816143,0.5214577317237854,0.45143115520477295,-0.0066797612234950066,0.5991716384887695,0.5189266204833984,0.04573937878012657,0.5694942474365234,0.4651447832584381,0.027077563107013702,0.5381137132644653,0.44166916608810425,0.005972159095108509,0.5066293478012085,0.42502978444099426,-0.006825998425483704,0.6239587068557739,0.5067141056060791,0.03411583974957466,0.5957462191581726,0.43860355019569397,0.009250713512301445,0.555486798286438,0.4258953332901001,-0.012887787073850632,0.5198550224304199,0.417885959148407,-0.02196395955979824,0.6562184691429138,0.5060052871704102,0.017133397981524467,0.6239532828330994,0.43878844380378723,-0.017595697194337845,0.6131995916366577,0.5088661313056946,-0.02326594665646553,0.6153276562690735,0.5719717741012573,-0.013831255957484245,0.6944459080696106,0.5132551193237305,-0.0006038201972842216,0.6634385585784912,0.4529292583465576,-0.02247343212366104,0.6463034152984619,0.49546727538108826,-0.018227823078632355,0.6459389328956604,0.5449489951133728,-0.0075571876950562
NO,0.6540035605430603,0.7181929349899292,-2.2707764912865969e-7,0.6048389673233032,0.6546413898468018,-0.001509503461420536,0.5753899216651917,0.5615496635437012,0.002457386115565896,0.5550529956817627,0.49055901169776917,-0.0019313114462420344,0.5223044157028198,0.4492812156677246,-0.006876890081912279,0.5978603363037109,0.5171816349029541,0.04652209207415581,0.5678750276565552,0.4646932780742645,0.0278677549213171,0.5366127490997314,0.442132830619812,0.006502476520836353,0.5058201551437378,0.42562592029571533,-0.0065166945569217205,0.6228136420249939,0.5049399733543396,0.03490104526281357,0.5956053137779236,0.43778279423713684,0.009360343217849731,0.5553187131881714,0.42666107416152954,-0.013346189633011818,0.5195471048355103,0.420512855052948,-0.022407950833439827,0.655206024646759,0.5045183897018433,0.017914986237883568,0.6240696310997009,0.4375074505805969,-0.017403127625584602,0.6129554510116577,0.5077004432678223,-0.023469578474760056,0.6145544648170471,0.5708094239234924,-0.01413293369114399,0.6935754418373108,0.5124936103820801,0.0002594829420559108,0.6619694828987122,0.4536598324775696,-0.022862935438752174,0.645512580871582,0.4986833930015564,-0.019090360030531883,0.6465612053871155,0.5489313006401062,-0.008455115370452404
NO,0.6538475751876831,0.7177049517631531,-2.3027875784009666e-7,0.604678213596344,0.6545283198356628,-0.0012951524695381522,0.5754214525222778,0.5615659356117249,0.0025974148884415627,0.5549132227897644,0.4906246066093445,-0.0019196223001927137,0.522035539150238,0.4495733380317688,-0.006948558613657951,0.5981757640838623,0.5167590379714966,0.04652595892548561,0.5681285858154297,0.46414509415626526,0.0274908859282732,0.5367838740348816,0.44204941391944885,0.005877362098544836,0.5058007836341858,0.4265287518501282,-0.007109712343662977,0.6230253577232361,0.5046736001968384,0.03479019179940224,0.596125066280365,0.4374563992023468,0.009223666973412037,0.5557828545570374,0.42606639862060547,-0.013375738635659218,0.5198846459388733,0.4199923872947693,-0.02235293574631214,0.6553229689598083,0.5043997764587402,0.017698444426059723,0.6241586804389954,0.4375815987586975,-0.0175088532269001,0.612951934337616,0.5076649188995361,-0.02339569479227066,0.6146180033683777,0.5709361433982849,-0.013906596228480339,0.6934848427772522,0.5125454664230347,-0.00007228207687148824,0.6620509624481201,0.4535284638404846,-0.02284587360918522,0.6456024646759033,0.4984174370765686,-0.01881703920662403,0.6462845802307129,0.5484388470649719,-0.008033975027501583
NO,0.6542432308197021,0.717739462852478,-2.3431459794664988e-7,0.6049224734306335,0.6549137234687805,-0.0012520569143816829,0.5754472613334656,0.5617605447769165,0.002714762696996331,0.5551735162734985,0.49066615104675293,-0.0017313415883108974,0.5223806500434875,0.44941800832748413,-0.006655546836555004,0.598122775554657,0.5171040296554565,0.0465414896607399,0.5677198767662048,0.46459174156188965,0.027341706678271294,0.5360063910484314,0.44279301166534424,0.005628339480608702,0.5047959089279175,0.4277708828449249,-0.007375065237283707,0.6229370832443237,0.5049442052841187,0.03478304296731949,0.5957751870155334,0.43750932812690735,0.00925906840711832,0.5553619265556335,0.42589253187179565,-0.013348964042961597,0.5193786025047302,0.4195971190929413,-0.02236188016831875,0.6552906036376953,0.5045722126960754,0.017647139728069305,0.6241298317909241,0.4376245141029358,-0.017552467063069344,0.6130885481834412,0.5076864361763,-0.023384355008602142,0.6147948503494263,0.5710099935531616,-0.013907537795603275,0.6937259435653687,0.5125666856765747,-0.00016819339361973107,0.662164568901062,0.4534384310245514,-0.022967791184782982,0.6455700993537903,0.49841174483299255,-0.01890629716217518,0.6462171077728271,0.5486879944801331,-0.00809931755065918
NO,0.6535292267799377,0.7187070250511169,-2.0906203701542836e-7,0.6049042344093323,0.6561388969421387,-0.0029444079846143723,0.5763998627662659,0.5637146234512329,-0.00005414909537648782,0.55604487657547,0.49245506525039673,-0.005268192384392023,0.5231313109397888,0.4513055682182312,-0.010801689699292183,0.5979719161987305,0.5186907052993774,0.042372941970825195,0.5683717727661133,0.46421247720718384,0.02323310635983944,0.5378093719482422,0.43983277678489685,0.002291805809363723,0.5077100396156311,0.42183586955070496,-0.010460583493113518,0.6233973503112793,0.5064310431480408,0.031154349446296692,0.5960376262664795,0.43889158964157104,0.005362944211810827,0.5566053986549377,0.42429018020629883,-0.016628917306661606,0.5217458009719849,0.4141424000263214,-0.025563998147845268,0.6560596227645874,0.5061864852905273,0.014639131724834442,0.6255778670310974,0.43926066160202026,-0.021205421537160873,0.6145229339599609,0.5091364979743958,-0.02673891931772232,0.6158754229545593,0.5724650621414185,-0.01706477254629135,0.6943953633308411,0.5147275328636169,-0.0026909473817795515,0.6644920110702515,0.45456698536872864,-0.026075657457113266,0.6471972465515137,0.4975377321243286,-0.022380342707037926,0.6459401249885559,0.5475333333015442,-0.01191028393805027
NO,0.6536443829536438,0.7181549072265625,-2.1021307361479558e-7,0.6049394607543945,0.6561337113380432,-0.0026338861789554358,0.5761481523513794,0.5632665157318115,0.00027741436497308314,0.5556867718696594,0.4919918179512024,-0.004965406842529774,0.5226415395736694,0.45078274607658386,-0.01071507390588522,0.5976449251174927,0.5177832841873169,0.04316265881061554,0.5676571726799011,0.4642040729522705,0.02392466366291046,0.536666214466095,0.44044405221939087,0.002629161812365055,0.5061500072479248,0.4233703017234802,-0.01032766792923212,0.623056948184967,0.5057699084281921,0.03169167414307594,0.5962738990783691,0.4386380910873413,0.005551239941269159,0.5564895272254944,0.4243677854537964,-0.016885219141840935,0.5208978056907654,0.4147420823574066,-0.02592783421278,0.6558243036270142,0.5054238438606262,0.014910394325852394,0.6250275373458862,0.4386022686958313,-0.02120337449014187,0.613935112953186,0.5082923769950867,-0.026853827759623528,0.6151056289672852,0.5714269280433655,-0.017206480726599693,0.6939916014671326,0.5141021013259888,-0.002626799512654543,0.6630686521530151,0.4545210301876068,-0.026494769379496574,0.6464733481407166,0.4989888072013855,-0.02271520160138607,0.6461852192878723,0.5495288968086243,-0.012037922628223896
NO,0.6536427736282349,0.718286395072937,-2.071427331884479e-7,0.6051052212715149,0.6564228534698486,-0.002815601881593466,0.5762223601341248,0.563229501247406,0.000056089302233885974,0.5559828281402588,0.49184083938598633,-0.005187504459172487,0.5230480432510376,0.4505753517150879,-0.010856470093131065,0.5977998971939087,0.5181633830070496,0.04278393089771271,0.5679129362106323,0.46419745683670044,0.02358213998377323,0.5372409820556641,0.44031503796577454,0.002473386935889721,0.5069150924682617,0.42298173904418945,-0.010346687398850918,0.6232638955116272,0.5058900713920593,0.031436558812856674,0.5964784026145935,0.4387192130088806,0.005357431247830391,0.5569087266921997,0.4242965281009674,-0.01688888855278492,0.5214176774024963,0.4145295023918152,-0.02581007592380047,0.6559039354324341,0.5056243538856506,0.014774237759411335,0.6251305937767029,0.43893516063690186,-0.021240917965769768,0.6140795946121216,0.508786141872406,-0.026791878044605255,0.6153872609138489,0.5720182657241821,-0.017039937898516655,0.6941715478897095,0.5141406655311584,-0.0026787156239151955,0.6636204123497009,0.45444029569625854,-0.02635762095451355,0.6466785073280334,0.49837538599967957,-0.022562574595212936,0.646224319934845,0.5487702488899231,-0.011885473504662514
NO,0.6537019610404968,0.7180755138397217,-2.0856631977039797e-7,0.6050934195518494,0.6561846733093262,-0.0027587355580180883,0.5762034058570862,0.5633083581924438,0.00008643172623123974,0.5557785034179688,0.4919576644897461,-0.005205962341278791,0.5226595401763916,0.450870156288147,-0.01096886396408081,0.597886860370636,0.5179272890090942,0.04293149337172508,0.5678461194038391,0.4643027186393738,0.023693501949310303,0.5369667410850525,0.4405204951763153,0.00248262588866055,0.5064881443977356,0.42327287793159485,-0.010430804453790188,0.6232602596282959,0.5058744549751282,0.03150952607393265,0.5965245962142944,0.43867528438568115,0.005347557365894318,0.5566226243972778,0.4243696331977844,-0.017000794410705566,0.5210224986076355,0.41458743810653687,-0.025996774435043335,0.6560166478157043,0.5056211352348328,0.014773039147257805,0.6251527070999146,0.4387688636779785,-0.02135246992111206,0.6139340996742249,0.5086290240287781,-0.02695961855351925,0.6151534914970398,0.5715406537055969,-0.017246225848793983,0.694156289100647,0.5142138600349426,-0.002737496281042695,0.6634122133255005,0.4545375406742096,-0.026582030579447746,0.6465054154396057,0.498923122882843,-0.02280617505311966,0.6460155248641968,0.5493133068084717,-0.01212994009256363
NO,0.6545717120170593,0.7206138372421265,-1.9146609986364638e-7,0.6055809855461121,0.6585385203361511,-0.0022619280498474836,0.5760233998298645,0.564409613609314,0.0011645745253190398,0.5558153986930847,0.49288660287857056,-0.003587479470297694,0.5229678153991699,0.4519304037094116,-0.008943933062255383,0.599590003490448,0.5203860402107239,0.04075716435909271,0.569697916507721,0.46512746810913086,0.02279382012784481,0.5399323105812073,0.43684321641921997,0.002889324212446809,0.5109132528305054,0.4131239652633667,-0.009934558533132076,0.6247642040252686,0.5078869462013245,0.028964001685380936,0.5966078042984009,0.4410773515701294,0.003570968983694911,0.556443452835083,0.4229300022125244,-0.017850127071142197,0.5214967727661133,0.40703386068344116,-0.026982750743627548,0.6570059657096863,0.5075825452804565,0.012104500085115433,0.626386821269989,0.44071656465530396,-0.02403917722404003,0.6155300736427307,0.5112760663032532,-0.028982870280742645,0.6176111102104187,0.5741096138954163,-0.019133223220705986,0.69500732421875,0.5161898732185364,-0.005490895360708237,0.6656538248062134,0.4558904469013214,-0.029567813500761986,0.6483517289161682,0.4990467429161072,-0.02569965459406376,0.647382915019989,0.5485458970069885,-0.015199024230241776
NO,0.6540522575378418,0.7205408215522766,-1.913252418717093e-7,0.6055572628974915,0.6580862998962402,-0.0017361082136631012,0.5760827660560608,0.5634475350379944,0.0016593937762081623,0.5555310249328613,0.49238547682762146,-0.003247974207624793,0.5221797227859497,0.451373815536499,-0.008898882195353508,0.5996225476264954,0.518240213394165,0.04218589514493942,0.5696264505386353,0.4628453254699707,0.023547811433672905,0.5393742918968201,0.43582820892333984,0.0030260919593274593,0.5098369121551514,0.4146155118942261,-0.009857223369181156,0.624719500541687,0.5067083239555359,0.029968226328492165,0.5974450707435608,0.43953609466552734,0.0039513870142400265,0.5568233728408813,0.4221862554550171,-0.018014926463365555,0.5210577249526978,0.40810132026672363,-0.027041273191571236,0.6571269035339355,0.5066967010498047,0.012670875526964664,0.6258624792098999,0.43998193740844727,-0.023661114275455475,0.6147972941398621,0.5105404257774353,-0.028570841997861862,0.6167569160461426,0.5729281902313232,-0.01847757399082184,0.6949372291564941,0.5158761143684387,-0.005325166508555412,0.6636545062065125,0.45636773109436035,-0.029345069080591202,0.6470662355422974,0.501231849193573,-0.025096265599131584,0.6474476456642151,0.5509003400802612,-0.014134353026747704
NO,0.6540825366973877,0.7206651568412781,-1.9922804028738028e-7,0.6053036451339722,0.658112108707428,-0.001468631555326283,0.5758987665176392,0.5638222694396973,0.0023569168988615274,0.555828332901001,0.4929734170436859,-0.0021567565854638815,0.5228959918022156,0.45235195755958557,-0.007371583487838507,0.6001099944114685,0.5191465616226196,0.04225869104266167,0.5703291893005371,0.463515043258667,0.024407710880041122,0.5403756499290466,0.4358261227607727,0.004439057782292366,0.5109569430351257,0.41318345069885254,-0.008352250792086124,0.6249898672103882,0.5069783329963684,0.03003588505089283,0.5970642566680908,0.44008398056030273,0.004720940254628658,0.5565330386161804,0.42190468311309814,-0.01689400151371956,0.520942211151123,0.4066835045814514,-0.02601846680045128,0.6571111083030701,0.506918728351593,0.012810257263481617,0.6258969902992249,0.4402942359447479,-0.02319490537047386,0.6151397824287415,0.510738730430603,-0.028046127408742905,0.6173810958862305,0.5732461810112,-0.018116282299160957,0.6949828267097473,0.5160306692123413,-0.005116523243486881,0.6645009517669678,0.45596590638160706,-0.029126280918717384,0.647365391254425,0.5001504421234131,-0.02497621439397335,0.6471864581108093,0.5497600436210632,-0.014231513254344463
NO,0.6539925932884216,0.7204892635345459,-1.9927344396819535e-7,0.6053676605224609,0.6582573056221008,-0.0014585568569600582,0.5760376453399658,0.5637199282646179,0.0022404759656637907,0.5559325814247131,0.4929548501968384,-0.002365866908803582,0.5228959918022156,0.45237451791763306,-0.007712726481258869,0.5999154448509216,0.5183946490287781,0.04209350422024727,0.5702595710754395,0.4631044268608093,0.023999352008104324,0.5399196147918701,0.4357527494430542,0.0038492653984576464,0.5104204416275024,0.4139440357685089,-0.008928782306611538,0.6247958540916443,0.5064380168914795,0.029847778379917145,0.5971999764442444,0.4395282566547394,0.004348463378846645,0.5566555857658386,0.42165571451187134,-0.017337072640657425,0.5210533738136292,0.4068247675895691,-0.026384146884083748,0.6571372151374817,0.5065311789512634,0.01255802158266306,0.6258203983306885,0.44031423330307007,-0.023450473323464394,0.6149958372116089,0.5104972124099731,-0.028238985687494278,0.617041289806366,0.5728000402450562,-0.018226638436317444,0.6949549317359924,0.5156891942024231,-0.0054036397486925125,0.6638863682746887,0.45613500475883484,-0.0293178241699934,0.6471542119979858,0.5006346106529236,-0.02498355507850647,0.6475507020950317,0.5502051115036011,-0.014081639237701893
NO,0.6541107296943665,0.720921516418457,-1.3068425630535785e-7,0.6052097678184509,0.6626091599464417,-0.004566483199596405,0.5748454332351685,0.5668842196464539,-0.0020748130045831203,0.5543550848960876,0.4951391816139221,-0.007077101152390242,0.5200332999229431,0.4562777280807495,-0.012894157320261002,0.5987163186073303,0.5183984637260437,0.03334859013557434,0.5708317756652832,0.46082615852355957,0.015764787793159485,0.5433207154273987,0.4270419478416443,-0.0025319347623735666,0.5172152519226074,0.39555948972702026,-0.014978444203734398,0.6243457794189453,0.5072468519210815,0.021941857412457466,0.5965496897697449,0.4380043148994446,-0.003349070204421878,0.5586869716644287,0.41456151008605957,-0.0233440138399601,0.5267708897590637,0.3923749029636383,-0.03200327977538109,0.6570653915405273,0.5080817937850952,0.005840740166604519,0.6267727613449097,0.4423675239086151,-0.03128325194120407,0.6161012649536133,0.5139034986495972,-0.03494022786617279,0.6188616752624512,0.5751272439956665,-0.024348260834813118,0.6942332983016968,0.5185579061508179,-0.011150934733450413,0.6645846366882324,0.45876646041870117,-0.03660765662789345,0.6474340558052063,0.5030796527862549,-0.032495927065610886,0.646990180015564,0.5519145131111145,-0.021847115829586983
NO,0.653731644153595,0.7227981090545654,-1.4071646603497356e-7,0.605049729347229,0.6618235111236572,-0.003696912433952093,0.5750738382339478,0.5669775009155273,-0.0009439178975299001,0.5539581179618835,0.4958512485027313,-0.005909331608563662,0.5190055966377258,0.45694980025291443,-0.011665917932987213,0.5990608930587769,0.5196142792701721,0.03530324250459671,0.5704420208930969,0.46300116181373596,0.017938019707798958,0.5425425171852112,0.4295487403869629,-0.0006479739677160978,0.5160137414932251,0.39800626039505005,-0.013422488234937191,0.6243258714675903,0.5080206394195557,0.02361823432147503,0.5953540802001953,0.43941187858581543,-0.001115756225772202,0.5575634837150574,0.4155762791633606,-0.02134614810347557,0.5256305932998657,0.3919289708137512,-0.030549047514796257,0.6567745208740234,0.5084636807441711,0.007207666523754597,0.6256521344184875,0.44234856963157654,-0.02967076376080513,0.6154096126556396,0.5137669444084167,-0.033680327236652374,0.6186892986297607,0.5748762488365173,-0.02348458208143711,0.6943174600601196,0.5182932615280151,-0.009995266795158386,0.6642030477523804,0.45789676904678345,-0.03509322181344032,0.6468612551689148,0.5020356774330139,-0.03095000423491001,0.6466733813285828,0.551057755947113,-0.02042967639863491
NO,0.6536923050880432,0.7232711315155029,-1.4624177424593654e-7,0.6048598885536194,0.6613544821739197,-0.002989053726196289,0.5749406218528748,0.5672181844711304,0.0003542028716765344,0.5540193915367126,0.4963468313217163,-0.004172719083726406,0.5196760296821594,0.4569195806980133,-0.009478886611759663,0.5994922518730164,0.5201049447059631,0.036729488521814346,0.5703732371330261,0.4635604918003082,0.01968471147119999,0.5419609546661377,0.43054598569869995,0.0012685543624684215,0.5150798559188843,0.39974474906921387,-0.011277101933956146,0.6245505809783936,0.5083319544792175,0.024926315993070602,0.5954270362854004,0.4393618106842041,0.00037034376873634756,0.5572386980056763,0.4152408242225647,-0.019990792497992516,0.5249030590057373,0.39216578006744385,-0.029173165559768677,0.656898021697998,0.508621871471405,0.008412392809987068,0.6254143118858337,0.442518413066864,-0.02840796485543251,0.6153411269187927,0.5139460563659668,-0.032654814422130585,0.6189039349555969,0.5755855441093445,-0.022458553314208984,0.6941851377487183,0.5182052850723267,-0.00881890393793583,0.6636976003646851,0.4578357934951782,-0.033993910998106,0.6466193795204163,0.5022226572036743,-0.02990010194480419,0.6465956568717957,0.5516039133071899,-0.019321244210004807
NO,0.6534218192100525,0.7231340408325195,-1.496755430707708e-7,0.6046465039253235,0.6613237261772156,-0.0030414070934057236,0.5749584436416626,0.5671047568321228,0.00030563745531253517,0.554107129573822,0.4960748553276062,-0.004178941249847412,0.519649863243103,0.45702677965164185,-0.009454704821109772,0.5994722247123718,0.5198501348495483,0.036362774670124054,0.5706321597099304,0.4630923271179199,0.01936921291053295,0.5422142148017883,0.42987602949142456,0.0010968223214149475,0.515347421169281,0.3990413546562195,-0.011332234367728233,0.6246054172515869,0.508284330368042,0.024599475786089897,0.5955368876457214,0.43913760781288147,0.00005246128057478927,0.557246744632721,0.415233850479126,-0.020154710859060287,0.5248372554779053,0.39255356788635254,-0.029178347438573837,0.6568590402603149,0.508523166179657,0.008190246298909187,0.6254434585571289,0.44240260124206543,-0.02856527827680111,0.6153950691223145,0.5140445232391357,-0.03262687474489212,0.6188544631004333,0.5756237506866455,-0.022319618612527847,0.6941879987716675,0.5182154178619385,-0.00895658414810896,0.6637618541717529,0.45783984661102295,-0.034025441855192184,0.6465949416160583,0.502249538898468,-0.029810579493641853,0.6465215682983398,0.5518653988838196,-0.019110573455691338
NO,0.6535422801971436,0.7229077816009521,-7.599457063633963e-8,0.6060729622840881,0.664699375629425,-0.005641238763928413,0.5741658210754395,0.5676441788673401,-0.002971467562019825,0.5517943501472473,0.4956183433532715,-0.007508881390094757,0.5158036947250366,0.457687646150589,-0.012968145310878754,0.60018390417099,0.5191301107406616,0.030342010781168938,0.5718432068824768,0.46172285079956055,0.013198007829487324,0.5456894636154175,0.4243795871734619,-0.003967543598264456,0.5216416716575623,0.38697320222854614,-0.016080882400274277,0.6250835657119751,0.5066840648651123,0.019222352653741837,0.5952344536781311,0.43453049659729004,-0.004872631747275591,0.5583035349845886,0.4033624827861786,-0.023541875183582306,0.527672529220581,0.3728380799293518,-0.03216176480054855,0.6574934720993042,0.507291316986084,0.0035365489311516285,0.6257898211479187,0.4430197477340698,-0.0344604030251503,0.6160343289375305,0.5147057175636292,-0.03727623075246811,0.6193113327026367,0.575476884841919,-0.026012910529971123,0.6949682831764221,0.518356204032898,-0.013035188429057598,0.6637606620788574,0.4589463472366333,-0.03921091929078102,0.6472647190093994,0.5031450390815735,-0.03444124758243561,0.646883487701416,0.551813006401062,-0.023350320756435394
NO,0.6536250710487366,0.7240328788757324,-8.719667476952964e-8,0.6051263213157654,0.6638374328613281,-0.006589192431420088,0.5739558339118958,0.5676812529563904,-0.004548292141407728,0.5516364574432373,0.49495092034339905,-0.009543639607727528,0.51591557264328,0.45680558681488037,-0.015326189808547497,0.5986279249191284,0.5208429098129272,0.02900022082030773,0.5693935751914978,0.4624260365962982,0.011215233244001865,0.5436015725135803,0.42451560497283936,-0.0063219317235052586,0.5195989608764648,0.38679662346839905,-0.01862078532576561,0.6239484548568726,0.5074896812438965,0.01838753931224346,0.5942462086677551,0.4352205991744995,-0.006312213372439146,0.5577777028083801,0.40371474623680115,-0.02530716545879841,0.5272807478904724,0.37256526947021484,-0.03415106609463692,0.6567516326904297,0.5076091289520264,0.0031512475106865168,0.6258004307746887,0.4435199797153473,-0.03523954749107361,0.6152964234352112,0.5149583220481873,-0.038466110825538635,0.6176988482475281,0.5756300091743469,-0.027503561228513718,0.6939089298248291,0.518364429473877,-0.013003449887037277,0.6636316180229187,0.45967450737953186,-0.03924359753727913,0.6463223099708557,0.5038701295852661,-0.03471474349498749,0.6451070308685303,0.5527336597442627,-0.02382994070649147
NO,0.6543380618095398,0.725353479385376,-8.83469652990243e-8,0.6056506633758545,0.6647127866744995,-0.005346403922885656,0.5745996236801147,0.5684072971343994,-0.0026829491835087538,0.552516520023346,0.4961942136287689,-0.007393340580165386,0.5174413323402405,0.4573870897293091,-0.012924944050610065,0.5997447967529297,0.5213767290115356,0.03037264011800289,0.5702704787254333,0.4633725583553314,0.012671512551605701,0.5434362888336182,0.4256093204021454,-0.00472988560795784,0.5189429521560669,0.38831639289855957,-0.01676538586616516,0.624596118927002,0.5080156922340393,0.019104743376374245,0.594346821308136,0.4353322982788086,-0.005536476615816355,0.5574491620063782,0.4029420018196106,-0.02460223063826561,0.5267082452774048,0.3711502254009247,-0.033374812453985214,0.6568601131439209,0.5077946782112122,0.003284845966845751,0.6254724264144897,0.44483092427253723,-0.035187818109989166,0.615307629108429,0.5164170861244202,-0.03850190341472626,0.6177394390106201,0.576808512210846,-0.02740945667028427,0.6941852569580078,0.5182195901870728,-0.01334407739341259,0.6634335517883301,0.45916083455085754,-0.0392037108540535,0.6462942957878113,0.503490686416626,-0.03417409583926201,0.644830048084259,0.5524594187736511,-0.02286720648407936
NO,0.6542541980743408,0.7258477807044983,-9.292275393590899e-8,0.6057723760604858,0.6651685237884521,-0.005135196726769209,0.5745166540145874,0.568784773349762,-0.0022506259847432375,0.5529040098190308,0.4966244399547577,-0.006809398531913757,0.5182340741157532,0.45750710368156433,-0.01213061809539795,0.5998824238777161,0.5213583111763,0.03105594590306282,0.5700222253799438,0.46399766206741333,0.013276123441755772,0.5429344773292542,0.426939994096756,-0.004300544038414955,0.5183535814285278,0.390573650598526,-0.016389550641179085,0.624701201915741,0.5078082084655762,0.019708583131432533,0.5943922400474548,0.43528783321380615,-0.004758256953209639,0.5572332143783569,0.40293729305267334,-0.023810865357518196,0.5265051126480103,0.3711323142051697,-0.03268119692802429,0.6572535634040833,0.5077305436134338,0.0037694009952247143,0.6258160471916199,0.44412094354629517,-0.03450225666165352,0.6157191395759583,0.515994131565094,-0.03765484690666199,0.6185020208358765,0.5764042735099792,-0.026552246883511543,0.6942492723464966,0.5183257460594177,-0.013001985847949982,0.6636806726455688,0.45943325757980347,-0.0386926531791687,0.6469312310218811,0.5036767721176147,-0.0335819348692894,0.6457594633102417,0.5522831082344055,-0.022303104400634766
NO,0.6546082496643066,0.7259026169776917,-2.1544250827787437e-8,0.6059150099754333,0.6681080460548401,-0.008608815260231495,0.574681282043457,0.5708351731300354,-0.007863632403314114,0.5509174466133118,0.49698173999786377,-0.013913335278630257,0.513434886932373,0.45852503180503845,-0.020767051726579666,0.6035168170928955,0.521793782711029,0.024669451639056206,0.5738620758056641,0.4565884470939636,0.006902739871293306,0.5480298399925232,0.41317489743232727,-0.009412826970219612,0.5252829790115356,0.36998945474624634,-0.02084548957645893,0.6279199123382568,0.5085718631744385,0.014599687419831753,0.5981016755104065,0.4321981966495514,-0.010442354716360569,0.562161922454834,0.39534109830856323,-0.028473801910877228,0.5332801342010498,0.3589070439338684,-0.036455098539590836,0.6596542000770569,0.508783757686615,0.000029912995159975253,0.6278402805328369,0.44560036063194275,-0.0390828438103199,0.6166427135467529,0.5169239044189453,-0.041651759296655655,0.6187542676925659,0.576883852481842,-0.029807284474372864,0.6957402229309082,0.5200549960136414,-0.015589994378387928,0.664682924747467,0.4607732892036438,-0.04173020273447037,0.6474640965461731,0.5041015148162842,-0.03641587123274803,0.6461074948310852,0.5519512295722961,-0.02480672113597393
NO,0.653605043888092,0.726246178150177,-3.4027163309247044e-8,0.6050111651420593,0.6687992215156555,-0.00856479536741972,0.5739591121673584,0.5709212422370911,-0.007928355596959591,0.550261378288269,0.49674510955810547,-0.013942460529506207,0.512792706489563,0.4591538906097412,-0.020819950848817825,0.6025181412696838,0.5219098925590515,0.023030221462249756,0.5729487538337708,0.454399436712265,0.0051211160607635975,0.547842800617218,0.40990975499153137,-0.011159888468682766,0.5257525444030762,0.3660753667354584,-0.022556591778993607,0.6270907521247864,0.5089965462684631,0.01297546736896038,0.5976763963699341,0.4307183027267456,-0.01239329855889082,0.5618504285812378,0.3940659165382385,-0.03025306761264801,0.5333425998687744,0.3587992191314697,-0.03787060081958771,0.6587120890617371,0.5094531774520874,-0.0013838853919878602,0.6270612478256226,0.44492870569229126,-0.04000193625688553,0.6152175664901733,0.5157087445259094,-0.041995126754045486,0.616693913936615,0.5757287740707397,-0.02987811155617237,0.6948070526123047,0.520914614200592,-0.016823703423142433,0.6642828583717346,0.46058812737464905,-0.04242928326129913,0.6465703845024109,0.5039513111114502,-0.036607593297958374,0.6447440385818481,0.5520431399345398,-0.02468792349100113
NO,0.6550383567810059,0.7264310121536255,-3.239843238134199e-8,0.6050716638565063,0.6688610315322876,-0.007902707904577255,0.5730319023132324,0.5707660913467407,-0.006910528987646103,0.5497573614120483,0.49622565507888794,-0.012779269367456436,0.5128799676895142,0.4573799669742584,-0.01941695064306259,0.6017122268676758,0.5210042595863342,0.024248862639069557,0.5721253752708435,0.4541017711162567,0.006240807939320803,0.5471997261047363,0.40971338748931885,-0.010348430834710598,0.5251613259315491,0.3658447265625,-0.021986695006489754,0.6266772747039795,0.5079872012138367,0.013652387075126171,0.5972797870635986,0.42939493060112,-0.01188630796968937,0.5616776347160339,0.39268559217453003,-0.03012256510555744,0.5333849787712097,0.3569568991661072,-0.038020312786102295,0.6585118770599365,0.5088057518005371,-0.0012544867349788547,0.626415491104126,0.4446468949317932,-0.03970701992511749,0.6151127815246582,0.5168769359588623,-0.041115909814834595,0.6171790957450867,0.5769332647323608,-0.028634294867515564,0.6950522065162659,0.520307183265686,-0.017253998667001724,0.6641736626625061,0.4600098133087158,-0.04242558777332306,0.6462093591690063,0.5046544671058655,-0.03589704632759094,0.6442262530326843,0.5530363917350769,-0.023514650762081146
NO,0.6554954051971436,0.7281970977783203,-3.811986459822947e-8,0.6051740646362305,0.6684123873710632,-0.006945061031728983,0.5736281275749207,0.5707835555076599,-0.005561045370995998,0.5501746535301208,0.49660906195640564,-0.011281977407634258,0.5132049918174744,0.4582555890083313,-0.017807334661483765,0.6022983193397522,0.5217708349227905,0.025801653042435646,0.5720445513725281,0.455490380525589,0.007884392514824867,0.5462883114814758,0.4119005799293518,-0.008688820526003838,0.5237704515457153,0.36828869581222534,-0.020235609263181686,0.627125084400177,0.508695125579834,0.014749512076377869,0.5972628593444824,0.42988258600234985,-0.010207741521298885,0.5615639686584473,0.3928912878036499,-0.02827988751232624,0.5333085656166077,0.35633426904678345,-0.03619426116347313,0.6590664386749268,0.5090905427932739,-0.0006080050952732563,0.6261823177337646,0.44459962844848633,-0.03873245790600777,0.6152143478393555,0.517196536064148,-0.03993160277605057,0.6178020238876343,0.5767810344696045,-0.027360541746020317,0.6955170631408691,0.5207653641700745,-0.016987919807434082,0.6642911434173584,0.4591934084892273,-0.04153046756982803,0.6468327641487122,0.5045258402824402,-0.03437555581331253,0.6457100510597229,0.5530006885528564,-0.021644607186317444
NO,0.6561855673789978,0.7288793325424194,3.032246098655378e-8,0.6055253148078918,0.6705288887023926,-0.009374024346470833,0.5736951231956482,0.5726499557495117,-0.009534606710076332,0.5481348037719727,0.4982212781906128,-0.016449706628918648,0.510002851486206,0.4596956968307495,-0.023987064138054848,0.6025561094284058,0.5225957632064819,0.020915916189551353,0.5735689997673035,0.45099949836730957,0.0017538658576086164,0.5492141246795654,0.4032984972000122,-0.014783659018576145,0.5284796953201294,0.35645461082458496,-0.026094714179635048,0.6275876760482788,0.5091361403465271,0.010588431730866432,0.5986849069595337,0.4265860319137573,-0.01567690074443817,0.563600480556488,0.38479021191596985,-0.033642109483480453,0.5362119674682617,0.34417515993118286,-0.04118950292468071,0.6596262454986572,0.5092451572418213,-0.004074790049344301,0.6265456676483154,0.44670242071151733,-0.04339751973748207,0.6150876879692078,0.5186397433280945,-0.04440116137266159,0.6175510287284851,0.5778116583824158,-0.031193220987915993,0.6959510445594788,0.5209143161773682,-0.019932346418499947,0.6642401814460754,0.45998135209083557,-0.045003343373537064,0.6464143395423889,0.5044975280761719,-0.03773697093129158,0.6448428630828857,0.5530958771705627,-0.024609321728348732
NO,0.6578834056854248,0.7293484210968018,1.4884026455774801e-8,0.6063629984855652,0.6711092591285706,-0.008148984983563423,0.5737366676330566,0.5728452205657959,-0.007823838852345943,0.5478248000144958,0.4978833794593811,-0.01454014703631401,0.5093085765838623,0.4589223563671112,-0.021825462579727173,0.6036317944526672,0.520550549030304,0.023634087294340134,0.574317216873169,0.4489758610725403,0.005314114037901163,0.5496844053268433,0.4023821949958801,-0.010933051817119122,0.5281514525413513,0.3563351035118103,-0.022292859852313995,0.6288092136383057,0.5077899098396301,0.012589267455041409,0.5999748110771179,0.42521166801452637,-0.013615511357784271,0.563673198223114,0.38444387912750244,-0.031965967267751694,0.5350357890129089,0.34488552808761597,-0.03978980705142021,0.6604316234588623,0.5087237358093262,-0.002776446519419551,0.6262779831886292,0.44489577412605286,-0.041984546929597855,0.6147102117538452,0.5174036026000977,-0.04304127395153046,0.6171805262565613,0.5766200423240662,-0.029994769021868706,0.6961922645568848,0.5206968784332275,-0.0192547719925642,0.663554310798645,0.45952266454696655,-0.044341858476400375,0.6460235714912415,0.5052228569984436,-0.03710734844207764,0.6449539065361023,0.5539710521697998,-0.024121807888150215
NO,0.6572688817977905,0.7292735576629639,1.0609655376470073e-8,0.6060075163841248,0.6710278391838074,-0.00851760059595108,0.5738612413406372,0.5727595090866089,-0.008389785885810852,0.5485349893569946,0.49809184670448303,-0.015143536031246185,0.5105234384536743,0.45917651057243347,-0.02245456352829933,0.6037887930870056,0.5205844640731812,0.022597717121243477,0.5745054483413696,0.44821810722351074,0.004338045604526997,0.5496663451194763,0.40166527032852173,-0.011656740680336952,0.5281093120574951,0.3558818995952606,-0.02276132069528103,0.6287157535552979,0.5077502727508545,0.011799893341958523,0.5999394059181213,0.4246533215045929,-0.014335745945572853,0.5635512471199036,0.3844013810157776,-0.03237301856279373,0.5344799160957336,0.3453429937362671,-0.03989877179265022,0.6601529121398926,0.5086768269538879,-0.0032746237702667713,0.6262292861938477,0.4447810649871826,-0.04229147359728813,0.6149101257324219,0.5172105431556702,-0.043150391429662704,0.6174145936965942,0.5761058330535889,-0.029980318620800972,0.6959031224250793,0.5206707715988159,-0.019468802958726883,0.6632513999938965,0.45949849486351013,-0.04429561272263527,0.6462070941925049,0.505427896976471,-0.03674940764904022,0.6455393433570862,0.553885281085968,-0.02357933670282364
NO,0.6575206518173218,0.7297139167785645,3.123167280350003e-10,0.606095016002655,0.6712591648101807,-0.00838164146989584,0.5737452507019043,0.5726841688156128,-0.008095089346170425,0.5485302209854126,0.4985637664794922,-0.014747186563909054,0.5114620327949524,0.45908400416374207,-0.02188027836382389,0.6031970381736755,0.5209048986434937,0.022739935666322708,0.5730017423629761,0.45053279399871826,0.0041524432599544525,0.5479263663291931,0.40550005435943604,-0.012168219313025475,0.5259408354759216,0.36076265573501587,-0.023394910618662834,0.628262460231781,0.5077917575836182,0.011902134865522385,0.5988601446151733,0.42556285858154297,-0.013969401828944683,0.5627523064613342,0.3847217559814453,-0.03205287083983421,0.5337928533554077,0.3447898030281067,-0.039830707013607025,0.659832239151001,0.5086508989334106,-0.0032569686882197857,0.6259231567382812,0.4447582960128784,-0.04216405376791954,0.6145731210708618,0.5173459053039551,-0.04302370920777321,0.6168107986450195,0.5763304233551025,-0.02994466759264469,0.6958217620849609,0.5205767154693604,-0.019546929746866226,0.6633084416389465,0.4593869149684906,-0.04425179213285446,0.6462486386299133,0.5050829648971558,-0.03667863458395004,0.6454442143440247,0.5534065365791321,-0.02349725179374218
NO,0.6570056676864624,0.7282004952430725,8.649305272001584e-8,0.6056350469589233,0.670688807964325,-0.010702447034418583,0.5736685395240784,0.5723328590393066,-0.011449366807937622,0.5479366779327393,0.49701306223869324,-0.018632078543305397,0.5094686150550842,0.4580274224281311,-0.026131978258490562,0.6018388867378235,0.5188918113708496,0.018939031288027763,0.5747050642967224,0.4419392943382263,-0.000007653854481759481,0.5526824593544006,0.39279139041900635,-0.015634166076779366,0.5340829491615295,0.3434049189090729,-0.026193367317318916,0.627765417098999,0.5065087080001831,0.008998854085803032,0.5994117856025696,0.4199135899543762,-0.016391318291425705,0.5663389563560486,0.3747560977935791,-0.03356025367975235,0.5403175950050354,0.32969504594802856,-0.04078388959169388,0.6601926684379578,0.5077162384986877,-0.005315412301570177,0.6272645592689514,0.44375476241111755,-0.045347269624471664,0.6153132915496826,0.5162156224250793,-0.04661600664258003,0.6169499754905701,0.5753494501113892,-0.03331468626856804,0.6963183283805847,0.520311176776886,-0.02080121636390686,0.6640172600746155,0.45815661549568176,-0.046493228524923325,0.6461706161499023,0.50396329164505,-0.039249125868082047,0.6439175009727478,0.553346574306488,-0.026029659435153008
NO,0.6569986343383789,0.7279870510101318,7.01703513072971e-8,0.606131374835968,0.670231282711029,-0.011372421868145466,0.5738842487335205,0.5726146101951599,-0.01254280749708414,0.5487121939659119,0.4990414083003998,-0.020072637125849724,0.5111862421035767,0.4580041766166687,-0.02790282852947712,0.6013734936714172,0.5167765021324158,0.019192256033420563,0.5738231539726257,0.4414077401161194,-0.0002327177644474432,0.5519459843635559,0.39281779527664185,-0.016437189653515816,0.5334362387657166,0.34427720308303833,-0.027467817068099976,0.6275317668914795,0.5046194195747375,0.009554699063301086,0.5978755354881287,0.42004403471946716,-0.0171518474817276,0.5647920370101929,0.3763944208621979,-0.035028714686632156,0.5384913682937622,0.33216044306755066,-0.042589616030454636,0.660204291343689,0.5056968927383423,-0.0046582394279539585,0.6270924210548401,0.44269317388534546,-0.04635971039533615,0.6143612861633301,0.5152897238731384,-0.048514049500226974,0.6144477725028992,0.57442706823349,-0.03562944382429123,0.696685254573822,0.5177491903305054,-0.019989775493741035,0.6647562384605408,0.45878180861473083,-0.04731258749961853,0.6466038823127747,0.5055288076400757,-0.041118867695331573,0.643951416015625,0.5547056794166565,-0.028462128713726997
NO,0.6566012501716614,0.7275028228759766,6.858994794356477e-8,0.6060395240783691,0.6700368523597717,-0.0111031299456954,0.573880672454834,0.5731173157691956,-0.012294231913983822,0.5487306714057922,0.49971842765808105,-0.020000137388706207,0.5114220380783081,0.4582737684249878,-0.027985690161585808,0.6014344692230225,0.5167269110679626,0.019534053280949593,0.5737534165382385,0.4413875341415405,0.00006841546564828604,0.5521266460418701,0.39265161752700806,-0.016261115670204163,0.5337256193161011,0.34390729665756226,-0.027384961023926735,0.6274620294570923,0.5045992732048035,0.00968934502452612,0.5977412462234497,0.42057615518569946,-0.017172567546367645,0.5646466612815857,0.37683936953544617,-0.035173721611499786,0.5383294820785522,0.33247464895248413,-0.04279676824808121,0.6602873206138611,0.5058216452598572,-0.00473333103582263,0.6267833113670349,0.44290611147880554,-0.04656686261296272,0.6141828298568726,0.5154732465744019,-0.048721201717853546,0.6143134236335754,0.5749592781066895,-0.0358365960419178,0.6967682838439941,0.5178739428520203,-0.0202590711414814,0.6647952198982239,0.45855796337127686,-0.04768546298146248,0.6464900374412537,0.5051600337028503,-0.041491735726594925,0.6431618928909302,0.554309606552124,-0.028855711221694946
NO,0.6566172242164612,0.7272850275039673,6.929376183961722e-8,0.6062317490577698,0.6702642440795898,-0.011559509672224522,0.5740039944648743,0.5731374025344849,-0.012983806431293488,0.5487473011016846,0.49964073300361633,-0.020714228972792625,0.5112621784210205,0.4585040807723999,-0.02871299535036087,0.6015228629112244,0.5168443322181702,0.01854681968688965,0.5740943551063538,0.4409729242324829,-0.0009740435052663088,0.5524640083312988,0.3922065496444702,-0.01719477027654648,0.5342000126838684,0.34358516335487366,-0.028196945786476135,0.6275854110717773,0.5046252012252808,0.008963780477643013,0.5977681279182434,0.4203559160232544,-0.017793389037251472,0.5647353529930115,0.3768014907836914,-0.03556613251566887,0.5387177467346191,0.3325812816619873,-0.043059173971414566,0.6604238152503967,0.5059009194374084,-0.00515275401994586,0.6268486380577087,0.44300246238708496,-0.0467747300863266,0.6143585443496704,0.5155997276306152,-0.04867379367351532,0.6145307421684265,0.5748478770256042,-0.035669345408678055,0.6967586278915405,0.5180070996284485,-0.020404597744345665,0.6647253036499023,0.45887327194213867,-0.04764169082045555,0.6464371085166931,0.5054369568824768,-0.041242677718400955,0.6434386372566223,0.5543180108070374,-0.02848593331873417
NO,0.65700364112854,0.7266280651092529,1.048820053028976e-7,0.6057246327400208,0.6697847843170166,-0.010661222040653229,0.5733752250671387,0.5714280009269714,-0.011517835780978203,0.5480328798294067,0.4970516562461853,-0.01905190385878086,0.5103008151054382,0.4554186463356018,-0.02675110101699829,0.601887047290802,0.5154703855514526,0.01879388652741909,0.5746133923530579,0.4363439977169037,-0.0005789234419353306,0.5530639290809631,0.38594627380371094,-0.016409818083047867,0.5349785089492798,0.3354058265686035,-0.026978155598044395,0.6276480555534363,0.504047155380249,0.00868997909128666,0.5985527634620667,0.4167538285255432,-0.017668936401605606,0.5671426057815552,0.3688986897468567,-0.03550300374627113,0.5429157018661499,0.32065677642822266,-0.04305771365761757,0.660332977771759,0.5051952600479126,-0.005820841062813997,0.6275378465652466,0.441934198141098,-0.04714468494057655,0.6146790385246277,0.514956533908844,-0.04920881986618042,0.6147899031639099,0.5749266743659973,-0.036122243851423264,0.6966196298599243,0.5169727206230164,-0.021446293219923973,0.6653876304626465,0.45550787448883057,-0.04813547059893608,0.6470211744308472,0.5015390515327454,-0.041468337178230286,0.6435737013816833,0.5512273907661438,-0.028423044830560684
NO,0.6560551524162292,0.7266241312026978,9.18482143674737e-8,0.6054708957672119,0.6694610118865967,-0.010955660603940487,0.5731280446052551,0.5714504718780518,-0.011965829879045486,0.5482788681983948,0.4975343644618988,-0.01960979960858822,0.5111852884292603,0.4557345509529114,-0.027451636269688606,0.6017639636993408,0.5133183598518372,0.01833927445113659,0.5746099948883057,0.43505212664604187,-0.0013030675472691655,0.5534632205963135,0.3851779103279114,-0.017318690195679665,0.5356802344322205,0.3351815938949585,-0.02805565670132637,0.6279422640800476,0.5022332072257996,0.008185502141714096,0.5990055799484253,0.4151747226715088,-0.018901636824011803,0.5672656297683716,0.36812180280685425,-0.037011805921792984,0.5421758890151978,0.3202113211154938,-0.04465577006340027,0.6609034538269043,0.5042279958724976,-0.006435929797589779,0.627691388130188,0.44011324644088745,-0.04886307939887047,0.6138170957565308,0.5135043859481812,-0.05136246606707573,0.6129923462867737,0.5735222101211548,-0.03834481164813042,0.6973581314086914,0.5167948007583618,-0.02211960405111313,0.6656611561775208,0.4561255872249603,-0.049904488027095795,0.6468544006347656,0.5021457672119141,-0.04394761100411415,0.6429305076599121,0.5515033006668091,-0.03128403425216675
NO,0.6559153199195862,0.7275205254554749,8.608926549413809e-8,0.6053465008735657,0.6703697443008423,-0.01125254761427641,0.5735772252082825,0.5722110271453857,-0.012234664522111416,0.5487363338470459,0.49803993105888367,-0.019757259637117386,0.5115633606910706,0.4561001658439636,-0.027436574921011925,0.6012920141220093,0.5128784775733948,0.018545284867286682,0.5749048590660095,0.43596628308296204,-0.0010526408441364765,0.5542190074920654,0.3863718509674072,-0.017113903537392616,0.5368874073028564,0.33651643991470337,-0.027938080951571465,0.6274290084838867,0.501549243927002,0.00853605568408966,0.5976454615592957,0.4143441617488861,-0.01782437041401863,0.5668006539344788,0.36699771881103516,-0.035586051642894745,0.5427125096321106,0.31839674711227417,-0.04333849996328354,0.6603097319602966,0.5035938024520874,-0.005991955753415823,0.6278310418128967,0.4391701817512512,-0.04789385199546814,0.6142863035202026,0.5128270387649536,-0.04981629550457001,0.6131935119628906,0.572825014591217,-0.03671444207429886,0.6968241930007935,0.5167836546897888,-0.021648356691002846,0.6657328009605408,0.456037700176239,-0.04902224242687225,0.646772027015686,0.5024967193603516,-0.04262803494930267,0.6423307061195374,0.5514693856239319,-0.02983962558209896
NO,0.655748724937439,0.728065013885498,7.635959775598167e-8,0.6049461364746094,0.670609712600708,-0.011522511020302773,0.5733746290206909,0.5725124478340149,-0.012657941319048405,0.548578143119812,0.4978612959384918,-0.02030106820166111,0.5110241174697876,0.4559246301651001,-0.02813342958688736,0.6010977029800415,0.5129712224006653,0.018461251631379128,0.5745837092399597,0.4365069568157196,-0.00111374631524086,0.5536447763442993,0.38710740208625793,-0.01716812141239643,0.5362244248390198,0.33750003576278687,-0.028028300032019615,0.6273876428604126,0.5015297532081604,0.008568291552364826,0.5976223349571228,0.41503965854644775,-0.01778840273618698,0.5666067004203796,0.36797839403152466,-0.035618856549263,0.5422398447990417,0.3195395767688751,-0.04344070702791214,0.6604753136634827,0.5035346746444702,-0.005871644709259272,0.6278855800628662,0.4400009512901306,-0.04794037714600563,0.614656925201416,0.5135221481323242,-0.050043024122714996,0.613658607006073,0.5731590390205383,-0.03706968575716019,0.6966765522956848,0.5166852474212646,-0.021457524970173836,0.665645182132721,0.45590728521347046,-0.04907580465078354,0.6467192769050598,0.5024807453155518,-0.042725805193185806,0.6421612501144409,0.5517944097518921,-0.029962733387947083
NO,0.6550434827804565,0.7261812686920166,1.0356264823485617e-7,0.6043256521224976,0.6686831712722778,-0.011115684174001217,0.5731916427612305,0.5710753202438354,-0.011956189759075642,0.5488976836204529,0.49652647972106934,-0.019415676593780518,0.5117589831352234,0.4546644389629364,-0.026917187497019768,0.6011034846305847,0.5117661952972412,0.01870124787092209,0.5752875208854675,0.43245670199394226,-0.0006609131232835352,0.5546298027038574,0.3826459050178528,-0.01630580611526966,0.5374885201454163,0.33263301849365234,-0.026580985635519028,0.6271206736564636,0.5004304051399231,0.008835813961923122,0.598170280456543,0.41198188066482544,-0.01726188138127327,0.5678929090499878,0.3625800609588623,-0.03490199148654938,0.5449033975601196,0.31262901425361633,-0.04236147552728653,0.6598768830299377,0.5021888017654419,-0.0055473363026976585,0.628162145614624,0.43847596645355225,-0.047194384038448334,0.6141067743301392,0.5111833214759827,-0.049505773931741714,0.6128114461898804,0.5710128545761108,-0.036477938294410706,0.6959790587425232,0.5148569345474243,-0.021044155582785606,0.6649800539016724,0.45371562242507935,-0.04811893776059151,0.64629065990448,0.5001718997955322,-0.041668057441711426,0.6421535015106201,0.5498924851417542,-0.02870326116681099
NO,0.6549621820449829,0.7270719408988953,9.033330172769638e-8,0.6047223806381226,0.6702696084976196,-0.012261525727808475,0.5733442902565002,0.5720229744911194,-0.013493998907506466,0.548039972782135,0.4963434338569641,-0.021036310121417046,0.509572446346283,0.4554537534713745,-0.028673430904746056,0.6013973355293274,0.512454628944397,0.017043940722942352,0.574882447719574,0.4322971701622009,-0.0023754071444272995,0.5542839169502258,0.3814734220504761,-0.01784452237188816,0.5376423597335815,0.3306388854980469,-0.028209935873746872,0.6275702118873596,0.5005974769592285,0.0077635254710912704,0.5979816913604736,0.4128950238227844,-0.01850816234946251,0.5682733058929443,0.36352625489234924,-0.03608933463692665,0.5458152294158936,0.31313782930374146,-0.04373699054121971,0.6602557897567749,0.5022979974746704,-0.0060254232957959175,0.6282371878623962,0.43912750482559204,-0.04795056954026222,0.6149056553840637,0.5112603306770325,-0.050310175865888596,0.613545835018158,0.5703277587890625,-0.03754301741719246,0.6964129209518433,0.5149178504943848,-0.021015243604779243,0.6654449105262756,0.45371097326278687,-0.048666879534721375,0.6465949416160583,0.4998844861984253,-0.042662519961595535,0.641643762588501,0.5493316054344177,-0.030169250443577766
NO,0.6555356383323669,0.7267360091209412,9.866543848602305e-8,0.6050864458084106,0.670172929763794,-0.012268812395632267,0.5734391808509827,0.5721065998077393,-0.013553614728152752,0.5482712984085083,0.4970778822898865,-0.02117818035185337,0.5100246071815491,0.455830842256546,-0.02883434109389782,0.6008787751197815,0.5120996832847595,0.01772395707666874,0.5746446251869202,0.43256181478500366,-0.0017376428004354239,0.5542346239089966,0.38219714164733887,-0.017323773354291916,0.5377497673034668,0.33157214522361755,-0.02773909829556942,0.6270524263381958,0.5001792907714844,0.008382810279726982,0.5975481867790222,0.4124021530151367,-0.017850330099463463,0.5681092739105225,0.36298197507858276,-0.03544791415333748,0.5456546545028687,0.3126279413700104,-0.04307248070836067,0.6599915623664856,0.5019634366035461,-0.005570988170802593,0.6277328729629517,0.4387560486793518,-0.04743238538503647,0.614386260509491,0.5109630823135376,-0.0497913658618927,0.6131521463394165,0.5699540972709656,-0.037006527185440063,0.695801317691803,0.514432966709137,-0.020746402442455292,0.6648035049438477,0.453876256942749,-0.048232752829790115,0.6463095545768738,0.5004081130027771,-0.04218786209821701,0.6417744159698486,0.5497114062309265,-0.02965577132999897
NO,0.6551606059074402,0.7269619703292847,9.592881866637981e-8,0.6046912670135498,0.6699133515357971,-0.012784547172486782,0.5729749202728271,0.572033703327179,-0.01430350448936224,0.5473875999450684,0.4967292249202728,-0.022088155150413513,0.5089184641838074,0.45535072684288025,-0.02993609569966793,0.6014270782470703,0.5129059553146362,0.01701441965997219,0.5751249194145203,0.43392542004585266,-0.0027504710014909506,0.5546110272407532,0.38379162549972534,-0.01847008429467678,0.537883460521698,0.33330535888671875,-0.028923457488417625,0.6274774670600891,0.5009641051292419,0.007890134118497372,0.5983108878135681,0.41293221712112427,-0.0187337938696146,0.5685924887657166,0.3635781407356262,-0.03649714216589928,0.5457160472869873,0.3131282329559326,-0.044176310300827026,0.660210907459259,0.5025455951690674,-0.0058595845475792885,0.6282623410224915,0.4391734004020691,-0.04826905578374863,0.6148871779441833,0.5111266374588013,-0.05084283649921417,0.6135154962539673,0.5703078508377075,-0.038037195801734924,0.6961555480957031,0.5149276256561279,-0.020832905545830727,0.6655296683311462,0.4534609019756317,-0.04869098588824272,0.6467078328132629,0.49941158294677734,-0.042826127260923386,0.6419863700866699,0.5489157438278198,-0.030315835028886795
NO,0.6552291512489319,0.7256385087966919,1.0248243853538952e-7,0.6040674448013306,0.6682619452476501,-0.012358813546597958,0.5731011033058167,0.5701424479484558,-0.013643118552863598,0.5483137965202332,0.49455901980400085,-0.02120157517492771,0.5101974010467529,0.4542919993400574,-0.02876003086566925,0.6008411645889282,0.5111038088798523,0.017306551337242126,0.5747571587562561,0.43142589926719666,-0.001955408602952957,0.5544628500938416,0.38145631551742554,-0.017306551337242126,0.5379275679588318,0.3309786319732666,-0.02741256356239319,0.6269888281822205,0.4991263151168823,0.008190082386136055,0.5974711179733276,0.4110701382160187,-0.017611835151910782,0.5683567523956299,0.3614780902862549,-0.03492891415953636,0.5463662147521973,0.31099721789360046,-0.04227682948112488,0.6596512198448181,0.5008873343467712,-0.005474091041833162,0.6277828812599182,0.4382302165031433,-0.04695086181163788,0.6146497130393982,0.5102355480194092,-0.04930892959237099,0.6136482357978821,0.5693564414978027,-0.03640270605683327,0.6957921981811523,0.5137447714805603,-0.020338354632258415,0.6651548743247986,0.4522865116596222,-0.04732983186841011,0.6465345025062561,0.4983390271663666,-0.04099252074956894,0.641974925994873,0.5480166077613831,-0.028191570192575455
NO,0.6545284390449524,0.7259330749511719,9.822978341844646e-8,0.60434490442276,0.6687319874763489,-0.012843513861298561,0.573178768157959,0.5702930688858032,-0.014342098496854305,0.5475727319717407,0.49438393115997314,-0.022035541012883186,0.5087980628013611,0.45427751541137695,-0.02976064756512642,0.6008680462837219,0.5111671090126038,0.01684325933456421,0.5746193528175354,0.4310172200202942,-0.0024404784198850393,0.5543686151504517,0.3805079758167267,-0.01777195930480957,0.5382959842681885,0.3294774293899536,-0.02802988700568676,0.6271857619285583,0.49902021884918213,0.00796255562454462,0.5973140001296997,0.41143175959587097,-0.018056903034448624,0.5682963728904724,0.3619610667228699,-0.03550171107053757,0.5465092062950134,0.31118497252464294,-0.04310017079114914,0.6599550843238831,0.5008246898651123,-0.005461395252496004,0.62801194190979,0.43829622864723206,-0.04744818061590195,0.6149970293045044,0.5103592276573181,-0.050023216754198074,0.6138677000999451,0.5696884989738464,-0.03731689602136612,0.6965050101280212,0.5136817693710327,-0.02008316107094288,0.6659322381019592,0.45232170820236206,-0.047743674367666245,0.6470662951469421,0.4982691705226898,-0.0418548658490181,0.6417925357818604,0.5480819344520569,-0.029359616339206696
NO,0.654664158821106,0.7256869077682495,1.0295721608599706e-7,0.6044955253601074,0.668239176273346,-0.012714640237390995,0.5734191536903381,0.5702928304672241,-0.01425389014184475,0.5482990145683289,0.4944280982017517,-0.02203449234366417,0.5096587538719177,0.4540984034538269,-0.029794005677103996,0.6005696654319763,0.5108506083488464,0.017216423526406288,0.5740962028503418,0.43034785985946655,-0.0020308103412389755,0.5540491938591003,0.37956714630126953,-0.017342938110232353,0.5381780862808228,0.32829561829566956,-0.027558928355574608,0.6268889904022217,0.49872681498527527,0.008191769942641258,0.5968671441078186,0.4111228287220001,-0.017848992720246315,0.5683554410934448,0.3615289628505707,-0.035276271402835846,0.5470619201660156,0.3105939030647278,-0.042803846299648285,0.6598639488220215,0.5005316734313965,-0.0054190088994801044,0.6277127861976624,0.43830305337905884,-0.04727399721741676,0.6149951815605164,0.5104458332061768,-0.04971993714570999,0.6140075922012329,0.5694468021392822,-0.0368998683989048,0.6960170865058899,0.5133364796638489,-0.02024221047759056,0.6652302145957947,0.4522848427295685,-0.04765354469418526,0.6466394066810608,0.49832409620285034,-0.041559793055057526,0.6416833400726318,0.5477612614631653,-0.02897166647017002
NO,0.6547850966453552,0.7258076071739197,9.756056584819817e-8,0.6046596765518188,0.6687915921211243,-0.012766357511281967,0.5736246705055237,0.5704516172409058,-0.01430676132440567,0.5483612418174744,0.49460357427597046,-0.02207208424806595,0.5097593665122986,0.45432889461517334,-0.02981630340218544,0.6008728742599487,0.5112138986587524,0.016786178573966026,0.5742682814598083,0.4309062957763672,-0.0025387643836438656,0.5541229248046875,0.3801462650299072,-0.017894001677632332,0.5382892489433289,0.328855037689209,-0.028191493824124336,0.6270792484283447,0.49920985102653503,0.007828625850379467,0.5968704223632812,0.41145023703575134,-0.018263276666402817,0.5682768225669861,0.36208054423332214,-0.0357247032225132,0.5470119714736938,0.3110974431037903,-0.043342310935258865,0.6600610017776489,0.5007419586181641,-0.005671005696058273,0.6281216144561768,0.43794381618499756,-0.047604795545339584,0.6152461171150208,0.5102329850196838,-0.04996815323829651,0.6141085028648376,0.5695141553878784,-0.037159595638513565,0.6962829232215881,0.5136286616325378,-0.020373418927192688,0.665618896484375,0.4523879885673523,-0.04798462614417076,0.6469563841819763,0.4985435903072357,-0.04199181869626045,0.641831636428833,0.5482654571533203,-0.029499782249331474
NO,0.6559405326843262,0.7246211767196655,1.0490396107343258e-7,0.6045787334442139,0.6671496629714966,-0.011556724086403847,0.5744538307189941,0.569219172000885,-0.012516269460320473,0.5506653189659119,0.49401551485061646,-0.019950110465288162,0.5128985643386841,0.4535784125328064,-0.02735232189297676,0.6015287637710571,0.5097030401229858,0.018431710079312325,0.5752721428871155,0.42972931265830994,-0.0005361196817830205,0.5551745891571045,0.3791664242744446,-0.015785053372383118,0.5392840504646301,0.3283694386482239,-0.02593936398625374,0.6277024745941162,0.49754223227500916,0.008878432214260101,0.5972503423690796,0.4096960127353668,-0.016649695113301277,0.5682157874107361,0.35980087518692017,-0.03399533033370972,0.5468454360961914,0.3088642954826355,-0.04154516011476517,0.6605722904205322,0.4994742274284363,-0.005185236688703299,0.6284245848655701,0.4369294345378876,-0.04610036313533783,0.6156684756278992,0.5091412663459778,-0.04816707596182823,0.615251898765564,0.567687451839447,-0.03534501791000366,0.696502149105072,0.512427806854248,-0.02045624516904354,0.6656907796859741,0.45197370648384094,-0.04698609560728073,0.6471796631813049,0.49824219942092896,-0.040490709245204926,0.6426477432250977,0.5472602844238281,-0.027731921523809433
NO,0.6543819904327393,0.7243658900260925,9.581051330087575e-8,0.603832483291626,0.6667301058769226,-0.011469286866486073,0.5742506384849548,0.5699599981307983,-0.012843486852943897,0.5503255724906921,0.4942792057991028,-0.0205178651958704,0.5124832391738892,0.45423412322998047,-0.028308525681495667,0.6006337404251099,0.5106852650642395,0.015729306265711784,0.5741389989852905,0.42951956391334534,-0.0038794728461652994,0.5542154908180237,0.3782915771007538,-0.019333938136696815,0.5386954545974731,0.327229380607605,-0.0296404417604208,0.6267964839935303,0.49913081526756287,0.006316035520285368,0.5960992574691772,0.4102679491043091,-0.019809624180197716,0.5674998164176941,0.36096400022506714,-0.03703998401761055,0.5467692017555237,0.3098609149456024,-0.04452408850193024,0.6597524881362915,0.5009366273880005,-0.007314973510801792,0.6283053755760193,0.43689098954200745,-0.04824499785900116,0.6150813102722168,0.5089119076728821,-0.04972490668296814,0.6140632033348083,0.5672122240066528,-0.03670171648263931,0.6963778138160706,0.514022707939148,-0.02209291234612465,0.6664232611656189,0.45331496000289917,-0.04879467934370041,0.6473716497421265,0.4993508756160736,-0.04215623810887337,0.6423190832138062,0.5479092597961426,-0.029344461858272552
NO,0.6556754112243652,0.7238790988922119,9.616302776294106e-8,0.6051844358444214,0.6655462384223938,-0.011097247712314129,0.576420247554779,0.5699430108070374,-0.01250943262130022,0.5531890392303467,0.4948529005050659,-0.02047668769955635,0.5157961845397949,0.4540080428123474,-0.0284966342151165,0.6031765937805176,0.5114248394966125,0.01684083789587021,0.5769922137260437,0.42857417464256287,-0.0022539636120200157,0.5578516125679016,0.3768448233604431,-0.017515312880277634,0.5430903434753418,0.32520830631256104,-0.02771677076816559,0.629304826259613,0.5001809597015381,0.007129428442567587,0.5992461442947388,0.4110349714756012,-0.018558643758296967,0.5698627829551697,0.3616120219230652,-0.035936951637268066,0.5480318069458008,0.3113963007926941,-0.04358804598450661,0.6618696451187134,0.5019820928573608,-0.006818536669015884,0.6298204064369202,0.43672990798950195,-0.047424133867025375,0.6177557706832886,0.5076729655265808,-0.04936325550079346,0.6175927519798279,0.5659542679786682,-0.03671681880950928,0.6983146667480469,0.5148099064826965,-0.02189941145479679,0.6680219173431396,0.4517417550086975,-0.04826722666621208,0.6489403247833252,0.4964725971221924,-0.04175431653857231,0.6439046859741211,0.5457531809806824,-0.02910787984728813
NO,0.6538598537445068,0.7236628532409668,1.0714878584394683e-7,0.6039994359016418,0.6638052463531494,-0.010098202154040337,0.5756773948669434,0.5674523115158081,-0.010889499448239803,0.552399754524231,0.4930621385574341,-0.018372753635048866,0.5156105160713196,0.4535643458366394,-0.025971299037337303,0.6017431616783142,0.5108810663223267,0.01807929389178753,0.5753357410430908,0.42915770411491394,-0.0007978471112437546,0.5555402040481567,0.3773134648799896,-0.015930738300085068,0.5406699180603027,0.32584214210510254,-0.025908412411808968,0.6279407143592834,0.49895745515823364,0.00810686033219099,0.5972094535827637,0.41013941168785095,-0.017177948728203773,0.5688532590866089,0.3593716621398926,-0.03429301455616951,0.5486263632774353,0.3085179030895233,-0.04162953794002533,0.6610746383666992,0.5004796981811523,-0.006057872902601957,0.6290918588638306,0.43795639276504517,-0.04607337713241577,0.615826427936554,0.5082495212554932,-0.047917988151311874,0.6147752404212952,0.5665175914764404,-0.03523628041148186,0.6977953314781189,0.5134038329124451,-0.021307364106178284,0.667643129825592,0.4526853561401367,-0.046995680779218674,0.6476290225982666,0.49791964888572693,-0.040162231773138046,0.641352117061615,0.5471027493476868,-0.02733379602432251
NO,0.6550531983375549,0.7239381670951843,1.0446530041008373e-7,0.6046922206878662,0.6645412445068359,-0.010610618628561497,0.5761911273002625,0.5690248012542725,-0.011833910830318928,0.5530742406845093,0.49419429898262024,-0.019751185551285744,0.516058087348938,0.45375582575798035,-0.027741963043808937,0.6015805006027222,0.511755645275116,0.01784011907875538,0.5748955607414246,0.43037429451942444,-0.001438549836166203,0.5554100275039673,0.3788338899612427,-0.01680058240890503,0.5408190488815308,0.32733872532844543,-0.026880932971835136,0.6278045773506165,0.4994177520275116,0.00789102353155613,0.5966179370880127,0.41039925813674927,-0.017756115645170212,0.5684098601341248,0.35982877016067505,-0.03498721495270729,0.5480853319168091,0.30931153893470764,-0.04240047186613083,0.6609762907028198,0.5009425282478333,-0.006352720316499472,0.6290442943572998,0.437422513961792,-0.046873629093170166,0.6163603663444519,0.5077981352806091,-0.04893169924616814,0.615398108959198,0.5661174654960632,-0.03626825660467148,0.6979538798332214,0.5136805176734924,-0.021693753078579903,0.6676231622695923,0.4523847997188568,-0.04788166284561157,0.6481008529663086,0.4974673390388489,-0.04126643016934395,0.6421022415161133,0.5469856858253479,-0.028497988358139992
NO,0.6539444327354431,0.7243108749389648,1.0401956984651406e-7,0.6040337085723877,0.6637051701545715,-0.010341261513531208,0.5756624937057495,0.5677986145019531,-0.011203909292817116,0.5520318150520325,0.4928998053073883,-0.01874682307243347,0.514652669429779,0.4535199701786041,-0.026363378390669823,0.6021156311035156,0.5113257765769958,0.018294459208846092,0.5753418207168579,0.42926061153411865,-0.0005108825280331075,0.5556430816650391,0.37780624628067017,-0.015548711642622948,0.5405922532081604,0.3264881372451782,-0.025479689240455627,0.6281296014785767,0.4994488060474396,0.008547583594918251,0.5972809791564941,0.41040849685668945,-0.01673748344182968,0.5692384243011475,0.3598485589027405,-0.033853694796562195,0.5490790009498596,0.3091244697570801,-0.041238803416490555,0.6608803868293762,0.5010855197906494,-0.005433632992208004,0.6291519403457642,0.43747588992118835,-0.045615166425704956,0.6162744164466858,0.5076941847801208,-0.04767710715532303,0.6152417659759521,0.5660360455513,-0.03509506583213806,0.6977572441101074,0.5136832594871521,-0.020493159070611,0.6680662035942078,0.452380508184433,-0.04637261480093002,0.6481649279594421,0.49715468287467957,-0.03987118974328041,0.6417060494422913,0.5462554693222046,-0.027247067540884018
NO,0.6594622135162354,0.7244749069213867,9.111011678442082e-8,0.6073698997497559,0.6656731367111206,-0.009913108311593533,0.5791492462158203,0.568889856338501,-0.010244246572256088,0.5577408671379089,0.4934486746788025,-0.01746094785630703,0.5215862989425659,0.4511396586894989,-0.024661879986524582,0.6042221188545227,0.5107332468032837,0.020236197859048843,0.5789215564727783,0.4295194447040558,0.001647804630920291,0.5601245164871216,0.3780471086502075,-0.013697540387511253,0.5453149080276489,0.3269808292388916,-0.02401011623442173,0.630729079246521,0.4994352161884308,0.009802729822695255,0.6012119054794312,0.4119676351547241,-0.015368998982012272,0.5720284581184387,0.36250704526901245,-0.032882507890462875,0.5505076050758362,0.3122421205043793,-0.04064059257507324,0.6633303165435791,0.5016415119171143,-0.005022256635129452,0.6323887705802917,0.43729275465011597,-0.045244984328746796,0.6201819777488708,0.5074607133865356,-0.04726334661245346,0.6197697520256042,0.5648292303085327,-0.034711651504039764,0.6998326778411865,0.5146949291229248,-0.020993083715438843,0.6701499223709106,0.45191532373428345,-0.047137197107076645,0.6514678597450256,0.49759384989738464,-0.04049341753125191,0.6467787623405457,0.546907365322113,-0.027731476351618767
NO,0.6574115753173828,0.7250676155090332,1.0696590635461689e-7,0.6069737076759338,0.6645697951316833,-0.008070031180977821,0.5786319375038147,0.5678533315658569,-0.007513838820159435,0.5569115877151489,0.4929218888282776,-0.014062212780117989,0.5216466188430786,0.4517984688282013,-0.02082046866416931,0.6045694947242737,0.5119221210479736,0.020946398377418518,0.5788215398788452,0.4307917356491089,0.0026760180480778217,0.5586177706718445,0.3793036937713623,-0.012099798768758774,0.5430946946144104,0.3282460570335388,-0.021701980382204056,0.6303442120552063,0.5001270174980164,0.01003769040107727,0.59991055727005,0.4107634425163269,-0.014293083921074867,0.5718446373939514,0.359539270401001,-0.03095785528421402,0.5517928004264832,0.3092884421348572,-0.03798896446824074,0.6632896661758423,0.50128573179245,-0.005034586880356073,0.6316948533058167,0.43794625997543335,-0.044579312205314636,0.6190645098686218,0.508033037185669,-0.0465102456510067,0.6186055541038513,0.5663894414901733,-0.03383326530456543,0.699877142906189,0.5132646560668945,-0.021030351519584656,0.6689621806144714,0.4521361291408539,-0.046678148210048676,0.6499779224395752,0.4992906153202057,-0.03966803103685379,0.6450743079185486,0.5502687692642212,-0.026592273265123367
NO,0.6566930413246155,0.7249948978424072,9.743330764422353e-8,0.6064264178276062,0.6646068096160889,-0.007987004704773426,0.578449010848999,0.568778932094574,-0.007281030062586069,0.557405412197113,0.4942828118801117,-0.013803399167954922,0.523131251335144,0.45211726427078247,-0.020473286509513855,0.6046338677406311,0.5112677812576294,0.02200114168226719,0.5786139965057373,0.431413859128952,0.003759055631235242,0.558708131313324,0.3800608217716217,-0.011148088611662388,0.5435284376144409,0.3294779360294342,-0.02083154208958149,0.6305522322654724,0.4992847442626953,0.010926812887191772,0.5999709367752075,0.4105328619480133,-0.013424069620668888,0.5716155171394348,0.35925525426864624,-0.030241036787629128,0.5514768362045288,0.30945003032684326,-0.03734293580055237,0.6635995507240295,0.5007722973823547,-0.004422883503139019,0.6317222714424133,0.43774858117103577,-0.04421302676200867,0.6184203028678894,0.5077461004257202,-0.046531155705451965,0.6174390912055969,0.5661517381668091,-0.033992186188697815,0.6999644041061401,0.513410747051239,-0.020715637132525444,0.6690781712532043,0.45309653878211975,-0.04661545157432556,0.6497469544410706,0.5001237988471985,-0.039935026317834854,0.6443462371826172,0.5508760809898376,-0.027037804946303368
NO,0.6570088863372803,0.7250787019729614,8.452751387721946e-8,0.6068036556243896,0.6647415161132812,-0.008014509454369545,0.5785909295082092,0.5688779354095459,-0.0072930981405079365,0.5575213432312012,0.4946921169757843,-0.013743672519922256,0.523334801197052,0.45248764753341675,-0.02043120563030243,0.6043646931648254,0.5119073987007141,0.021463297307491302,0.57914799451828,0.43344324827194214,0.002940935082733631,0.5596678853034973,0.3824710249900818,-0.012269255705177784,0.5448593497276306,0.3318604528903961,-0.022242633625864983,0.6303963661193848,0.4995715916156769,0.010357779450714588,0.5993225574493408,0.4111677408218384,-0.014017491601407528,0.5711497068405151,0.3604353666305542,-0.030836375430226326,0.5510007739067078,0.310819536447525,-0.037976767867803574,0.6632084250450134,0.5006284713745117,-0.004981422796845436,0.6316416263580322,0.43756943941116333,-0.04465377330780029,0.6188815236091614,0.5076268911361694,-0.04654945060610771,0.6180664300918579,0.5660939812660217,-0.033890530467033386,0.7000131607055664,0.5132597088813782,-0.021294794976711273,0.669177770614624,0.45314618945121765,-0.047097090631723404,0.6499580144882202,0.5003028512001038,-0.040125202387571335,0.644339382648468,0.5509864687919617,-0.027087146416306496
NO,0.6579339504241943,0.7239500284194946,1.0372857417451087e-7,0.6077086925506592,0.6635068655014038,-0.009686561301350594,0.5801072716712952,0.5667740702629089,-0.009854932315647602,0.5584795475006104,0.4917307198047638,-0.016752857714891434,0.5218013525009155,0.4512854218482971,-0.023634999990463257,0.605768620967865,0.508995532989502,0.020288636907935143,0.5807058811187744,0.42882615327835083,0.001446933252736926,0.5620440244674683,0.3777971863746643,-0.0141220698133111,0.5477147698402405,0.32653987407684326,-0.024497898295521736,0.6320604681968689,0.4981236755847931,0.010154841467738152,0.6025443077087402,0.41103383898735046,-0.015311187133193016,0.5749072432518005,0.3613405227661133,-0.03306374326348305,0.5552879571914673,0.31027543544769287,-0.04089296981692314,0.6648949384689331,0.500656247138977,-0.004306599963456392,0.6347378492355347,0.4382091760635376,-0.04487071931362152,0.621333658695221,0.5093421936035156,-0.04714372009038925,0.620168924331665,0.5669575929641724,-0.03460012376308441,0.7012491226196289,0.5139272809028625,-0.01978352665901184,0.6719436645507812,0.4542158842086792,-0.04600721597671509,0.6530861258506775,0.5010133385658264,-0.03948286548256874,0.6486008763313293,0.5496664643287659,-0.026728807017207146
NO,0.6582972407341003,0.7240241765975952,1.1377499475884179e-7,0.6080672740936279,0.6633168458938599,-0.009561313316226006,0.5800096392631531,0.5661674737930298,-0.009561313316226006,0.5583233833312988,0.49144333600997925,-0.01632649078965187,0.5219489336013794,0.450989305973053,-0.023018362000584602,0.6046088933944702,0.5084857940673828,0.020955298095941544,0.5797685384750366,0.4296768009662628,0.0020499746315181255,0.5613468885421753,0.3787020444869995,-0.013656025752425194,0.5472472906112671,0.32761257886886597,-0.024023713544011116,0.6313191056251526,0.4975331127643585,0.01063473429530859,0.6012125015258789,0.4101720452308655,-0.014713739044964314,0.5741008520126343,0.36024826765060425,-0.03238070011138916,0.5548688769340515,0.30929499864578247,-0.04004650190472603,0.6644984483718872,0.49995651841163635,-0.00409733084961772,0.6344942450523376,0.43840211629867554,-0.04486381635069847,0.6209899187088013,0.5096475481987,-0.04716774448752403,0.6191969513893127,0.5677884221076965,-0.0345170721411705,0.701431393623352,0.5132116079330444,-0.01984522119164467,0.6717162728309631,0.4543103277683258,-0.04616239666938782,0.6527477502822876,0.5015100240707397,-0.039501938968896866,0.6476397514343262,0.5503596663475037,-0.026599928736686707
NO,0.6579978466033936,0.7245930433273315,1.0176334797051823e-7,0.6078487634658813,0.6631841659545898,-0.008757221512496471,0.5802701115608215,0.5667101144790649,-0.00834171287715435,0.5588478446006775,0.49205243587493896,-0.014853088185191154,0.5228104591369629,0.45176050066947937,-0.021311867982149124,0.6056237816810608,0.5082038640975952,0.02206924930214882,0.5803689956665039,0.42978110909461975,0.003245168598368764,0.5617932081222534,0.3789704144001007,-0.012623021379113197,0.5477012395858765,0.32807087898254395,-0.02314220368862152,0.631909966468811,0.4974455237388611,0.011529025621712208,0.6018787026405334,0.41054585576057434,-0.01367493998259306,0.574589192867279,0.3609510064125061,-0.03149443864822388,0.5549331903457642,0.3102223575115204,-0.03936278447508812,0.6650019288063049,0.49983829259872437,-0.003387177363038063,0.6345595717430115,0.438079297542572,-0.043843962252140045,0.6211511492729187,0.5094245076179504,-0.04632648825645447,0.6196714639663696,0.567101776599884,-0.0338296964764595,0.7013819217681885,0.5131876468658447,-0.01927114650607109,0.6721013784408569,0.4544622600078583,-0.045358724892139435,0.6530528664588928,0.5013446807861328,-0.03881579264998436,0.6480875611305237,0.5499210357666016,-0.026087576523423195
NO,0.6579447984695435,0.724385678768158,1.0844682662991545e-7,0.6077844500541687,0.6633873581886292,-0.009541061706840992,0.5800944566726685,0.5664885640144348,-0.009577859193086624,0.5586481094360352,0.49195149540901184,-0.01638013683259487,0.522283673286438,0.4514895975589752,-0.023108821362257004,0.6046578288078308,0.5086064338684082,0.02094302698969841,0.5796454548835754,0.4300457835197449,0.001818847144022584,0.5613044500350952,0.37902212142944336,-0.014067152515053749,0.5473024845123291,0.32788342237472534,-0.024559693410992622,0.631320595741272,0.49745941162109375,0.01067652739584446,0.6010407209396362,0.41049057245254517,-0.014803102239966393,0.574118435382843,0.3605848550796509,-0.032465893775224686,0.5547120571136475,0.30976754426956177,-0.040119774639606476,0.6646109223365784,0.4997153580188751,-0.004013554193079472,0.6342231035232544,0.4379701018333435,-0.04474574327468872,0.6209119558334351,0.509266197681427,-0.04697461798787117,0.6192058324813843,0.5672545433044434,-0.0343162827193737,0.7011368274688721,0.5129488110542297,-0.019744478166103363,0.671915590763092,0.45442262291908264,-0.04600737243890762,0.6528527140617371,0.5016298890113831,-0.03940485045313835,0.6475523114204407,0.5503420829772949,-0.02655727230012417
NO,0.6618456840515137,0.7252081632614136,1.1490128315472248e-7,0.6114774346351624,0.6666125059127808,-0.010764147154986858,0.582892894744873,0.57030189037323,-0.011179568246006966,0.5614070892333984,0.4949026107788086,-0.01820492371916771,0.5260558724403381,0.45256131887435913,-0.02500941976904869,0.6072835326194763,0.5108374953269958,0.020024364814162254,0.5825937986373901,0.42990434169769287,0.0013231697957962751,0.565348207950592,0.37906891107559204,-0.01392450463026762,0.5519540905952454,0.32737812399864197,-0.024147026240825653,0.6337323188781738,0.4990537762641907,0.010243555530905724,0.6049350500106812,0.4105885326862335,-0.014997238293290138,0.578752875328064,0.3601662516593933,-0.032602693885564804,0.5594846606254578,0.3082805871963501,-0.040448375046253204,0.6667333841323853,0.5008496642112732,-0.004043785389512777,0.6369778513908386,0.436710000038147,-0.044844478368759155,0.6239866614341736,0.5080658197402954,-0.047494761645793915,0.6221690773963928,0.5661337375640869,-0.03514780476689339,0.7033064365386963,0.5139133334159851,-0.019466962665319443,0.6745395660400391,0.45375120639801025,-0.046316858381032944,0.6554384231567383,0.49964413046836853,-0.04061664640903473,0.649581253528595,0.5483517646789551,-0.028437960892915726
NO,0.6602471470832825,0.7264208793640137,1.1363902530092673e-7,0.6101853251457214,0.6640868186950684,-0.00921436958014965,0.5824173092842102,0.5673307776451111,-0.009087784215807915,0.5602671504020691,0.49253717064857483,-0.015812639147043228,0.5242183208465576,0.45148545503616333,-0.02246892638504505,0.6080217957496643,0.5101534724235535,0.02126636542379856,0.5835950374603271,0.4300079643726349,0.002753234701231122,0.5649964213371277,0.3793450593948364,-0.012489769607782364,0.5504725575447083,0.3284592032432556,-0.022574415430426598,0.6340387463569641,0.49900561571121216,0.01111842691898346,0.6049968600273132,0.411085844039917,-0.013892758637666702,0.5783292055130005,0.36039620637893677,-0.03147759661078453,0.5589264035224915,0.3087184429168701,-0.039199311286211014,0.6667929291725159,0.5008343458175659,-0.003370339050889015,0.6368699669837952,0.43770843744277954,-0.04354541748762131,0.6234151124954224,0.5085415244102478,-0.046119317412376404,0.621403694152832,0.5663844347000122,-0.033735036849975586,0.7034123539924622,0.5133299827575684,-0.018840143457055092,0.6741576790809631,0.4535261392593384,-0.04476907476782799,0.6550557613372803,0.4998510181903839,-0.03846089541912079,0.649502694606781,0.5485991835594177,-0.025907834991812706
NO,0.6611030697822571,0.7267638444900513,1.1365568042265295e-7,0.6105112433433533,0.6660010814666748,-0.009057465009391308,0.5826442241668701,0.569702684879303,-0.008825358003377914,0.5611835718154907,0.49453991651535034,-0.015487896278500557,0.5258929133415222,0.4526369869709015,-0.02205020748078823,0.6072281002998352,0.5112418532371521,0.02146993763744831,0.5824516415596008,0.43071919679641724,0.003017396666109562,0.564033031463623,0.3796210289001465,-0.012122337706387043,0.549720823764801,0.32863402366638184,-0.022008005529642105,0.6335002183914185,0.4993996024131775,0.011098955757915974,0.6042747497558594,0.41064396500587463,-0.01348333153873682,0.5779204368591309,0.35936054587364197,-0.030553780496120453,0.5586659908294678,0.3081064820289612,-0.03785460814833641,0.6668300032615662,0.5009238123893738,-0.003634591354057193,0.6357343196868896,0.43873482942581177,-0.04338299110531807,0.6224063038825989,0.5090177655220032,-0.045661862939596176,0.6208152174949646,0.5668280124664307,-0.03314916044473648,0.703431248664856,0.513639509677887,-0.01939152181148529,0.6731234788894653,0.45366281270980835,-0.04490223899483681,0.6542046666145325,0.5002858638763428,-0.03819222375750542,0.6490805149078369,0.5495030879974365,-0.025341911241412163
NO,0.6606765389442444,0.7262659668922424,1.1023367818552288e-7,0.6102087497711182,0.6645481586456299,-0.008966786786913872,0.5825347304344177,0.5685254335403442,-0.008760226890444756,0.5608592629432678,0.49358755350112915,-0.015444270335137844,0.5252039432525635,0.4520619511604309,-0.0220753476023674,0.6073396801948547,0.5100299715995789,0.021344447508454323,0.58286052942276,0.42981386184692383,0.002740881172940135,0.564255952835083,0.37912189960479736,-0.012552442029118538,0.5500118732452393,0.32817596197128296,-0.02256261557340622,0.633575439453125,0.498431533575058,0.01106945239007473,0.6045299172401428,0.4107379615306854,-0.013685868121683598,0.5779774188995361,0.360120952129364,-0.030952095985412598,0.5586100220680237,0.3087623119354248,-0.0384305939078331,0.6665729284286499,0.5002622008323669,-0.003540635807439685,0.636196494102478,0.43790003657341003,-0.0434303879737854,0.6228025555610657,0.5085055232048035,-0.04584553837776184,0.621099054813385,0.5662881731987,-0.03338843211531639,0.7030130624771118,0.5129103064537048,-0.019141148775815964,0.6733890175819397,0.453503280878067,-0.04478626325726509,0.6543573141098022,0.5002062916755676,-0.03821874037384987,0.6490359306335449,0.5492194890975952,-0.025507409125566483
NO,0.6633468270301819,0.7251449823379517,1.3769498252713674e-7,0.612478494644165,0.6660770177841187,-0.00896057765930891,0.583962619304657,0.5700469017028809,-0.008627726696431637,0.562476634979248,0.49503499269485474,-0.015268908813595772,0.5265541672706604,0.45320355892181396,-0.021851975470781326,0.6084322929382324,0.50949627161026,0.022168977186083794,0.5842261910438538,0.4273717403411865,0.004208195488899946,0.5670524835586548,0.37474560737609863,-0.010577285662293434,0.5541256666183472,0.3221767246723175,-0.02042546682059765,0.6350085735321045,0.4977646470069885,0.01178189180791378,0.6067853569984436,0.4091532826423645,-0.012997064739465714,0.5808151364326477,0.35857096314430237,-0.030199682340025902,0.5623317956924438,0.30766743421554565,-0.037469588220119476,0.668208658695221,0.4998376667499542,-0.0029956649523228407,0.6377898454666138,0.43774864077568054,-0.04298541322350502,0.6245289444923401,0.5078983902931213,-0.045310087502002716,0.623377799987793,0.5653977394104004,-0.03282023221254349,0.7047066688537598,0.5129193663597107,-0.018777061253786087,0.6753401160240173,0.4540838599205017,-0.044464755803346634,0.6562579274177551,0.5006012320518494,-0.03801905736327171,0.6512284278869629,0.5492148399353027,-0.025381259620189667
NO,0.6628084778785706,0.7261375188827515,1.402744231882025e-7,0.6121134161949158,0.6658642888069153,-0.009574300609529018,0.5833595395088196,0.5685485005378723,-0.009463096037507057,0.561232328414917,0.493438720703125,-0.016204291954636574,0.5253648161888123,0.45162099599838257,-0.022897833958268166,0.6089645028114319,0.5104146003723145,0.021086763590574265,0.5848240256309509,0.42877650260925293,0.0023154665250331163,0.567808210849762,0.3758275508880615,-0.013026980683207512,0.5550491809844971,0.32289204001426697,-0.023279109969735146,0.635462760925293,0.49894478917121887,0.010866408236324787,0.6065311431884766,0.4093535542488098,-0.014583864249289036,0.5809572339057922,0.3583090305328369,-0.0321967639029026,0.562950074672699,0.30625641345977783,-0.039864681661129,0.6686376929283142,0.5008853077888489,-0.003759819781407714,0.639336884021759,0.4369952082633972,-0.044651828706264496,0.6255601644515991,0.5079972743988037,-0.0470665879547596,0.623579204082489,0.5662514567375183,-0.034420885145664215,0.7055839896202087,0.5137402415275574,-0.019413379952311516,0.67679363489151,0.4541345238685608,-0.04592275619506836,0.6570509076118469,0.5004113912582397,-0.03982231765985489,0.6507568359375,0.5489640235900879,-0.027367250993847847
NO,0.663337230682373,0.7261762619018555,1.3178174640415818e-7,0.6120915412902832,0.6662851572036743,-0.00946402084082365,0.583564817905426,0.5697042942047119,-0.009310176596045494,0.5620142221450806,0.4944152534008026,-0.01598910242319107,0.5262652635574341,0.4522465467453003,-0.022577842697501183,0.6086527705192566,0.5105497241020203,0.020370984449982643,0.5848863124847412,0.4291180968284607,0.0012433463707566261,0.5679466724395752,0.3760611414909363,-0.014418837614357471,0.5552611351013184,0.3229610323905945,-0.024869579821825027,0.6353613138198853,0.49905815720558167,0.010233237408101559,0.6067777276039124,0.4103657007217407,-0.015363119542598724,0.5812566876411438,0.35915035009384155,-0.033039189875125885,0.5630156993865967,0.3067251741886139,-0.04082685336470604,0.6685452461242676,0.5009005665779114,-0.004254565108567476,0.639036238193512,0.437675803899765,-0.044901043176651,0.6254429221153259,0.5084080100059509,-0.04723522439599037,0.623546302318573,0.566130518913269,-0.034673113375902176,0.705418586730957,0.5133478045463562,-0.019798051565885544,0.6766708493232727,0.454364150762558,-0.046046916395425797,0.6571879982948303,0.5001025199890137,-0.03995684161782265,0.651167631149292,0.5482245683670044,-0.027522051706910133
NO,0.6628157496452332,0.7253347039222717,1.421151409886079e-7,0.6121450066566467,0.6653672456741333,-0.009567666798830032,0.5831402540206909,0.5681345462799072,-0.009472413919866085,0.5606646537780762,0.4925729036331177,-0.01624598354101181,0.524004340171814,0.4514301121234894,-0.02298780158162117,0.608629584312439,0.5097732543945312,0.02113565243780613,0.5846364498138428,0.4283126890659332,0.0024607109371572733,0.5674462914466858,0.3755052089691162,-0.012785112485289574,0.5545205473899841,0.32281047105789185,-0.02296663448214531,0.6351248025894165,0.4983746409416199,0.011007050052285194,0.6063258051872253,0.4098752737045288,-0.01463726069778204,0.580838143825531,0.35880517959594727,-0.032259125262498856,0.5626351833343506,0.3067125976085663,-0.039900556206703186,0.6684079766273499,0.5003649592399597,-0.0035137892700731754,0.638804018497467,0.4376320242881775,-0.04453622177243233,0.6253219842910767,0.5082893967628479,-0.047033973038196564,0.6233770251274109,0.5662919282913208,-0.034460533410310745,0.7052902579307556,0.513120710849762,-0.019050663337111473,0.6764373779296875,0.45443588495254517,-0.045679256319999695,0.6570477485656738,0.5005494952201843,-0.03971005231142044,0.6510733962059021,0.5487908720970154,-0.027348287403583527
NO,0.6634549498558044,0.7249835133552551,1.5096610184173187e-7,0.6131871938705444,0.6670972108840942,-0.010057552717626095,0.5839844346046448,0.5701727867126465,-0.010311237536370754,0.5618256330490112,0.4949767589569092,-0.01734570972621441,0.5258593559265137,0.4529378414154053,-0.024332618340849876,0.6102571487426758,0.5099776387214661,0.019502034410834312,0.5863937139511108,0.4260062873363495,0.0009599069016985595,0.5695916414260864,0.37215715646743774,-0.013730699196457863,0.5568534135818481,0.3191112279891968,-0.023402439430356026,0.6364267468452454,0.4983626902103424,0.009396914392709732,0.6082467436790466,0.4067034423351288,-0.01620412804186344,0.58218914270401,0.35567983984947205,-0.03316931053996086,0.5638260245323181,0.30489158630371094,-0.040018804371356964,0.6693969964981079,0.5004941821098328,-0.005068414844572544,0.6393691301345825,0.4376949369907379,-0.04549417272210121,0.6258909702301025,0.5078421235084534,-0.04722768813371658,0.6246846914291382,0.5657778978347778,-0.034036070108413696,0.70569908618927,0.5136204361915588,-0.020675325766205788,0.6774019598960876,0.4539320468902588,-0.046466633677482605,0.6578023433685303,0.49850907921791077,-0.03982854261994362,0.6517427563667297,0.546494722366333,-0.026975171640515327
NO,0.6644284725189209,0.7271400094032288,1.4820413696270407e-7,0.6131839156150818,0.6679919958114624,-0.010346375405788422,0.5835262537002563,0.5706645846366882,-0.010500798001885414,0.5612293481826782,0.49446284770965576,-0.017391283065080643,0.5251063108444214,0.45193353295326233,-0.024153966456651688,0.6094537377357483,0.5112046599388123,0.020373251289129257,0.5854179263114929,0.42818447947502136,0.0016174530610442162,0.5692970752716064,0.3748181164264679,-0.01344017032533884,0.5573217868804932,0.32153451442718506,-0.02347237430512905,0.6360807418823242,0.49921485781669617,0.010287800803780556,0.6071900725364685,0.40743133425712585,-0.015410400927066803,0.5817793011665344,0.3560311198234558,-0.03278038650751114,0.5641430616378784,0.30388957262039185,-0.040171410888433456,0.6692527532577515,0.5011622309684753,-0.004305221140384674,0.6397005319595337,0.4363509714603424,-0.045709360390901566,0.6257014274597168,0.507375180721283,-0.04792453721165657,0.6238099336624146,0.5660300254821777,-0.034995559602975845,0.7059805989265442,0.5137895345687866,-0.020011156797409058,0.6773425936698914,0.4533894658088684,-0.0469447486102581,0.6574618220329285,0.4993130564689636,-0.040895603597164154,0.6510177850723267,0.5482243895530701,-0.028350025415420532
NO,0.6646038889884949,0.7272510528564453,1.4126946723536093e-7,0.6137146949768066,0.6683953404426575,-0.010136909782886505,0.5841805338859558,0.5707655549049377,-0.010254781693220139,0.5622316002845764,0.4948618412017822,-0.017144879326224327,0.5262406468391418,0.45266687870025635,-0.02391710877418518,0.6103290915489197,0.5104236006736755,0.020434554666280746,0.585787296295166,0.426736056804657,0.002151146763935685,0.5689464807510376,0.3739158809185028,-0.012355029582977295,0.556298553943634,0.3213196098804474,-0.021924015134572983,0.6368480324745178,0.4987022578716278,0.01030300185084343,0.6078662872314453,0.4068809151649475,-0.014873184263706207,0.5820848345756531,0.3559523820877075,-0.03171802684664726,0.5640344619750977,0.3046380281448364,-0.03866170346736908,0.6701417565345764,0.5007311701774597,-0.00430229352787137,0.6397141814231873,0.4364352822303772,-0.045305345207452774,0.6258149743080139,0.5075174570083618,-0.047448452562093735,0.6239380240440369,0.5664273500442505,-0.03441834822297096,0.70668625831604,0.5137377977371216,-0.019973784685134888,0.677501380443573,0.4528822898864746,-0.04659121483564377,0.6578620076179504,0.4990704655647278,-0.0402476042509079,0.6515300869941711,0.5485535860061646,-0.02751753479242325
NO,0.6646903157234192,0.7270109057426453,1.483367242371969e-7,0.6135119795799255,0.667873740196228,-0.009925264865159988,0.5835685729980469,0.5700864791870117,-0.009807235561311245,0.561224639415741,0.49352627992630005,-0.01662079617381096,0.5248908400535583,0.4509750306606293,-0.02330559492111206,0.6095259785652161,0.5110084414482117,0.021342003718018532,0.5858638286590576,0.4278636574745178,0.0028032169211655855,0.569522500038147,0.3743416368961334,-0.012146378867328167,0.5573684573173523,0.3209768533706665,-0.02208237536251545,0.6360965967178345,0.49923962354660034,0.011041187681257725,0.6069804430007935,0.4073967933654785,-0.014517713338136673,0.581680417060852,0.35571861267089844,-0.03176084905862808,0.5640864372253418,0.3033808767795563,-0.03905726224184036,0.6695224046707153,0.5010687112808228,-0.0038037910126149654,0.6399152874946594,0.43619465827941895,-0.04528067260980606,0.6263573169708252,0.5075441598892212,-0.047469597309827805,0.6243123412132263,0.5667034387588501,-0.03446481376886368,0.7063981890678406,0.5134906768798828,-0.019732501357793808,0.6776592135429382,0.4525144398212433,-0.04669703543186188,0.6579830050468445,0.49862611293792725,-0.04045215994119644,0.6514650583267212,0.5479589104652405,-0.027812203392386436
NO,0.6648191213607788,0.7263907790184021,1.471698141131128e-7,0.6138309836387634,0.6683502197265625,-0.010780878365039825,0.5841974020004272,0.5705708265304565,-0.011230974458158016,0.5618739128112793,0.49438634514808655,-0.018282484263181686,0.5257822275161743,0.45169463753700256,-0.025183960795402527,0.610822319984436,0.5098914504051208,0.019139809533953667,0.5858131647109985,0.42520344257354736,0.0006111799157224596,0.5687947273254395,0.37243008613586426,-0.013888685964047909,0.5562514662742615,0.31990745663642883,-0.023362142965197563,0.6372209191322327,0.49834221601486206,0.009344857186079025,0.608214795589447,0.40580037236213684,-0.01609630137681961,0.5826302766799927,0.3545735776424408,-0.033028494566679,0.5650265216827393,0.30271202325820923,-0.040015704929828644,0.6704272627830505,0.5007159113883972,-0.004908193368464708,0.6400884389877319,0.4353140592575073,-0.04620989039540291,0.6259227395057678,0.5072309970855713,-0.04822460561990738,0.624405026435852,0.5664525628089905,-0.03506464883685112,0.7066926956176758,0.5135509967803955,-0.02024361863732338,0.6774366497993469,0.45254892110824585,-0.04719581454992294,0.6578524708747864,0.49894893169403076,-0.040937334299087524,0.6520997881889343,0.5483300089836121,-0.02816317044198513
NO,0.6648573279380798,0.7269020080566406,1.5038166623071447e-7,0.6137199401855469,0.6680546998977661,-0.011004138737916946,0.5835536122322083,0.570428192615509,-0.011594604700803757,0.5606887340545654,0.4939207434654236,-0.01876608282327652,0.5239889621734619,0.4517635405063629,-0.025894617661833763,0.6097812056541443,0.5109214186668396,0.018905645236372948,0.5857049822807312,0.4263203740119934,-0.000004091430128028151,0.5696191787719727,0.37242937088012695,-0.014922684989869595,0.5578482151031494,0.3185807466506958,-0.024821041151881218,0.6363713145256042,0.49916744232177734,0.009248844347894192,0.6077613234519958,0.4065977931022644,-0.016586726531386375,0.5822515487670898,0.3553802967071533,-0.033753179013729095,0.5648335218429565,0.3031991720199585,-0.04098907485604286,0.6698141098022461,0.5010241270065308,-0.004871343728154898,0.6403665542602539,0.4349496364593506,-0.04655018821358681,0.6262261271476746,0.5064378380775452,-0.04861145094037056,0.6243102550506592,0.5657802820205688,-0.035535313189029694,0.7065890431404114,0.5136910676956177,-0.020097313448786736,0.6775486469268799,0.4523528814315796,-0.0474090501666069,0.6579979658126831,0.4986267387866974,-0.041311148554086685,0.6520186066627502,0.5480504035949707,-0.028685910627245903
NO,0.6649652719497681,0.7266565561294556,1.4675610771064385e-7,0.6139193177223206,0.6684804558753967,-0.011367476545274258,0.5843023061752319,0.570698082447052,-0.012086665257811546,0.561704695224762,0.49442851543426514,-0.019310755655169487,0.5251441597938538,0.4515436887741089,-0.026384567841887474,0.6107481122016907,0.5101787447929382,0.019085338339209557,0.5859576463699341,0.4260269105434418,0.0003877715498674661,0.5688315033912659,0.37345367670059204,-0.01428716816008091,0.5561661720275879,0.32095423340797424,-0.023915709927678108,0.6373308300971985,0.4986027181148529,0.009515834040939808,0.6083399653434753,0.40606701374053955,-0.01616564579308033,0.5826221704483032,0.3549456298351288,-0.033318836241960526,0.5649802088737488,0.30271369218826294,-0.04046778380870819,0.6702760457992554,0.5007023215293884,-0.004594220779836178,0.640052318572998,0.43514037132263184,-0.046242766082286835,0.6258313059806824,0.5071640610694885,-0.04838959872722626,0.6241274476051331,0.5663294792175293,-0.035250984132289886,0.706595242023468,0.5135871767997742,-0.019836729392409325,0.6772967576980591,0.4522809386253357,-0.047101497650146484,0.6579527854919434,0.49886491894721985,-0.04096155986189842,0.652440071105957,0.5482648611068726,-0.028273778036236763
NO,0.6648504734039307,0.7268285751342773,1.4875452336582384e-7,0.6138094067573547,0.6680041551589966,-0.011165998876094818,0.5837593674659729,0.5707372426986694,-0.011820929124951363,0.5611180067062378,0.49419286847114563,-0.01905735395848751,0.5243479013442993,0.451710045337677,-0.026218626648187637,0.6099527478218079,0.5111977458000183,0.018864097073674202,0.5859801769256592,0.42676958441734314,-0.00012036666157655418,0.5695783495903015,0.3728575110435486,-0.015127782709896564,0.5575127601623535,0.31916409730911255,-0.025080552324652672,0.6365376710891724,0.49941423535346985,0.009254896081984043,0.6075977087020874,0.40692463517189026,-0.01669531688094139,0.5819191336631775,0.355758935213089,-0.033905986696481705,0.5643323659896851,0.30362075567245483,-0.041163887828588486,0.6699631214141846,0.5010538697242737,-0.00484754703938961,0.6402016282081604,0.4350622892379761,-0.046639516949653625,0.6261035203933716,0.5065709948539734,-0.04874388128519058,0.6242235898971558,0.5659199357032776,-0.035623833537101746,0.7064768075942993,0.5137379765510559,-0.020077325403690338,0.6776686310768127,0.45237070322036743,-0.047498445957899094,0.6578940153121948,0.49890613555908203,-0.04144303500652313,0.6519442200660706,0.5483399033546448,-0.028816867619752884
NO,0.6624412536621094,0.7241506576538086,1.3938669951585325e-7,0.6123887300491333,0.6665393710136414,-0.011515053920447826,0.5827077031135559,0.5686873197555542,-0.012362063862383366,0.5604960918426514,0.4927869141101837,-0.01962062157690525,0.52449631690979,0.45055025815963745,-0.02684701606631279,0.6092729568481445,0.5080573558807373,0.017304744571447372,0.5851468443870544,0.42422425746917725,-0.0019995879847556353,0.5688210129737854,0.3709802031517029,-0.017176086083054543,0.5570863485336304,0.3177860379219055,-0.027254438027739525,0.636210024356842,0.4973694682121277,0.007875053212046623,0.6071659326553345,0.4060524106025696,-0.01821608655154705,0.5815945267677307,0.355686217546463,-0.03557443991303444,0.5641721487045288,0.30373895168304443,-0.04305815324187279,0.6694725155830383,0.5001673698425293,-0.005971959792077541,0.6398224830627441,0.4341738224029541,-0.047990113496780396,0.6257534623146057,0.5064312815666199,-0.05013444274663925,0.6241731643676758,0.5656780004501343,-0.03713979944586754,0.7063267827033997,0.5133228302001953,-0.02092866413295269,0.6768923997879028,0.4526563286781311,-0.048804957419633865,0.6572505831718445,0.49904191493988037,-0.0429723784327507,0.6512866616249084,0.5482835173606873,-0.030556706711649895
NO,0.6631596088409424,0.7252579927444458,1.367141351238388e-7,0.6120296716690063,0.6673697233200073,-0.01131135318428278,0.581828773021698,0.569581925868988,-0.012003015726804733,0.5593057870864868,0.4939673840999603,-0.019132468849420547,0.523942768573761,0.4517096281051636,-0.026155507192015648,0.608416736125946,0.5098491907119751,0.01774914190173149,0.5842328071594238,0.42666733264923096,-0.0017584206070750952,0.5684643387794495,0.3735908269882202,-0.017387347295880318,0.5570575594902039,0.3201175928115845,-0.027900628745555878,0.635387122631073,0.49850142002105713,0.008124381303787231,0.6068431735038757,0.40699678659439087,-0.017961960285902023,0.5815170407295227,0.3558867573738098,-0.03562597185373306,0.5639918446540833,0.30310893058776855,-0.043479010462760925,0.6689491271972656,0.5007290840148926,-0.005948303267359734,0.6393836140632629,0.43365487456321716,-0.047628987580537796,0.6252966523170471,0.5056203603744507,-0.049842312932014465,0.6232657432556152,0.5645745396614075,-0.037030577659606934,0.7058963775634766,0.5136735439300537,-0.02118617482483387,0.6769096851348877,0.453093945980072,-0.04894847050309181,0.6566546559333801,0.4991023540496826,-0.043393880128860474,0.6499109268188477,0.5477837324142456,-0.031241891905665398
NO,0.6638352870941162,0.7260012626647949,1.3924038455570553e-7,0.6127357482910156,0.6681279540061951,-0.01149185560643673,0.5830895900726318,0.5693349838256836,-0.01209949515759945,0.5605120062828064,0.49319398403167725,-0.019220609217882156,0.5238049030303955,0.45092570781707764,-0.02613917365670204,0.6097925901412964,0.5083577632904053,0.01935919187963009,0.5851185321807861,0.4249190092086792,0.00046139321057125926,0.5684803128242493,0.3724013566970825,-0.014721941202878952,0.5562195181846619,0.31952592730522156,-0.0249452143907547,0.6365098357200623,0.4970942735671997,0.009802190586924553,0.6076539158821106,0.40623894333839417,-0.016075804829597473,0.5820351243019104,0.35604894161224365,-0.03370802477002144,0.5642045140266418,0.3039633631706238,-0.04142611473798752,0.6696909666061401,0.49976998567581177,-0.0043627480044960976,0.6397426128387451,0.43381595611572266,-0.04618062824010849,0.625267505645752,0.506060779094696,-0.048568546772003174,0.6234807372093201,0.5651715397834778,-0.03581877052783966,0.7063539028167725,0.5133222341537476,-0.019689664244651794,0.6771711111068726,0.4527331590652466,-0.047417230904102325,0.6570436358451843,0.49908530712127686,-0.04193780943751335,0.6507595777511597,0.5480830669403076,-0.02978501282632351
NO,0.6636663675308228,0.7258138060569763,1.3818750232985622e-7,0.6125193238258362,0.6674402952194214,-0.011657520197331905,0.5824780464172363,0.5693067312240601,-0.012471085414290428,0.5596380829811096,0.49299725890159607,-0.019643297418951988,0.5235230922698975,0.45097941160202026,-0.026740577071905136,0.6086415648460388,0.5094872117042542,0.017727138474583626,0.5844770073890686,0.42642414569854736,-0.0017903767293319106,0.5685761570930481,0.37328553199768066,-0.017331061884760857,0.5570513606071472,0.3196292519569397,-0.02774682454764843,0.6356170773506165,0.4981043338775635,0.008328329771757126,0.6067649722099304,0.4067518711090088,-0.017812777310609818,0.5814537405967712,0.35616806149482727,-0.03532582148909569,0.5638381838798523,0.30379289388656616,-0.0430118627846241,0.669158399105072,0.5005433559417725,-0.005566492676734924,0.6396388411521912,0.433719277381897,-0.0476149246096611,0.6254391670227051,0.5060814023017883,-0.04984152317047119,0.6236116290092468,0.5654017329216003,-0.036888718605041504,0.7061650156974792,0.5139219760894775,-0.02060672827064991,0.6770542860031128,0.4531131982803345,-0.048599760979413986,0.6568667888641357,0.49970927834510803,-0.04296904429793358,0.6502812504768372,0.5489065647125244,-0.030679939314723015
NO,0.6598195433616638,0.7238116264343262,9.885798135655932e-8,0.6097522974014282,0.6644783020019531,-0.011150731705129147,0.5808743238449097,0.5674638748168945,-0.011845648288726807,0.559182345867157,0.4914778172969818,-0.01881619170308113,0.5240437984466553,0.4495203495025635,-0.02585088089108467,0.6069919466972351,0.5104661583900452,0.016282418742775917,0.5826778411865234,0.42985761165618896,-0.0033061972353607416,0.5649038553237915,0.3789086937904358,-0.018709281459450722,0.5513631701469421,0.32744300365448,-0.028908511623740196,0.6338912844657898,0.4989245533943176,0.006975889205932617,0.6049875020980835,0.40874922275543213,-0.01868789829313755,0.5783094763755798,0.35864853858947754,-0.035601090639829636,0.5593637824058533,0.30716001987457275,-0.04304203763604164,0.6673341989517212,0.5006040334701538,-0.006628430914133787,0.6379531621932983,0.43343085050582886,-0.04768194258213043,0.6239062547683716,0.5047088265419006,-0.04947803169488907,0.6220040917396545,0.5638401508331299,-0.036606043577194214,0.704433798789978,0.5133384466171265,-0.021371345967054367,0.6750560402870178,0.4520748257637024,-0.04853721708059311,0.6553840041160583,0.4979343116283417,-0.042635779827833176,0.6491201519966125,0.547081708908081,-0.03031972609460354
NO,0.6596062779426575,0.7236350178718567,1.0420791340948199e-7,0.6098613739013672,0.665344774723053,-0.011445518583059311,0.5809309482574463,0.5680960416793823,-0.012193799018859863,0.5593034029006958,0.4926917552947998,-0.019107481464743614,0.5247080326080322,0.4507174789905548,-0.025926312431693077,0.6067743897438049,0.5103430151939392,0.015956277027726173,0.5821198225021362,0.4297117590904236,-0.004025956150144339,0.5646337270736694,0.3784041404724121,-0.01975036971271038,0.5509632229804993,0.3270799517631531,-0.030078738927841187,0.6334553956985474,0.49878057837486267,0.006745057180523872,0.6049050092697144,0.4087289571762085,-0.019223414361476898,0.5782836079597473,0.35865646600723267,-0.036402229219675064,0.558899462223053,0.30744612216949463,-0.043842870742082596,0.6667892336845398,0.500645637512207,-0.006771404761821032,0.6377637982368469,0.43486329913139343,-0.047468338161706924,0.624163031578064,0.5060450434684753,-0.04911245033144951,0.6227397918701172,0.5639466047286987,-0.0361492894589901,0.7036409974098206,0.5134589672088623,-0.021499868482351303,0.6755264401435852,0.45349782705307007,-0.04797421768307686,0.6558898091316223,0.49822545051574707,-0.041777197271585464,0.6497472524642944,0.5454128980636597,-0.029298841953277588
NO,0.6595140099525452,0.7234350442886353,1.0255264015768262e-7,0.609739363193512,0.6652514934539795,-0.011145299300551414,0.5810011625289917,0.5680415034294128,-0.011640412732958794,0.5597353577613831,0.4928058683872223,-0.018350768834352493,0.5252317190170288,0.45070239901542664,-0.024966316297650337,0.606894314289093,0.5100694894790649,0.016370316967368126,0.5824646949768066,0.42964035272598267,-0.0034921239130198956,0.5650638341903687,0.3782692849636078,-0.019225114956498146,0.5517337918281555,0.32673415541648865,-0.029601410031318665,0.633552610874176,0.4984695315361023,0.00705272052437067,0.6049536466598511,0.40868306159973145,-0.01877214014530182,0.5784424543380737,0.35873907804489136,-0.035985201597213745,0.5591495037078857,0.30751270055770874,-0.04348563402891159,0.6666452884674072,0.500688374042511,-0.006573409773409367,0.6378406286239624,0.4349304735660553,-0.04719370976090431,0.6241573095321655,0.5059496760368347,-0.04887919872999191,0.6227870583534241,0.563826858997345,-0.036006271839141846,0.7035113573074341,0.5136144757270813,-0.021384648978710175,0.6753556132316589,0.4537260830402374,-0.04782576486468315,0.6557683348655701,0.4984646737575531,-0.041715867817401886,0.649824321269989,0.5457919239997864,-0.0293485876172781
NO,0.6595277190208435,0.723577618598938,1.0345254253252278e-7,0.6096857786178589,0.6654031276702881,-0.01138048991560936,0.5810045599937439,0.5680453181266785,-0.012022680602967739,0.5595306158065796,0.4928859770298004,-0.018844658508896828,0.5250738263130188,0.4507718086242676,-0.025561358779668808,0.6068968772888184,0.5099593997001648,0.01620219647884369,0.5822641849517822,0.4296063780784607,-0.003729452844709158,0.5649149417877197,0.3783376216888428,-0.019497379660606384,0.5513575673103333,0.32687249779701233,-0.029877731576561928,0.6335455179214478,0.498395174741745,0.006953573785722256,0.6048851013183594,0.4086601734161377,-0.018939407542347908,0.5782871842384338,0.3587450385093689,-0.036173321306705475,0.5591753125190735,0.3075483739376068,-0.043669071048498154,0.6667495369911194,0.5006219744682312,-0.006621949840337038,0.6378495097160339,0.43472257256507874,-0.047332726418972015,0.6242849230766296,0.5058345198631287,-0.04901716858148575,0.6227668523788452,0.5638779401779175,-0.03613121062517166,0.7035847902297974,0.5135794878005981,-0.02140289917588234,0.6754826903343201,0.4536983072757721,-0.0479222796857357,0.655900239944458,0.49856579303741455,-0.04179513826966286,0.6497980952262878,0.5458831787109375,-0.029393456876277924
NO,0.6577664017677307,0.7233399152755737,9.000745393450416e-8,0.607994019985199,0.6621965169906616,-0.010586109943687916,0.5793899893760681,0.5654897689819336,-0.011144382879137993,0.5577432513237,0.48995426297187805,-0.01827552542090416,0.5223989486694336,0.44852399826049805,-0.02553306519985199,0.6039222478866577,0.5109195709228516,0.017980588600039482,0.5791224837303162,0.4327290654182434,-0.0015892332885414362,0.5607336163520813,0.3819029927253723,-0.017474982887506485,0.5471961498260498,0.3305842876434326,-0.028166428208351135,0.6307757496833801,0.49859264492988586,0.008195019327104092,0.5998520851135254,0.4117863178253174,-0.017348581925034523,0.5725444555282593,0.3628826141357422,-0.03450756147503853,0.5535617470741272,0.3128538131713867,-0.04221803694963455,0.664719820022583,0.499961793422699,-0.005993529222905636,0.6352446675300598,0.4350385367870331,-0.046557821333408356,0.6219808459281921,0.5041245818138123,-0.048580240458250046,0.6205671429634094,0.5619952082633972,-0.03621397539973259,0.7023930549621582,0.5129578113555908,-0.02136182226240635,0.6737315654754639,0.4529629945755005,-0.048158906400203705,0.6534452438354492,0.49780184030532837,-0.04234443977475166,0.6467079520225525,0.5469003915786743,-0.030294181779026985
NO,0.6581174731254578,0.7226914763450623,9.918689158894267e-8,0.6085305213928223,0.6627390384674072,-0.011265814304351807,0.5794686675071716,0.5656149387359619,-0.012279528193175793,0.5569059252738953,0.48990529775619507,-0.019657695665955544,0.5209110379219055,0.4483069181442261,-0.027150820940732956,0.6048901081085205,0.5108542442321777,0.016564300283789635,0.5802263617515564,0.4321424961090088,-0.0032423180527985096,0.562063455581665,0.38079825043678284,-0.01910381019115448,0.5485076308250427,0.3295130133628845,-0.029617179185152054,0.6316750049591064,0.4989340007305145,0.00730501301586628,0.6013779044151306,0.41234320402145386,-0.018612628802657127,0.5734686255455017,0.3633340001106262,-0.03586667403578758,0.5538493394851685,0.3134574294090271,-0.04343295469880104,0.665132999420166,0.5004552602767944,-0.006286073476076126,0.6358206272125244,0.4367567300796509,-0.04702797904610634,0.6221663951873779,0.5057310461997986,-0.04903450608253479,0.6204883456230164,0.5634396076202393,-0.03649371117353439,0.7023176550865173,0.5133087038993835,-0.021037183701992035,0.6741085052490234,0.453355610370636,-0.04769682511687279,0.6538379788398743,0.49751147627830505,-0.041698142886161804,0.6470672488212585,0.5461490154266357,-0.02940816432237625
NO,0.6583384871482849,0.7224318981170654,1.0348810519644758e-7,0.6086236238479614,0.6634337902069092,-0.011369540356099606,0.5793481469154358,0.5658847689628601,-0.012357744388282299,0.5569638013839722,0.490115761756897,-0.019628841429948807,0.521158754825592,0.44826385378837585,-0.027024762704968452,0.6047860383987427,0.5107173323631287,0.01587366871535778,0.5802754759788513,0.43160343170166016,-0.003939811140298843,0.5621222257614136,0.38030022382736206,-0.01959763467311859,0.5484130382537842,0.32900646328926086,-0.029874948784708977,0.6314643025398254,0.4989236295223236,0.006615762133151293,0.6016743779182434,0.4111710488796234,-0.019191952422261238,0.5732799768447876,0.3621836304664612,-0.036116234958171844,0.5531728863716125,0.3126620650291443,-0.04331451654434204,0.6650082468986511,0.5002984404563904,-0.006927826441824436,0.6354926228523254,0.4365457594394684,-0.04747537523508072,0.6216539144515991,0.5062694549560547,-0.04905650019645691,0.6202200055122375,0.5641795992851257,-0.03609543293714523,0.7020207047462463,0.5133665204048157,-0.02163645438849926,0.6734462380409241,0.4531955420970917,-0.04801628366112709,0.6535659432411194,0.49791768193244934,-0.04152534902095795,0.6474716067314148,0.5467064380645752,-0.028813932090997696
NO,0.658367395401001,0.7225701808929443,1.0061474853273467e-7,0.608661413192749,0.6635004878044128,-0.011163703165948391,0.5797512531280518,0.5665253400802612,-0.012092272751033306,0.5577720999717712,0.4911975860595703,-0.019322598353028297,0.5224243998527527,0.44902458786964417,-0.02662595547735691,0.6050141453742981,0.5109619498252869,0.016140419989824295,0.5804398655891418,0.43183839321136475,-0.003534303279593587,0.5623021125793457,0.3806765675544739,-0.019093062728643417,0.5486317873001099,0.329598069190979,-0.029317762702703476,0.6316192150115967,0.49907436966896057,0.006880806293338537,0.6018863320350647,0.4114523231983185,-0.01879049465060234,0.5736330151557922,0.36279523372650146,-0.03568211942911148,0.5536757707595825,0.3134438693523407,-0.042902007699012756,0.6647782921791077,0.5008053779602051,-0.006651271600276232,0.6357511281967163,0.4359148144721985,-0.04707535356283188,0.6220880746841431,0.5055130124092102,-0.04866122454404831,0.6207540035247803,0.5636014342308044,-0.03576558828353882,0.7019051313400269,0.5136182904243469,-0.021336236968636513,0.6739088296890259,0.4530212879180908,-0.04761788994073868,0.6541210412979126,0.49738621711730957,-0.04123266786336899,0.6479038000106812,0.5458394885063171,-0.02860829420387745
NO,0.6578090190887451,0.723907470703125,8.082733415903931e-8,0.6078594923019409,0.6623953580856323,-0.011814202181994915,0.5784241557121277,0.5641410946846008,-0.012564972043037415,0.5550374984741211,0.48932111263275146,-0.019676435738801956,0.519524335861206,0.44666188955307007,-0.026714904233813286,0.6043059825897217,0.5117297172546387,0.019540878012776375,0.5781282782554626,0.4372958540916443,0.00012292883184272796,0.5583921670913696,0.3885565400123596,-0.01591215655207634,0.5432543158531189,0.3387046456336975,-0.02692345343530178,0.6306451559066772,0.4988272786140442,0.010317876003682613,0.5990722179412842,0.4137871265411377,-0.01565147191286087,0.5697351694107056,0.3660951256752014,-0.033492688089609146,0.5491622090339661,0.3171205520629883,-0.04173031076788902,0.6641406416893005,0.5001339912414551,-0.0036235086154192686,0.6346436738967896,0.4344736337661743,-0.04483766108751297,0.6203785538673401,0.5046897530555725,-0.04729852080345154,0.6187209486961365,0.5635283589363098,-0.03507765009999275,0.7014880180358887,0.512719988822937,-0.018842244520783424,0.6728656888008118,0.4535425007343292,-0.0461723618209362,0.6526667475700378,0.497780978679657,-0.04100039228796959,0.6464256644248962,0.546028733253479,-0.02940516546368599
NO,0.6582075357437134,0.7236105799674988,8.13320681913865e-8,0.6073489785194397,0.6620740294456482,-0.010405299253761768,0.5779174566268921,0.5640020370483398,-0.010644740425050259,0.5547695159912109,0.48783597350120544,-0.017510468140244484,0.5190203189849854,0.44640812277793884,-0.024568790569901466,0.6043616533279419,0.5124257802963257,0.019405178725719452,0.5791884660720825,0.4350545406341553,0.0004984029219485819,0.5600919127464294,0.384843647480011,-0.015001537278294563,0.5453524589538574,0.3338354229927063,-0.025526555255055428,0.6305408477783203,0.49972572922706604,0.00975984800606966,0.6001062393188477,0.41407978534698486,-0.0153659051284194,0.5703700184822083,0.3663051426410675,-0.03252241387963295,0.5494081974029541,0.31746262311935425,-0.040247008204460144,0.6638107299804688,0.5006793141365051,-0.0043151541613042355,0.6343925595283508,0.4356754422187805,-0.044556960463523865,0.6206373572349548,0.5062357187271118,-0.04643085226416588,0.6194641590118408,0.5654269456863403,-0.03389659896492958,0.7011033892631531,0.5132153630256653,-0.019530106335878372,0.6722796559333801,0.4522242546081543,-0.04588950425386429,0.6523250937461853,0.4969072937965393,-0.03966401889920235,0.6463882327079773,0.5462846755981445,-0.02733798325061798
NO,0.6578482389450073,0.7231112718582153,8.40327132323182e-8,0.6074784994125366,0.6621876955032349,-0.010250605642795563,0.5779152512550354,0.564071536064148,-0.01047920435667038,0.5550102591514587,0.4882590174674988,-0.017290428280830383,0.5197164416313171,0.44680455327033997,-0.02425231784582138,0.6047792434692383,0.5119722485542297,0.018443815410137177,0.5794631242752075,0.4339706301689148,-0.0005201935418881476,0.5601885914802551,0.3833376467227936,-0.015866875648498535,0.5454228520393372,0.332122266292572,-0.026205802336335182,0.6309346556663513,0.49969008564949036,0.008775100111961365,0.6006271243095398,0.41357624530792236,-0.016344856470823288,0.5708815455436707,0.36548858880996704,-0.033333949744701385,0.5499216914176941,0.3165537416934967,-0.040919288992881775,0.6640335321426392,0.5006771087646484,-0.005208429414778948,0.6347292065620422,0.43571412563323975,-0.04530424624681473,0.6206535696983337,0.5061447024345398,-0.04709147661924362,0.6193668246269226,0.5651095509529114,-0.03445616737008095,0.7010488510131836,0.5132317543029785,-0.02030378207564354,0.672349214553833,0.452271044254303,-0.04650958627462387,0.652275562286377,0.4968496561050415,-0.04023349657654762,0.6460749506950378,0.5460705161094666,-0.027826782315969467
NO,0.6583908796310425,0.7238610982894897,8.237211091000063e-8,0.6077638268470764,0.6631835103034973,-0.010744770057499409,0.5781776905059814,0.5643534064292908,-0.011045831255614758,0.5550657510757446,0.4880436956882477,-0.01784566044807434,0.5195139050483704,0.4463450610637665,-0.02479083277285099,0.6044955849647522,0.5124028325080872,0.018738465383648872,0.5792528986930847,0.43509265780448914,-0.00021833425853401423,0.5602072477340698,0.3849293887615204,-0.015613657422363758,0.5455065965652466,0.33397215604782104,-0.026057366281747818,0.6308462023735046,0.49951672554016113,0.009244655258953571,0.6004694700241089,0.41375163197517395,-0.015904337167739868,0.5705306529998779,0.36589324474334717,-0.03295062854886055,0.5493720769882202,0.3172350525856018,-0.04059135168790817,0.6640430688858032,0.5006517171859741,-0.004666449036449194,0.6348282098770142,0.43561968207359314,-0.04493078589439392,0.620595395565033,0.5062611699104309,-0.04684096574783325,0.6192852854728699,0.5653135180473328,-0.034320976585149765,0.7012296319007874,0.5131626725196838,-0.019735081121325493,0.6725156307220459,0.45250940322875977,-0.04617656022310257,0.6523474454879761,0.49711570143699646,-0.04013457149267197,0.6461570262908936,0.5464069247245789,-0.02786373347043991
NO,0.657668948173523,0.7241550087928772,5.939505598462347e-8,0.6070894598960876,0.6606066823005676,-0.009788529016077518,0.5782756805419922,0.5641276240348816,-0.010126782581210136,0.5547717809677124,0.4888363480567932,-0.017422644421458244,0.5183455944061279,0.4471535086631775,-0.025061964988708496,0.6061408519744873,0.5130298137664795,0.021710656583309174,0.5802555680274963,0.4369753301143646,0.0030702988151460886,0.5593644380569458,0.3874775767326355,-0.012822400778532028,0.5430700778961182,0.336933970451355,-0.02387547679245472,0.631534218788147,0.5007378458976746,0.01168795209378004,0.6010395288467407,0.41755211353302,-0.0137174716219306,0.569893479347229,0.37144535779953003,-0.03143153339624405,0.5476076006889343,0.3238556385040283,-0.03979939967393875,0.6638761758804321,0.5017423033714294,-0.0028907645028084517,0.6344804763793945,0.4348672330379486,-0.04354620724916458,0.6202878355979919,0.5048744082450867,-0.04608570411801338,0.619296669960022,0.5644058585166931,-0.03409592807292938,0.700337290763855,0.513755202293396,-0.018557094037532806,0.6722446084022522,0.4511035084724426,-0.0454196073114872,0.6524099707603455,0.494778573513031,-0.03990348055958748,0.6468757390975952,0.5442886352539062,-0.028121856972575188
NO,0.6575958728790283,0.724311351776123,6.085210202400049e-8,0.6071501970291138,0.6615501642227173,-0.009831249713897705,0.5780088305473328,0.5630271434783936,-0.009713049046695232,0.5544962882995605,0.4876880645751953,-0.01638370379805565,0.5188091397285461,0.4464890658855438,-0.02316742017865181,0.6059781312942505,0.5130071640014648,0.0210295207798481,0.5803209543228149,0.4363175332546234,0.002477084519341588,0.5593854188919067,0.386625736951828,-0.01336186658591032,0.5423448085784912,0.3360777497291565,-0.024318596348166466,0.6315372586250305,0.5012319684028625,0.011121183633804321,0.6025608777999878,0.41739422082901,-0.013844950124621391,0.5709095597267151,0.37061214447021484,-0.031246209517121315,0.5474572777748108,0.323411226272583,-0.03932499885559082,0.6638797521591187,0.5026605129241943,-0.0032942139077931643,0.6347208619117737,0.4351724088191986,-0.043210215866565704,0.6207970976829529,0.5051217675209045,-0.045348118990659714,0.6197503209114075,0.5652632713317871,-0.033137429505586624,0.700393557548523,0.5153248906135559,-0.018871065229177475,0.6721444725990295,0.45244526863098145,-0.045512568205595016,0.6518167853355408,0.4958169162273407,-0.039900586009025574,0.6456728577613831,0.5459688305854797,-0.027998248115181923
NO,0.6578330993652344,0.7240519523620605,6.242046168836168e-8,0.6071271896362305,0.6613420844078064,-0.00995459221303463,0.5779133439064026,0.5633652806282043,-0.009944314137101173,0.5542706251144409,0.4880518317222595,-0.016702335327863693,0.5183689594268799,0.446717768907547,-0.023558001965284348,0.6059935092926025,0.5131461024284363,0.02085479535162449,0.5804665088653564,0.43643078207969666,0.0021751581225544214,0.5594007968902588,0.38676464557647705,-0.013742168433964252,0.5423505306243896,0.3361298441886902,-0.02477084845304489,0.6315526366233826,0.501370906829834,0.010977288708090782,0.6025570034980774,0.4173595905303955,-0.01407107524573803,0.5710358023643494,0.3705518841743469,-0.03151345252990723,0.5476992726325989,0.3231951594352722,-0.039633359760046005,0.6640253067016602,0.5027737617492676,-0.003394428640604019,0.6348471641540527,0.4351121187210083,-0.0433746799826622,0.6208124756813049,0.505260705947876,-0.04543035477399826,0.619895875453949,0.5653765201568604,-0.03317854553461075,0.7005391120910645,0.5154381394386292,-0.018953297287225723,0.6722707748413086,0.45238497853279114,-0.04559481143951416,0.6519430875778198,0.4957566559314728,-0.03996226564049721,0.6455196738243103,0.5457863807678223,-0.028018811717629433
NO,0.6577528715133667,0.7242098450660706,6.333389990231808e-8,0.6072641015052795,0.6615691184997559,-0.010207107290625572,0.5779419541358948,0.5635154843330383,-0.010320119559764862,0.5542119741439819,0.48810508847236633,-0.017147118225693703,0.5180230140686035,0.44690704345703125,-0.024081991985440254,0.6059771776199341,0.5134398341178894,0.020455308258533478,0.5803623199462891,0.4366316497325897,0.00169390719383955,0.5594950318336487,0.3868008852005005,-0.014280702918767929,0.5423899292945862,0.3361329436302185,-0.025355953723192215,0.6316236257553101,0.5014233589172363,0.010725937783718109,0.6027029156684875,0.4176497459411621,-0.01438344269990921,0.571267306804657,0.370807945728302,-0.03182850405573845,0.5478869676589966,0.3234716057777405,-0.0399654246866703,0.6642135977745056,0.5027398467063904,-0.003503395477309823,0.6347373127937317,0.4353867173194885,-0.04347908869385719,0.6208921670913696,0.50533127784729,-0.04549276828765869,0.6199082732200623,0.5654484033584595,-0.03320520371198654,0.7004839181900024,0.5155565142631531,-0.01894504763185978,0.6724032759666443,0.45235779881477356,-0.045574966818094254,0.6519993543624878,0.49577394127845764,-0.039903778582811356,0.6456112265586853,0.5456202626228333,-0.02794497460126877
NO,0.6570671796798706,0.723778486251831,-3.571985729422522e-8,0.6064790487289429,0.6583126783370972,-0.005605926737189293,0.5777491331100464,0.560007631778717,-0.003144349902868271,0.5572922825813293,0.48593050241470337,-0.00840889010578394,0.5244529247283936,0.44388294219970703,-0.014066152274608612,0.6044167876243591,0.511869490146637,0.028111770749092102,0.5795063972473145,0.44434094429016113,0.010344269685447216,0.5572260022163391,0.40047258138656616,-0.0066634551621973515,0.5373915433883667,0.3570951223373413,-0.018532413989305496,0.6302433609962463,0.5003888010978699,0.016407089307904243,0.601331353187561,0.42195963859558105,-0.008275415748357773,0.5669271945953369,0.38137274980545044,-0.02714664861559868,0.5398368239402771,0.3408462405204773,-0.03634611889719963,0.6627391576766968,0.5022929906845093,0.0003078574954997748,0.6337409615516663,0.43504080176353455,-0.03862544894218445,0.6216008067131042,0.5051080584526062,-0.04117172956466675,0.6216708421707153,0.5654996633529663,-0.02973400056362152,0.7000744342803955,0.515463650226593,-0.01670483872294426,0.6728000640869141,0.4517679512500763,-0.04271182045340538,0.6525793671607971,0.49455785751342773,-0.036962151527404785,0.6462355256080627,0.545056939125061,-0.025236936286091805
NO,0.6561613082885742,0.7227044105529785,-8.958214614551707e-9,0.6067289710044861,0.6583089828491211,-0.006584468763321638,0.5776339769363403,0.5597236156463623,-0.004266493022441864,0.5569947361946106,0.4858064651489258,-0.009352880530059338,0.5227675437927246,0.4443579912185669,-0.01486946176737547,0.6044591665267944,0.5100604891777039,0.027491800487041473,0.5811340808868408,0.44245588779449463,0.009924782440066338,0.5592529773712158,0.39779919385910034,-0.006817278452217579,0.5394700169563293,0.35315290093421936,-0.018472950905561447,0.6303282976150513,0.49903610348701477,0.016428275033831596,0.6020001769065857,0.42091500759124756,-0.008183770813047886,0.5688257813453674,0.3806505799293518,-0.02694520354270935,0.5425862669944763,0.3402872085571289,-0.035832468420267105,0.6630303263664246,0.5007774233818054,0.0009230149444192648,0.6345905065536499,0.43543559312820435,-0.03830227255821228,0.6226080656051636,0.5060223340988159,-0.04150088131427765,0.6227421760559082,0.5668070912361145,-0.03014380857348442,0.7001731395721436,0.5138485431671143,-0.015497035346925259,0.6727750897407532,0.45074141025543213,-0.041824787855148315,0.6537091135978699,0.49375981092453003,-0.0365612618625164,0.6486730575561523,0.5437125563621521,-0.024961259216070175
NO,0.6560872793197632,0.7225096821784973,-2.127874054735912e-8,0.6067749857902527,0.6589009761810303,-0.006583565380424261,0.5774680972099304,0.5595059394836426,-0.004327570088207722,0.5565592050552368,0.48549196124076843,-0.009443349204957485,0.5222604870796204,0.4444088637828827,-0.015046706423163414,0.6044324636459351,0.5108627676963806,0.026617208495736122,0.5799160599708557,0.44330209493637085,0.008998719044029713,0.5575739145278931,0.39919596910476685,-0.007735563442111015,0.5378662943840027,0.3552745580673218,-0.019402064383029938,0.6302359104156494,0.49939465522766113,0.015572179108858109,0.6014525890350342,0.4215095043182373,-0.00919577106833458,0.5678778886795044,0.3810698986053467,-0.027930893003940582,0.5415481328964233,0.3411381244659424,-0.036843713372945786,0.6627275943756104,0.5012657046318054,0.00013334184768609703,0.6340621709823608,0.4352093040943146,-0.038986027240753174,0.6220179796218872,0.505524754524231,-0.042078230530023575,0.622519314289093,0.5662539601325989,-0.030820991843938828,0.7001821994781494,0.5138487219810486,-0.016218915581703186,0.6723834872245789,0.4509351849555969,-0.04264412447810173,0.6534184217453003,0.4938393235206604,-0.03751065954566002,0.6487196087837219,0.5440770387649536,-0.026051314547657967
NO,0.6562517881393433,0.72226881980896,-1.477062383514749e-8,0.6070465445518494,0.6591890454292297,-0.006760928314179182,0.5775612592697144,0.5595532059669495,-0.004504764918237925,0.5567635297775269,0.4855254888534546,-0.009533866308629513,0.5224060416221619,0.44476187229156494,-0.015054536052048206,0.6040900349617004,0.5101858973503113,0.026237040758132935,0.5800794363021851,0.44252634048461914,0.008570901118218899,0.5582239031791687,0.39801305532455444,-0.008102022111415863,0.5384864807128906,0.35378122329711914,-0.01971307210624218,0.6299962997436523,0.4990314245223999,0.015266288071870804,0.6015567779541016,0.42075860500335693,-0.009548992849886417,0.5680498480796814,0.3806113004684448,-0.028193222358822823,0.5417537689208984,0.34079301357269287,-0.036925461143255234,0.6626929640769958,0.5009852051734924,-0.00007889482367318124,0.6343064308166504,0.4350511431694031,-0.03922447934746742,0.6221112012863159,0.505617618560791,-0.04218900203704834,0.6225378513336182,0.5664103627204895,-0.030734242871403694,0.700111448764801,0.5138428807258606,-0.01634521223604679,0.6723175048828125,0.4509236812591553,-0.04271334037184715,0.653711199760437,0.49404531717300415,-0.0374094620347023,0.6491606831550598,0.5439841151237488,-0.025793369859457016
NO,0.6571013331413269,0.7236341238021851,-2.7376691491554084e-7,0.6069310903549194,0.6513170003890991,-0.00005919285104027949,0.5815117955207825,0.5559588670730591,0.00526327034458518,0.5618138909339905,0.4849146604537964,0.0019232149934396148,0.5287393927574158,0.44511252641677856,-0.0018322949763387442,0.6038065552711487,0.5109191536903381,0.047116875648498535,0.5756692886352539,0.45444902777671814,0.029842035844922066,0.5446213483810425,0.43045568466186523,0.01031944528222084,0.5140178799629211,0.4139566123485565,-0.0014016865752637386,0.6287010312080383,0.4997028112411499,0.03461029380559921,0.5993672013282776,0.4290023148059845,0.012607603333890438,0.560425877571106,0.41276371479034424,-0.0077787297777831554,0.5267022848129272,0.39993441104888916,-0.01675962656736374,0.661206066608429,0.5016180276870728,0.016840443015098572,0.6330341100692749,0.4331273138523102,-0.017396068200469017,0.6230270862579346,0.5027464032173157,-0.022224940359592438,0.6252197623252869,0.5645403861999512,-0.012860159389674664,0.6987094879150391,0.5131741762161255,-0.0015317531069740653,0.6716910600662231,0.44916093349456787,-0.023417005315423012,0.65320885181427,0.4920494258403778,-0.018254758790135384,0.650346040725708,0.5436909198760986,-0.007404946256428957
NO,0.6554213762283325,0.7213890552520752,-2.845996220912639e-7,0.6068740487098694,0.6509031653404236,-0.0004276990657672286,0.5814477801322937,0.5557823181152344,0.0047173872590065,0.5612645745277405,0.4850648045539856,0.0013416309375315905,0.527540922164917,0.4460153877735138,-0.0024503658059984446,0.604396641254425,0.5104576945304871,0.0474117249250412,0.5756269693374634,0.4559619724750519,0.02907733991742134,0.5432928800582886,0.43597203493118286,0.008607249706983566,0.5115056037902832,0.423744797706604,-0.003359651891514659,0.6287263035774231,0.49909690022468567,0.03553897142410278,0.5999854207038879,0.4298638105392456,0.01335932407528162,0.5615942478179932,0.4161345064640045,-0.007413037586957216,0.5284242033958435,0.4052302837371826,-0.016530677676200867,0.661189079284668,0.5009022951126099,0.018245190382003784,0.6326987147331238,0.4316157102584839,-0.01568828523159027,0.6227490901947021,0.5017433166503906,-0.02073272131383419,0.6254551410675049,0.5638589859008789,-0.011515974998474121,0.6986531019210815,0.5122601389884949,0.00028786843176931143,0.671280562877655,0.4490727484226227,-0.02172376774251461,0.6535574197769165,0.4919114112854004,-0.01727396249771118,0.6512720584869385,0.5424169301986694,-0.006872916128486395
NO,0.6549268364906311,0.7192589044570923,-2.842900244104385e-7,0.6067850589752197,0.6505389213562012,-0.0005534816300496459,0.5814070105552673,0.5556457042694092,0.004667593166232109,0.5621629357337952,0.4848557114601135,0.00152650848031044,0.5290059447288513,0.445728600025177,-0.0021429830230772495,0.6039766669273376,0.5097531080245972,0.04661721736192703,0.5758780241012573,0.45593446493148804,0.028514394536614418,0.5438874363899231,0.4361632764339447,0.008312621153891087,0.5125354528427124,0.42318809032440186,-0.003530050627887249,0.6284328699111938,0.49860867857933044,0.034874845296144485,0.6001095771789551,0.4292985796928406,0.012945965863764286,0.56218022108078,0.4152759313583374,-0.007701039779931307,0.5294721126556396,0.4037543833255768,-0.016703525558114052,0.6610718369483948,0.5005182027816772,0.017858192324638367,0.6327857375144958,0.4315384030342102,-0.01614576205611229,0.6228902339935303,0.502251386642456,-0.021214554086327553,0.6260926723480225,0.5644316673278809,-0.011967434547841549,0.6985611915588379,0.5117580890655518,0.00021864053269382566,0.670981764793396,0.4490540325641632,-0.0222517978399992,0.6534841656684875,0.4927491545677185,-0.017897332087159157,0.651984691619873,0.5435428619384766,-0.007427051197737455
NO,0.656082034111023,0.7191622853279114,-2.7378973754821345e-7,0.6077514290809631,0.6522518992424011,-0.0016493236180394888,0.5815743803977966,0.5572348237037659,0.002994568319991231,0.5621956586837769,0.48571133613586426,-0.0005342665244825184,0.528681755065918,0.4464007616043091,-0.004493068903684616,0.6036485433578491,0.5105044841766357,0.04514962434768677,0.5754315853118896,0.45670086145401,0.02673947624862194,0.5437091588973999,0.43667924404144287,0.006368627306073904,0.5123559832572937,0.42330074310302734,-0.005629107356071472,0.6284435987472534,0.49916592240333557,0.03388167917728424,0.6002148389816284,0.42957979440689087,0.011482016183435917,0.5624906420707703,0.41554397344589233,-0.009258592501282692,0.5298256278038025,0.40393906831741333,-0.018293382599949837,0.6612690687179565,0.5009990930557251,0.017242485657334328,0.632849395275116,0.431954950094223,-0.017038144171237946,0.6228083372116089,0.5028114914894104,-0.02224397473037243,0.6258115768432617,0.5653505325317383,-0.013009709306061268,0.6986700892448425,0.5121608972549438,-0.0001113688776968047,0.6716912984848022,0.4492097496986389,-0.022769421339035034,0.6535772681236267,0.49195775389671326,-0.0187020655721426,0.6515862345695496,0.5425652265548706,-0.008426632732152939
NO,0.6599185466766357,0.7205078601837158,-2.7265500079920457e-7,0.6083762645721436,0.6536590456962585,-0.001397818443365395,0.5816813707351685,0.5580442547798157,0.0026983129791915417,0.5633699297904968,0.4863940179347992,-0.0014756779419258237,0.5305406451225281,0.4455416202545166,-0.005683732219040394,0.6029041409492493,0.5135614275932312,0.04500269889831543,0.5721818208694458,0.45746856927871704,0.024447835981845856,0.5410531759262085,0.4352598190307617,0.00189173873513937,0.509443998336792,0.42231643199920654,-0.010978166945278645,0.6290507912635803,0.5021782517433167,0.03312915191054344,0.6015362739562988,0.43162235617637634,0.007435567677021027,0.5622525215148926,0.41936787962913513,-0.015104712918400764,0.5269346833229065,0.4129215180873871,-0.023980678990483284,0.662041187286377,0.5028082728385925,0.0158833060413599,0.6323438882827759,0.4340565800666809,-0.018695974722504616,0.6227877736091614,0.5046722292900085,-0.023494059219956398,0.6251749992370605,0.5685727596282959,-0.013440470211207867,0.7001530528068542,0.5126187205314636,-0.0022408892400562763,0.6717308759689331,0.4493161141872406,-0.02384442463517189,0.6540184617042542,0.4925563633441925,-0.018569454550743103,0.6522496342658997,0.5437104105949402,-0.007090066559612751
NO,0.6589917540550232,0.7212042808532715,-2.626726427479298e-7,0.6096154451370239,0.6543126106262207,-0.0015523280017077923,0.582910418510437,0.5572819113731384,0.002651386195793748,0.5627554059028625,0.4852154552936554,-0.001476782956160605,0.5286093950271606,0.44559377431869507,-0.00591687997803092,0.6048928499221802,0.5117560029029846,0.04526851698756218,0.5755151510238647,0.45678621530532837,0.025890003889799118,0.5444445610046387,0.4342590868473053,0.004267074167728424,0.5132494568824768,0.41970735788345337,-0.008558518253266811,0.6304374933242798,0.500028133392334,0.033473748713731766,0.6023781895637512,0.43138587474823,0.008353815414011478,0.563105583190918,0.42038458585739136,-0.01372482068836689,0.5282370448112488,0.41381728649139404,-0.02263425849378109,0.6631906032562256,0.5012723803520203,0.016288477927446365,0.6328767538070679,0.43283480405807495,-0.018491467460989952,0.6220641732215881,0.503734290599823,-0.023531051352620125,0.6235455870628357,0.5671099424362183,-0.013783307746052742,0.700878918170929,0.5118098258972168,-0.0017241318710148335,0.6718764305114746,0.44931143522262573,-0.024096420034766197,0.654304027557373,0.49276140332221985,-0.019690440967679024,0.6525828838348389,0.5437219738960266,-0.008894815109670162
NO,0.658634603023529,0.7200682163238525,-2.7911397637581103e-7,0.6085524559020996,0.6530935764312744,-0.00022030124091543257,0.5825389623641968,0.5575963854789734,0.0043097385205328465,0.5635511875152588,0.4863654375076294,0.00031567373662255704,0.5302139520645142,0.4465946555137634,-0.004100101999938488,0.6046342253684998,0.5119677186012268,0.04610055312514305,0.574942409992218,0.4565625488758087,0.026462964713573456,0.5431665182113647,0.4346623718738556,0.004468185361474752,0.5113505721092224,0.42170798778533936,-0.008356213569641113,0.6300402879714966,0.5005215406417847,0.03373686596751213,0.6021844148635864,0.43122583627700806,0.00916550774127245,0.5624655485153198,0.4198274612426758,-0.012851212173700333,0.527403712272644,0.4133989214897156,-0.021782705560326576,0.6626620888710022,0.501496434211731,0.016088390722870827,0.6330819129943848,0.4325770139694214,-0.017814235761761665,0.6228137016296387,0.5024358034133911,-0.022543247789144516,0.6249136924743652,0.5648741126060486,-0.012860963121056557,0.7002490162849426,0.5120110511779785,-0.002306002425029874,0.6715378761291504,0.4491410553455353,-0.023947326466441154,0.654288649559021,0.49303773045539856,-0.01888679526746273,0.6534389853477478,0.5438101291656494,-0.007741929031908512
NO,0.6588717699050903,0.7201504707336426,-2.764339512850711e-7,0.6087214946746826,0.6531800031661987,-0.0002479885588400066,0.582676887512207,0.5578733086585999,0.004378448240458965,0.5638846755027771,0.4865243136882782,0.0005275640869513154,0.5306978225708008,0.44658637046813965,-0.003666524775326252,0.6044101119041443,0.5124068260192871,0.0459907129406929,0.5744731426239014,0.4569595456123352,0.026435913518071175,0.5428602695465088,0.43483176827430725,0.004482928663492203,0.5111549496650696,0.4216344952583313,-0.008334116078913212,0.629948079586029,0.5007351040840149,0.03370578959584236,0.6020930409431458,0.43154850602149963,0.009228271432220936,0.5625530481338501,0.4197390079498291,-0.012790316715836525,0.52739417552948,0.4127654433250427,-0.02177075296640396,0.6627313494682312,0.5017589330673218,0.01615311950445175,0.6331174373626709,0.43262314796447754,-0.01768873631954193,0.6229921579360962,0.5026019811630249,-0.022431649267673492,0.625187873840332,0.5651623606681824,-0.012790316715836525,0.7003098726272583,0.5119826197624207,-0.002152777509763837,0.6718541979789734,0.4491485357284546,-0.023753445595502853,0.6544384956359863,0.4928243160247803,-0.01870924048125744,0.6532737016677856,0.5435154438018799,-0.00760032469406724
NO,0.6604393720626831,0.7212804555892944,-2.917503820754064e-7,0.6111850738525391,0.6562721729278564,-0.002408235566690564,0.5837540030479431,0.5601739883422852,0.0013698890106752515,0.5642441511154175,0.48904016613960266,-0.002839362248778343,0.5302712321281433,0.4493729770183563,-0.007335221394896507,0.6062259078025818,0.5141456127166748,0.04294262081384659,0.5765616297721863,0.46057337522506714,0.022345708683133125,0.5431680679321289,0.439605712890625,0.0002641408354975283,0.5094099640846252,0.4277973473072052,-0.01252331119030714,0.631613552570343,0.5024347305297852,0.03140057995915413,0.601718544960022,0.4329432249069214,0.006091633811593056,0.5604065656661987,0.42223021388053894,-0.015505977906286716,0.5240743160247803,0.4155346751213074,-0.0241722259670496,0.6642842292785645,0.5035581588745117,0.014427553862333298,0.6339194178581238,0.43534815311431885,-0.020596913993358612,0.6235395073890686,0.5064198970794678,-0.024949468672275543,0.6252801418304443,0.5695784091949463,-0.014767597429454327,0.7018242478370667,0.5143554210662842,-0.0034344380255788565,0.6728724241256714,0.45238685607910156,-0.025532400235533714,0.6561239957809448,0.4957945942878723,-0.020363740622997284,0.6554473638534546,0.5457068085670471,-0.009137451648712158
NO,0.65993332862854,0.7205185294151306,-2.812281820752105e-7,0.6112753748893738,0.6553261280059814,-0.0022090435959398746,0.5841705799102783,0.5597691535949707,0.0014447486028075218,0.5649465322494507,0.4878554940223694,-0.002967263339087367,0.5310019254684448,0.4484856128692627,-0.007815494202077389,0.6054746508598328,0.5133129954338074,0.043393492698669434,0.5762316584587097,0.4601133167743683,0.02305765450000763,0.5432527661323547,0.4395348131656647,0.0011312540154904127,0.5102349519729614,0.42771127820014954,-0.011548267677426338,0.6309798955917358,0.5014111995697021,0.03178689628839493,0.6020809412002563,0.43181973695755005,0.006546935066580772,0.561413049697876,0.4213629961013794,-0.015076904557645321,0.5257169008255005,0.41534990072250366,-0.02358257584273815,0.6639134883880615,0.5024888515472412,0.014785283245146275,0.6340944170951843,0.4346160292625427,-0.020219190046191216,0.6232078075408936,0.5058327317237854,-0.024690741673111916,0.6244290471076965,0.5689714550971985,-0.014542263001203537,0.7016564011573792,0.5137649774551392,-0.003037738846614957,0.6727387309074402,0.4520829916000366,-0.025254545733332634,0.6555049419403076,0.4967919886112213,-0.020044216886162758,0.6544324159622192,0.547658383846283,-0.008738967590034008
NO,0.6604622006416321,0.721208393573761,-2.858477614609001e-7,0.6117162108421326,0.656684160232544,-0.0028450132813304663,0.5842815041542053,0.560811460018158,0.0005951427738182247,0.5650255680084229,0.4888647198677063,-0.0038371204864233732,0.5309063196182251,0.44935229420661926,-0.008564219810068607,0.6053183078765869,0.5131982564926147,0.04256334900856018,0.5753471851348877,0.46047356724739075,0.022371046245098114,0.542097270488739,0.4399542808532715,0.0005015247734263539,0.5083911418914795,0.427868127822876,-0.012323528528213501,0.6311014890670776,0.5013853907585144,0.03128055855631828,0.601327121257782,0.43313246965408325,0.006224986631423235,0.5606116056442261,0.4225263297557831,-0.0153290294110775,0.5242985486984253,0.4158186614513397,-0.02412182278931141,0.6642188429832458,0.502747118473053,0.014570359140634537,0.634137749671936,0.4350675344467163,-0.02048409730195999,0.6234899759292603,0.5061135292053223,-0.02511393092572689,0.6244637370109558,0.5691802501678467,-0.015270670875906944,0.7023352384567261,0.5137649774551392,-0.003020091215148568,0.673198938369751,0.45260685682296753,-0.025541897863149643,0.6562332510948181,0.4964503347873688,-0.020795345306396484,0.654846727848053,0.5467473864555359,-0.009911345317959785
NO,0.660351037979126,0.7210316061973572,-2.6987066803485504e-7,0.6117131114006042,0.6570003628730774,-0.0030805161222815514,0.5843785405158997,0.5610718131065369,0.00014143832959234715,0.5653731226921082,0.4879883825778961,-0.004543032497167587,0.5314664840698242,0.44754210114479065,-0.009591386653482914,0.6044012308120728,0.5131471157073975,0.043146662414073944,0.5749676823616028,0.4602513015270233,0.023011552169919014,0.5424934029579163,0.44000348448753357,0.0011819173814728856,0.5098415613174438,0.4277860224246979,-0.011583519168198109,0.6305105090141296,0.5011905431747437,0.03199072182178497,0.6011869311332703,0.4322894513607025,0.006962744053453207,0.5612381100654602,0.42172110080718994,-0.014634881168603897,0.5257759690284729,0.41518521308898926,-0.023322520777583122,0.6637224555015564,0.5024315714836121,0.015353992581367493,0.6338480710983276,0.43415960669517517,-0.0198824480175972,0.6231980323791504,0.5051982402801514,-0.02474130690097809,0.6242296099662781,0.5688866376876831,-0.014936129562556744,0.7020666003227234,0.5132784247398376,-0.002152474131435156,0.6728200316429138,0.45192962884902954,-0.025013403967022896,0.6555306315422058,0.49654510617256165,-0.020504381507635117,0.6538786292076111,0.5480557680130005,-0.009639974683523178
NO,0.6608359813690186,0.7264544367790222,-2.988026608363725e-7,0.6126998662948608,0.6626268625259399,-0.002893508644774556,0.5841405391693115,0.5662785172462463,0.0006375217926688492,0.5650470852851868,0.4960967004299164,-0.0036120146978646517,0.5322660207748413,0.4550538957118988,-0.007983939722180367,0.6055352091789246,0.5184901356697083,0.04084036499261856,0.5769415497779846,0.46483978629112244,0.020731940865516663,0.5449246168136597,0.4433630108833313,-0.000858553743455559,0.5116961002349854,0.43060213327407837,-0.013688147068023682,0.6312966346740723,0.507323682308197,0.029461178928613663,0.6009191870689392,0.43991056084632874,0.005528842099010944,0.5609556436538696,0.42937642335891724,-0.014847498387098312,0.5257730484008789,0.42204350233078003,-0.023576736450195312,0.6645959615707397,0.5084254741668701,0.012684674002230167,0.6361588835716248,0.4393841028213501,-0.021199578419327736,0.6252632141113281,0.5105699300765991,-0.02418076992034912,0.6251752376556396,0.5733598470687866,-0.01401938870549202,0.7034322619438171,0.5190505981445312,-0.005085560493171215,0.6747644543647766,0.45799294114112854,-0.026596898213028908,0.6577420234680176,0.5024116039276123,-0.020712455734610558,0.6560356616973877,0.5517380237579346,-0.00948914885520935
NO,0.6598675847053528,0.7254687547683716,-2.7370805355531047e-7,0.6126040816307068,0.6595038175582886,-0.003289551241323352,0.584859311580658,0.5634684562683105,-0.00030023202998563647,0.565045177936554,0.49209511280059814,-0.005190718453377485,0.531842827796936,0.45157480239868164,-0.01038143690675497,0.6061832904815674,0.5170738697052002,0.04260936379432678,0.5786476135253906,0.46487849950790405,0.021459484472870827,0.5467274188995361,0.4451727271080017,-0.001214836142025888,0.5137021541595459,0.4340100884437561,-0.014377274550497532,0.6317840218544006,0.5060557126998901,0.03142489120364189,0.6042015552520752,0.4377900958061218,0.00592119200155139,0.5643801689147949,0.4280064105987549,-0.015712445601820946,0.5286019444465637,0.42232799530029297,-0.024381380528211594,0.6648932099342346,0.5075674057006836,0.014686879701912403,0.6358845829963684,0.43895626068115234,-0.02020171284675598,0.62470942735672,0.5096756219863892,-0.024091124534606934,0.6250960826873779,0.572571337223053,-0.013758063316345215,0.7033255100250244,0.5192585587501526,-0.003040415933355689,0.6739740371704102,0.4587658643722534,-0.025000588968396187,0.6569198369979858,0.5031838417053223,-0.01953412964940071,0.6559048295021057,0.5531652569770813,-0.008141638711094856
NO,0.659953236579895,0.7255840301513672,-2.990339851294266e-7,0.6126869916915894,0.6605137586593628,-0.002817260567098856,0.5850785970687866,0.5641183853149414,0.0008246229845099151,0.566780686378479,0.4928080439567566,-0.0033976403065025806,0.534999430179596,0.4509912133216858,-0.007859310135245323,0.6068470478057861,0.5181242823600769,0.0424451120197773,0.5774255990982056,0.4657655358314514,0.021338630467653275,0.5441976189613342,0.4461669921875,-0.0011982425348833203,0.5103247165679932,0.4357375502586365,-0.014170940965414047,0.6322105526924133,0.5069750547409058,0.03118574246764183,0.6034009456634521,0.43792906403541565,0.006098824553191662,0.5622807741165161,0.4277229905128479,-0.015302681364119053,0.5259168148040771,0.4220944046974182,-0.023930994793772697,0.6653640270233154,0.5083619952201843,0.014412766322493553,0.636006236076355,0.4389324188232422,-0.0202939473092556,0.6246088147163391,0.5094486474990845,-0.024221183732151985,0.62496417760849,0.5724164247512817,-0.01400650106370449,0.7035901546478271,0.519525945186615,-0.003305746940895915,0.6738949418067932,0.4586976170539856,-0.025478672236204147,0.6566922068595886,0.5030392408370972,-0.020119832828640938,0.6555270552635193,0.5534581542015076,-0.00880726333707571
NO,0.6601244807243347,0.7260158658027649,-2.961926952593785e-7,0.6129720211029053,0.6611282825469971,-0.0032489222940057516,0.5854121446609497,0.5639750361442566,0.000053296964324545115,0.5669640302658081,0.4926441013813019,-0.004330283496528864,0.5348828434944153,0.45097267627716064,-0.009004087187349796,0.6059969663619995,0.516948401927948,0.04191908240318298,0.5760468244552612,0.46478915214538574,0.021153071895241737,0.5432403087615967,0.44534754753112793,-0.0012482829624786973,0.5097782015800476,0.43457454442977905,-0.014292355626821518,0.6319335103034973,0.5062441229820251,0.03082968294620514,0.6028586030006409,0.4383454918861389,0.005946277640759945,0.5624077916145325,0.4283909201622009,-0.015463225543498993,0.5260064601898193,0.4229261875152588,-0.024249589070677757,0.6653810143470764,0.5079893469810486,0.01424397248774767,0.6358025074005127,0.43902719020843506,-0.02022411860525608,0.6245063543319702,0.5091627240180969,-0.02417217753827572,0.6245083212852478,0.572043776512146,-0.014205265790224075,0.7039920091629028,0.5193389058113098,-0.0033021436538547277,0.673227071762085,0.4593256115913391,-0.02570107951760292,0.6560330390930176,0.5042927265167236,-0.020572476089000702,0.6549572348594666,0.5550275444984436,-0.009463725611567497
NO,0.662670910358429,0.7319623231887817,-2.9908497367614473e-7,0.6145081520080566,0.6693616509437561,-0.0033773668110370636,0.5853204727172852,0.5706849694252014,0.000357407727278769,0.5661683678627014,0.4988068640232086,-0.0035831560380756855,0.5333796739578247,0.4573315680027008,-0.007689259946346283,0.6075315475463867,0.5240318179130554,0.04121598228812218,0.57782381772995,0.4696689248085022,0.021498937159776688,0.5453128814697266,0.4480578601360321,0.00023015121405478567,0.5121641159057617,0.4341188371181488,-0.012570099905133247,0.6336753368377686,0.5128619074821472,0.030001670122146606,0.6036690473556519,0.4446668028831482,0.005442523397505283,0.5624290704727173,0.4338979125022888,-0.015281676314771175,0.5260283946990967,0.42626991868019104,-0.02391999028623104,0.666847825050354,0.5140711069107056,0.013335151597857475,0.6377446055412292,0.44400671124458313,-0.021595779806375504,0.6269617080688477,0.5154834985733032,-0.02529514580965042,0.6268650889396667,0.5787928700447083,-0.01525262463837862,0.705247163772583,0.5241975784301758,-0.004304629750549793,0.6757257580757141,0.4630972743034363,-0.02727072313427925,0.6582075953483582,0.5080674290657043,-0.022389883175492287,0.656036376953125,0.5584303736686707,-0.011572626419365406
NO,0.6613396406173706,0.7317241430282593,-2.7029199145545135e-7,0.6145341396331787,0.6677571535110474,-0.003432786324992776,0.5862076282501221,0.5697965025901794,-0.0004923880333080888,0.5663512945175171,0.4981110394001007,-0.005329661071300507,0.5334564447402954,0.4566839933395386,-0.010639941319823265,0.6081592440605164,0.5224467515945435,0.041745781898498535,0.5793496966362,0.46853241324424744,0.021318644285202026,0.5474950075149536,0.4463256597518921,-0.0006692358874715865,0.5151699185371399,0.43235790729522705,-0.0137699069455266,0.6339631676673889,0.5116310119628906,0.03034999780356884,0.6059731245040894,0.44227203726768494,0.004246770869940519,0.564598560333252,0.4323453903198242,-0.01740376651287079,0.5276951789855957,0.4274537265300751,-0.025776179507374763,0.6669783592224121,0.5131179094314575,0.01355671975761652,0.6367855072021484,0.4432465434074402,-0.021861299872398376,0.625217854976654,0.5140945911407471,-0.025795558467507362,0.6256937980651855,0.5777148008346558,-0.015310662798583508,0.7049999237060547,0.5243831872940063,-0.0042128548957407475,0.6734918355941772,0.46403026580810547,-0.027190962806344032,0.6560660600662231,0.5103654861450195,-0.022074487060308456,0.6552441716194153,0.5616989135742188,-0.010717464610934258
NO,0.6617876887321472,0.7317647337913513,-2.872654079055792e-7,0.6146380305290222,0.6673876047134399,-0.0031701186671853065,0.5862019658088684,0.5693544745445251,0.00018612899293657392,0.5666099786758423,0.49718815088272095,-0.004220341797918081,0.5335795283317566,0.4563966393470764,-0.009072762914001942,0.6082813739776611,0.5225616097450256,0.042047832161188126,0.5792772769927979,0.4678228199481964,0.02191855013370514,0.5468508005142212,0.4460564851760864,0.00018871201609726995,0.5139472484588623,0.4325379729270935,-0.012738819234073162,0.6338348388671875,0.5116643309593201,0.03074820712208748,0.6046640276908875,0.4426807165145874,0.005664399359375238,0.563197910785675,0.43187999725341797,-0.015665831044316292,0.5262980461120605,0.4250786006450653,-0.024291276931762695,0.6666867136955261,0.5135179162025452,0.014032149687409401,0.6369732022285461,0.44313597679138184,-0.021062811836600304,0.6256929636001587,0.514210045337677,-0.02504977211356163,0.6262136697769165,0.5774359107017517,-0.014858715236186981,0.7045482993125916,0.5247377753257751,-0.0036052807699888945,0.6739106178283691,0.4636213183403015,-0.02658621035516262,0.6566653847694397,0.5097374320030212,-0.021568475291132927,0.6557757258415222,0.5609949231147766,-0.010434163734316826
NO,0.6619359850883484,0.7318674325942993,-2.870665980481135e-7,0.6149751543998718,0.6676034927368164,-0.0030933800153434277,0.5864859223365784,0.5692859292030334,0.00034502617199905217,0.5666835308074951,0.49702027440071106,-0.004002911504358053,0.5338672995567322,0.4559580385684967,-0.008793759159743786,0.6087190508842468,0.522488534450531,0.04198436439037323,0.5795655846595764,0.4678628444671631,0.021887123584747314,0.5470232963562012,0.4458264410495758,0.00017631294031161815,0.5140962600708008,0.43211156129837036,-0.012743168510496616,0.6340271234512329,0.5116883516311646,0.030680883675813675,0.6051228642463684,0.4423806667327881,0.005476644728332758,0.5634923577308655,0.43179064989089966,-0.015826821327209473,0.5265111327171326,0.4252493977546692,-0.02437739074230194,0.6667718291282654,0.5134198665618896,0.013959120959043503,0.636849045753479,0.4429851174354553,-0.021206190809607506,0.6254806518554688,0.5140228867530823,-0.025175055488944054,0.6257940530776978,0.5773466229438782,-0.014951336197555065,0.7045714855194092,0.5246620774269104,-0.0036891961935907602,0.674013614654541,0.463611364364624,-0.026712017133831978,0.6565948128700256,0.5095459818840027,-0.021731480956077576,0.6555896997451782,0.5608773827552795,-0.010593367740511894
NO,0.6639524102210999,0.7352746725082397,-2.7786146006292256e-7,0.6160632371902466,0.6717735528945923,-0.003856220282614231,0.5869898796081543,0.5736255645751953,-0.0004199481918476522,0.5673400163650513,0.5014061331748962,-0.0044770133681595325,0.5346097946166992,0.4600851535797119,-0.008954026736319065,0.6081489324569702,0.5290534496307373,0.03858167678117752,0.5776388645172119,0.4736258089542389,0.019242148846387863,0.5458148121833801,0.4482690989971161,-0.0011326429666951299,0.5131785273551941,0.4298180341720581,-0.013623363338410854,0.6343943476676941,0.517394483089447,0.02757781744003296,0.6032537817955017,0.44830000400543213,0.0021898169070482254,0.5615441799163818,0.4352352023124695,-0.018472852185368538,0.5243886113166809,0.42540645599365234,-0.02689616195857525,0.6679361462593079,0.5181482434272766,0.011403116397559643,0.6378442049026489,0.44832509756088257,-0.024714866653084755,0.6274969577789307,0.5198760032653809,-0.02874637022614479,0.6278231143951416,0.583595335483551,-0.018482590094208717,0.7066376209259033,0.5282362103462219,-0.005633392371237278,0.6768707633018494,0.4674324095249176,-0.029720161110162735,0.6597044467926025,0.5126673579216003,-0.025221237912774086,0.6576130390167236,0.5636061429977417,-0.014402398839592934
NO,0.6630170941352844,0.7339445352554321,-2.4826573508107685e-7,0.6161591410636902,0.6704816818237305,-0.003582772333174944,0.5870165228843689,0.5725588798522949,-0.0004823894996661693,0.5676076412200928,0.5002760291099548,-0.004998428281396627,0.5356504917144775,0.4585801362991333,-0.010045337490737438,0.6075428128242493,0.5267069935798645,0.03944443538784981,0.5767602920532227,0.4726513922214508,0.020245814695954323,0.5456753969192505,0.44746312499046326,-0.0004845105577260256,0.5146673321723938,0.428722083568573,-0.01331298053264618,0.6341446042060852,0.5152268409729004,0.02829371951520443,0.6049798727035522,0.4473664164543152,0.002274987753480673,0.5636821389198303,0.43476566672325134,-0.01898529939353466,0.5266475081443787,0.4268954396247864,-0.02742105722427368,0.6678971648216248,0.5162101984024048,0.011984591372311115,0.6378681659698486,0.4465332329273224,-0.02396918274462223,0.6264429688453674,0.5180023312568665,-0.0282355435192585,0.6261110305786133,0.5827268958091736,-0.017967190593481064,0.7065445184707642,0.526816725730896,-0.005187505390495062,0.6756576299667358,0.4670758843421936,-0.029379703104496002,0.6581130027770996,0.513586699962616,-0.02515213005244732,0.6563029289245605,0.5658888220787048,-0.01429230347275734
NO,0.6632686853408813,0.7340221405029297,-2.517487303066446e-7,0.6162757277488708,0.6713036894798279,-0.004354066681116819,0.5871080160140991,0.5728451609611511,-0.001439281040802598,0.5672455430030823,0.5005574822425842,-0.005974465049803257,0.5347383618354797,0.45934271812438965,-0.010963650420308113,0.6080772876739502,0.5262064337730408,0.03937254473567009,0.5776965022087097,0.4719802737236023,0.02014993503689766,0.5465512275695801,0.44759464263916016,-0.000584406079724431,0.515267550945282,0.4295917749404907,-0.013407531194388866,0.6346172094345093,0.5149303674697876,0.028515152633190155,0.6053662300109863,0.44674521684646606,0.0027095191180706024,0.564329206943512,0.4344308376312256,-0.018498143181204796,0.5273802876472473,0.42621803283691406,-0.026930974796414375,0.6682588458061218,0.5162762403488159,0.012373953126370907,0.6378076672554016,0.44652050733566284,-0.02358875423669815,0.6266103982925415,0.5180557370185852,-0.027858298271894455,0.6265478134155273,0.5824239253997803,-0.017619118094444275,0.7067440748214722,0.5272383093833923,-0.004701812285929918,0.6756484508514404,0.46732139587402344,-0.0289208572357893,0.6583987474441528,0.5136308670043945,-0.024709267541766167,0.6567634344100952,0.5654794573783875,-0.013900169171392918
NO,0.6635631322860718,0.7344259023666382,-2.4725176217543776e-7,0.6165432929992676,0.6714822053909302,-0.004730974789708853,0.5871818661689758,0.572813868522644,-0.0021392235066741705,0.5669931173324585,0.5004166960716248,-0.00695005664601922,0.5340778827667236,0.4589688181877136,-0.012196478433907032,0.607799232006073,0.52655428647995,0.0391836054623127,0.5771721005439758,0.47220808267593384,0.019611163064837456,0.5458672642707825,0.4477359652519226,-0.0013442744966596365,0.5144571661949158,0.4299856126308441,-0.014151787385344505,0.6345092058181763,0.5151181221008301,0.02849716879427433,0.6056208610534668,0.4464879035949707,0.0022638500668108463,0.564899206161499,0.43414705991744995,-0.019107816740870476,0.5281572341918945,0.42653560638427734,-0.027451755478978157,0.6681991219520569,0.5163715481758118,0.01248687133193016,0.6379465460777283,0.4468710124492645,-0.023754093796014786,0.6266043186187744,0.5182068347930908,-0.02818741649389267,0.6262446045875549,0.5829261541366577,-0.017849449068307877,0.7067521810531616,0.5274339318275452,-0.004469622392207384,0.6758837103843689,0.4671125113964081,-0.02863268554210663,0.6586475968360901,0.5132937431335449,-0.024354238063097,0.6568481922149658,0.5654371380805969,-0.013445165939629078
NO,0.6631264090538025,0.735666036605835,-1.4243947532577295e-7,0.6156363487243652,0.6778128147125244,-0.005341860465705395,0.585391640663147,0.581993579864502,-0.002947484143078327,0.5629789233207703,0.5102782249450684,-0.007403886411339045,0.5271748900413513,0.4726402461528778,-0.012789413332939148,0.6074312925338745,0.5251486301422119,0.033147674053907394,0.5832204818725586,0.4681122899055481,0.01768975704908371,0.5571539402008057,0.4362643361091614,0.001411881297826767,0.5324760675430298,0.40444037318229675,-0.01013061124831438,0.6335130929946899,0.5142517685890198,0.022861802950501442,0.6051812767982483,0.4445377588272095,0.0012942246394231915,0.5699716210365295,0.42406439781188965,-0.015807248651981354,0.5407724380493164,0.40131720900535583,-0.023579873144626617,0.6664323806762695,0.5165979862213135,0.00784540269523859,0.6366141438484192,0.45007285475730896,-0.028121182695031166,0.6252349019050598,0.5235007405281067,-0.0312457587569952,0.627295970916748,0.5846726894378662,-0.021056924015283585,0.70424485206604,0.5287613272666931,-0.007923032157123089,0.6751720905303955,0.4701300263404846,-0.034118037670850754,0.6561220288276672,0.5177383422851562,-0.03072175942361355,0.6529018878936768,0.5690124034881592,-0.020979296416044235
NO,0.6621226072311401,0.7373886704444885,-1.6103858513361047e-7,0.6138186454772949,0.6773927211761475,-0.004308334551751614,0.5845256447792053,0.5818269848823547,-0.0016821385361254215,0.5618464946746826,0.5110781788825989,-0.006179284304380417,0.5260138511657715,0.4743971824645996,-0.011328687891364098,0.608268678188324,0.5265011787414551,0.034329358488321304,0.585029661655426,0.46929508447647095,0.01793953962624073,0.5590562224388123,0.437503844499588,0.0014357027830556035,0.5338129997253418,0.40843337774276733,-0.009607315994799137,0.6343069672584534,0.5159938931465149,0.023500895127654076,0.608262300491333,0.444821834564209,0.0011316427262499928,0.5722646713256836,0.42626363039016724,-0.01524223480373621,0.5425922870635986,0.40737050771713257,-0.02169615402817726,0.6665951013565063,0.5184992551803589,0.007881038822233677,0.6366257667541504,0.45348411798477173,-0.027522336691617966,0.6250060796737671,0.5259208083152771,-0.029170144349336624,0.6277796030044556,0.5864232182502747,-0.017606055364012718,0.70390784740448,0.5314092040061951,-0.008577435277402401,0.6756675243377686,0.47194433212280273,-0.03270116448402405,0.6565618515014648,0.5177246332168579,-0.02762041799724102,0.6537735462188721,0.5676050782203674,-0.016723299399018288
NO,0.6625807285308838,0.7384445667266846,-1.809599723401334e-7,0.6136811971664429,0.6789932250976562,-0.0031096546445041895,0.5839971899986267,0.5825100541114807,0.0005338198971003294,0.5621094107627869,0.511679470539093,-0.0030703849624842405,0.5266807079315186,0.4747999310493469,-0.007338489405810833,0.6077578663825989,0.5271971225738525,0.0355585440993309,0.5845494270324707,0.46971553564071655,0.01970347762107849,0.5585801601409912,0.43793922662734985,0.0033133651595562696,0.5334556102752686,0.4089518189430237,-0.00775572843849659,0.6337325572967529,0.5167185664176941,0.024268558248877525,0.6075711250305176,0.4452751874923706,0.002508340170606971,0.5716449618339539,0.42699864506721497,-0.01386213768273592,0.5420520305633545,0.408470094203949,-0.02038087695837021,0.66623854637146,0.5192666053771973,0.008315319195389748,0.6361678242683411,0.4534110426902771,-0.026055321097373962,0.6256552338600159,0.5257436037063599,-0.027272677049040794,0.6293287873268127,0.585877537727356,-0.015786344185471535,0.7034285068511963,0.532181978225708,-0.008447853848338127,0.6750870943069458,0.4722349941730499,-0.031906478106975555,0.6563064455986023,0.5181674957275391,-0.026330208405852318,0.6540751457214355,0.5683650374412537,-0.015256205573678017
NO,0.66294264793396,0.738500714302063,-1.8365200560310768e-7,0.6137639880180359,0.6791883111000061,-0.0029794066213071346,0.5838964581489563,0.5830532908439636,0.0006371251656673849,0.5623294115066528,0.5125139355659485,-0.002932622330263257,0.5270276665687561,0.47585830092430115,-0.007135801948606968,0.6081068515777588,0.5270835757255554,0.03464975953102112,0.5847935676574707,0.46919959783554077,0.01857573725283146,0.5589203238487244,0.43693095445632935,0.0022136252373456955,0.5336883068084717,0.40775787830352783,-0.00879048090428114,0.6340599656105042,0.5169056057929993,0.023204900324344635,0.6083070039749146,0.4445669651031494,0.0012705569388344884,0.5721681714057922,0.42735159397125244,-0.014655724167823792,0.5424129366874695,0.41008561849594116,-0.020703181624412537,0.666432797908783,0.5192784667015076,0.007185047958046198,0.636221170425415,0.4532095789909363,-0.02682943269610405,0.6255173683166504,0.5252725481987,-0.027124911546707153,0.6293683648109436,0.5849107503890991,-0.015069394372403622,0.7036095857620239,0.532515287399292,-0.009711387567222118,0.6751571893692017,0.4723614752292633,-0.03264050558209419,0.6563810110092163,0.5186077952384949,-0.026356667280197144,0.6542670726776123,0.5683207511901855,-0.014833011664450169
NO,0.6634016633033752,0.7375107407569885,1.0513833359482305e-7,0.6155474185943604,0.6897221803665161,-0.006786694750189781,0.5821567177772522,0.598757266998291,-0.00606607086956501,0.5573208332061768,0.5352698564529419,-0.011984068900346756,0.5221572518348694,0.49884000420570374,-0.018203148618340492,0.6140319108963013,0.5247305035591125,0.016702672466635704,0.5895716547966003,0.44783779978752136,-0.0034229615703225136,0.5688266754150391,0.3945438265800476,-0.020473605021834373,0.5488028526306152,0.346000075340271,-0.03164820745587349,0.6399781107902527,0.5170921683311462,0.004410117398947477,0.6187708973884583,0.42419132590293884,-0.02159896306693554,0.5852497816085815,0.3773200809955597,-0.038676757365465164,0.5558671951293945,0.3338427245616913,-0.045251209288835526,0.6720092296600342,0.5212541818618774,-0.011480618268251419,0.6402981281280518,0.4529735743999481,-0.050226472318172455,0.6241685748100281,0.5279457569122314,-0.04947623610496521,0.623267412185669,0.5884358882904053,-0.034925561398267746,0.7063859701156616,0.538046658039093,-0.028390591964125633,0.6779143214225769,0.4782697558403015,-0.05338536947965622,0.6564291715621948,0.5247126817703247,-0.04509326070547104,0.6505441069602966,0.5729872584342957,-0.03097693994641304
NO,0.6656520962715149,0.7440647482872009,4.957149357665003e-8,0.6144799590110779,0.6926227807998657,-0.0072159008122980595,0.5810787081718445,0.5999866724014282,-0.007382501382380724,0.5553756356239319,0.5330470204353333,-0.01439015194773674,0.5187294483184814,0.497651606798172,-0.021908016875386238,0.6115790605545044,0.5249561667442322,0.017940832301974297,0.587232768535614,0.44611886143684387,-0.001474678167141974,0.5675119161605835,0.394514262676239,-0.01729525439441204,0.5493612289428711,0.3464835286140442,-0.027884824201464653,0.6384260058403015,0.5151287913322449,0.0053884973749518394,0.6143620610237122,0.4244069457054138,-0.02110625058412552,0.5808342099189758,0.37724679708480835,-0.03794334828853607,0.5530238151550293,0.33211109042167664,-0.04456573724746704,0.6710610389709473,0.520043671131134,-0.01102689653635025,0.6400129795074463,0.4547782242298126,-0.05072997137904167,0.6241850256919861,0.5286160707473755,-0.05089657008647919,0.6229668259620667,0.5872868895530701,-0.037276946008205414,0.706250786781311,0.5383074879646301,-0.0284262765198946,0.6772687435150146,0.4802028238773346,-0.054686740040779114,0.6558818221092224,0.526885449886322,-0.04789775609970093,0.6506044864654541,0.5746284127235413,-0.03513196110725403
NO,0.6671805381774902,0.7472167611122131,4.949317045088719e-8,0.6153756976127625,0.6929172277450562,-0.005900336429476738,0.5815073847770691,0.5997853875160217,-0.005406863521784544,0.5562441945075989,0.5323491096496582,-0.012174111790955067,0.5199925303459167,0.49625280499458313,-0.01947217620909214,0.6111701130867004,0.5233843922615051,0.020976603031158447,0.5869659185409546,0.444680392742157,0.0023900095839053392,0.5670453906059265,0.39374858140945435,-0.012910319492220879,0.5485756993293762,0.34583723545074463,-0.023195898160338402,0.6382793188095093,0.5140004754066467,0.007826213724911213,0.6148641705513,0.4240837097167969,-0.018287843093276024,0.5811818838119507,0.3772412836551666,-0.035145945847034454,0.5530740022659302,0.33202773332595825,-0.04169712960720062,0.6709611415863037,0.5195084810256958,-0.009234612807631493,0.6396523118019104,0.454775869846344,-0.048781804740428925,0.6238955855369568,0.5283476114273071,-0.04950734227895737,0.6228246092796326,0.5865896940231323,-0.03614889457821846,0.7065588235855103,0.538422703742981,-0.027143679559230804,0.6766461133956909,0.47985321283340454,-0.053177714347839355,0.6560851335525513,0.527140200138092,-0.04651982709765434,0.6520229578018188,0.5749386548995972,-0.03382290154695511
NO,0.6668417453765869,0.748184323310852,5.566539940105031e-8,0.6154688596725464,0.6930960416793823,-0.006168290972709656,0.5817533731460571,0.5997350215911865,-0.006081945262849331,0.5564050674438477,0.5318259596824646,-0.013318759389221668,0.5196317434310913,0.495824933052063,-0.021122213453054428,0.6113877892494202,0.5236538648605347,0.020485416054725647,0.5876398086547852,0.4445843994617462,0.0016230213223025203,0.567691445350647,0.3937124013900757,-0.0138260368257761,0.5491122007369995,0.34609293937683105,-0.024155089631676674,0.6382578015327454,0.5143837928771973,0.007431090343743563,0.6150679588317871,0.42362987995147705,-0.019190236926078796,0.581095278263092,0.3771454095840454,-0.036200255155563354,0.5526064038276672,0.33205732703208923,-0.04271932318806648,0.6709589958190918,0.5199136137962341,-0.00954115204513073,0.6393516063690186,0.4546441435813904,-0.04964853450655937,0.6237192749977112,0.5284877419471741,-0.05038246884942055,0.6226528882980347,0.5872887969017029,-0.036804672330617905,0.7065014243125916,0.5386421084403992,-0.027349865064024925,0.6764538288116455,0.47938260436058044,-0.053706761449575424,0.6557066440582275,0.5268946290016174,-0.04697183147072792,0.651263952255249,0.5750361680984497,-0.03412797302007675
NO,0.6709800958633423,0.7538304924964905,3.263250505369797e-7,0.6196690797805786,0.7031930685043335,-0.011055953800678253,0.5808327198028564,0.6059567332267761,-0.016250789165496826,0.5432772636413574,0.5410192012786865,-0.02827637270092964,0.4977596402168274,0.5097561478614807,-0.040735311806201935,0.6214796304702759,0.5208863019943237,0.008943350985646248,0.604636549949646,0.4280247092247009,-0.011429721489548683,0.5905734896659851,0.36827072501182556,-0.02604459784924984,0.5794935822486877,0.314769983291626,-0.03531838208436966,0.647384762763977,0.5167672634124756,-0.004030195530503988,0.6290637254714966,0.4101778268814087,-0.03150486201047897,0.6046557426452637,0.3495972752571106,-0.04853568971157074,0.587066650390625,0.2944659888744354,-0.05490599945187569,0.6790713667869568,0.5271587371826172,-0.020562663674354553,0.6478665471076965,0.46369776129722595,-0.061449646949768066,0.6291144490242004,0.5344467759132385,-0.06118963658809662,0.6255739331245422,0.5913392305374146,-0.04641225188970566,0.7119991183280945,0.5492687821388245,-0.03824352100491524,0.6802444458007812,0.48947927355766296,-0.0638764277100563,0.6594582796096802,0.5346382260322571,-0.05507934093475342,0.6540622115135193,0.5829354524612427,-0.04047530144453049
NO,0.6735104918479919,0.7578659653663635,2.7463534024718683e-7,0.6205279231071472,0.7053486108779907,-0.00934625044465065,0.5826678276062012,0.6080055236816406,-0.014574007131159306,0.5467923283576965,0.5408594012260437,-0.02728217840194702,0.5014383792877197,0.5099539756774902,-0.0403657890856266,0.6213855743408203,0.5194692611694336,0.010995923541486263,0.6026049256324768,0.42673635482788086,-0.010097135789692402,0.5885043144226074,0.3678557872772217,-0.025211554020643234,0.5780682563781738,0.3151092529296875,-0.03458624705672264,0.6476268768310547,0.5160212516784668,-0.0033789852168411016,0.6282525658607483,0.4092969298362732,-0.03171922639012337,0.604847252368927,0.3482673764228821,-0.048966843634843826,0.5877783298492432,0.2921382486820221,-0.055292487144470215,0.6790502667427063,0.5269649624824524,-0.021400239318609238,0.6477866768836975,0.46510809659957886,-0.06152711063623428,0.628645122051239,0.5340976715087891,-0.06084448844194412,0.6244069933891296,0.5884388089179993,-0.046168092638254166,0.7111185789108276,0.5493471026420593,-0.04061608761548996,0.6801639795303345,0.48919957876205444,-0.06398455798625946,0.6594783067703247,0.5341808199882507,-0.054018255323171616,0.6535874009132385,0.5803850293159485,-0.03915982320904732
NO,0.6754849553108215,0.7600528001785278,2.741096807312715e-7,0.6212838292121887,0.7066683173179626,-0.008190174587070942,0.582989513874054,0.6091418266296387,-0.013143583200871944,0.5476548671722412,0.5417410135269165,-0.025801651179790497,0.5031376481056213,0.5112740993499756,-0.03893366828560829,0.6217530965805054,0.5201799869537354,0.010334531776607037,0.6026344299316406,0.4261053800582886,-0.010785367339849472,0.5881827473640442,0.3671206533908844,-0.025940369814634323,0.5782281160354614,0.31408190727233887,-0.03544259071350098,0.647920548915863,0.5175695419311523,-0.004681750666350126,0.6279157400131226,0.40911972522735596,-0.03317685425281525,0.6041391491889954,0.34806209802627563,-0.05067850649356842,0.5875992774963379,0.2919996380805969,-0.05738323926925659,0.6789722442626953,0.5289990305900574,-0.023085076361894608,0.6476653814315796,0.4644438922405243,-0.06302446126937866,0.627749502658844,0.5334184169769287,-0.06200718879699707,0.6235210299491882,0.5879641175270081,-0.047349266707897186,0.7108603715896606,0.5514273643493652,-0.042586591094732285,0.6796287894248962,0.4890490472316742,-0.06612250953912735,0.6584449410438538,0.5341593027114868,-0.05590357258915901,0.6528434753417969,0.5811901688575745,-0.04099133238196373
NO,0.6749388575553894,0.7599185705184937,2.791916244859749e-7,0.620873212814331,0.7057806849479675,-0.0082570044323802,0.5826018452644348,0.607536256313324,-0.013285794295370579,0.5470591187477112,0.5395155549049377,-0.025988878682255745,0.5025895833969116,0.5088275074958801,-0.039181437343358994,0.6218909621238708,0.5194224715232849,0.010098367929458618,0.6027882099151611,0.42546290159225464,-0.011001570150256157,0.5883389711380005,0.36687830090522766,-0.026105420663952827,0.5781584978103638,0.3141917884349823,-0.035568635910749435,0.6481267809867859,0.5166933536529541,-0.00474034808576107,0.6285170316696167,0.4085596799850464,-0.03314455971121788,0.6050520539283752,0.347520112991333,-0.05043939873576164,0.5886221528053284,0.2914847731590271,-0.05710560455918312,0.6790888905525208,0.5281156301498413,-0.0229587834328413,0.6471444368362427,0.46401357650756836,-0.06283947080373764,0.627606987953186,0.5329778790473938,-0.06172066926956177,0.6235321760177612,0.5876538753509521,-0.047082990407943726,0.7108447551727295,0.5508414506912231,-0.04225814715027809,0.6789913177490234,0.48893287777900696,-0.06586956977844238,0.6582441329956055,0.5346131324768066,-0.05570710077881813,0.6530064344406128,0.5814756751060486,-0.040766410529613495
NO,0.6806272268295288,0.7746756672859192,3.9530439721602306e-7,0.6259547472000122,0.7187405824661255,-0.012883380055427551,0.5883010625839233,0.6245970129966736,-0.022385599091649055,0.5485947728157043,0.5563700199127197,-0.03856852650642395,0.5018219947814941,0.5214446783065796,-0.05507790669798851,0.6334013938903809,0.5303992033004761,0.0015958485892042518,0.624663233757019,0.4303566515445709,-0.021709369495511055,0.6188724637031555,0.3663349747657776,-0.038312021642923355,0.614789605140686,0.30982741713523865,-0.048408862203359604,0.6594451665878296,0.5314780473709106,-0.011280244216322899,0.6501824259757996,0.4166615605354309,-0.03898825868964195,0.6338819265365601,0.3488089442253113,-0.0561039112508297,0.621562659740448,0.29281193017959595,-0.06365905702114105,0.6897703409194946,0.5472196340560913,-0.02786540985107422,0.6657245755195618,0.47742247581481934,-0.06622406840324402,0.6345617175102234,0.5327915549278259,-0.0695352703332901,0.6173709630966187,0.5863084197044373,-0.05955502763390541,0.7200299501419067,0.5736264586448669,-0.04577388986945152,0.6956665515899658,0.5093165636062622,-0.06916218250989914,0.6680956482887268,0.544707179069519,-0.0628662258386612,0.6508431434631348,0.5905979871749878,-0.05185997486114502
NO,0.6781787872314453,0.7747983336448669,4.033942957448744e-7,0.6240042448043823,0.716928243637085,-0.011574956588447094,0.5874919295310974,0.6218250393867493,-0.020204631611704826,0.5474334955215454,0.5549690127372742,-0.035979557782411575,0.5003171563148499,0.5197168588638306,-0.05211970582604408,0.633628785610199,0.5279405117034912,0.0051306807436048985,0.6256898641586304,0.4279652237892151,-0.01656426303088665,0.6195310354232788,0.3654569983482361,-0.031926851719617844,0.6159244179725647,0.30985137820243835,-0.04151669144630432,0.6593413352966309,0.5287558436393738,-0.008435286581516266,0.6483961343765259,0.4146622121334076,-0.036120932549238205,0.6317352056503296,0.3481578230857849,-0.0534391887485981,0.6185824275016785,0.29271262884140015,-0.060790613293647766,0.6904580593109131,0.5433316230773926,-0.025729980319738388,0.663071870803833,0.475595623254776,-0.06540881842374802,0.634514570236206,0.5330685973167419,-0.0690845251083374,0.6196931004524231,0.5860633850097656,-0.058670010417699814,0.7207483053207397,0.5679444670677185,-0.04415566101670265,0.6911355257034302,0.5080267190933228,-0.0687546506524086,0.6644815802574158,0.5466020703315735,-0.06295833736658096,0.6492059826850891,0.5923811197280884,-0.051836952567100525
NO,0.6836602091789246,0.79903644323349,4.4103339291723387e-7,0.634952962398529,0.7382552623748779,-0.013871341943740845,0.5977873206138611,0.6410622000694275,-0.023762520402669907,0.5569954514503479,0.57175213098526,-0.03954102098941803,0.5117701888084412,0.5381461381912231,-0.05520106852054596,0.6561046242713928,0.5456478595733643,-0.0015828846953809261,0.6537516713142395,0.4411505460739136,-0.024046817794442177,0.6523797512054443,0.37562400102615356,-0.040038540959358215,0.6531770825386047,0.31906044483184814,-0.05017848312854767,0.6836808919906616,0.5520660877227783,-0.01351596973836422,0.6849274635314941,0.4341092109680176,-0.03920933976769447,0.6758612990379333,0.3632725477218628,-0.055580127984285355,0.6704763770103455,0.30547022819519043,-0.06391952186822891,0.7116978168487549,0.5730509161949158,-0.02918786182999611,0.6890061497688293,0.49492233991622925,-0.06500932574272156,0.6499314308166504,0.5360808372497559,-0.07031621038913727,0.6280595064163208,0.5813310742378235,-0.0632561594247818,0.7346755862236023,0.6044301986694336,-0.04638785123825073,0.7076356410980225,0.5378261208534241,-0.07031621038913727,0.6738120317459106,0.5630793571472168,-0.06818397343158722,0.6527559757232666,0.6027414202690125,-0.061029162257909775
NO,0.6872646808624268,0.8000173568725586,4.4716659886034904e-7,0.6338432431221008,0.7352077960968018,-0.010243803262710571,0.5951015949249268,0.6378293633460999,-0.01851879060268402,0.5560382604598999,0.5705897808074951,-0.03369656205177307,0.5132160186767578,0.5349112749099731,-0.04911297932267189,0.6524271368980408,0.543190062046051,0.003026306862011552,0.6521771550178528,0.43994277715682983,-0.017946045845746994,0.6532817482948303,0.3740653097629547,-0.03341019153594971,0.6563663482666016,0.31837186217308044,-0.04331392049789429,0.6812896728515625,0.5503451824188232,-0.011156616732478142,0.6802828907966614,0.4344713091850281,-0.036942120641469955,0.6720736026763916,0.3632901906967163,-0.0545063354074955,0.6664524078369141,0.30763936042785645,-0.06324072182178497,0.7118242979049683,0.5723678469657898,-0.028852084651589394,0.6935375332832336,0.49598419666290283,-0.06481576710939407,0.654876172542572,0.5332139134407043,-0.07121142745018005,0.6304161548614502,0.5757519602775574,-0.06472031027078629,0.7371605634689331,0.6045676469802856,-0.04770497977733612,0.7145930528640747,0.5359183549880981,-0.07025685906410217,0.681286633014679,0.5560472011566162,-0.067727230489254,0.6582055687904358,0.5904408097267151,-0.06037698686122894
NO,0.6883470416069031,0.8021785616874695,4.768887720274506e-7,0.6356092691421509,0.7381541728973389,-0.010784449055790901,0.5974127054214478,0.6400659680366516,-0.019380921497941017,0.5580624938011169,0.5722374320030212,-0.03472066670656204,0.5140237808227539,0.5374644994735718,-0.050120189785957336,0.6543529629707336,0.5444849729537964,0.0017381255747750401,0.6530551314353943,0.4396069347858429,-0.019763518124818802,0.6539934873580933,0.37271198630332947,-0.03546195104718208,0.6571496725082397,0.31588417291641235,-0.04548120126128197,0.6829757690429688,0.5508885979652405,-0.012135494500398636,0.6818879842758179,0.4349783658981323,-0.03802056238055229,0.6745830178260803,0.3623923063278198,-0.05547654628753662,0.6702494621276855,0.30612045526504517,-0.06432409584522247,0.7130149602890015,0.5725461840629578,-0.02950778417289257,0.6935332417488098,0.49636635184288025,-0.06456322222948074,0.6544146537780762,0.5336628556251526,-0.07034999877214432,0.6298180222511292,0.5767045021057129,-0.06370238214731216,0.7382365465164185,0.6046044826507568,-0.048207204788923264,0.7134092450141907,0.5357844233512878,-0.07030217349529266,0.679544985294342,0.5549051761627197,-0.06786312162876129,0.6556588411331177,0.5887318253517151,-0.06068943068385124
NO,0.6886246800422668,0.8023326396942139,4.6216598548198817e-7,0.6356462836265564,0.7378088235855103,-0.010148212313652039,0.5971915125846863,0.6387248635292053,-0.01836285926401615,0.5581512451171875,0.5714432597160339,-0.03341103717684746,0.5141708850860596,0.5373513102531433,-0.0486874021589756,0.6546133160591125,0.5431567430496216,0.002301362343132496,0.6524907350540161,0.4384574294090271,-0.018879277631640434,0.6526877880096436,0.37232470512390137,-0.03444387763738632,0.6555429697036743,0.3159381151199341,-0.044459979981184006,0.6835030317306519,0.549701988697052,-0.011853592470288277,0.6819368600845337,0.43452557921409607,-0.03725414723157883,0.6740248203277588,0.3628414273262024,-0.05457216501235962,0.6691997051239014,0.30688542127609253,-0.0634593516588211,0.7136344909667969,0.5719906687736511,-0.029471851885318756,0.6936532258987427,0.49664071202278137,-0.06432405859231949,0.6548957228660583,0.5343297719955444,-0.07037695497274399,0.6308571696281433,0.5774345397949219,-0.0640358254313469,0.7385994791984558,0.6049225926399231,-0.04835113137960434,0.7138420343399048,0.5367162227630615,-0.07032891362905502,0.6801098585128784,0.5567957162857056,-0.0679750069975853,0.6566526889801025,0.5906526446342468,-0.06096133589744568
NO,0.7006409764289856,0.8534281253814697,3.7556586107712064e-7,0.6520341634750366,0.785271406173706,-0.016348574310541153,0.613875150680542,0.6838948130607605,-0.02733183465898037,0.5754665732383728,0.6094313859939575,-0.042272914201021194,0.5331190824508667,0.5702230334281921,-0.0574064776301384,0.6797147989273071,0.5838705897331238,-0.00937125738710165,0.6928663849830627,0.48339933156967163,-0.032384373247623444,0.7011871933937073,0.4198567867279053,-0.0509103499352932,0.7099667191505432,0.3641027808189392,-0.0639025941491127,0.7091363668441772,0.5918954014778137,-0.019344009459018707,0.7251283526420593,0.4790036976337433,-0.042730048298835754,0.7227317094802856,0.4028909504413605,-0.059186894446611404,0.7197787165641785,0.34579476714134216,-0.07011000066995621,0.7370761036872864,0.6188658475875854,-0.03325052559375763,0.7429938316345215,0.5266530513763428,-0.06313268840312958,0.7008863687515259,0.5157785415649414,-0.07554750144481659,0.666008472442627,0.52827388048172,-0.07800158113241196,0.7594522833824158,0.6608148813247681,-0.04888933524489403,0.7589345574378967,0.5862805247306824,-0.07140922546386719,0.7253837585449219,0.5718256831169128,-0.07800158113241196,0.692021369934082,0.5830366015434265,-0.07949329167604446
NO,0.7060565948486328,0.8568365573883057,4.256125691881607e-7,0.6550425887107849,0.7889566421508789,-0.013074817135930061,0.6158838272094727,0.6844152212142944,-0.02168087288737297,0.5793558955192566,0.6110588312149048,-0.034792520105838776,0.5384711027145386,0.5710111856460571,-0.04812515154480934,0.6811391711235046,0.5855370759963989,-0.0013987906277179718,0.6927435994148254,0.4872063398361206,-0.021177520975470543,0.701080322265625,0.4225599765777588,-0.037689853459596634,0.7098609805107117,0.3687388002872467,-0.049303729087114334,0.7118966579437256,0.5927196145057678,-0.012583745643496513,0.724311888217926,0.47870615124702454,-0.033245641738176346,0.7242670655250549,0.40058633685112,-0.048886314034461975,0.7235317230224609,0.3442900478839874,-0.05878143757581711,0.7406582832336426,0.618244469165802,-0.02767196297645569,0.7410473227500916,0.5264130234718323,-0.05534392595291138,0.7034014463424683,0.5182138681411743,-0.06678592413663864,0.6727202534675598,0.5334746837615967,-0.06835735589265823,0.763363778591156,0.6562210321426392,-0.04427023231983185,0.7483254671096802,0.5847025513648987,-0.06462520360946655,0.7156460881233215,0.5736371278762817,-0.0696832537651062,0.6866673827171326,0.5847994685173035,-0.06992879509925842
NO,0.7063796520233154,0.8578629493713379,4.3753871636909025e-7,0.6545509099960327,0.7879014015197754,-0.013371545821428299,0.6151493787765503,0.6841505169868469,-0.02259543538093567,0.5784747004508972,0.6096702218055725,-0.03627650812268257,0.537223219871521,0.5688437223434448,-0.050019484013319016,0.6818617582321167,0.5855502486228943,-0.002344663254916668,0.6943690776824951,0.4862350523471832,-0.022409720346331596,0.7024959921836853,0.4225890636444092,-0.039074625819921494,0.7115362286567688,0.3684886693954468,-0.0507623516023159,0.712455689907074,0.5934337973594666,-0.013408687897026539,0.7252891063690186,0.4782768487930298,-0.033973630517721176,0.7240350246429443,0.40054771304130554,-0.049227096140384674,0.722015380859375,0.3446158766746521,-0.058983366936445236,0.7410873174667358,0.6196358799934387,-0.028426915407180786,0.741723895072937,0.5270734429359436,-0.055368103086948395,0.7042291164398193,0.5155552625656128,-0.06656058132648468,0.6738210916519165,0.5294508934020996,-0.06839297711849213,0.7631083726882935,0.658913254737854,-0.045141346752643585,0.750636875629425,0.5870095491409302,-0.0648767501115799,0.7172956466674805,0.5739522576332092,-0.07017585635185242,0.6875995397567749,0.5840690732002258,-0.07091871649026871
NO,0.7070383429527283,0.8584823608398438,4.3471627009239455e-7,0.6549099683761597,0.7881536483764648,-0.013237952254712582,0.6152797341346741,0.6843463778495789,-0.02238643355667591,0.578514814376831,0.610148012638092,-0.03604700788855553,0.5370446443557739,0.5697259902954102,-0.04984430968761444,0.681560218334198,0.585010826587677,-0.0018613928696140647,0.6938809752464294,0.4857354760169983,-0.021827086806297302,0.7022529244422913,0.4220693111419678,-0.03848328813910484,0.7112149596214294,0.3679758608341217,-0.05026693269610405,0.7122724056243896,0.5927634239196777,-0.013101222924888134,0.7247714400291443,0.4777902066707611,-0.03361072763800621,0.7235701680183411,0.4003880023956299,-0.04902392998337746,0.7215858697891235,0.34460288286209106,-0.05901765078306198,0.74083411693573,0.6191097497940063,-0.028315545991063118,0.7412355542182922,0.5263823866844177,-0.0552886538207531,0.7042210698127747,0.5156300067901611,-0.06667453795671463,0.6741572022438049,0.5295491814613342,-0.06871306151151657,0.7632333040237427,0.6581663489341736,-0.04519549012184143,0.7501286864280701,0.5865699052810669,-0.06498405337333679,0.7172902226448059,0.5740670561790466,-0.0702543780207634,0.6877763867378235,0.5846116542816162,-0.07109961658716202
NO,0.7279448509216309,0.9210205078125,3.464792825980112e-7,0.6755174398422241,0.8461556434631348,-0.022108662873506546,0.6396266222000122,0.7390552163124084,-0.03893318027257919,0.6049163341522217,0.663905918598175,-0.057078734040260315,0.5665574669837952,0.6141707897186279,-0.07577264308929443,0.7173768877983093,0.6392059326171875,-0.026719825342297554,0.7383958697319031,0.5352020263671875,-0.059272151440382004,0.7564669251441956,0.47088927030563354,-0.08584243059158325,0.7756875157356262,0.4136342406272888,-0.10498499870300293,0.750533938407898,0.6587761044502258,-0.036241255700588226,0.7738047242164612,0.5537804365158081,-0.06684941798448563,0.7821030616760254,0.48277243971824646,-0.08788629621267319,0.7879544496536255,0.42360058426856995,-0.10299097001552582,0.7795078754425049,0.6979988217353821,-0.04972579702734947,0.8049936294555664,0.6117965579032898,-0.08200394362211227,0.7864265441894531,0.5795020461082458,-0.09351939707994461,0.761808454990387,0.5642473697662354,-0.09825518727302551,0.8053128719329834,0.7537152171134949,-0.0656530037522316,0.8246482610702515,0.6900811791419983,-0.0926719382405281,0.8085792064666748,0.660845160484314,-0.10039874911308289,0.7810561060905457,0.6474123597145081,-0.10368887335062027
NO,0.7321123480796814,0.930892825126648,4.2410545120219467e-7,0.6770352721214294,0.8548187017440796,-0.02046799473464489,0.6407067775726318,0.7465156316757202,-0.03559869900345802,0.60699862241745,0.6727571487426758,-0.05251689255237579,0.5676677227020264,0.6225888729095459,-0.07034141570329666,0.7187678217887878,0.6487523317337036,-0.01793781667947769,0.7411032319068909,0.5426953434944153,-0.04622291773557663,0.7582899332046509,0.4768359363079071,-0.07039176672697067,0.7750454545021057,0.4219369888305664,-0.08736032247543335,0.7508417367935181,0.668441653251648,-0.026082215830683708,0.7746883630752563,0.5656358599662781,-0.05327216535806656,0.7781842350959778,0.4967660903930664,-0.07240583747625351,0.7784179449081421,0.443623423576355,-0.08534624427556992,0.7804191708564758,0.7024587988853455,-0.03849392384290695,0.8052384853363037,0.6151458024978638,-0.06580975651741028,0.7902352213859558,0.5774611830711365,-0.0755780041217804,0.768747866153717,0.559131383895874,-0.07900191843509674,0.8087453842163086,0.7514215111732483,-0.05342322215437889,0.8300344347953796,0.6830382347106934,-0.07406744360923767,0.8206886053085327,0.6474926471710205,-0.07875016331672668,0.7993621230125427,0.627241313457489,-0.07990825176239014
NO,0.7300136089324951,0.9281986355781555,4.289595096906851e-7,0.6767528057098389,0.8533592224121094,-0.019582275301218033,0.6414588093757629,0.7429519295692444,-0.0331314355134964,0.6074657440185547,0.6698564887046814,-0.04836631938815117,0.5681716203689575,0.6213030815124512,-0.06423493474721909,0.7192278504371643,0.6444301009178162,-0.01552639901638031,0.742146372795105,0.5403918027877808,-0.042029015719890594,0.7596074342727661,0.47478026151657104,-0.06494470685720444,0.776788592338562,0.4201594889163971,-0.08116821199655533,0.7515507340431213,0.6645256876945496,-0.02311849221587181,0.7752385139465332,0.5657970905303955,-0.04818887636065483,0.7782702445983887,0.4991518259048462,-0.06550239026546478,0.7776931524276733,0.44683098793029785,-0.07726442813873291,0.7818499803543091,0.699577271938324,-0.034981925040483475,0.8065078854560852,0.6172631978988647,-0.0604325495660305,0.7914271950721741,0.5812795758247375,-0.06829080730676651,0.770250141620636,0.5625698566436768,-0.07072433084249496,0.8106101155281067,0.7496451735496521,-0.049456335604190826,0.8327406048774719,0.684831440448761,-0.06864570081233978,0.8232943415641785,0.6521553993225098,-0.0720931887626648,0.8020871877670288,0.6338764429092407,-0.07249877601861954
NO,0.7289882302284241,0.928225040435791,4.38257359292038e-7,0.6756801009178162,0.853602945804596,-0.02026217430830002,0.6399365067481995,0.7432478070259094,-0.034496355801820755,0.6061939001083374,0.6686139702796936,-0.050326183438301086,0.566283643245697,0.6198313236236572,-0.0669158324599266,0.7186610102653503,0.6447926163673401,-0.01755210943520069,0.7421857118606567,0.5414409041404724,-0.044627442955970764,0.7593663334846497,0.4761970639228821,-0.06787829101085663,0.7764791250228882,0.4218670427799225,-0.08434130996465683,0.7514318227767944,0.664940595626831,-0.02520108036696911,0.7758760452270508,0.5643298029899597,-0.05101002752780914,0.7798453569412231,0.49512049555778503,-0.06909401714801788,0.7801454663276672,0.44103506207466125,-0.08160591125488281,0.7818053364753723,0.7006128430366516,-0.03707978129386902,0.8071844577789307,0.6166576147079468,-0.06372454017400742,0.791846513748169,0.5805395245552063,-0.07314645498991013,0.769320547580719,0.5627346634864807,-0.07648971676826477,0.8099948167800903,0.751187801361084,-0.051491253077983856,0.8325720429420471,0.6857419610023499,-0.07188007235527039,0.8229142427444458,0.6519625782966614,-0.07669233530759811,0.8006536960601807,0.6328915953636169,-0.07806003093719482
NO,0.7635798454284668,0.9947547912597656,4.213514728235168e-7,0.7171971797943115,0.9253317713737488,-0.03506661206483841,0.6835781931877136,0.8183361291885376,-0.05825907737016678,0.6499208807945251,0.7349813580513,-0.07973358780145645,0.6096881031990051,0.6775429844856262,-0.10176390409469604,0.7687845826148987,0.7165466547012329,-0.043226923793554306,0.7975672483444214,0.614337146282196,-0.07761140167713165,0.8230776786804199,0.5587141513824463,-0.10499772429466248,0.8508003950119019,0.5154625773429871,-0.12409739941358566,0.8059374094009399,0.7429351210594177,-0.046890221536159515,0.8360596299171448,0.6402752995491028,-0.07735875993967056,0.8587285280227661,0.5874810218811035,-0.09898485988378525,0.882915198802948,0.5553064942359924,-0.1141938641667366,0.8375018835067749,0.7893133163452148,-0.05467157065868378,0.8672317266464233,0.7067704200744629,-0.08716124296188354,0.8673095107078552,0.6787965297698975,-0.10009647905826569,0.8662112355232239,0.6686527729034424,-0.10691778361797333,0.8650161027908325,0.8528745174407959,-0.06543409079313278,0.8984128832817078,0.8040726184844971,-0.09438678622245789,0.9018204212188721,0.7867934703826904,-0.10166285187005997,0.8959671258926392,0.7828800082206726,-0.10459349304437637
NO,0.7596543431282043,1.0007431507110596,5.032726448916947e-7,0.7163903117179871,0.9256649017333984,-0.040162332355976105,0.6877334117889404,0.8265714645385742,-0.06885684281587601,0.655595064163208,0.7484569549560547,-0.09453481435775757,0.6155863404273987,0.6887193322181702,-0.12145928293466568,0.7781944274902344,0.7295026779174805,-0.046644147485494614,0.8020109534263611,0.6332529783248901,-0.08321655541658401,0.8189473152160645,0.5735387206077576,-0.11417970061302185,0.8386083245277405,0.5249775648117065,-0.13611815869808197,0.8154004812240601,0.7524628639221191,-0.049162089824676514,0.8462259769439697,0.6563200950622559,-0.08047424256801605,0.8633221387863159,0.6025357246398926,-0.10400823503732681,0.8803215622901917,0.5591812133789062,-0.12066151946783066,0.8450745940208435,0.7952070832252502,-0.05639180541038513,0.8785564303398132,0.711613655090332,-0.08590900152921677,0.8860682249069214,0.6624096632003784,-0.09777571260929108,0.8893268704414368,0.6191409826278687,-0.10590291768312454,0.8698293566703796,0.8567630648612976,-0.0674108937382698,0.8987995982170105,0.8062639236450195,-0.09184236079454422,0.9055969715118408,0.7751511931419373,-0.09662894159555435,0.9029477834701538,0.7477880120277405,-0.09912194311618805
NO,0.7621089816093445,0.9958781003952026,5.268458380669472e-7,0.7176206111907959,0.9252063035964966,-0.04096059501171112,0.6887816190719604,0.8259642720222473,-0.06838009506464005,0.6569086909294128,0.7469656467437744,-0.09223361313343048,0.6172592639923096,0.6878449320793152,-0.11690635234117508,0.7751492261886597,0.7306839823722839,-0.04589995741844177,0.7998424768447876,0.6372873187065125,-0.07984905689954758,0.8174546360969543,0.5773333311080933,-0.10823234915733337,0.8360627889633179,0.530312180519104,-0.12866444885730743,0.8135805130004883,0.7524530291557312,-0.04662279039621353,0.8437460064888,0.6612098217010498,-0.0764276385307312,0.8573379516601562,0.6070696711540222,-0.0986909344792366,0.869208037853241,0.5636138319969177,-0.1146896556019783,0.8444438576698303,0.7946106791496277,-0.05209223926067352,0.879011869430542,0.7168905138969421,-0.08153567463159561,0.8857103586196899,0.6706492304801941,-0.09430574625730515,0.8871472477912903,0.6321985721588135,-0.10312431305646896,0.8696377277374268,0.8551172614097595,-0.061344511806964874,0.905232310295105,0.8148877620697021,-0.08765567094087601,0.9140101671218872,0.7941177487373352,-0.09469125419855118,0.9124736785888672,0.7763631939888,-0.09854636341333389
NO,0.762403666973114,0.9928271174430847,5.265812319521501e-7,0.7189386487007141,0.9251946806907654,-0.04178765416145325,0.689860999584198,0.8258779644966125,-0.06859748065471649,0.6571135520935059,0.7468250393867493,-0.09165112674236298,0.6167476177215576,0.6886544823646545,-0.11540904641151428,0.7734137773513794,0.73453688621521,-0.045003894716501236,0.7986745834350586,0.6453374624252319,-0.07878615707159042,0.8182825446128845,0.588557779788971,-0.10705151408910751,0.8379020690917969,0.5444639325141907,-0.12724106013774872,0.8119679093360901,0.7560717463493347,-0.04495694488286972,0.8430442810058594,0.6696467995643616,-0.074795201420784,0.85640549659729,0.6211594343185425,-0.09634636342525482,0.8674934506416321,0.5828498005867004,-0.11146504431962967,0.8431444764137268,0.7973306775093079,-0.0497695654630661,0.8792279958724976,0.727310061454773,-0.07977215945720673,0.8878874778747559,0.6901811957359314,-0.09061817079782486,0.8903477191925049,0.6588675379753113,-0.09728541225194931,0.8677551746368408,0.8559113144874573,-0.058502715080976486,0.9050222039222717,0.8191756010055542,-0.08460825681686401,0.9168245792388916,0.8044142723083496,-0.09000778943300247,0.9175368547439575,0.7919961810112,-0.09221455454826355
NO,0.009615760296583176,1.0111149549484253,-8.940045859162637e-7,-0.01551278680562973,0.9053582549095154,-0.02467258833348751,-0.025964461266994476,0.7859445810317993,-0.06698955595493317,-0.01140601933002472,0.682088315486908,-0.11473069339990616,-0.00434349849820137,0.6175357103347778,-0.1676638424396515,-0.04357773810625076,0.8613689541816711,-0.08421182632446289,-0.023217611014842987,0.7420992851257324,-0.14225256443023682,0.008345551788806915,0.660283088684082,-0.18319766223430634,0.04109456390142441,0.5954605340957642,-0.20329029858112335,-0.01300220936536789,0.9128612875938416,-0.09598882496356964,0.02612614631652832,0.7890414595603943,-0.14073294401168823,0.06656363606452942,0.6932135224342346,-0.16310501098632812,0.10122464597225189,0.6223511099815369,-0.18015843629837036,0.024415582418441772,0.9610615968704224,-0.10814571380615234,0.06807240843772888,0.8556493520736694,-0.15407176315784454,0.10637514293193817,0.7692749500274658,-0.16918344795703888,0.14052388072013855,0.6973079442977905,-0.17458651959896088,0.06891560554504395,1.0071521997451782,-0.12114683538675308,0.11663319915533066,0.9436431527137756,-0.1478244662284851,0.1429460048675537,0.8873571753501892,-0.14807772636413574,0.16879379749298096,0.8333927392959595,-0.1479933112859726
NO,-0.014864794909954071,1.0950334072113037,7.949579980959243e-7,-0.04580768942832947,0.9984176158905029,-0.008843306452035904,-0.05227801948785782,0.8888550400733948,-0.02696593478322029,-0.03580169007182121,0.7964515089988708,-0.042394205927848816,-0.01383887603878975,0.729343056678772,-0.05759887769818306,-0.06226273626089096,0.8690135478973389,-0.07213275134563446,-0.04077371209859848,0.7440065741539001,-0.1074165403842926,-0.02482752501964569,0.6709294319152832,-0.1244099959731102,-0.011573072522878647,0.6104575395584106,-0.13433773815631866,-0.026468373835086823,0.9083096981048584,-0.08447537571191788,0.01973464898765087,0.7750223278999329,-0.12020635604858398,0.061219267547130585,0.6940492391586304,-0.13183344900608063,0.09635983407497406,0.6309167146682739,-0.13818363845348358,0.017213014885783195,0.9525755643844604,-0.0943584069609642,0.0754152238368988,0.8359954357147217,-0.12727205455303192,0.11708527058362961,0.7587188482284546,-0.1338905692100525,0.1491135060787201,0.6977449059486389,-0.13541102409362793,0.06278000771999359,0.9973233938217163,-0.10330233722925186,0.11807458847761154,0.9127551317214966,-0.1266459822654724,0.149298295378685,0.8578312397003174,-0.12879252433776855,0.17424607276916504,0.8112081289291382,-0.1279875785112381
NO,-0.013532180339097977,1.0927015542984009,8.415414640694507e-7,-0.02958996593952179,0.9857127666473389,-0.00757407583296299,-0.023413419723510742,0.8796297907829285,-0.02709144353866577,0.00315970741212368,0.7988801598548889,-0.04440690949559212,0.0329715870320797,0.7434701919555664,-0.06119207665324211,-0.04662052541971207,0.8628390431404114,-0.07728555053472519,-0.027255281805992126,0.7344359159469604,-0.11602054536342621,-0.010920554399490356,0.6559134125709534,-0.13649475574493408,0.004066703841090202,0.5913207530975342,-0.14866863191127777,-0.015047244727611542,0.9068626761436462,-0.09093502163887024,0.029450062662363052,0.7753505110740662,-0.13142232596874237,0.06845445930957794,0.6918755769729614,-0.14682409167289734,0.10208695381879807,0.6274351477622986,-0.15530890226364136,0.026754872873425484,0.9513225555419922,-0.10154104232788086,0.0863615870475769,0.8316292762756348,-0.1357569545507431,0.12619495391845703,0.7555721402168274,-0.14193612337112427,0.1560470014810562,0.6980876326560974,-0.1424894630908966,0.07284074276685715,0.9928231239318848,-0.11122479289770126,0.13038671016693115,0.898958683013916,-0.13299016654491425,0.16000039875507355,0.8425809741020203,-0.13308238983154297,0.18357516825199127,0.795241117477417,-0.13059228658676147
NO,-0.014739509671926498,1.0884528160095215,8.48342153858539e-7,-0.03137222304940224,0.9807682633399963,-0.010427355766296387,-0.028989482671022415,0.8766708970069885,-0.0320139154791832,-0.008764892816543579,0.798332154750824,-0.05039791017770767,0.015956763178110123,0.7466180920600891,-0.06885216385126114,-0.05444185063242912,0.8716206550598145,-0.08749377727508545,-0.03226136788725853,0.7385428547859192,-0.12843036651611328,-0.012774404138326645,0.6580983400344849,-0.14969491958618164,0.004828803241252899,0.5928235054016113,-0.1620601862668991,-0.019020911306142807,0.9165402054786682,-0.09967170655727386,0.025807969272136688,0.7806906700134277,-0.14126403629779816,0.06615601480007172,0.6954579949378967,-0.15690800547599792,0.0996328592300415,0.6327397227287292,-0.1660882830619812,0.024794306606054306,0.9613436460494995,-0.10847729444503784,0.0843893513083458,0.838431715965271,-0.14407432079315186,0.1238151341676712,0.757286787033081,-0.15269257128238678,0.15173697471618652,0.6962118148803711,-0.155596524477005,0.07132752984762192,1.0025769472122192,-0.11606507748365402,0.13196012377738953,0.9084535837173462,-0.14079564809799194,0.16227662563323975,0.848002016544342,-0.14416800439357758,0.18504761159420013,0.7966681718826294,-0.14416800439357758
NO,0.05937828868627548,0.7450799942016602,-7.414153202489615e-8,0.10859635472297668,0.7575395107269287,-0.0021786540746688843,0.14936645328998566,0.7655657529830933,-0.005832694936543703,0.18247738480567932,0.7505196332931519,-0.009968695230782032,0.20589756965637207,0.7278262376785278,-0.017606278881430626,0.1088845357298851,0.7863101959228516,-0.029468387365341187,0.13154372572898865,0.7627371549606323,-0.036727290600538254,0.14780445396900177,0.727990984916687,-0.041546884924173355,0.16424237191677094,0.6965600252151489,-0.046936966478824615,0.06585141271352768,0.7676700353622437,-0.03776989132165909,0.08171817660331726,0.7389113306999207,-0.048392679542303085,0.10097440332174301,0.6900765299797058,-0.06110067665576935,0.12291382253170013,0.6396777629852295,-0.07557913661003113,0.03020843118429184,0.7420206069946289,-0.04422225058078766,0.04688764363527298,0.7084247469902039,-0.06062854826450348,0.07530879974365234,0.6624081134796143,-0.07656272500753403,0.10367891192436218,0.6187763214111328,-0.09119855612516403,0.0005531758069992065,0.7148502469062805,-0.04906151816248894,-0.003177948296070099,0.6767676472663879,-0.06708090752363205,0.004869960248470306,0.633638858795166,-0.0773889422416687,0.019400037825107574,0.5915601253509521,-0.08781500905752182
NO,-0.011580679565668106,1.0822824239730835,8.71654606271477e-7,-0.031105030328035355,0.9763803482055664,-0.006728307344019413,-0.027257729321718216,0.8752288222312927,-0.027073562145233154,-0.0030003488063812256,0.7996159195899963,-0.04448126628994942,0.02614060416817665,0.7506739497184753,-0.06184316426515579,-0.05145898833870888,0.8628731966018677,-0.08456479758024216,-0.028748411685228348,0.7347102761268616,-0.12542709708213806,-0.007616147398948669,0.6554536819458008,-0.14778225123882294,0.011653948575258255,0.5911935567855835,-0.16097547113895416,-0.016861755400896072,0.9088127613067627,-0.09784962236881256,0.02953118085861206,0.7752282619476318,-0.13935326039791107,0.07025299966335297,0.6915222406387329,-0.1549285650253296,0.10289570689201355,0.6296970844268799,-0.1638156622648239,0.02666882984340191,0.9539642930030823,-0.10728643834590912,0.08846383541822433,0.832543134689331,-0.14081916213035583,0.12821798026561737,0.753452718257904,-0.14714092016220093,0.15679514408111572,0.6947492957115173,-0.14833196997642517,0.07205519825220108,0.9951642751693726,-0.11544056981801987,0.13273432850837708,0.90133136510849,-0.13642144203186035,0.16103079915046692,0.8436117172241211,-0.13642144203186035,0.18211039900779724,0.7948517203330994,-0.13403932750225067
NO,-0.012547668069601059,1.0809139013290405,8.737130201552645e-7,-0.03318522870540619,0.9758821725845337,-0.006400746759027243,-0.02883782982826233,0.8749274015426636,-0.02696847915649414,-0.004670791327953339,0.7991904020309448,-0.04460609331727028,0.023152880370616913,0.7491754293441772,-0.06231197714805603,-0.05128353089094162,0.8661091327667236,-0.08652672171592712,-0.02922859787940979,0.7364346981048584,-0.1279921680688858,-0.008497532457113266,0.6558513641357422,-0.15020418167114258,0.010327039286494255,0.5911594033241272,-0.16313084959983826,-0.015955589711666107,0.9116284847259521,-0.10022716224193573,0.03002663142979145,0.7755741477012634,-0.14255742728710175,0.07107191532850266,0.6902775764465332,-0.15812404453754425,0.1040601059794426,0.6273777484893799,-0.16695423424243927,0.027360593900084496,0.9557331204414368,-0.10987664759159088,0.08757378160953522,0.8336097598075867,-0.14428704977035522,0.12814053893089294,0.7542529702186584,-0.15075036883354187,0.15711456537246704,0.6950720548629761,-0.15202483534812927,0.07221720367670059,0.9962930679321289,-0.1180695965886116,0.13190853595733643,0.9025474190711975,-0.13928024470806122,0.1603512465953827,0.8462969064712524,-0.13891611993312836,0.18109101057052612,0.7994168400764465,-0.13645821809768677
NO,-0.012494895607233047,1.074911117553711,8.83982409050077e-7,-0.03557146340608597,0.9717576503753662,-0.004976123571395874,-0.03262696415185928,0.8747599720954895,-0.02578793093562126,-0.007838822901248932,0.8020626306533813,-0.04352840408682823,0.022068500518798828,0.7550670504570007,-0.06194513291120529,-0.048610664904117584,0.8611457347869873,-0.08719205111265182,-0.026152200996875763,0.7338498830795288,-0.1293003261089325,-0.0060451440513134,0.6534308195114136,-0.1530143916606903,0.01145096868276596,0.5886802673339844,-0.16753137111663818,-0.012458436191082,0.905817985534668,-0.10197953879833221,0.035168614238500595,0.7689163088798523,-0.14363695681095123,0.07558904588222504,0.6849265694618225,-0.15959663689136505,0.10710867494344711,0.6236237287521362,-0.16915439069271088,0.030627842992544174,0.9515419602394104,-0.1126193180680275,0.09031958878040314,0.8254269361495972,-0.14652231335639954,0.12860894203186035,0.745412290096283,-0.1536455601453781,0.15494441986083984,0.6852922439575195,-0.15598991513252258,0.07397222518920898,0.9936071038246155,-0.12145574390888214,0.13337808847427368,0.9025075435638428,-0.1447189748287201,0.16204655170440674,0.8453347086906433,-0.14589114487171173,0.18356285989284515,0.7955776453018188,-0.14453864097595215
NO,-0.010543886572122574,1.0731977224349976,8.52818402563571e-7,-0.033136509358882904,0.969697892665863,-0.00550156319513917,-0.031547434628009796,0.8725443482398987,-0.02573896013200283,-0.009101424366235733,0.799552321434021,-0.043009690940380096,0.01821138896048069,0.7521353960037231,-0.06114952638745308,-0.046726860105991364,0.8646541237831116,-0.08490513265132904,-0.023550167679786682,0.7355719804763794,-0.1259537637233734,-0.0041608139872550964,0.6548205614089966,-0.1494865119457245,0.012496620416641235,0.5897558331489563,-0.1640162318944931,-0.010514922440052032,0.9071691632270813,-0.09921199083328247,0.035574860870838165,0.7693852782249451,-0.13834412395954132,0.07582197338342667,0.6855042576789856,-0.1540326327085495,0.10755212604999542,0.624904453754425,-0.1641053706407547,0.03152203559875488,0.9518847465515137,-0.10946300625801086,0.09005176275968552,0.824792742729187,-0.14190968871116638,0.1282525360584259,0.7456281185150146,-0.15011049807071686,0.15539872646331787,0.6868922710418701,-0.1540326327085495,0.0732956975698471,0.9945034384727478,-0.11810950934886932,0.13112956285476685,0.9065759778022766,-0.14208796620368958,0.15881529450416565,0.8507980108261108,-0.14485128223896027,0.17929883301258087,0.8017323613166809,-0.14494042098522186
NO,-0.0047885701060295105,1.0704275369644165,8.665813879815687e-7,-0.028582442551851273,0.967993974685669,-0.004636160563677549,-0.028421584516763687,0.8714030385017395,-0.024667352437973022,-0.006441645324230194,0.7983200550079346,-0.041965387761592865,0.02108749933540821,0.7520630359649658,-0.06010184809565544,-0.04499344155192375,0.8611591458320618,-0.08340124785900116,-0.02196713164448738,0.7344298362731934,-0.12408693134784698,-0.0027528367936611176,0.6548066735267639,-0.14685679972171783,0.013494271785020828,0.591093897819519,-0.16071286797523499,-0.009789958596229553,0.9038981199264526,-0.09813987463712692,0.037781957536935806,0.7643800973892212,-0.136883944272995,0.07736936211585999,0.6805630326271057,-0.15188735723495483,0.10812945663928986,0.6204711198806763,-0.16115416586399078,0.03188498318195343,0.9493764638900757,-0.10890702903270721,0.09051187336444855,0.8211439847946167,-0.14129671454429626,0.1287786364555359,0.7428604960441589,-0.14879842102527618,0.15556874871253967,0.6845410466194153,-0.15188735723495483,0.07414837926626205,0.992228090763092,-0.11782080680131912,0.13129253685474396,0.9033249020576477,-0.1414732187986374,0.15947094559669495,0.8476637005805969,-0.1435030996799469,0.17939060926437378,0.7995905876159668,-0.14279705286026
NO,-0.005519252270460129,1.0724828243255615,8.689762012181745e-7,-0.03123069927096367,0.972353994846344,-0.0021069892682135105,-0.03051276132464409,0.8763384222984314,-0.02123493142426014,-0.008362796157598495,0.801899254322052,-0.037804778665304184,0.019075380638241768,0.751876175403595,-0.05505678430199623,-0.04503030702471733,0.8622129559516907,-0.08322332054376602,-0.022834036499261856,0.7347994446754456,-0.12384475767612457,-0.003340676426887512,0.6544455289840698,-0.14576183259487152,0.0131023358553648,0.5903100967407227,-0.15878887474536896,-0.010213717818260193,0.9045305252075195,-0.09884695708751678,0.03610017150640488,0.7645958065986633,-0.13907229900360107,0.07594351470470428,0.6804043650627136,-0.1528034806251526,0.10656417906284332,0.6206387281417847,-0.1601971983909607,0.031840115785598755,0.9494033455848694,-0.11028961092233658,0.08981383591890335,0.8216313719749451,-0.14338529109954834,0.1279515027999878,0.7436068058013916,-0.1483144462108612,0.1543707549571991,0.6850736737251282,-0.14893057942390442,0.07482199370861053,0.9914247989654541,-0.11970780044794083,0.13283473253250122,0.9000936150550842,-0.1424170583486557,0.16072112321853638,0.8444188833236694,-0.14215300977230072,0.18001699447631836,0.7958182096481323,-0.1394243836402893
NO,-0.004745792597532272,1.0726101398468018,8.522631560481386e-7,-0.028424721211194992,0.9717962741851807,-0.00293255178257823,-0.0280899740755558,0.8762858510017395,-0.02196788229048252,-0.006860502064228058,0.8022168874740601,-0.03816463053226471,0.02005576342344284,0.7542078495025635,-0.05501367524266243,-0.04331747069954872,0.8633524179458618,-0.08367031067609787,-0.025735635310411453,0.7337182760238647,-0.12426722794771194,-0.01058155670762062,0.6520974040031433,-0.14708639681339264,0.0023203156888484955,0.5876262187957764,-0.1608840525150299,-0.0073741041123867035,0.9037723541259766,-0.09808708727359772,0.035478390753269196,0.7620394229888916,-0.13700351119041443,0.07378753274679184,0.6769720315933228,-0.151331827044487,0.10361298173666,0.6170778274536133,-0.15955735743045807,0.03469504415988922,0.9464580416679382,-0.10816998034715652,0.08895193785429001,0.8175870180130005,-0.13983380794525146,0.12581701576709747,0.7390753030776978,-0.1457597017288208,0.15087942779064178,0.6820638179779053,-0.14752864837646484,0.0767219141125679,0.9866915345191956,-0.1163954958319664,0.13334009051322937,0.8962501287460327,-0.13850709795951843,0.15956033766269684,0.8407130241394043,-0.1391262263059616,0.1777050644159317,0.7929729223251343,-0.13726885616779327
NO,-0.005261436104774475,1.0716320276260376,8.26352447802492e-7,-0.02677837386727333,0.9715791344642639,-0.004526846576482058,-0.02499224618077278,0.8754197359085083,-0.023950982838869095,-0.003466092050075531,0.8026877045631409,-0.040428370237350464,0.023050852119922638,0.7552573084831238,-0.05774848163127899,-0.04182221367955208,0.8629350066184998,-0.08467115461826324,-0.02435864880681038,0.733096718788147,-0.12569831311702728,-0.008707594126462936,0.6518219709396362,-0.1492057591676712,0.004921872168779373,0.5870352983474731,-0.1636650562286377,-0.006643097847700119,0.9032160043716431,-0.09864256531000137,0.03517628088593483,0.7645792365074158,-0.13856086134910583,0.07296042889356613,0.6819125413894653,-0.1545282006263733,0.10209318995475769,0.6220559477806091,-0.1643747091293335,0.03451293334364891,0.9458879232406616,-0.10857778787612915,0.0888909250497818,0.8177036643028259,-0.14193174242973328,0.1255711317062378,0.7398755550384521,-0.1502702385187149,0.1510285884141922,0.6823325753211975,-0.1538185328245163,0.07579362392425537,0.9859089851379395,-0.11647273600101471,0.13311739265918732,0.8959189057350159,-0.1407785564661026,0.16028720140457153,0.8397755026817322,-0.14379459619522095,0.17927096784114838,0.7907291054725647,-0.14370588958263397
NO,-0.007750809192657471,1.070268988609314,8.437822884843627e-7,-0.02921847626566887,0.9701252579689026,-0.006065525580197573,-0.027736451476812363,0.8728424310684204,-0.026520071551203728,-0.006860464811325073,0.7990066409111023,-0.043609801679849625,0.01881605014204979,0.7497338056564331,-0.0616292841732502,-0.04359838739037514,0.8641340136528015,-0.0881936326622963,-0.026935193687677383,0.7343781590461731,-0.13051947951316833,-0.012004166841506958,0.6524124145507812,-0.15478159487247467,0.0012155957520008087,0.5870680809020996,-0.16974617540836334,-0.007355827838182449,0.9038467407226562,-0.10174144059419632,0.03552474081516266,0.7633546590805054,-0.14167650043964386,0.07425900548696518,0.6790560483932495,-0.15770366787910461,0.10447660088539124,0.6186907291412354,-0.1678866744041443,0.0337015837430954,0.9467764496803284,-0.11130461096763611,0.0890413224697113,0.8187668323516846,-0.14477567374706268,0.1259300410747528,0.7400386333465576,-0.15380756556987762,0.15118740499019623,0.6819813251495361,-0.15823495388031006,0.07447703182697296,0.9876279234886169,-0.1189197227358818,0.13120627403259277,0.9002339243888855,-0.1444215029478073,0.15787896513938904,0.8443506956100464,-0.148494690656662,0.17661280930042267,0.795825183391571,-0.14946871995925903
NO,-0.0025049932301044464,1.0675126314163208,8.417147796535573e-7,-0.025281451642513275,0.9682509899139404,-0.0049507031217217445,-0.025052793323993683,0.8718183636665344,-0.02475076913833618,-0.005101621150970459,0.7981948852539062,-0.04151458665728569,0.02036452852189541,0.749758243560791,-0.058980561792850494,-0.04306735098361969,0.8612102270126343,-0.08548670262098312,-0.025530017912387848,0.7321177124977112,-0.12665021419525146,-0.009018819779157639,0.6511322259902954,-0.1496456116437912,0.005789194256067276,0.5865491628646851,-0.16351306438446045,-0.007507026195526123,0.9018930792808533,-0.09917862713336945,0.035981133580207825,0.761448860168457,-0.13849899172782898,0.0751304030418396,0.6776685118675232,-0.15368297696113586,0.10562006384134293,0.6180359721183777,-0.16281092166900635,0.0343504324555397,0.9449310898780823,-0.10874541103839874,0.08963678777217865,0.8189207315444946,-0.1410442739725113,0.12633571028709412,0.741652250289917,-0.148241326212883,0.15131515264511108,0.6854362487792969,-0.1507866084575653,0.07721611857414246,0.9853649139404297,-0.11655682325363159,0.13385498523712158,0.8938326835632324,-0.13946445286273956,0.16079941391944885,0.8377439379692078,-0.14130759239196777,0.17951643466949463,0.7901277542114258,-0.1403421312570572
NO,-0.0051008835434913635,1.0685091018676758,8.472006243209762e-7,-0.02796880155801773,0.9702813029289246,-0.003643228206783533,-0.026861265301704407,0.8745456337928772,-0.02274956740438938,-0.005029346793889999,0.8009364008903503,-0.0393446646630764,0.02268350124359131,0.7530039548873901,-0.05675303190946579,-0.042074598371982574,0.8602840900421143,-0.08242597430944443,-0.022551529109477997,0.7297185659408569,-0.12256192415952682,-0.0060997456312179565,0.6477705240249634,-0.14480595290660858,0.00844869390130043,0.5825924277305603,-0.1583457738161087,-0.0067854709923267365,0.8993229269981384,-0.09706483036279678,0.03438567742705345,0.7608278393745422,-0.13636551797389984,0.07288747280836105,0.6767521500587463,-0.15148794651031494,0.1038627028465271,0.6165028214454651,-0.16054381430149078,0.03490551561117172,0.9416905045509338,-0.10770327597856522,0.08689572662115097,0.8159304857254028,-0.1408495157957077,0.12356320768594742,0.7383959889411926,-0.14858655631542206,0.15023764967918396,0.6811200380325317,-0.15157587826251984,0.07755745947360992,0.9828967452049255,-0.11649537831544876,0.13268202543258667,0.8928596377372742,-0.1410253345966339,0.16049310564994812,0.8361045718193054,-0.1440146565437317,0.18140950798988342,0.7861714363098145,-0.1437508910894394
NO,-0.006358608603477478,1.065636396408081,8.336954806509311e-7,-0.02739422395825386,0.9669627547264099,-0.004924204666167498,-0.02531559392809868,0.8701591491699219,-0.0242388304322958,-0.0030898340046405792,0.7965927720069885,-0.04067869111895561,0.023544343188405037,0.748357355594635,-0.05800480395555496,-0.04162827506661415,0.8586406111717224,-0.0851239338517189,-0.02184145525097847,0.728356659412384,-0.1257583051919937,-0.005717281252145767,0.6463823318481445,-0.1484462171792984,0.008571885526180267,0.5811891555786133,-0.162448912858963,-0.006867226213216782,0.8990698456764221,-0.09925955533981323,0.0344691276550293,0.7608259916305542,-0.13896338641643524,0.0729966089129448,0.6768465042114258,-0.15491580963134766,0.10416210442781448,0.6160814166069031,-0.16501902043819427,0.03399261087179184,0.9423296451568604,-0.10927413403987885,0.08724652975797653,0.8169316649436951,-0.14304010570049286,0.12407572567462921,0.7395710349082947,-0.15216845273971558,0.15042197704315186,0.6826387643814087,-0.1563338041305542,0.07556039839982986,0.9835090637207031,-0.11742760241031647,0.13237793743610382,0.8953539133071899,-0.14330598711967468,0.16127674281597137,0.8387975692749023,-0.14800307154655457,0.18337278068065643,0.7894317507743835,-0.14915519952774048
NO,-0.003616049885749817,1.066569209098816,8.227698913287895e-7,-0.025730781257152557,0.9685059785842896,-0.0050289202481508255,-0.02527608722448349,0.8712528347969055,-0.02429313026368618,-0.004928521811962128,0.7971670627593994,-0.04069429636001587,0.02091130055487156,0.7477847933769226,-0.057889070361852646,-0.04185791313648224,0.8603494167327881,-0.08429847657680511,-0.022716522216796875,0.7298144698143005,-0.12538957595825195,-0.0061308853328228,0.6479747891426086,-0.14866866171360016,0.008518997579813004,0.5827155709266663,-0.16312989592552185,-0.006829749792814255,0.9002361297607422,-0.09814248234033585,0.034224070608615875,0.7626031637191772,-0.1375581920146942,0.07226778566837311,0.6787396669387817,-0.1534302830696106,0.10283011943101883,0.618497908115387,-0.1636589765548706,0.034248724579811096,0.9428223967552185,-0.10810662060976028,0.08806829899549484,0.8171800374984741,-0.14143803715705872,0.1246643140912056,0.7393206357955933,-0.15025587379932404,0.15125679969787598,0.6822336912155151,-0.15431207418441772,0.07562088966369629,0.9835307002067566,-0.11621903628110886,0.1327381581068039,0.8953601121902466,-0.14231981337070465,0.16186892986297607,0.8384888768196106,-0.14708144962787628,0.18390187621116638,0.7886888980865479,-0.1482277661561966
NO,-0.0028397776186466217,1.0674580335617065,8.408641747337242e-7,-0.0252852700650692,0.9700475931167603,-0.0045683602802455425,-0.024867389351129532,0.8733484745025635,-0.02389434166252613,-0.003335006535053253,0.799402117729187,-0.04049253091216087,0.023401005193591118,0.7513207197189331,-0.05792834609746933,-0.040950145572423935,0.8597215414047241,-0.0844237357378006,-0.021135326474905014,0.728431224822998,-0.12529098987579346,-0.004487823694944382,0.6459206938743591,-0.14821544289588928,0.009933993220329285,0.5802401900291443,-0.16241097450256348,-0.0063944011926651,0.8999118208885193,-0.09875152260065079,0.03394569456577301,0.761474609375,-0.13895748555660248,0.07229907810688019,0.6768748760223389,-0.15509279072284698,0.10313074290752411,0.6154565215110779,-0.16505610942840576,0.03481817990541458,0.9426141977310181,-0.10889118909835815,0.08657830208539963,0.8171366453170776,-0.1428370177745819,0.12331429123878479,0.7399028539657593,-0.15138961374759674,0.15010254085063934,0.6831672191619873,-0.154916450381279,0.07714188098907471,0.9836032390594482,-0.1171792596578598,0.13278387486934662,0.8926680684089661,-0.14266067743301392,0.161537304520607,0.8349559903144836,-0.14671653509140015,0.18331114947795868,0.7845197319984436,-0.14724555611610413
NO,-0.002191144973039627,1.0683541297912598,8.316640105476836e-7,-0.023760508745908737,0.9699243903160095,-0.005226252134889364,-0.02428828552365303,0.87315434217453,-0.024788634851574898,-0.0055267587304115295,0.7989126443862915,-0.04172125086188316,0.018768062815070152,0.7491809129714966,-0.05943058803677559,-0.041053999215364456,0.860234260559082,-0.0836644172668457,-0.02238060161471367,0.7280396223068237,-0.124453604221344,-0.006548337638378143,0.6459971070289612,-0.14753343164920807,0.007764190435409546,0.5802730321884155,-0.16182518005371094,-0.0067979879677295685,0.8998855948448181,-0.0977342501282692,0.03284837305545807,0.7632914185523987,-0.13732504844665527,0.07068846374750137,0.6804269552230835,-0.15339218080043793,0.10153783857822418,0.6199571490287781,-0.16368933022022247,0.034022826701402664,0.9422457218170166,-0.10785386711359024,0.08615517616271973,0.816953182220459,-0.1416747123003006,0.1230708658695221,0.7402626872062683,-0.1504627913236618,0.1502707600593567,0.683654248714447,-0.15454615652561188,0.07581198215484619,0.9823135733604431,-0.11628688126802444,0.13219688832759857,0.8938674330711365,-0.1425623893737793,0.1616647094488144,0.8368344902992249,-0.1474446803331375,0.18495257198810577,0.7859866619110107,-0.1486874371767044
NO,-0.003916751593351364,1.0723657608032227,8.326135230163345e-7,-0.0253455713391304,0.9741029739379883,-0.00494840182363987,-0.025792904198169708,0.8761323094367981,-0.024028725922107697,-0.007585301995277405,0.800216555595398,-0.040634848177433014,0.01720857061445713,0.749779224395752,-0.05786509811878204,-0.0421539768576622,0.8627573251724243,-0.0807347372174263,-0.022421158850193024,0.7278125286102295,-0.12045569717884064,-0.005201995372772217,0.6444125175476074,-0.1424783170223236,0.010470647364854813,0.5784700512886047,-0.15585236251354218,-0.0070875585079193115,0.9010396003723145,-0.09468834102153778,0.032866641879081726,0.7637470960617065,-0.13329477608203888,0.06992635875940323,0.6806750297546387,-0.14863036572933197,0.09983740746974945,0.6210394501686096,-0.15808138251304626,0.03445710986852646,0.942543089389801,-0.10485262423753738,0.08644682168960571,0.8160978555679321,-0.13766363263130188,0.1230318620800972,0.7384631037712097,-0.14568808674812317,0.14941444993019104,0.681031346321106,-0.1491653472185135,0.07669134438037872,0.982693076133728,-0.11332286149263382,0.1326233595609665,0.8936055302619934,-0.13855525851249695,0.1618633270263672,0.8363693356513977,-0.1424783170223236,0.18408000469207764,0.7854421138763428,-0.14283496141433716
NO,-0.0038190893828868866,1.0705937147140503,8.450709287899372e-7,-0.025527257472276688,0.9689515829086304,-0.005400702357292175,-0.02481679990887642,0.8725276589393616,-0.025233343243598938,-0.005143150687217712,0.7981200814247131,-0.042393822222948074,0.02081725187599659,0.7484356164932251,-0.06025334447622299,-0.04284236207604408,0.8583861589431763,-0.08316405117511749,-0.022094201296567917,0.7275763154029846,-0.12402448058128357,-0.004941187798976898,0.6458005309104919,-0.14675477147102356,0.010195963084697723,0.5804147720336914,-0.16055533289909363,-0.00770336389541626,0.8974605798721313,-0.09705478698015213,0.03391357138752937,0.7601550817489624,-0.1368328183889389,0.07182689756155014,0.6758304834365845,-0.15243735909461975,0.10259491205215454,0.6151953935623169,-0.1619083136320114,0.03381671383976936,0.9398956298828125,-0.1071571484208107,0.08795449137687683,0.8145113587379456,-0.1405310034751892,0.1247868686914444,0.7382867336273193,-0.14810776710510254,0.15170404314994812,0.6827173829078674,-0.15099415183067322,0.07547061145305634,0.9811738729476929,-0.11554571241140366,0.13197527825832367,0.8938544988632202,-0.1405310034751892,0.16031891107559204,0.8364338874816895,-0.1440487802028656,0.18237949907779694,0.7864275574684143,-0.14413899183273315
NO,-0.0035686902701854706,1.0722744464874268,8.422468340540945e-7,-0.025882355868816376,0.9723732471466064,-0.004867394454777241,-0.025882162153720856,0.8750115633010864,-0.02423030324280262,-0.006610997021198273,0.8000019192695618,-0.040982674807310104,0.01903402805328369,0.7503320574760437,-0.058341365307569504,-0.043311670422554016,0.8614322543144226,-0.08236956596374512,-0.022956445813179016,0.7273666858673096,-0.12252135574817657,-0.005941275507211685,0.644839882850647,-0.14479796588420868,0.009281665086746216,0.5788857936859131,-0.158361554145813,-0.007725127041339874,0.9000730514526367,-0.09620261937379837,0.0335615910589695,0.7618716359138489,-0.13536635041236877,0.07082029432058334,0.6775251030921936,-0.15072642266750336,0.10120083391666412,0.6164356470108032,-0.16024787724018097,0.03408370167016983,0.9418250322341919,-0.10617320239543915,0.0877399891614914,0.8150225877761841,-0.13913899660110474,0.12409588694572449,0.7384594678878784,-0.14677411317825317,0.15037158131599426,0.6821625232696533,-0.14982818067073822,0.07615192234516144,0.9814627170562744,-0.11434727907180786,0.13274231553077698,0.8915807008743286,-0.13940846920013428,0.16158802807331085,0.8339772820472717,-0.14309127628803253,0.18420010805130005,0.7832291722297668,-0.14327095448970795
NO,-0.004195675253868103,1.0736021995544434,8.456876798845769e-7,-0.02639871835708618,0.9728078246116638,-0.005330001935362816,-0.02643284946680069,0.8752708435058594,-0.025091661140322685,-0.007187891751527786,0.800152599811554,-0.042210906744003296,0.01909053511917591,0.7502893209457397,-0.05993993580341339,-0.04427973926067352,0.8614877462387085,-0.08293121308088303,-0.02461998164653778,0.7279512286186218,-0.12340309470891953,-0.007941368967294693,0.6456736326217651,-0.1459878534078598,0.0071026720106601715,0.579535722732544,-0.15990006923675537,-0.008130282163619995,0.9000290632247925,-0.0965724065899849,0.03357270732522011,0.7614644169807434,-0.13568919897079468,0.07075607031583786,0.677573561668396,-0.15095649659633636,0.10120179504156113,0.6165139675140381,-0.16044209897518158,0.033846475183963776,0.9414973855018616,-0.10641936212778091,0.08772819489240646,0.8147482872009277,-0.13912208378314972,0.12386360764503479,0.7380179166793823,-0.1466202288866043,0.15047764778137207,0.6816880702972412,-0.14960139989852905,0.07608592510223389,0.9812237620353699,-0.11473055183887482,0.13284118473529816,0.8914076089859009,-0.13948343694210052,0.16146525740623474,0.8341560959815979,-0.14300665259361267,0.1838301420211792,0.7836273312568665,-0.14327767491340637
NO,-0.005627281963825226,1.0737932920455933,8.447569825875689e-7,-0.02693052589893341,0.9723392128944397,-0.005171796772629023,-0.026002928614616394,0.8753412365913391,-0.025123389437794685,-0.005923666059970856,0.800456702709198,-0.04239289462566376,0.020316943526268005,0.7511075735092163,-0.060296136885881424,-0.04402177035808563,0.861505389213562,-0.08415204286575317,-0.024199210107326508,0.7282882332801819,-0.12502847611904144,-0.007702413946390152,0.6460577845573425,-0.14784322679042816,0.007139287889003754,0.5797581672668457,-0.16178558766841888,-0.00811319425702095,0.9003844857215881,-0.09795858711004257,0.033656954765319824,0.7619718313217163,-0.13752226531505585,0.07098560780286789,0.6775684356689453,-0.15309423208236694,0.10139600932598114,0.615894615650177,-0.1627814769744873,0.033916961401700974,0.9418120980262756,-0.1079174131155014,0.08802439272403717,0.8150618672370911,-0.140872061252594,0.12430237978696823,0.738219141960144,-0.14829590916633606,0.1510198712348938,0.6817103028297424,-0.15128354728221893,0.07606425881385803,0.981304943561554,-0.11615607142448425,0.13315974175930023,0.891182005405426,-0.14078152179718018,0.1618938148021698,0.8338491320610046,-0.14431238174438477,0.1843494474887848,0.783244252204895,-0.1444934457540512
NO,-0.005725003778934479,1.0693187713623047,8.526756687388115e-7,-0.027703966945409775,0.9669089317321777,-0.006046988070011139,-0.02664598450064659,0.8704454898834229,-0.026606746017932892,-0.005928225815296173,0.7971304059028625,-0.04430690407752991,0.021440573036670685,0.7492135167121887,-0.0627078264951706,-0.04322068765759468,0.8557546734809875,-0.08531340211629868,-0.023247387260198593,0.726311206817627,-0.12677200138568878,-0.006190180778503418,0.6451230049133301,-0.15028178691864014,0.008784186094999313,0.5797252655029297,-0.16474933922290802,-0.008127573877573013,0.8964986205101013,-0.09910278767347336,0.034664370119571686,0.7596933245658875,-0.13943111896514893,0.07297337800264359,0.6755954623222351,-0.15570712089538574,0.10388535261154175,0.6143331527709961,-0.16574399173259735,0.03334707394242287,0.9400734901428223,-0.10895881056785583,0.08821503818035126,0.8154953718185425,-0.1425054669380188,0.12511681020259857,0.7385488748550415,-0.15055306255817413,0.15142491459846497,0.6819616556167603,-0.1538986712694168,0.07524295151233673,0.9813292622566223,-0.11718723177909851,0.1323411613702774,0.893767237663269,-0.14160124957561493,0.1606714427471161,0.8365814089775085,-0.14485645294189453,0.18180760741233826,0.7866038084030151,-0.1449468731880188
NO,-0.007243700325489044,1.0675697326660156,8.40953305214498e-7,-0.029688917100429535,0.9670320749282837,-0.0052621872164309025,-0.028414562344551086,0.8712754249572754,-0.02524503320455551,-0.0069256797432899475,0.7985208034515381,-0.04247897490859032,0.021000728011131287,0.7509894371032715,-0.060408562421798706,-0.04327589273452759,0.8566544651985168,-0.08419499546289444,-0.022203616797924042,0.725689709186554,-0.12467680871486664,-0.005348976701498032,0.64473956823349,-0.1472066044807434,0.009282838553190231,0.5797975063323975,-0.161029651761055,-0.008044738322496414,0.8967655301094055,-0.09801805019378662,0.03497074544429779,0.7592986226081848,-0.1377817839384079,0.07307162880897522,0.6763521432876587,-0.153220534324646,0.10338111221790314,0.6163539290428162,-0.1626453399658203,0.03337346017360687,0.9393144249916077,-0.1078018993139267,0.08850903809070587,0.8138104677200317,-0.14101314544677734,0.12520389258861542,0.7372906804084778,-0.14864274859428406,0.1513669639825821,0.6812525987625122,-0.15151508152484894,0.07535533607006073,0.9795606732368469,-0.11597007513046265,0.1333875060081482,0.889841616153717,-0.14038482308387756,0.16270336508750916,0.8323410749435425,-0.14370594918727875,0.18487176299095154,0.781985342502594,-0.14379571378231049
NO,-0.007291369140148163,1.068103551864624,8.348204119101865e-7,-0.02887880802154541,0.9676185846328735,-0.005576120223850012,-0.02759861946105957,0.8713168501853943,-0.02541101723909378,-0.007106855511665344,0.7974785566329956,-0.04246344044804573,0.01985662244260311,0.7482930421829224,-0.06011928990483284,-0.04327619820833206,0.8584166765213013,-0.08340714126825333,-0.022816456854343414,0.7266004085540771,-0.12399324029684067,-0.006009262055158615,0.6449140310287476,-0.1465212106704712,0.009009052067995071,0.5797584056854248,-0.16019892692565918,-0.007688581943511963,0.897599995136261,-0.09708482772111893,0.03453797101974487,0.7600411176681519,-0.13668757677078247,0.07237967848777771,0.676516056060791,-0.15233200788497925,0.10310858488082886,0.6167274713516235,-0.1618080586194992,0.03360528498888016,0.9402607083320618,-0.10691847652196884,0.08908203989267349,0.8146293759346008,-0.1400846689939499,0.12546545267105103,0.7374820113182068,-0.1481303572654724,0.15174633264541626,0.6808532476425171,-0.15143804252147675,0.07490748912096024,0.9810142517089844,-0.11505357921123505,0.1325039565563202,0.8939241766929626,-0.13990585505962372,0.16078898310661316,0.8369296193122864,-0.14348173141479492,0.18246443569660187,0.7867493629455566,-0.14357112348079681
NO,-0.006549794226884842,1.0678828954696655,8.385304681723937e-7,-0.028795361518859863,0.9670708179473877,-0.0057922606356441975,-0.027783147990703583,0.8708906769752502,-0.025780582800507545,-0.007335890084505081,0.7972059845924377,-0.042989954352378845,0.019960712641477585,0.7483572363853455,-0.06093592196702957,-0.043557308614254,0.857196569442749,-0.08316748589277267,-0.022194229066371918,0.7267594933509827,-0.12410392612218857,-0.005270808935165405,0.6452271938323975,-0.14722831547260284,0.009553343057632446,0.5800533294677734,-0.16142436861991882,-0.008224885910749435,0.8966256380081177,-0.0968724861741066,0.03474995493888855,0.7595644593238831,-0.1362464725971222,0.07296939939260483,0.6763571500778198,-0.15204963088035583,0.10390282422304153,0.6167380809783936,-0.16196008026599884,0.03308636695146561,0.9395477771759033,-0.1067829430103302,0.08870541304349899,0.8140516877174377,-0.13981780409812927,0.12574392557144165,0.737117350101471,-0.14803189039230347,0.15237021446228027,0.6810232400894165,-0.15160320699214935,0.07440800964832306,0.9807556867599487,-0.11508629471063614,0.1322220265865326,0.8937597274780273,-0.14026421308517456,0.16113965213298798,0.8367379903793335,-0.14428198337554932,0.18344348669052124,0.7866925001144409,-0.14481768012046814
NO,-0.0030100569128990173,1.0680285692214966,8.728304123906128e-7,-0.027102511376142502,0.9686979055404663,-0.005850692745298147,-0.027490470558404922,0.8719878792762756,-0.02636994794011116,-0.007293924689292908,0.7978938221931458,-0.04392760246992111,0.02035505510866642,0.7500575184822083,-0.062065307050943375,-0.044632893055677414,0.8638339638710022,-0.08691819757223129,-0.02250007912516594,0.7305295467376709,-0.12832482159137726,-0.003312390297651291,0.6475849151611328,-0.1509021371603012,0.013466425240039825,0.5820165872573853,-0.1643771380186081,-0.008324917405843735,0.9029830098152161,-0.10030396282672882,0.035785313695669174,0.7593568563461304,-0.14037200808525085,0.07553038746118546,0.6734227538108826,-0.1557210236787796,0.10716360807418823,0.6126810312271118,-0.1651802808046341,0.034266434609889984,0.9430720806121826,-0.1095847636461258,0.08966927230358124,0.8116087317466736,-0.14278143644332886,0.12613947689533234,0.7342476844787598,-0.15054519474506378,0.15206702053546906,0.6787996292114258,-0.15349005162715912,0.07728350907564163,0.9806854724884033,-0.11717002093791962,0.1351543664932251,0.8876733183860779,-0.14171059429645538,0.1645062267780304,0.829934298992157,-0.14519087970256805,0.18615619838237762,0.780015230178833,-0.14528010785579681
NO,0.0024331137537956238,1.072112798690796,8.576773780077929e-7,-0.02488325908780098,0.9727873206138611,-0.0036346628330647945,-0.027201224118471146,0.8769828081130981,-0.022355251014232635,-0.0078258216381073,0.8012563586235046,-0.03838646039366722,0.019067715853452682,0.751088559627533,-0.05466090515255928,-0.04420105740427971,0.8640775680541992,-0.08110687881708145,-0.024979379028081894,0.7317245602607727,-0.12055471539497375,-0.008154314011335373,0.6496827602386475,-0.14204759895801544,0.0066580697894096375,0.5849951505661011,-0.15460722148418427,-0.008079752326011658,0.9022616744041443,-0.0945509821176529,0.03497455269098282,0.759507417678833,-0.13276053965091705,0.07367537915706635,0.6744111776351929,-0.14655844867229462,0.10448145866394043,0.6157320141792297,-0.15434187650680542,0.035281311720609665,0.9412860870361328,-0.10392647981643677,0.09105760604143143,0.8100996613502502,-0.1349717527627945,0.12723152339458466,0.7321845293045044,-0.14045554399490356,0.15287776291370392,0.6769701242446899,-0.1416938155889511,0.07899817824363708,0.9772756099700928,-0.11162146180868149,0.13686585426330566,0.8820609450340271,-0.13320279121398926,0.1644495725631714,0.8248805403709412,-0.13408726453781128,0.1843005269765854,0.7763186097145081,-0.13214141130447388
NO,0.0012416057288646698,1.073905348777771,8.704475931153866e-7,-0.025810830295085907,0.9745776653289795,-0.00336681236512959,-0.028193399310112,0.8777835369110107,-0.022214250639081,-0.009730719029903412,0.8012841939926147,-0.03867919370532036,0.01670954003930092,0.7516108155250549,-0.055255990475416183,-0.04457761347293854,0.8605261445045471,-0.0801323726773262,-0.02759445458650589,0.7300113439559937,-0.11981825530529022,-0.011351358145475388,0.6494092345237732,-0.14192064106464386,0.003153551369905472,0.5852776765823364,-0.1548062562942505,-0.008860759437084198,0.8993642926216125,-0.09413652122020721,0.03422529995441437,0.7601545453071594,-0.13306179642677307,0.07276718318462372,0.6750311851501465,-0.14737914502620697,0.10341310501098633,0.6150243282318115,-0.15543264150619507,0.03461828827857971,0.9384512901306152,-0.10424814373254776,0.09078601002693176,0.8108684420585632,-0.1357463002204895,0.12755171954631805,0.7330824732780457,-0.14111530780792236,0.1531030833721161,0.6772714257240295,-0.14192064106464386,0.07864542305469513,0.9742354154586792,-0.11274906247854233,0.1375778168439865,0.8781635165214539,-0.133956640958786,0.16566607356071472,0.8214514255523682,-0.13431455194950104,0.18614616990089417,0.7730869650840759,-0.13198798894882202
NO,-0.0019208639860153198,1.0766417980194092,8.704666356607049e-7,-0.028024133294820786,0.9771666526794434,-0.0026684231124818325,-0.028447996824979782,0.8813531994819641,-0.021200472488999367,-0.007480055093765259,0.8059837818145752,-0.03731554374098778,0.021533960476517677,0.7569993138313293,-0.05343061313033104,-0.045192938297986984,0.8611025214195251,-0.07906103879213333,-0.026421193033456802,0.7294886708259583,-0.11852375417947769,-0.008610796183347702,0.6485845446586609,-0.14022144675254822,0.007515169680118561,0.5843427181243896,-0.15278804302215576,-0.008725307881832123,0.9001968502998352,-0.09311933815479279,0.03510453179478645,0.7589626908302307,-0.13163277506828308,0.07413773238658905,0.6732016801834106,-0.14573629200458527,0.10520565509796143,0.6123552322387695,-0.15360170602798462,0.03443741425871849,0.939893901348114,-0.10306412726640701,0.09097970277070999,0.8101633191108704,-0.134254589676857,0.1276390254497528,0.7325227856636047,-0.13940779864788055,0.153725728392601,0.676728367805481,-0.14013104140758514,0.07830425351858139,0.9760540127754211,-0.111471988260746,0.13715320825576782,0.8801424503326416,-0.1319040060043335,0.16467909514904022,0.8241317272186279,-0.13163277506828308,0.18447135388851166,0.7763006091117859,-0.1288301646709442
NO,-0.001660369336605072,1.077561616897583,8.636578741061385e-7,-0.027055304497480392,0.9766046404838562,-0.005532568786293268,-0.02695125713944435,0.8799669742584229,-0.025704815983772278,-0.0053986795246601105,0.803801417350769,-0.042666807770729065,0.023922597989439964,0.7540654540061951,-0.059651561081409454,-0.04482491686940193,0.8670871257781982,-0.08628986030817032,-0.02422236278653145,0.733224630355835,-0.1269530951976776,-0.00739254429936409,0.6501095294952393,-0.14908339083194733,0.007323477417230606,0.5845539569854736,-0.16183334589004517,-0.007819786667823792,0.9060030579566956,-0.09853892028331757,0.03628459572792053,0.762952983379364,-0.13760842382907867,0.07471621036529541,0.6755120754241943,-0.1516333818435669,0.10560830682516098,0.6146122813224792,-0.1600119173526764,0.035994820296764374,0.9434001445770264,-0.10646210610866547,0.0935482382774353,0.8115145564079285,-0.13769949972629547,0.12915661931037903,0.7322885990142822,-0.142981618642807,0.15467961132526398,0.6773051023483276,-0.1440744698047638,0.0801219493150711,0.9765035510063171,-0.11301922798156738,0.14067433774471283,0.8775161504745483,-0.13432985544204712,0.16985872387886047,0.8180656433105469,-0.1353316456079483,0.19173724949359894,0.7681314945220947,-0.13369236886501312
NO,0.0003966018557548523,1.0741517543792725,8.720892310520867e-7,-0.024895377457141876,0.9739399552345276,-0.006399266887456179,-0.02450290322303772,0.8775556087493896,-0.02695140801370144,-0.002900637686252594,0.8019725680351257,-0.044083837419748306,0.026195945218205452,0.7534121870994568,-0.06139684468507767,-0.04282447695732117,0.8677996397018433,-0.08735506981611252,-0.02271924912929535,0.7344658374786377,-0.12821105122566223,-0.0059615932404994965,0.6504330635070801,-0.1506931334733963,0.008953854441642761,0.5845539569854736,-0.16387538611888885,-0.006558552384376526,0.9062167406082153,-0.09940871596336365,0.03600926324725151,0.7639456987380981,-0.13904578983783722,0.07436606287956238,0.6767011880874634,-0.15421442687511444,0.10487207770347595,0.6155964136123657,-0.16351424157619476,0.036612506955862045,0.9433519244194031,-0.10726390033960342,0.09263302385807037,0.8126031160354614,-0.13931666314601898,0.1287175416946411,0.732498049736023,-0.14626894891262054,0.1550082564353943,0.6760685443878174,-0.14879705011844635,0.07996752858161926,0.9764312505722046,-0.11367445439100266,0.1397937834262848,0.8809698820114136,-0.1359759420156479,0.16949710249900818,0.8223594427108765,-0.13832348585128784,0.19134488701820374,0.7729767560958862,-0.13787202537059784
NO,-0.00229514017701149,1.0725499391555786,8.82475887920009e-7,-0.02737392857670784,0.9727120995521545,-0.005015356000512838,-0.026330646127462387,0.8777099847793579,-0.0253301952034235,-0.004112351685762405,0.8028481602668762,-0.0423729382455349,0.025639662519097328,0.7545883655548096,-0.05966074392199516,-0.043073344975709915,0.867028534412384,-0.08701824396848679,-0.02302377298474312,0.7361570000648499,-0.12787626683712006,-0.006612192839384079,0.6535295248031616,-0.15024349093437195,0.00806756317615509,0.5886452198028564,-0.16325388848781586,-0.0069139264523983,0.9055582284927368,-0.09971676021814346,0.03670254349708557,0.7615879774093628,-0.139104425907135,0.07605058699846268,0.6731268167495728,-0.15362975001335144,0.10739412903785706,0.6117931604385376,-0.16236275434494019,0.03620229661464691,0.9429425001144409,-0.10800420492887497,0.09276822954416275,0.8115756511688232,-0.13963910937309265,0.1293814331293106,0.7315423488616943,-0.1459660828113556,0.15560603141784668,0.6753909587860107,-0.14792655408382416,0.0800492912530899,0.9762907028198242,-0.11459852755069733,0.13969577848911285,0.8797632455825806,-0.13625283539295197,0.168980672955513,0.8210644721984863,-0.1378568559885025,0.19057127833366394,0.7719237208366394,-0.13660928606987
NO,-0.0013015493750572205,1.0722938776016235,8.761701906223607e-7,-0.026432298123836517,0.9726318717002869,-0.00624114042147994,-0.025964640080928802,0.8768882751464844,-0.026573047041893005,-0.004830092191696167,0.8017644882202148,-0.043539248406887054,0.024094926193356514,0.7531086206436157,-0.06068173050880432,-0.04347028583288193,0.8678322434425354,-0.08474289625883102,-0.024834632873535156,0.7376794815063477,-0.12621094286441803,-0.008339300751686096,0.6552687287330627,-0.14974330365657806,0.0067611560225486755,0.5901564359664917,-0.16349253058433533,-0.006981659680604935,0.9062109589576721,-0.09659720212221146,0.03626595810055733,0.7636444568634033,-0.13537710905075073,0.07566672563552856,0.6762070655822754,-0.15071280300617218,0.10733149945735931,0.6146314144134521,-0.1600552201271057,0.03668403625488281,0.9436177611351013,-0.10452946275472641,0.0924040824174881,0.8127062320709229,-0.13572965562343597,0.12939178943634033,0.7325835227966309,-0.142604261636734,0.1557825803756714,0.6760120987892151,-0.1450720727443695,0.08042600750923157,0.9772607684135437,-0.11087525635957718,0.13929203152656555,0.8816106915473938,-0.13282115757465363,0.16846850514411926,0.8229793310165405,-0.13484828174114227,0.19046281278133392,0.773219108581543,-0.13387879729270935
NO,0.005182124674320221,1.0717997550964355,8.990215860649187e-7,-0.024093028157949448,0.973012387752533,-0.006158342119306326,-0.02660723403096199,0.8774206638336182,-0.025993358343839645,-0.0069088079035282135,0.8007572889328003,-0.04266420379281044,0.020886477082967758,0.7520356774330139,-0.059400856494903564,-0.04292301461100578,0.8704202175140381,-0.083266481757164,-0.02417219802737236,0.7411726713180542,-0.12345200031995773,-0.006858736276626587,0.6586155891418457,-0.14538732171058655,0.00949190929532051,0.5949661731719971,-0.15758337080478668,-0.005425814539194107,0.9063172340393066,-0.09484834223985672,0.03824567794799805,0.7616146802902222,-0.13266482949256897,0.07788761705160141,0.6728866100311279,-0.14661569893360138,0.11005113273859024,0.6127472519874573,-0.15460015833377838,0.039508234709501266,0.9419053792953491,-0.10248182713985443,0.09477231651544571,0.8124521970748901,-0.1328403204679489,0.131120502948761,0.7330372929573059,-0.13871899247169495,0.15708774328231812,0.6782116293907166,-0.14012283086776733,0.0844951793551445,0.9737458825111389,-0.10871145874261856,0.14267265796661377,0.878817081451416,-0.12915518879890442,0.17083251476287842,0.8216531276702881,-0.13003259897232056,0.191081240773201,0.7745558619499207,-0.1281900256872177
NO,0.0037602782249450684,1.0713379383087158,9.09915854663268e-7,-0.025146689265966415,0.9758241772651672,-0.0036672090645879507,-0.026664692908525467,0.8810860514640808,-0.02272636629641056,-0.005398508161306381,0.8056021928787231,-0.03879793360829353,0.02327588014304638,0.7567703723907471,-0.054804250597953796,-0.04246360436081886,0.86991947889328,-0.08329376578330994,-0.024560321122407913,0.7413579225540161,-0.12309208512306213,-0.005887318402528763,0.6590480804443359,-0.14457882940769196,0.0117204450070858,0.596186637878418,-0.15632259845733643,-0.006314937025308609,0.9070804119110107,-0.09577696025371552,0.03615310788154602,0.7628161907196045,-0.13405293226242065,0.07550743967294693,0.6731683015823364,-0.1475365310907364,0.10720965266227722,0.6129826307296753,-0.1548437625169754,0.03812508285045624,0.9427182674407959,-0.10404108464717865,0.09453627467155457,0.8114692568778992,-0.13405293226242065,0.1318219155073166,0.7302015423774719,-0.1390984058380127,0.157605841755867,0.6741995811462402,-0.13970734179019928,0.0830245316028595,0.9738479256629944,-0.11056540161371231,0.143159881234169,0.8761085271835327,-0.12987737357616425,0.1716228425502777,0.8179944753646851,-0.12970340251922607,0.19141140580177307,0.7699974179267883,-0.1270066648721695
NO,0.004720453172922134,1.0706613063812256,9.109576808441489e-7,-0.023591522127389908,0.9747894406318665,-0.0037882281467318535,-0.024550598114728928,0.880635142326355,-0.022908339276909828,-0.0031407251954078674,0.805881142616272,-0.039135079830884933,0.026136713102459908,0.7584587335586548,-0.05523166060447693,-0.0421396903693676,0.8708391189575195,-0.08239192515611649,-0.024044420570135117,0.7422037124633789,-0.12165717035531998,-0.0057736411690711975,0.6601152420043945,-0.14230938255786896,0.011354971677064896,0.5974644422531128,-0.15350323915481567,-0.006108496338129044,0.9079805016517639,-0.09493077546358109,0.03635457903146744,0.7625845074653625,-0.1328510195016861,0.07579946517944336,0.672451913356781,-0.1460406631231308,0.10778026282787323,0.6119495630264282,-0.1530693620443344,0.03844980150461197,0.943086564540863,-0.10308752954006195,0.09410049021244049,0.8113914728164673,-0.1331981122493744,0.1313304752111435,0.7300763130187988,-0.13814422488212585,0.15809425711631775,0.6738740801811218,-0.13849133253097534,0.08360592275857925,0.9733177423477173,-0.1096823513507843,0.1428574025630951,0.8756301999092102,-0.1289461851119995,0.17149345576763153,0.8178749084472656,-0.12859909236431122,0.19227460026741028,0.7702591419219971,-0.12564878165721893
NO,0.00402301549911499,1.0701359510421753,9.065052495316195e-7,-0.024773646146059036,0.9745444059371948,-0.0037157456390559673,-0.025939512997865677,0.8798463940620422,-0.022661728784441948,-0.004286900162696838,0.8049789667129517,-0.038691285997629166,0.024795351549983025,0.7576838731765747,-0.05478564277291298,-0.04225935414433479,0.8701190948486328,-0.08248091489076614,-0.02508409693837166,0.7424500584602356,-0.12210113555192947,-0.007000375539064407,0.6604359149932861,-0.14344505965709686,0.010166868567466736,0.5976366400718689,-0.1552836000919342,-0.006058536469936371,0.906978189945221,-0.09522678703069687,0.03616156056523323,0.7628905773162842,-0.1334211826324463,0.07519961893558502,0.6735315322875977,-0.14733363687992096,0.10634677112102509,0.6129653453826904,-0.1549379527568817,0.038377825170755386,0.94231778383255,-0.10360881686210632,0.09417840093374252,0.8111739158630371,-0.13411249220371246,0.13167276978492737,0.7292612791061401,-0.13990214467048645,0.15829503536224365,0.6722193956375122,-0.14102551341056824,0.08326853811740875,0.9731788039207458,-0.11043541878461838,0.14333514869213104,0.8752665519714355,-0.1303967386484146,0.1723712533712387,0.8167023062705994,-0.13082881271839142,0.19279512763023376,0.7681946158409119,-0.12858207523822784
NO,0.004854030907154083,1.0683681964874268,9.180384381579643e-7,-0.024909432977437973,0.9744027256965637,-0.005823594052344561,-0.02581152692437172,0.879947304725647,-0.02529842220246792,-0.002513434737920761,0.8054946064949036,-0.041244618594646454,0.02818111516535282,0.7578540444374084,-0.057061515748500824,-0.04095723107457161,0.869843065738678,-0.08468722552061081,-0.021846402436494827,0.7410252094268799,-0.12506988644599915,-0.0011777915060520172,0.6580486297607422,-0.14679118990898132,0.018669430166482925,0.5949535369873047,-0.15868619084358215,-0.0030197352170944214,0.9050483107566833,-0.09593576192855835,0.03882919251918793,0.7607952356338501,-0.13480998575687408,0.07740246504545212,0.6709131002426147,-0.1494632512331009,0.10833346843719482,0.6083716154098511,-0.15782423317432404,0.04175369814038277,0.9387360215187073,-0.10300379991531372,0.09579913318157196,0.8092671036720276,-0.134206622838974,0.13273568451404572,0.7282809019088745,-0.14136086404323578,0.15895770490169525,0.6711715459823608,-0.14342956244945526,0.08658631891012192,0.9679959416389465,-0.10852032154798508,0.1455368846654892,0.8709005117416382,-0.1291210800409317,0.17392931878566742,0.8129569292068481,-0.13101738691329956,0.19450566172599792,0.764724612236023,-0.12998303771018982
NO,0.005462877452373505,1.068107008934021,9.144869750343787e-7,-0.024822447448968887,0.9735259413719177,-0.00554068386554718,-0.026273157447576523,0.8801367878913879,-0.025150727480649948,-0.004836060106754303,0.8056022524833679,-0.041101016104221344,0.02500741183757782,0.7567692995071411,-0.05709430202841759,-0.04031075909733772,0.8695055842399597,-0.0844806507229805,-0.020284052938222885,0.7392308712005615,-0.1245068609714508,-0.0002704598009586334,0.6561594009399414,-0.14591720700263977,0.018008098006248474,0.5928562879562378,-0.15752524137496948,-0.0019348450005054474,0.9045880436897278,-0.09544378519058228,0.042025331407785416,0.7587522864341736,-0.13284742832183838,0.08056022226810455,0.6700327396392822,-0.14643312990665436,0.11076070368289948,0.6087324619293213,-0.15417180955410004,0.0423218198120594,0.9385420680046082,-0.10223663598299026,0.09683050960302353,0.8094484210014343,-0.1317296326160431,0.13323016464710236,0.7298715114593506,-0.1374906450510025,0.15978515148162842,0.6741874814033508,-0.13886640965938568,0.08646120876073837,0.96938157081604,-0.10748174041509628,0.14361339807510376,0.8739056587219238,-0.12700043618679047,0.17125722765922546,0.8178732395172119,-0.12786027789115906,0.19126977026462555,0.7713514566421509,-0.126054584980011
NO,0.005339525640010834,1.0675246715545654,9.303305432695197e-7,-0.025089554488658905,0.9720932245254517,-0.0055054486729204655,-0.026533551514148712,0.8786705136299133,-0.025281883776187897,-0.0045905448496341705,0.8045859336853027,-0.04143119603395462,0.025632869452238083,0.7567138075828552,-0.057645283639431,-0.041195303201675415,0.8672556281089783,-0.08562590926885605,-0.019613854587078094,0.7373063564300537,-0.12582647800445557,0.0007573813199996948,0.6541926860809326,-0.14715740084648132,0.019203882664442062,0.590523898601532,-0.15881599485874176,-0.002795431762933731,0.903888463973999,-0.0966368168592453,0.04254400357604027,0.7576547861099243,-0.1345488280057907,0.08188629150390625,0.6674183011054993,-0.1484527885913849,0.11309511959552765,0.6047268509864807,-0.15648429095745087,0.04189988970756531,0.9386406540870667,-0.10337289422750473,0.09640893340110779,0.8087863922119141,-0.1331670880317688,0.13282173871994019,0.7293441891670227,-0.1390395611524582,0.15932175517082214,0.6741491556167603,-0.14033496379852295,0.08657339215278625,0.9689674973487854,-0.10846813768148422,0.14435133337974548,0.872103750705719,-0.12789911031723022,0.1721915304660797,0.8157157897949219,-0.12859000265598297,0.19291850924491882,0.7691923379898071,-0.12660372257232666
NO,0.0036566033959388733,1.0681630373001099,9.090576895687263e-7,-0.026969294995069504,0.9728912711143494,-0.004737029317766428,-0.027272295206785202,0.8784285187721252,-0.02402118407189846,-0.0038497596979141235,0.8039551973342896,-0.03978237137198448,0.02812565490603447,0.7557371854782104,-0.05567364767193794,-0.04180539771914482,0.8659372329711914,-0.08502804487943649,-0.019628766924142838,0.7359734773635864,-0.12487546354532242,0.0014958009123802185,0.6526782512664795,-0.14629507064819336,0.021047858521342278,0.5891326665878296,-0.15800213813781738,-0.004186037927865982,0.9032802581787109,-0.09625817090272903,0.03924128785729408,0.7592082023620605,-0.13398095965385437,0.07848138362169266,0.670271635055542,-0.14785601198673248,0.10952779650688171,0.6092438697814941,-0.15592089295387268,0.04057163745164871,0.9384485483169556,-0.1030222550034523,0.09662186354398727,0.807744562625885,-0.13268017768859863,0.13342325389385223,0.7273182272911072,-0.13883723318576813,0.16008205711841583,0.6712338924407959,-0.14039817452430725,0.08528322726488113,0.9689885377883911,-0.10813868045806885,0.1450035572052002,0.8710005879402161,-0.12791062891483307,0.17385336756706238,0.8141120672225952,-0.1290379762649536,0.19473707675933838,0.7664971351623535,-0.1273036003112793
NO,0.010186225175857544,1.0686317682266235,8.90011733645224e-7,-0.02177530899643898,0.9738783836364746,-0.004002408590167761,-0.02427646890282631,0.8788830041885376,-0.022886473685503006,-0.0027675367891788483,0.8026224374771118,-0.03849286958575249,0.027272237464785576,0.7533669471740723,-0.054230041801929474,-0.039946746081113815,0.8666816353797913,-0.08478893339633942,-0.019071880728006363,0.734968900680542,-0.12424085289239883,0.0016143955290317535,0.6514992713928223,-0.14490406215190887,0.020952237769961357,0.5884153842926025,-0.15597675740718842,-0.002305213361978531,0.90296471118927,-0.09616677463054657,0.0402677096426487,0.7573626041412354,-0.13400574028491974,0.0792132169008255,0.6690729856491089,-0.14725810289382935,0.11000365018844604,0.6098059415817261,-0.15458178520202637,0.043349578976631165,0.936863899230957,-0.10314170271158218,0.09760654717683792,0.8052124381065369,-0.1329595148563385,0.13378947973251343,0.7253894805908203,-0.13862663507461548,0.15970344841480255,0.6702573299407959,-0.1397600620985031,0.08938480913639069,0.9658965468406677,-0.10837289690971375,0.14783647656440735,0.8648845553398132,-0.12816424667835236,0.17678850889205933,0.808809757232666,-0.12903611361980438,0.198019877076149,0.7631072402000427,-0.12711800634860992
NO,0.0094342902302742,1.0745073556900024,9.253669759345939e-7,-0.02672708034515381,0.9796605706214905,-0.0005935213412158191,-0.0315428152680397,0.8854351043701172,-0.01803755946457386,-0.009181089699268341,0.808468759059906,-0.03278159350156784,0.022286415100097656,0.7573690414428711,-0.047470733523368835,-0.04430898278951645,0.8663718700408936,-0.07983513921499252,-0.024591989815235138,0.7363024950027466,-0.11856704205274582,-0.003808528184890747,0.6544364094734192,-0.13876734673976898,0.01581048220396042,0.5921146869659424,-0.14948229491710663,-0.0062093064188957214,0.9025249481201172,-0.09274577349424362,0.03795794025063515,0.7554235458374023,-0.12998460233211517,0.07889125496149063,0.6665971279144287,-0.14201697707176208,0.11213988065719604,0.6079646348953247,-0.1480770707130432,0.03913659229874611,0.9373012781143188,-0.10117720812559128,0.09586977958679199,0.8060891628265381,-0.13042373955249786,0.1326545625925064,0.7275053262710571,-0.13411249220371246,0.15834420919418335,0.6742331981658936,-0.1334977000951767,0.08466702699661255,0.968296468257904,-0.10776427388191223,0.14407899975776672,0.8683724403381348,-0.1263836771249771,0.17242790758609772,0.8125457167625427,-0.12532976269721985,0.1923685073852539,0.7664992213249207,-0.12164100259542465
NO,0.006590843200683594,1.0739176273345947,9.353572636427998e-7,-0.02942594513297081,0.9775938987731934,-0.002869234886020422,-0.034558024257421494,0.8814576268196106,-0.021425850689411163,-0.012893103063106537,0.8025559782981873,-0.036784201860427856,0.018259935081005096,0.7506334781646729,-0.05210909619927406,-0.04708889499306679,0.8648675084114075,-0.08208967745304108,-0.02670196071267128,0.7342680096626282,-0.12143918126821518,-0.005211729556322098,0.6531896591186523,-0.1427646428346634,0.014736901968717575,0.5904703140258789,-0.1547211855649948,-0.007264424115419388,0.9013015031814575,-0.09395698457956314,0.03734680637717247,0.7576732635498047,-0.13054043054580688,0.07774253189563751,0.6706427335739136,-0.1424969583749771,0.11022208631038666,0.6102033257484436,-0.14945673942565918,0.03831937909126282,0.9361478686332703,-0.10180903971195221,0.0952032059431076,0.8058921694755554,-0.13089732825756073,0.13104312121868134,0.7264993190765381,-0.13535873591899872,0.1569747030735016,0.6703444719314575,-0.1360725611448288,0.08382248878479004,0.9664112329483032,-0.10787653923034668,0.14339056611061096,0.8660199642181396,-0.12768512964248657,0.1725667119026184,0.8109337091445923,-0.12813127040863037,0.19443146884441376,0.7649311423301697,-0.12598979473114014
NO,0.008005119860172272,1.0761935710906982,9.264082336812862e-7,-0.028180178254842758,0.9790993332862854,-0.002255473518744111,-0.033360060304403305,0.882847249507904,-0.02027127705514431,-0.011108528822660446,0.8038215637207031,-0.03512493893504143,0.021034298464655876,0.7523200511932373,-0.049743540585041046,-0.04742443189024925,0.8673698902130127,-0.08135375380516052,-0.02542823925614357,0.7346429228782654,-0.12088889628648758,-0.0023222900927066803,0.6514781713485718,-0.14264889061450958,0.01885771006345749,0.587605893611908,-0.15464824438095093,-0.0073808468878269196,0.9039051532745361,-0.09321876615285873,0.03742510825395584,0.7580971717834473,-0.1295749843120575,0.07818172127008438,0.670185923576355,-0.14193251729011536,0.1112179160118103,0.6090710163116455,-0.14918585121631622,0.03867277875542641,0.9379464983940125,-0.10091984272003174,0.09574970602989197,0.8066932559013367,-0.12939588725566864,0.13091933727264404,0.7271710634231567,-0.13369417190551758,0.15710406005382538,0.6708642840385437,-0.13423144817352295,0.08494208008050919,0.9669708013534546,-0.10682997107505798,0.1442904770374298,0.865365207195282,-0.1257244497537613,0.17290732264518738,0.810859203338623,-0.1254557967185974,0.19496607780456543,0.7652499079704285,-0.1228589415550232
NO,0.007414828985929489,1.0721807479858398,9.531834734843869e-7,-0.030850570648908615,0.9728955030441284,-0.0030963688623160124,-0.03762556239962578,0.8758795261383057,-0.021843474358320236,-0.016723889857530594,0.7950119376182556,-0.03713390603661537,0.013311527669429779,0.7412499189376831,-0.05219915136694908,-0.04893011972308159,0.8614525198936462,-0.08399604260921478,-0.02514878287911415,0.7279935479164124,-0.12385476380586624,-0.002174273133277893,0.6458638310432434,-0.14529289305210114,0.0183731559664011,0.5822470188140869,-0.15691272914409637,-0.007758907973766327,0.8994457721710205,-0.09548076242208481,0.039611637592315674,0.7546960115432739,-0.13169139623641968,0.0802152082324028,0.6664745807647705,-0.1429509073495865,0.1127077043056488,0.6054044961929321,-0.1497066169977188,0.03902169689536095,0.9350923895835876,-0.10268685221672058,0.09688301384449005,0.8054655194282532,-0.1309707760810852,0.13164392113685608,0.7257118225097656,-0.1347539722919464,0.1569991558790207,0.6696223020553589,-0.13502420485019684,0.08518338203430176,0.9648361206054688,-0.10809142887592316,0.14447076618671417,0.8638015985488892,-0.12664711475372314,0.17276108264923096,0.8081628084182739,-0.12610666453838348,0.1945919543504715,0.7623360753059387,-0.12322422862052917
NO,0.007890094071626663,1.0753834247589111,9.483104577157064e-7,-0.03132171928882599,0.9750404953956604,-0.002646696986630559,-0.039342112839221954,0.8759361505508423,-0.021423079073429108,-0.019195102155208588,0.7932896614074707,-0.037130311131477356,0.01161857321858406,0.7383318543434143,-0.05266742780804634,-0.04960557073354721,0.8643453121185303,-0.08206319808959961,-0.026604175567626953,0.7312743663787842,-0.1221194863319397,-0.0022402554750442505,0.6484214663505554,-0.1435312181711197,0.01982327550649643,0.5843839645385742,-0.1551443636417389,-0.008434951305389404,0.9011549353599548,-0.09408462047576904,0.04031749069690704,0.7541308403015137,-0.12919624149799347,0.0813637375831604,0.6644449234008789,-0.14026503264904022,0.11411914229393005,0.6026926040649414,-0.14706958830356598,0.03853195160627365,0.9355887770652771,-0.10197792947292328,0.0974971130490303,0.8050285577774048,-0.12964987754821777,0.13209019601345062,0.7259860038757324,-0.13300679624080658,0.15713632106781006,0.6700910925865173,-0.13318826258182526,0.08554957807064056,0.9651495218276978,-0.10823814570903778,0.1453651636838913,0.8636645078659058,-0.12665587663650513,0.1739829033613205,0.8086276054382324,-0.12583930790424347,0.1954323947429657,0.762583315372467,-0.12293602526187897
NO,0.006775248795747757,1.0733686685562134,9.545476586936275e-7,-0.032734792679548264,0.9732998013496399,-0.003331013722345233,-0.04041433706879616,0.8744588494300842,-0.022221891209483147,-0.02011996880173683,0.7916595935821533,-0.03781580179929733,0.010425537824630737,0.7365501523017883,-0.0531146302819252,-0.05028689280152321,0.8615269660949707,-0.08284974843263626,-0.027463238686323166,0.7294158935546875,-0.12248142808675766,-0.003886830061674118,0.6473872661590576,-0.14327330887317657,0.017644934356212616,0.5842843651771545,-0.15425941348075867,-0.008495122194290161,0.8990657925605774,-0.09433522075414658,0.04035783186554909,0.7532702684402466,-0.12974496185779572,0.08084619045257568,0.6638098359107971,-0.14045868813991547,0.11303278803825378,0.6022141575813293,-0.1468142867088318,0.03852277249097824,0.9344494342803955,-0.10178034007549286,0.09776625782251358,0.8042365908622742,-0.13010814785957336,0.1326024979352951,0.7256704568862915,-0.13346754014492035,0.15771716833114624,0.670310378074646,-0.13337674736976624,0.08522646129131317,0.9644224047660828,-0.1075911819934845,0.14490564167499542,0.8633841872215271,-0.12593160569667816,0.17328596115112305,0.8086022734642029,-0.12493287771940231,0.19401487708091736,0.7635550498962402,-0.12175507843494415
NO,0.008328750729560852,1.0744717121124268,9.524831625640218e-7,-0.030749451369047165,0.9745194911956787,-0.002633992349728942,-0.038202013820409775,0.87572181224823,-0.021570952609181404,-0.017799418419599533,0.7930182218551636,-0.03740325942635536,0.013121586292982101,0.7378240823745728,-0.052940696477890015,-0.04949623718857765,0.8640891313552856,-0.08279072493314743,-0.026434708386659622,0.7305934429168701,-0.1226663589477539,-0.002103865146636963,0.6477214097976685,-0.1438063532114029,0.020261280238628387,0.5841068625450134,-0.1549660861492157,-0.008567798882722855,0.9012958407402039,-0.09481239318847656,0.04051297530531883,0.753594696521759,-0.13028764724731445,0.0813639760017395,0.6637054085731506,-0.14126591384410858,0.11413344740867615,0.6024093627929688,-0.1477077156305313,0.038429372012615204,0.935888946056366,-0.102615125477314,0.0978587344288826,0.8044317364692688,-0.13028764724731445,0.13302864134311676,0.7256655693054199,-0.1331002563238144,0.15812945365905762,0.6707138419151306,-0.13282807171344757,0.08557353913784027,0.9650110006332397,-0.10887547582387924,0.14518950879573822,0.863308846950531,-0.12647700309753418,0.1732388287782669,0.8087171316146851,-0.12484387308359146,0.1941695660352707,0.7637007236480713,-0.12121468782424927
NO,0.013830404728651047,1.0741522312164307,9.783415180208976e-7,-0.02775932475924492,0.9742524027824402,-0.0032954474445432425,-0.0370376892387867,0.8743389844894409,-0.022109558805823326,-0.017470579594373703,0.7897732257843018,-0.03795720264315605,0.012545399367809296,0.7324162721633911,-0.05336242541670799,-0.050808247178792953,0.8624687194824219,-0.0809965431690216,-0.027697976678609848,0.7303632497787476,-0.12060997635126114,-0.004245460033416748,0.6467459797859192,-0.1413922756910324,0.01754891872406006,0.5823968648910522,-0.15219180285930634,-0.009106125682592392,0.8991878628730774,-0.09265822917222977,0.03846542537212372,0.752707839012146,-0.12850543856620789,0.07992526143789291,0.6610921025276184,-0.13948646187782288,0.114173024892807,0.5986831784248352,-0.1458391398191452,0.03877083212137222,0.932986319065094,-0.10037218779325485,0.09650863707065582,0.8022576570510864,-0.12923145294189453,0.13126976788043976,0.7225151062011719,-0.13313379883766174,0.1570446640253067,0.6667999029159546,-0.13313379883766174,0.08667214214801788,0.9621022343635559,-0.1064525917172432,0.1460283398628235,0.8595812916755676,-0.12514759600162506,0.17472133040428162,0.8037970662117004,-0.12460307776927948,0.19639283418655396,0.7578898668289185,-0.12160825729370117
NO,0.016279954463243484,1.072991967201233,9.6457404197281e-7,-0.02941465750336647,0.9753960371017456,-0.004053368233144283,-0.041823480278253555,0.8759102821350098,-0.022714801132678986,-0.023751545697450638,0.790300190448761,-0.03839313983917236,0.00545164942741394,0.7306289076805115,-0.053468022495508194,-0.05107518658041954,0.8617701530456543,-0.07756051421165466,-0.02735215052962303,0.7316269874572754,-0.11531604081392288,-0.003062628209590912,0.6497895121574402,-0.13499081134796143,0.01990547589957714,0.5862017869949341,-0.14537473022937775,-0.009502418339252472,0.8988370895385742,-0.08880975097417831,0.03838735446333885,0.7561787366867065,-0.12187429517507553,0.07962003350257874,0.6655551791191101,-0.13198494911193848,0.11409497261047363,0.6018881797790527,-0.13836103677749634,0.0376143679022789,0.9329321384429932,-0.09655214101076126,0.0964587926864624,0.803848385810852,-0.12314951419830322,0.1331283450126648,0.7242525815963745,-0.12670190632343292,0.16047732532024384,0.6675418615341187,-0.12715734541416168,0.08462929725646973,0.9613401889801025,-0.10283713787794113,0.14306947588920593,0.8616765737533569,-0.12069017440080643,0.17211394011974335,0.8067643046379089,-0.12041690945625305,0.19394320249557495,0.760500967502594,-0.11786647886037827
NO,0.01940680295228958,1.0715876817703247,0.0000010067910807265434,-0.028345979750156403,0.9765161871910095,-0.00332282786257565,-0.04363884776830673,0.8785050511360168,-0.02264278009533882,-0.027628861367702484,0.7935638427734375,-0.03885500878095627,0.00021159276366233826,0.7332032918930054,-0.05429738759994507,-0.05184496194124222,0.860886812210083,-0.08033657819032669,-0.026731498539447784,0.730254590511322,-0.11910102516412735,-0.0017063096165657043,0.6475979685783386,-0.13947951793670654,0.020604493096470833,0.5845798254013062,-0.14989520609378815,-0.010351762175559998,0.9005163908004761,-0.09183911234140396,0.04172550141811371,0.7539606690406799,-0.12589386105537415,0.08278384804725647,0.6626113653182983,-0.1354943960905075,0.11542204022407532,0.5986044406890869,-0.14129094779491425,0.036986205726861954,0.9355520009994507,-0.09953766316175461,0.0968456119298935,0.8035751581192017,-0.12625613808631897,0.13377845287322998,0.723861575126648,-0.1287015676498413,0.1603597104549408,0.6671543121337891,-0.12797699868679047,0.08422505855560303,0.9635370969772339,-0.10569649189710617,0.1433940827846527,0.8604250550270081,-0.12308614701032639,0.17330169677734375,0.8064305186271667,-0.12118415534496307,0.1953565776348114,0.7616549730300903,-0.11719902604818344
NO,0.01926606334745884,1.0725791454315186,0.0000010202389830737957,-0.026837818324565887,0.9763561487197876,-0.0052809943445026875,-0.042409323155879974,0.8761643767356873,-0.024705082178115845,-0.027364328503608704,0.7905909419059753,-0.04104670137166977,0.00003729388117790222,0.7305135726928711,-0.056617703288793564,-0.05150393396615982,0.8623871803283691,-0.07860296219587326,-0.02461141347885132,0.7278137803077698,-0.11677117645740509,0.0007478892803192139,0.6453653573989868,-0.13635392487049103,0.022844906896352768,0.5828280448913574,-0.1466892510652542,-0.008291982114315033,0.9012439250946045,-0.0896182507276535,0.04148783162236214,0.7550350427627563,-0.12393338978290558,0.08289992809295654,0.663640558719635,-0.13399673998355865,0.11656176298856735,0.5973786115646362,-0.14007101953029633,0.03909926861524582,0.9357119202613831,-0.09727910161018372,0.09584423154592514,0.8056841492652893,-0.12456801533699036,0.13218578696250916,0.7231956720352173,-0.12801311910152435,0.15957388281822205,0.6621323227882385,-0.12819445133209229,0.08628526329994202,0.9635079503059387,-0.10371602326631546,0.14250993728637695,0.8619456887245178,-0.12166686356067657,0.17177264392375946,0.8068686127662659,-0.12085092067718506,0.19418683648109436,0.7607219219207764,-0.11785911023616791
NO,0.018721606582403183,1.0744799375534058,9.841368182605947e-7,-0.027037907391786575,0.977890133857727,-0.0051080589182674885,-0.043004360049963,0.8779343366622925,-0.023723335936665535,-0.030288811773061752,0.7926347851753235,-0.03949318453669548,-0.004003342241048813,0.7314977645874023,-0.05476021766662598,-0.04885939881205559,0.8612189888954163,-0.07615236192941666,-0.02380620315670967,0.7289475202560425,-0.11390857398509979,0.0001810230314731598,0.6470370888710022,-0.13356374204158783,0.021381771191954613,0.5839055776596069,-0.1439855545759201,-0.005784306675195694,0.89762282371521,-0.08725982159376144,0.04248981177806854,0.7532303929328918,-0.12058219313621521,0.08193446695804596,0.662117600440979,-0.13082116842269897,0.11416862905025482,0.5959700345993042,-0.13722051680088043,0.04118542745709419,0.9321656823158264,-0.09507617354393005,0.0967804491519928,0.8052823543548584,-0.12241058051586151,0.13134509325027466,0.7251591086387634,-0.12643302977085114,0.157494455575943,0.666050136089325,-0.12707296013832092,0.0877624973654747,0.9612415432929993,-0.10174979269504547,0.1437152922153473,0.861933171749115,-0.12094786763191223,0.17378082871437073,0.806929886341095,-0.12113071233034134,0.19716621935367584,0.7609196305274963,-0.1185709685087204
NO,0.014123745262622833,1.0737392902374268,9.244399734598119e-7,-0.03097601607441902,0.9772335886955261,-0.0031539909541606903,-0.043836627155542374,0.878082275390625,-0.02076711133122444,-0.029197443276643753,0.7932769060134888,-0.035581137984991074,-0.0029286593198776245,0.7333080172538757,-0.04973116144537926,-0.0489361472427845,0.8598403334617615,-0.0754668116569519,-0.026808682829141617,0.7294178605079651,-0.11200959980487823,-0.0033740028738975525,0.6480931639671326,-0.13060155510902405,0.018721804022789,0.5858348608016968,-0.14003489911556244,-0.007566861808300018,0.8957164287567139,-0.08673188835382462,0.0403628833591938,0.7556349635124207,-0.11915330588817596,0.07940588146448135,0.6674531698226929,-0.1282203197479248,0.11105580627918243,0.6054210662841797,-0.1335323005914688,0.03877617418766022,0.9298238754272461,-0.09442510455846786,0.09669370949268341,0.8044500350952148,-0.12098502367734909,0.13197071850299835,0.7248950004577637,-0.12464846670627594,0.15800699591636658,0.6676596403121948,-0.1249232217669487,0.08481167256832123,0.9582497477531433,-0.10065294802188873,0.1427895575761795,0.8602433800697327,-0.11860378831624985,0.1715303212404251,0.8054454326629639,-0.11842061579227448,0.19282111525535583,0.7595481276512146,-0.11567304283380508
NO,0.013751421123743057,1.071610927581787,9.461884928896325e-7,-0.028943892568349838,0.9720693826675415,-0.004585162736475468,-0.03888073191046715,0.8711690306663513,-0.02332191914319992,-0.01961096003651619,0.7855736613273621,-0.039120640605688095,0.010121285915374756,0.7255955338478088,-0.054349422454833984,-0.049531664699316025,0.8593659400939941,-0.07769414037466049,-0.026589561253786087,0.7311049699783325,-0.11572049558162689,-0.002408977597951889,0.6497244834899902,-0.13569116592407227,0.02040974423289299,0.5860869884490967,-0.14636044204235077,-0.008161809295415878,0.8958090543746948,-0.08900173753499985,0.039205532521009445,0.7552916407585144,-0.12265095114707947,0.0797884613275528,0.6650599241256714,-0.13304665684700012,0.11384966969490051,0.6016416549682617,-0.1396123468875885,0.038700878620147705,0.9299526214599609,-0.09684409946203232,0.09708370268344879,0.8031319975852966,-0.12401881814002991,0.13339871168136597,0.7233142256736755,-0.12812237441539764,0.16053274273872375,0.6664236187934875,-0.1289430856704712,0.08542336523532867,0.959007978439331,-0.10350099205970764,0.1432950794696808,0.8612205386161804,-0.12192143499851227,0.1720477044582367,0.8055746555328369,-0.12237738817930222,0.1941596418619156,0.7589564323425293,-0.12046238780021667
NO,0.01379987969994545,1.0701993703842163,9.328851433565433e-7,-0.030453622341156006,0.9722898602485657,-0.0042916894890367985,-0.041264526546001434,0.8719342350959778,-0.02246444672346115,-0.0228816419839859,0.7865595817565918,-0.03766993433237076,0.005937881767749786,0.7268626689910889,-0.05230056867003441,-0.049942582845687866,0.8601036071777344,-0.07691790908575058,-0.026811353862285614,0.7315014004707336,-0.11406934261322021,-0.0026982761919498444,0.6501965522766113,-0.1333664506673813,0.019887203350663185,0.5871180891990662,-0.1436462104320526,-0.008166510611772537,0.8966193199157715,-0.08805432170629501,0.03848329931497574,0.7580863833427429,-0.12128321081399918,0.07859203219413757,0.6687003970146179,-0.13147281110286713,0.11152126640081406,0.6054272651672363,-0.1380554735660553,0.038872215896844864,0.9306826591491699,-0.0957641452550888,0.09644933044910431,0.8044881224632263,-0.12317685037851334,0.13205911219120026,0.7241125702857971,-0.12795604765415192,0.15831372141838074,0.6662120819091797,-0.12930865585803986,0.08583925664424896,0.9591153264045715,-0.1019861102104187,0.14411401748657227,0.8602254986763,-0.12146356701850891,0.17360740900039673,0.8050613403320312,-0.12281616032123566,0.1959138810634613,0.7583933472633362,-0.12137339264154434
NO,0.01921827159821987,1.067662239074707,9.186246074932569e-7,-0.024736151099205017,0.9715085625648499,-0.003782313084229827,-0.036644741892814636,0.8722829222679138,-0.021667690947651863,-0.020162105560302734,0.7881958484649658,-0.036785729229450226,0.007540583610534668,0.7288734912872314,-0.051365435123443604,-0.04662430286407471,0.8604338765144348,-0.07639767974615097,-0.02550511062145233,0.7333189249038696,-0.11349742859601974,-0.002506811171770096,0.6527032256126404,-0.13269779086112976,0.01911681517958641,0.5899144411087036,-0.14310546219348907,-0.006520859897136688,0.8971329927444458,-0.08806144446134567,0.03926217555999756,0.758618950843811,-0.12184151262044907,0.0787787213921547,0.6689991354942322,-0.1324286311864853,0.11110801994800568,0.6057950258255005,-0.13906799256801605,0.03994819521903992,0.9311339855194092,-0.09618121385574341,0.0966736227273941,0.8052350282669067,-0.12426398694515228,0.13161277770996094,0.7248156070709229,-0.12937809526920319,0.15702827274799347,0.6670411229133606,-0.13072390854358673,0.08673741668462753,0.9592540860176086,-0.10291031748056412,0.1447349488735199,0.8600226640701294,-0.12291816622018814,0.173968106508255,0.8050285577774048,-0.12453315407037735,0.1952393352985382,0.758882462978363,-0.12318732589483261
NO,0.019078118726611137,1.0639948844909668,9.725647487357492e-7,-0.026117399334907532,0.9711976051330566,-0.0032785097137093544,-0.040135689079761505,0.8738607168197632,-0.02199738472700119,-0.024758830666542053,0.7911360859870911,-0.03784305229783058,0.0021706633269786835,0.7328969836235046,-0.05312240496277809,-0.04708326607942581,0.8584406971931458,-0.07866202294826508,-0.025377288460731506,0.7303557991981506,-0.11654949933290482,-0.002351105213165283,0.6495697498321533,-0.13609285652637482,0.018727030605077744,0.5877841711044312,-0.14639753103256226,-0.0070178210735321045,0.896409809589386,-0.09087661653757095,0.041993413120508194,0.7537648677825928,-0.12498867511749268,0.08183661103248596,0.6640375256538391,-0.1348491907119751,0.11344844102859497,0.6010569334030151,-0.1407122015953064,0.03875678777694702,0.9317904114723206,-0.09931579977273941,0.09717736393213272,0.8035625219345093,-0.12712067365646362,0.13287320733070374,0.724420428276062,-0.13067400455474854,0.15782560408115387,0.6675448417663574,-0.13076284527778625,0.08497418463230133,0.9610821008682251,-0.10624480992555618,0.14432302117347717,0.8609680533409119,-0.12525518238544464,0.17377769947052002,0.8073022365570068,-0.12463334202766418,0.19473198056221008,0.7630955576896667,-0.12143533676862717
NO,0.018204784020781517,1.0651472806930542,9.905833167067613e-7,-0.026935383677482605,0.972113311290741,-0.0034675095230340958,-0.04027315229177475,0.8742565512657166,-0.022223081439733505,-0.02404318004846573,0.7918100357055664,-0.03817583993077278,0.004315752536058426,0.7339431643486023,-0.053574685007333755,-0.04809194058179855,0.8583784103393555,-0.07816852629184723,-0.024148888885974884,0.7299970984458923,-0.11645514518022537,-0.00009410455822944641,0.6486894488334656,-0.1361302137374878,0.021729089319705963,0.5866504907608032,-0.14658814668655396,-0.006752084940671921,0.8969200849533081,-0.09062053263187408,0.04357925429940224,0.7524125576019287,-0.12567229568958282,0.08400337398052216,0.6615398526191711,-0.1363074630498886,0.11640328168869019,0.5967438220977783,-0.14242269098758698,0.04010315239429474,0.9326753616333008,-0.09943887591362,0.09781169891357422,0.8030053377151489,-0.12797658145427704,0.13400235772132874,0.7226759791374207,-0.1317875236272812,0.1600017249584198,0.6634977459907532,-0.13169889152050018,0.08708909153938293,0.9624245166778564,-0.10670623928308487,0.1447887122631073,0.8612688779830933,-0.12629267573356628,0.17408213019371033,0.8068187236785889,-0.12567229568958282,0.19597779214382172,0.7610397934913635,-0.12239312380552292
NO,0.017607614398002625,1.066607117652893,9.725184781927965e-7,-0.027030199766159058,0.9727510213851929,-0.0031473026610910892,-0.040246255695819855,0.8749557733535767,-0.021789446473121643,-0.02468990534543991,0.7925892472267151,-0.037689853459596634,0.002557612955570221,0.7349050045013428,-0.053068023175001144,-0.047752030193805695,0.8584936857223511,-0.07764642685651779,-0.024767257273197174,0.7308834791183472,-0.11582518368959427,-0.0012309961020946503,0.6497194766998291,-0.13600346446037292,0.020543565973639488,0.587027907371521,-0.14684820175170898,-0.007243029773235321,0.8968573212623596,-0.09018009155988693,0.04248373955488205,0.7535455822944641,-0.12462541460990906,0.08224926888942719,0.6632429361343384,-0.13547013700008392,0.114296093583107,0.5984846353530884,-0.14204807579517365,0.03909631073474884,0.9324240684509277,-0.09902475029230118,0.09772053360939026,0.8031073212623596,-0.12693658471107483,0.13380546867847443,0.7237482070922852,-0.13067001104354858,0.15986934304237366,0.6658754348754883,-0.13093668222427368,0.08591340482234955,0.9620855450630188,-0.10631383210420609,0.14428192377090454,0.8609942197799683,-0.12551432847976685,0.17420899868011475,0.8059241771697998,-0.12506987154483795,0.19615009427070618,0.7599727511405945,-0.12195868045091629
NO,0.017225278541445732,1.0641511678695679,9.504153695161222e-7,-0.027454659342765808,0.9707703590393066,-0.0032000262290239334,-0.04121055454015732,0.8737066388130188,-0.02134834975004196,-0.026651255786418915,0.7919426560401917,-0.036864299327135086,-0.00067925825715065,0.7342371344566345,-0.05195729434490204,-0.047570861876010895,0.8569125533103943,-0.0763108879327774,-0.02522534877061844,0.7305703163146973,-0.11353135854005814,-0.0032219961285591125,0.6513351202011108,-0.13276492059230804,0.01696755178272724,0.5894883871078491,-0.14300499856472015,-0.00713033601641655,0.8951312303543091,-0.08873255550861359,0.04174639284610748,0.7542048692703247,-0.1224357932806015,0.08093160390853882,0.6650805473327637,-0.13285395503044128,0.11212286353111267,0.601080596446991,-0.13908705115318298,0.038736432790756226,0.9306741952896118,-0.09759245067834854,0.09725816547870636,0.8030368089675903,-0.1256413757801056,0.13251465559005737,0.7243337631225586,-0.13000454008579254,0.15786197781562805,0.6662978529930115,-0.13062784075737,0.08491742610931396,0.9611194133758545,-0.10480502992868423,0.1438198983669281,0.8615840673446655,-0.1246618926525116,0.17374518513679504,0.8073555827140808,-0.12475092709064484,0.1953185796737671,0.7619239091873169,-0.12207961082458496
NO,0.016942203044891357,1.0655241012573242,9.547339914206532e-7,-0.02791890874505043,0.9723464250564575,-0.003194294171407819,-0.0415319986641407,0.8750929832458496,-0.021383794024586678,-0.026559781283140182,0.7933991551399231,-0.03699297085404396,-0.000044073909521102905,0.7363595962524414,-0.052259206771850586,-0.04828247055411339,0.8592604398727417,-0.07584443688392639,-0.025484982877969742,0.7323212027549744,-0.11292590945959091,-0.003358457237482071,0.6524528861045837,-0.13204188644886017,0.016879301518201828,0.5904988050460815,-0.14230787754058838,-0.0073025040328502655,0.8961995244026184,-0.08841142058372498,0.041926514357328415,0.7540660500526428,-0.12204139679670334,0.08080361038446426,0.6650773882865906,-0.13248439133167267,0.11239108443260193,0.6008681654930115,-0.13894487917423248,0.03903629630804062,0.9312717914581299,-0.09734991192817688,0.0977405309677124,0.8027794361114502,-0.12531588971614838,0.133189395070076,0.7245934009552002,-0.12947538495063782,0.15874314308166504,0.6668263673782349,-0.13000640273094177,0.08558158576488495,0.9614978432655334,-0.10478390753269196,0.14425043761730194,0.8614089488983154,-0.12460789084434509,0.1742849498987198,0.8069750070571899,-0.12469639629125595,0.19653639197349548,0.7609395384788513,-0.12204139679670334
NO,0.017213888466358185,1.063696026802063,9.374898013447819e-7,-0.027211718261241913,0.9708771109580994,-0.00279985461384058,-0.040028832852840424,0.8737351894378662,-0.020575545728206635,-0.02458028495311737,0.7922337055206299,-0.03582487627863884,0.002030257135629654,0.7348816990852356,-0.050698500126600266,-0.047786638140678406,0.8577753305435181,-0.07505322247743607,-0.025835685431957245,0.731792151927948,-0.11165162920951843,-0.003736112266778946,0.6527194976806641,-0.13074643909931183,0.016112208366394043,0.5910491347312927,-0.14100106060504913,-0.007749080657958984,0.8956944346427917,-0.08773890882730484,0.04057442024350166,0.7553385496139526,-0.12102222442626953,0.07886727899312973,0.6674003601074219,-0.13163045048713684,0.10938312113285065,0.6038423180580139,-0.1380837857723236,0.0381242111325264,0.931064248085022,-0.09680010378360748,0.0966641902923584,0.8035876154899597,-0.12446989119052887,0.1323251724243164,0.724903404712677,-0.1288899928331375,0.15754511952400208,0.6668309569358826,-0.12968561053276062,0.08404254168272018,0.9614412784576416,-0.10431426018476486,0.14311155676841736,0.8623887300491333,-0.12402789294719696,0.1729179322719574,0.8084858655929565,-0.12429309636354446,0.19464123249053955,0.7628448605537415,-0.12190624326467514
NO,0.017173537984490395,1.0630942583084106,9.632016144678346e-7,-0.02763918787240982,0.9709678888320923,-0.003931508399546146,-0.040960341691970825,0.8733326196670532,-0.022454747930169106,-0.024971917271614075,0.7915661931037903,-0.03814774379134178,0.002711806446313858,0.7340476512908936,-0.05347732454538345,-0.047635823488235474,0.8583551049232483,-0.07669194042682648,-0.024743475019931793,0.7314832210540771,-0.11347412317991257,-0.002229113131761551,0.652305543422699,-0.1321515440940857,0.01830044947564602,0.590776801109314,-0.14210695028305054,-0.006185721606016159,0.8954940438270569,-0.08889392763376236,0.04327530413866043,0.7524807453155518,-0.12219611555337906,0.0816219300031662,0.663453996181488,-0.13232773542404175,0.1122620701789856,0.5993722677230835,-0.13858291506767273,0.04031490534543991,0.9308080673217773,-0.09752783179283142,0.09886873513460159,0.8015997409820557,-0.12501534819602966,0.13356542587280273,0.7234180569648743,-0.12853939831256866,0.1585000455379486,0.6657204031944275,-0.12880370020866394,0.08634583652019501,0.9606946110725403,-0.10466402024030685,0.14437946677207947,0.8606724739074707,-0.12413434684276581,0.17399975657463074,0.805732786655426,-0.12387004494667053,0.19565173983573914,0.7594582438468933,-0.12105081230401993
NO,0.016779962927103043,1.0637197494506836,9.462681305194565e-7,-0.02813098207116127,0.9720996618270874,-0.002354411641135812,-0.041787583380937576,0.8758413195610046,-0.02008878067135811,-0.027883466333150864,0.7946692109107971,-0.035405512899160385,-0.0025851204991340637,0.7371252179145813,-0.05053532123565674,-0.04740632697939873,0.8581027984619141,-0.07556108385324478,-0.02536774054169655,0.7312100529670715,-0.11268189549446106,-0.004697885364294052,0.6515047550201416,-0.1312422901391983,0.014211911708116531,0.5899291038513184,-0.14127019047737122,-0.007242392748594284,0.8940579891204834,-0.0887117013335228,0.04154971241950989,0.7532908916473389,-0.12297368049621582,0.08050189912319183,0.6648349761962891,-0.13335342705249786,0.11164247989654541,0.6017339825630188,-0.1394229531288147,0.038286611437797546,0.9295210838317871,-0.09816783666610718,0.0968833714723587,0.8024657368659973,-0.12728391587734222,0.13179495930671692,0.7245754599571228,-0.1316821277141571,0.1562008112668991,0.6667639017105103,-0.13229787349700928,0.08383548259735107,0.9607881903648376,-0.10599662363529205,0.1427992284297943,0.86260586977005,-0.1269320547580719,0.1726110726594925,0.8089603781700134,-0.12745985388755798,0.19409973919391632,0.7637380361557007,-0.1249968558549881
NO,0.016645433381199837,1.064669132232666,9.596566314939992e-7,-0.028487734496593475,0.9725554585456848,-0.0026227994821965694,-0.04244372993707657,0.8766692280769348,-0.020673668012022972,-0.028478793799877167,0.7955595850944519,-0.036209236830472946,-0.0034318119287490845,0.7383862137794495,-0.05151326581835747,-0.04804961383342743,0.8583133816719055,-0.0761232003569603,-0.025514937937259674,0.7308244705200195,-0.11317041516304016,-0.004558883607387543,0.6505392789840698,-0.13178221881389618,0.014258697628974915,0.5885855555534363,-0.14157328009605408,-0.007423140108585358,0.8941559195518494,-0.08895741403102875,0.042342714965343475,0.7515987157821655,-0.12269683927297592,0.08124642074108124,0.6629416942596436,-0.1325760930776596,0.11214040964841843,0.6001746654510498,-0.13830959796905518,0.038582250475883484,0.929485559463501,-0.09817511588335037,0.09775114804506302,0.8015154004096985,-0.1264897733926773,0.13249531388282776,0.7246454954147339,-0.12992987036705017,0.15675806999206543,0.6680406332015991,-0.1298416703939438,0.08454945683479309,0.9602369666099548,-0.10576097667217255,0.14358963072299957,0.8613503575325012,-0.12587231397628784,0.1733989119529724,0.8076332807540894,-0.12551948428153992,0.19518190622329712,0.7625122666358948,-0.12243222445249557
NO,0.016923556104302406,1.0647567510604858,9.526003736937128e-7,-0.028109893202781677,0.9729609489440918,-0.0023826195392757654,-0.042475007474422455,0.8769747018814087,-0.020223209634423256,-0.029070258140563965,0.796095073223114,-0.035620301961898804,-0.00418095663189888,0.7387824058532715,-0.050784941762685776,-0.047447338700294495,0.8580058217048645,-0.0758010596036911,-0.02488713711500168,0.7302536964416504,-0.11281607300043106,-0.00403338298201561,0.6502007842063904,-0.13141211867332458,0.0150783471763134,0.5884039402008057,-0.14124147593975067,-0.007324602454900742,0.8945552110671997,-0.08877402544021606,0.04237475246191025,0.7523196935653687,-0.12282251566648483,0.08122499287128448,0.6636892557144165,-0.13291750848293304,0.1125321090221405,0.6005401611328125,-0.1387619972229004,0.038263507187366486,0.9300025105476379,-0.09811633080244064,0.09734715521335602,0.802046000957489,-0.12671883404254913,0.1324385404586792,0.7240906357765198,-0.1307922601699829,0.1570240706205368,0.6666579842567444,-0.13105790317058563,0.08397942781448364,0.9610067009925842,-0.10573185235261917,0.1432909369468689,0.8617762327194214,-0.1261875182390213,0.1732635200023651,0.8080567717552185,-0.12627607583999634,0.19487115740776062,0.7628411650657654,-0.1234423816204071
NO,0.015848590061068535,1.0667049884796143,9.453831921746314e-7,-0.029034439474344254,0.9739939570426941,-0.002586146118119359,-0.04275849834084511,0.8771159052848816,-0.020256759598851204,-0.028930578380823135,0.7953855991363525,-0.035524170845746994,-0.003804326057434082,0.737679660320282,-0.05051439255475998,-0.04768350347876549,0.8586834073066711,-0.0750398188829422,-0.025331463664770126,0.7308980226516724,-0.11185012012720108,-0.004602339118719101,0.6511734127998352,-0.13021093606948853,0.01408369094133377,0.589525580406189,-0.1400565803050995,-0.00722740963101387,0.8947811126708984,-0.08803430199623108,0.04203953593969345,0.7526918053627014,-0.12187317758798599,0.08076123893260956,0.664156436920166,-0.13216233253479004,0.11176364123821259,0.6008192300796509,-0.13819387555122375,0.03847259655594826,0.9302042126655579,-0.09739210456609726,0.09752313047647476,0.801927924156189,-0.12595336139202118,0.13264286518096924,0.7241519689559937,-0.13012222945690155,0.157502219080925,0.6666057705879211,-0.13047702610492706,0.0841563493013382,0.9612098932266235,-0.10510896146297455,0.14334987103939056,0.8619264960289001,-0.12559856474399567,0.17331714928150177,0.8080633878707886,-0.12568725645542145,0.1952436864376068,0.7630392909049988,-0.12293757498264313
NO,0.01842964068055153,1.068589448928833,9.370996849611402e-7,-0.026701338589191437,0.9755250215530396,-0.002593674696981907,-0.04044128209352493,0.8794463276863098,-0.021194424480199814,-0.0252947136759758,0.797091543674469,-0.03727103769779205,0.0015689805150032043,0.738867998123169,-0.053403276950120926,-0.045690521597862244,0.8596376180648804,-0.07845831662416458,-0.025015108287334442,0.7307883501052856,-0.11793223768472672,-0.004506994038820267,0.6485759615898132,-0.13875950872898102,0.013743601739406586,0.5839126706123352,-0.1502412110567093,-0.006448753178119659,0.8947179913520813,-0.09149760752916336,0.040921401232481,0.7531270384788513,-0.12674377858638763,0.07975262403488159,0.665061891078949,-0.1375134289264679,0.11055511236190796,0.6025829315185547,-0.14409984648227692,0.038880355656147,0.9299701452255249,-0.10093218833208084,0.09643334895372391,0.8038051128387451,-0.12985895574092865,0.13087891042232513,0.7267390489578247,-0.13341917097568512,0.1547614336013794,0.6712076663970947,-0.13350819051265717,0.08467313647270203,0.9620370268821716,-0.10867566615343094,0.1420070230960846,0.8626870512962341,-0.12896890938282013,0.16990765929222107,0.8092368841171265,-0.12870188057422638,0.18934530019760132,0.7642365097999573,-0.12585371732711792
NO,0.01751030795276165,1.0701303482055664,9.349840297545597e-7,-0.02813798561692238,0.977668821811676,-0.002293054247274995,-0.04231966659426689,0.8807995319366455,-0.020025352016091347,-0.027982216328382492,0.7977132797241211,-0.035299304872751236,-0.0013749673962593079,0.7387032508850098,-0.05047240108251572,-0.04724525287747383,0.8604092597961426,-0.07508106529712677,-0.026623237878084183,0.7319108247756958,-0.11241987347602844,-0.005516912788152695,0.6514821648597717,-0.13133582472801208,0.013784058392047882,0.589068591594696,-0.14119721949100494,-0.007168713957071304,0.8951356410980225,-0.08794569224119186,0.041516151279211044,0.7509961128234863,-0.12138478457927704,0.08031750470399857,0.6623575687408447,-0.1311565339565277,0.11128048598766327,0.5999755859375,-0.13671477138996124,0.03816770762205124,0.929965615272522,-0.09726919233798981,0.09671339392662048,0.8017345070838928,-0.12497074156999588,0.13114450871944427,0.7239518165588379,-0.12828776240348816,0.15506500005722046,0.6677209138870239,-0.1281084567308426,0.08358831703662872,0.9610838890075684,-0.1049790158867836,0.14147542417049408,0.8615716695785522,-0.12389495968818665,0.1698298454284668,0.8079731464385986,-0.122908815741539,0.18982693552970886,0.7637543082237244,-0.11950215697288513
NO,0.015672065317630768,1.0703331232070923,9.228515978065843e-7,-0.029927700757980347,0.9780280590057373,-0.0018422940047457814,-0.04352974891662598,0.8816295266151428,-0.019205879420042038,-0.028742589056491852,0.7989230751991272,-0.03428097814321518,-0.0024421364068984985,0.7401416301727295,-0.04943465813994408,-0.04661785811185837,0.8595961332321167,-0.07390503585338593,-0.026721596717834473,0.7320897579193115,-0.11090245842933655,-0.006429437547922134,0.6523573994636536,-0.12967056035995483,0.012240827083587646,0.5899875164031982,-0.13945871591567993,-0.006744351238012314,0.8937175869941711,-0.0871504619717598,0.04238099604845047,0.7501270174980164,-0.12006200850009918,0.08036674559116364,0.6619133949279785,-0.1299399584531784,0.11027532815933228,0.5995512008666992,-0.13568714261054993,0.03835710883140564,0.9287383556365967,-0.09689371287822723,0.09702334553003311,0.8019522428512573,-0.1246417909860611,0.1313174068927765,0.7243442535400391,-0.12859296798706055,0.15468215942382812,0.6676217913627625,-0.12895216047763824,0.08336369693279266,0.960862934589386,-0.10497568547725677,0.1411145031452179,0.8632872700691223,-0.12410299479961395,0.16937768459320068,0.810461163520813,-0.12329478561878204,0.18890342116355896,0.7665197253227234,-0.12006200850009918
NO,0.0159145575016737,1.0708240270614624,9.040549002747866e-7,-0.027722597122192383,0.977014422416687,-0.003260105149820447,-0.03962426632642746,0.878778338432312,-0.021136021241545677,-0.02326597273349762,0.7956523299217224,-0.036463845521211624,0.0040083713829517365,0.7369462847709656,-0.051802877336740494,-0.04559338092803955,0.8604759573936462,-0.07557389885187149,-0.02601272612810135,0.7338379621505737,-0.11338327080011368,-0.005976267158985138,0.6535145044326782,-0.1331177055835724,0.012320123612880707,0.5902267694473267,-0.14397163689136505,-0.005633294582366943,0.8944132328033447,-0.08799760788679123,0.0408218614757061,0.7543061375617981,-0.12154614925384521,0.07888747751712799,0.6667556762695312,-0.13195157051086426,0.10983628779649734,0.6047486066818237,-0.1385895162820816,0.03981957584619522,0.9293134808540344,-0.09714721888303757,0.09639477729797363,0.8033312559127808,-0.12540332973003387,0.13070449233055115,0.7256877422332764,-0.13024723529815674,0.15533646941184998,0.6691910624504089,-0.13168247044086456,0.0852905884385109,0.9607217907905579,-0.10468217730522156,0.1422138810157776,0.8631519079208374,-0.12513422966003418,0.17092663049697876,0.8091782331466675,-0.1265694499015808,0.1919044554233551,0.763438880443573,-0.12522393465042114
NO,0.013361714780330658,1.0768967866897583,9.195521215588087e-7,-0.029053781181573868,0.9817983508110046,-0.000820864865090698,-0.040120940655469894,0.8826315402984619,-0.018170708790421486,-0.024561192840337753,0.7975180149078369,-0.03314730525016785,0.00045306235551834106,0.7394016981124878,-0.04811273515224457,-0.04744264855980873,0.8654192686080933,-0.07612264901399612,-0.030888903886079788,0.7359490394592285,-0.11400528997182846,-0.013951551169157028,0.654025673866272,-0.13303595781326294,0.0016333051025867462,0.5905985236167908,-0.14322137832641602,-0.0070074982941150665,0.8990277051925659,-0.0899265855550766,0.03896993398666382,0.7537336945533752,-0.12490548193454742,0.07833541929721832,0.6643520593643188,-0.13526959717273712,0.11021153628826141,0.6017537117004395,-0.14098772406578064,0.03899183124303818,0.933238685131073,-0.0998886451125145,0.09415176510810852,0.8024643659591675,-0.1294621229171753,0.128107488155365,0.7226678729057312,-0.13357201218605042,0.15177439153194427,0.6641510128974915,-0.13366137444972992,0.0851130411028862,0.9647254347801208,-0.10801911354064941,0.14163906872272491,0.8635591268539429,-0.12830062210559845,0.1693577915430069,0.8075916171073914,-0.12812194228172302,0.1891133040189743,0.7603793740272522,-0.12526287138462067
NO,0.009714409708976746,1.081254243850708,9.173161288345e-7,-0.031070955097675323,0.9841145873069763,-0.0011527840979397297,-0.040636852383613586,0.8835824131965637,-0.018037430942058563,-0.025069572031497955,0.7979687452316284,-0.032614387571811676,-0.00029984861612319946,0.7396553754806519,-0.04731574282050133,-0.048430435359478,0.8667368292808533,-0.07536140084266663,-0.030861586332321167,0.7355149388313293,-0.11290640383958817,-0.013053838163614273,0.6530824899673462,-0.13154318928718567,0.0035293810069561005,0.58930504322052,-0.14113301038742065,-0.006926633417606354,0.899406909942627,-0.08870570361614227,0.0387335903942585,0.7532995343208313,-0.12303902208805084,0.07743445038795471,0.663878858089447,-0.13308116793632507,0.10882782936096191,0.601871132850647,-0.13859984278678894,0.03928493335843086,0.9337176084518433,-0.09834074974060059,0.09472465515136719,0.8038839101791382,-0.12783393263816833,0.12859101593494415,0.7239587903022766,-0.13253836333751678,0.15248051285743713,0.6656175851821899,-0.13290025293827057,0.08537456393241882,0.9655171036720276,-0.10603068768978119,0.14221647381782532,0.8652443885803223,-0.12611499428749084,0.16983099281787872,0.8089252710342407,-0.1262054741382599,0.19023650884628296,0.7617727518081665,-0.12358183413743973
NO,0.007563196122646332,1.0801664590835571,9.057023362402106e-7,-0.028786350041627884,0.9819930791854858,-0.00301810703240335,-0.036036740988492966,0.881374180316925,-0.020120713859796524,-0.020552318543195724,0.7969470620155334,-0.034982603043317795,0.004551537334918976,0.7407135963439941,-0.04952439293265343,-0.04734470322728157,0.8662001490592957,-0.07508683949708939,-0.033112842589616776,0.7342459559440613,-0.11349911987781525,-0.016266975551843643,0.6519689559936523,-0.13261379301548004,0.000711146742105484,0.5885229110717773,-0.14212539792060852,-0.006610363721847534,0.8983193039894104,-0.08761656284332275,0.03516750410199165,0.7543366551399231,-0.1241082176566124,0.07294055819511414,0.6635868549346924,-0.1358148157596588,0.10475575923919678,0.6014273166656494,-0.14148519933223724,0.03955651819705963,0.9319717288017273,-0.09667088091373444,0.09274478256702423,0.8060930967330933,-0.12813235819339752,0.12691931426525116,0.7266886234283447,-0.1341685652732849,0.15182819962501526,0.669895589351654,-0.13435149192810059,0.08594480156898499,0.9630378484725952,-0.10389605164527893,0.14287053048610687,0.8654586672782898,-0.12474842369556427,0.1703965663909912,0.8082690834999084,-0.12566301226615906,0.19113855063915253,0.7613366842269897,-0.12310218811035156
NO,0.010673467069864273,1.0791491270065308,8.969298050942598e-7,-0.0228336863219738,0.9791447520256042,-0.0033595783170312643,-0.028439301997423172,0.8789673447608948,-0.02091166004538536,-0.01166282594203949,0.7961560487747192,-0.03608689457178116,0.013869177550077438,0.7416284084320068,-0.050873614847660065,-0.044307585805654526,0.8664640784263611,-0.07733885943889618,-0.030604589730501175,0.7338919043540955,-0.11728813499212265,-0.013425510376691818,0.6505403518676758,-0.1387711614370346,0.0037524737417697906,0.5858960747718811,-0.15010686218738556,-0.00531865656375885,0.9005502462387085,-0.08968016505241394,0.03486690670251846,0.7560341954231262,-0.12752684950828552,0.07352608442306519,0.6647948622703552,-0.14105656743049622,0.10584904253482819,0.6024116277694702,-0.14818710088729858,0.04070132598280907,0.934341311454773,-0.0982733741402626,0.09296567738056183,0.8069179058074951,-0.12962943315505981,0.1267271339893341,0.7274590134620667,-0.13584581017494202,0.15071377158164978,0.6718521118164062,-0.13657714426517487,0.08734823018312454,0.9645277857780457,-0.10531248897314072,0.1441175937652588,0.8655298948287964,-0.1256985068321228,0.17121881246566772,0.8082586526870728,-0.12661267817020416,0.19110088050365448,0.7611004710197449,-0.12423582375049591
NO,0.006448715925216675,1.076769232749939,8.855998885337613e-7,-0.0275128073990345,0.9769535660743713,-0.0009468101197853684,-0.035406436771154404,0.8797155618667603,-0.0178317092359066,-0.020693499594926834,0.8006319999694824,-0.03292359411716461,0.0016093701124191284,0.7467278242111206,-0.04776432737708092,-0.04980769380927086,0.8594194054603577,-0.07306206226348877,-0.03241468593478203,0.7309741973876953,-0.1116022989153862,-0.015086229890584946,0.6515201330184937,-0.1322423368692398,0.000035960227251052856,0.588640570640564,-0.14347562193870544,-0.010957185178995132,0.8970212340354919,-0.08749181777238846,0.03423038870096207,0.7577819228172302,-0.12484480440616608,0.07211896777153015,0.6689503192901611,-0.13836127519607544,0.10321077704429626,0.6054743528366089,-0.14594148099422455,0.03449384868144989,0.9344719052314758,-0.09826847165822983,0.0880516767501831,0.8099173307418823,-0.1295938342809677,0.1218024343252182,0.7318599820137024,-0.13598676025867462,0.14548760652542114,0.6750169992446899,-0.13708269596099854,0.08086039125919342,0.9686580300331116,-0.10721857845783234,0.13796405494213104,0.8720108866691589,-0.1285892277956009,0.16628356277942657,0.8143155574798584,-0.12995915114879608,0.18737392127513885,0.7654813528060913,-0.12804126739501953
NO,0.004342313855886459,1.0827521085739136,8.55757093631837e-7,-0.029487084597349167,0.9823892116546631,-0.0015497641870751977,-0.03829718753695488,0.8818588256835938,-0.01800868846476078,-0.02647307887673378,0.7983372211456299,-0.03288642317056656,-0.005718108266592026,0.7411088347434998,-0.047535624355077744,-0.05091480538249016,0.8622267246246338,-0.06892665475606918,-0.03427847847342491,0.7327960729598999,-0.10594959557056427,-0.018381159752607346,0.6537448167800903,-0.12532950937747955,-0.004018597304821014,0.5907875299453735,-0.13593360781669617,-0.01121048629283905,0.896880567073822,-0.0832330510020256,0.034218717366456985,0.7582517862319946,-0.11819915473461151,0.07242247462272644,0.6716020107269287,-0.130540132522583,0.10403262078762054,0.6088536977767944,-0.13739623129367828,0.03423496335744858,0.9331924915313721,-0.09433993697166443,0.08855951577425003,0.8086890578269958,-0.12423252314329147,0.12237462401390076,0.7307732105255127,-0.12999165058135986,0.14730015397071838,0.6724041700363159,-0.13108862936496735,0.08094644546508789,0.9671473503112793,-0.10384705662727356,0.1368342787027359,0.8722447752952576,-0.12386686354875565,0.1639888882637024,0.8157864212989807,-0.12441536039113998,0.18447382748126984,0.7672392725944519,-0.12231281399726868
NO,0.008348144590854645,1.0823686122894287,8.441382988166879e-7,-0.024552632123231888,0.9801869988441467,-0.00030600541504099965,-0.03202186897397041,0.8801134824752808,-0.016302958130836487,-0.018662922084331512,0.797834575176239,-0.030757244676351547,0.0022308751940727234,0.7422845959663391,-0.044992003589868546,-0.04920146241784096,0.8614286780357361,-0.07048054039478302,-0.03461595997214317,0.7308200597763062,-0.10740771889686584,-0.019407019019126892,0.6513630151748657,-0.12626415491104126,-0.005757909268140793,0.5885183811187744,-0.13633939623832703,-0.009590107947587967,0.8974928855895996,-0.08508503437042236,0.0344611220061779,0.7575451135635376,-0.12062571197748184,0.07257432490587234,0.6704297065734863,-0.1324571967124939,0.1038806140422821,0.6091101169586182,-0.13865023851394653,0.036320485174655914,0.9342901706695557,-0.09613083302974701,0.08949916064739227,0.810747504234314,-0.12607929110527039,0.12195001542568207,0.7332184314727783,-0.13125556707382202,0.14556476473808289,0.6763092279434204,-0.13153286278247833,0.08339104801416397,0.9687502384185791,-0.10537417978048325,0.13905711472034454,0.8720250129699707,-0.124600350856781,0.165040984749794,0.8149933815002441,-0.12423061579465866,0.18491366505622864,0.7675098180770874,-0.12118031084537506
NO,0.0041904933750629425,1.0839831829071045,8.514694513905852e-7,-0.031796474009752274,0.9824767112731934,0.00019597857317421585,-0.04045428708195686,0.8830640912055969,-0.015346686355769634,-0.027711618691682816,0.8000760674476624,-0.029436782002449036,-0.00608515739440918,0.7428823709487915,-0.043282538652420044,-0.051955994218587875,0.859881579875946,-0.06780931353569031,-0.0352277047932148,0.7304765582084656,-0.10425042361021042,-0.01953393593430519,0.6520225405693054,-0.12295964360237122,-0.005709338933229446,0.5897091627120972,-0.1329192817211151,-0.011625032871961594,0.8953192830085754,-0.08228336274623871,0.03459485247731209,0.7568701505661011,-0.1172817274928093,0.07335932552814484,0.6696834564208984,-0.12910297513008118,0.10497191548347473,0.6067178845405579,-0.1353393793106079,0.034039709717035294,0.9317164421081543,-0.09340651333332062,0.089809350669384,0.8079593181610107,-0.12351813167333603,0.12305212020874023,0.7295405268669128,-0.12938222289085388,0.14665307104587555,0.670936107635498,-0.13012686371803284,0.08053012192249298,0.9655841588973999,-0.10257497429847717,0.1384674310684204,0.8696789741516113,-0.122401162981987,0.16587136685848236,0.8133748769760132,-0.1226804107427597,0.18650922179222107,0.7653347253799438,-0.12007414549589157
NO,-0.0011210627853870392,1.0964850187301636,8.029957712096802e-7,-0.0280955508351326,0.9976300001144409,-0.0005789435817860067,-0.034564875066280365,0.899778425693512,-0.015105794183909893,-0.023663125932216644,0.8207824230194092,-0.029394427314400673,-0.004435040056705475,0.7660836577415466,-0.043589670211076736,-0.04884805530309677,0.8702868819236755,-0.057574786245822906,-0.03692173212766647,0.7420835494995117,-0.08900044113397598,-0.02888256311416626,0.6668834090232849,-0.10347586125135422,-0.021972626447677612,0.6082600355148315,-0.11113382130861282,-0.011578436940908432,0.8998420238494873,-0.0730774849653244,0.02866344153881073,0.75895756483078,-0.10777178406715393,0.06464075297117233,0.6720291376113892,-0.12037939578294754,0.0951700508594513,0.609978199005127,-0.12579602003097534,0.032093971967697144,0.93453049659729,-0.08582519739866257,0.08382204174995422,0.8141068816184998,-0.11673720180988312,0.11726798862218857,0.7372376322746277,-0.12374144047498703,0.14167210459709167,0.6795284748077393,-0.12439516931772232,0.0773022249341011,0.9716127514839172,-0.09693858027458191,0.13238254189491272,0.8791700601577759,-0.11757770925760269,0.16039222478866577,0.8214689493179321,-0.11832483112812042,0.18217355012893677,0.7726298570632935,-0.1158033013343811
NO,-0.0043081194162368774,1.095306396484375,8.270362741313875e-7,-0.028007879853248596,0.9947357773780823,-0.0036149313673377037,-0.029143020510673523,0.897131621837616,-0.019345713779330254,-0.012410767376422882,0.8176265954971313,-0.034166935831308365,0.012318788096308708,0.7627980709075928,-0.048743270337581635,-0.04913152754306793,0.8718264698982239,-0.061663735657930374,-0.03471381962299347,0.7412676215171814,-0.09492110460996628,-0.023327156901359558,0.6625921726226807,-0.11147981882095337,-0.01177322119474411,0.6008005738258362,-0.12052880972623825,-0.01103910431265831,0.9006569981575012,-0.07528385519981384,0.02767374739050865,0.7617599368095398,-0.11054693907499313,0.06479588150978088,0.6735336184501648,-0.12435364723205566,0.09711791574954987,0.6113641262054443,-0.13135027885437012,0.034168023616075516,0.9346961379051208,-0.08629190921783447,0.08539365977048874,0.8145290613174438,-0.11679726839065552,0.11904695630073547,0.738844096660614,-0.12398049235343933,0.14410600066184998,0.6846868991851807,-0.1252865344285965,0.07970014959573746,0.9693071246147156,-0.0961805060505867,0.13401953876018524,0.877800703048706,-0.11698383837938309,0.162424698472023,0.818289577960968,-0.11894290149211884,0.18530255556106567,0.7687941789627075,-0.11735700070858002
NO,-0.009064674377441406,1.0881447792053223,8.223261716011621e-7,-0.029732320457696915,0.9839662313461304,-0.003304367419332266,-0.029415961354970932,0.8859724402427673,-0.01856020838022232,-0.013001319020986557,0.8066827654838562,-0.0327068492770195,0.009837161749601364,0.7516946196556091,-0.04652827978134155,-0.04967956617474556,0.8672595620155334,-0.06206868216395378,-0.03277082368731499,0.7375693321228027,-0.09644804894924164,-0.017680726945400238,0.6588358283042908,-0.11373063921928406,-0.0027701370418071747,0.5963247418403625,-0.12274360656738281,-0.011810146272182465,0.899649441242218,-0.0753093808889389,0.028545359149575233,0.7619497179985046,-0.11066436767578125,0.06511768698692322,0.674006998538971,-0.12432319670915604,0.0960787981748581,0.6109137535095215,-0.13119907677173615,0.03313896805047989,0.9354854226112366,-0.0859483927488327,0.08411553502082825,0.8175326585769653,-0.11670399457216263,0.11666318774223328,0.7408801317214966,-0.12404444813728333,0.14022935926914215,0.6852638721466064,-0.12515945732593536,0.07927166670560837,0.9710691571235657,-0.095333032310009,0.13270610570907593,0.8793835639953613,-0.11596065759658813,0.16123266518115997,0.8199712634086609,-0.1179119199514389,0.18407481908798218,0.7709331512451172,-0.11623940616846085
NO,-0.010734718292951584,1.0746139287948608,8.155708428603248e-7,-0.02948056533932686,0.9706450700759888,-0.005164275411516428,-0.02836332842707634,0.8749101161956787,-0.02211376652121544,-0.011877097189426422,0.7984129190444946,-0.03741447627544403,0.010454798117280006,0.7449609041213989,-0.052531663328409195,-0.047816526144742966,0.8607997298240662,-0.0684058666229248,-0.03174273297190666,0.7332140207290649,-0.10442101955413818,-0.01658390834927559,0.6555545926094055,-0.12167160212993622,-0.001344427466392517,0.5934080481529236,-0.13075567781925201,-0.010636232793331146,0.8958878517150879,-0.08129791170358658,0.0309397391974926,0.7598447203636169,-0.11891884356737137,0.06675601750612259,0.6737725734710693,-0.13259084522724152,0.0971163809299469,0.6113884449005127,-0.13928921520709991,0.033749960362911224,0.9332585334777832,-0.09148310124874115,0.08437902480363846,0.8159242272377014,-0.12414907664060593,0.11598461866378784,0.7388957738876343,-0.13176500797271729,0.13918262720108032,0.6825973391532898,-0.13277435302734375,0.07959917932748795,0.969636857509613,-0.10038366168737411,0.13314685225486755,0.8771366477012634,-0.12258917838335037,0.16160915791988373,0.8167764544487,-0.1251584142446518,0.1848422735929489,0.7672312259674072,-0.12378203868865967
NO,0.005037199705839157,1.091810703277588,6.740006597283354e-7,-0.017663154751062393,0.9988989233970642,-0.004189138766378164,-0.02131277322769165,0.8994978070259094,-0.019220426678657532,-0.007172238081693649,0.8181310296058655,-0.03422662988305092,0.01584884524345398,0.7605287432670593,-0.048831481486558914,-0.046326711773872375,0.8896992802619934,-0.057259928435087204,-0.030113384127616882,0.7611796259880066,-0.08883316069841385,-0.01407967135310173,0.6896487474441528,-0.10131974518299103,0.0018917843699455261,0.6373360753059387,-0.10676033049821854,-0.013792186975479126,0.916956901550293,-0.07184247672557831,0.01883380487561226,0.7750474214553833,-0.10747384279966354,0.050139714032411575,0.6900100111961365,-0.11987124383449554,0.0770326778292656,0.630673348903656,-0.12450912594795227,0.029686806723475456,0.9484180808067322,-0.08446285128593445,0.07821555435657501,0.8275518417358398,-0.1171063557267189,0.1095951572060585,0.7489857077598572,-0.12575778365135193,0.13162854313850403,0.6903181076049805,-0.12682805955410004,0.07700015604496002,0.9816645979881287,-0.09578996896743774,0.12639042735099792,0.887074887752533,-0.11862258613109589,0.15414661169052124,0.8270885944366455,-0.12174423038959503,0.17550277709960938,0.778398334980011,-0.12067395448684692
NO,0.0034876763820648193,1.1034798622131348,8.002577374099928e-7,-0.02386956661939621,1.0178714990615845,-0.003911046776920557,-0.033310696482658386,0.9219922423362732,-0.018962981179356575,-0.023132026195526123,0.841844379901886,-0.03353729471564293,0.00008659809827804565,0.7869589328765869,-0.04768584296107292,-0.05084849148988724,0.9044163227081299,-0.05620117112994194,-0.03862389177083969,0.7779370546340942,-0.08655067533254623,-0.027613088488578796,0.705255389213562,-0.09938917309045792,-0.01675291359424591,0.6507147550582886,-0.10550273954868317,-0.014112111181020737,0.9270921945571899,-0.07004403322935104,0.016175853088498116,0.7828085422515869,-0.10436736047267914,0.04837816208600998,0.6926523447036743,-0.11729319393634796,0.07738303393125534,0.6287888288497925,-0.12235872447490692,0.030731411650776863,0.9536899924278259,-0.08157248795032501,0.07611219584941864,0.8279479742050171,-0.11327571421861649,0.10800976306200027,0.7466654181480408,-0.1220967173576355,0.13167697191238403,0.6859802603721619,-0.12349410355091095,0.07683679461479187,0.9832715392112732,-0.0916162058711052,0.12625496089458466,0.8889672160148621,-0.11345037817955017,0.1535879373550415,0.8283357620239258,-0.11598314344882965,0.17518854141235352,0.7787854671478271,-0.11449842900037766
NO,0.006076231598854065,1.0995121002197266,8.255720445049519e-7,-0.020967260003089905,1.012576699256897,-0.003017501439899206,-0.03074738383293152,0.9149454236030579,-0.017355354502797127,-0.021580055356025696,0.8334171175956726,-0.03156106919050217,0.00027253106236457825,0.7773219347000122,-0.045518700033426285,-0.047427207231521606,0.9008944630622864,-0.053802669048309326,-0.03211206942796707,0.7774282693862915,-0.08473813533782959,-0.01695384830236435,0.707003653049469,-0.09785442054271698,-0.0030478164553642273,0.6553604602813721,-0.10346335917711258,-0.01258624717593193,0.9237574934959412,-0.06791131943464279,0.018583601340651512,0.7799930572509766,-0.10208269953727722,0.05137083679437637,0.688897430896759,-0.1145949438214302,0.0801914632320404,0.6235923767089844,-0.11916839331388474,0.03221835196018219,0.950794517993927,-0.08007839322090149,0.07559552043676376,0.8286457657814026,-0.11097070574760437,0.1071367934346199,0.7454398274421692,-0.12003130465745926,0.13088200986385345,0.6840408444404602,-0.12123937904834747,0.07913725078105927,0.9797223210334778,-0.09077852964401245,0.12523046135902405,0.8834679126739502,-0.11105699837207794,0.15139496326446533,0.8211309909820557,-0.11321429163217545,0.1733880639076233,0.7713162899017334,-0.1114884540438652
NO,0.005378980189561844,1.098673939704895,8.31193801786867e-7,-0.021523304283618927,1.0144121646881104,-0.003982653841376305,-0.03093428537249565,0.9171939492225647,-0.01903149113059044,-0.02082432433962822,0.8363701701164246,-0.033672742545604706,0.0016735419631004333,0.7809941172599792,-0.04816481098532677,-0.0475122295320034,0.9014145731925964,-0.056604303419589996,-0.0329037643969059,0.7786213159561157,-0.08806060999631882,-0.019227758049964905,0.7081136703491211,-0.10161495953798294,-0.007155001163482666,0.6559189558029175,-0.10749702900648117,-0.012671489268541336,0.9244502186775208,-0.07049964368343353,0.01865975931286812,0.7803978323936462,-0.10536584258079529,0.051426686346530914,0.6889742612838745,-0.11823820322751999,0.07996798306703568,0.6231667995452881,-0.12309731543064117,0.03187551721930504,0.9513858556747437,-0.08234903216362,0.0759207233786583,0.8288794755935669,-0.11397583782672882,0.10751917958259583,0.7456191778182983,-0.12326779961585999,0.13124224543571472,0.6841777563095093,-0.12471701949834824,0.07863684743642807,0.9799728393554688,-0.09274922311306,0.12518975138664246,0.8830739855766296,-0.11354960501194,0.15131604671478271,0.8208706378936768,-0.1158512756228447,0.1725553274154663,0.7711989283561707,-0.11448732018470764
NO,-0.023197516798973083,1.1186912059783936,7.581326713079761e-7,-0.04687667638063431,1.0347511768341064,-0.0026526188012212515,-0.052433453500270844,0.9368019700050354,-0.016402821987867355,-0.04169761389493942,0.8575378060340881,-0.02994653396308422,-0.02179563045501709,0.801195502281189,-0.04413619264960289,-0.060114167630672455,0.9121857285499573,-0.053497131913900375,-0.044158607721328735,0.7924030423164368,-0.08352837711572647,-0.034185148775577545,0.7243646383285522,-0.09606610983610153,-0.027547433972358704,0.6738349199295044,-0.10191139578819275,-0.025486357510089874,0.9328458309173584,-0.06853392720222473,0.007777396589517593,0.7915395498275757,-0.10131839662790298,0.03747623413801193,0.7030462622642517,-0.11343255639076233,0.0628364086151123,0.6375922560691833,-0.11817656457424164,0.01799851655960083,0.9639174938201904,-0.08157994598150253,0.06131594628095627,0.8417503833770752,-0.1122465580701828,0.09066639095544815,0.7615041136741638,-0.12156513333320618,0.11314575374126434,0.6989238262176514,-0.12351356446743011,0.0653817355632782,1.0003710985183716,-0.09293167293071747,0.11269354820251465,0.9088720679283142,-0.11461855471134186,0.13973818719387054,0.8484722375869751,-0.1173294186592102,0.1616382598876953,0.7976344227790833,-0.1162281259894371
NO,-0.017712965607643127,1.1148171424865723,7.514290700783022e-7,-0.03664281219244003,1.0264767408370972,-0.0022649364545941353,-0.039283595979213715,0.9295447468757629,-0.014825038611888885,-0.02603406459093094,0.853411853313446,-0.028067030012607574,-0.0036013163626194,0.8020991086959839,-0.041993580758571625,-0.056404322385787964,0.913127601146698,-0.04924565553665161,-0.044268809258937836,0.7909929752349854,-0.08035042136907578,-0.028689220547676086,0.7211564183235168,-0.0936993807554245,-0.014060433954000473,0.6699405908584595,-0.0994325801730156,-0.02422129362821579,0.9342800974845886,-0.06456271559000015,0.006115220487117767,0.7916867733001709,-0.09840574115514755,0.03661113232374191,0.7043145895004272,-0.11261039227247238,0.06287230551242828,0.640448808670044,-0.11817245930433273,0.017960771918296814,0.9663783311843872,-0.07825394719839096,0.058299824595451355,0.8433105945587158,-0.11081342399120331,0.08811338245868683,0.7613241672515869,-0.12382008880376816,0.11026792228221893,0.6992411613464355,-0.12749962508678436,0.0652107521891594,1.0037668943405151,-0.09019099920988083,0.1119970828294754,0.911180317401886,-0.11355166137218475,0.138259157538414,0.8494594693183899,-0.11885702610015869,0.15932300686836243,0.7986953854560852,-0.1191137284040451
NO,-0.023025333881378174,1.112636923789978,7.87422663961479e-7,-0.04241540655493736,1.0245773792266846,-0.0036473574582487345,-0.04298222437500954,0.9270610809326172,-0.0176687128841877,-0.02716844528913498,0.850462794303894,-0.03189712017774582,-0.0027799177914857864,0.7983587980270386,-0.046635206788778305,-0.05742935463786125,0.9134986996650696,-0.0534733384847641,-0.04441482201218605,0.7911438941955566,-0.08520057052373886,-0.028740011155605316,0.7204434275627136,-0.09870694577693939,-0.014685414731502533,0.6683457493782043,-0.10431336611509323,-0.024050913751125336,0.9344607591629028,-0.06821142137050629,0.006990252062678337,0.7914404273033142,-0.10244455933570862,0.037873536348342896,0.7017285823822021,-0.11629071086645126,0.06345166265964508,0.6360474228858948,-0.12155734747648239,0.01935388147830963,0.965898871421814,-0.08120811730623245,0.059419259428977966,0.8431850075721741,-0.1130627691745758,0.08829224109649658,0.760805606842041,-0.12436054646968842,0.10946334898471832,0.6986778974533081,-0.1270788162946701,0.06736019253730774,1.0024101734161377,-0.09259084612131119,0.11419232189655304,0.9084330797195435,-0.11459179222583771,0.1405094414949417,0.8453738689422607,-0.1182444617152214,0.16164159774780273,0.7935817241668701,-0.11756489425897598
NO,-0.02043757401406765,1.1128193140029907,7.105464305823261e-7,-0.0403108224272728,1.0270838737487793,-0.0018916274420917034,-0.043269649147987366,0.9310122132301331,-0.013955189846456051,-0.03064974956214428,0.8552770614624023,-0.0267325472086668,-0.00853998027741909,0.803556501865387,-0.04017243906855583,-0.056711405515670776,0.9126821160316467,-0.048122797161340714,-0.044655218720436096,0.7920659780502319,-0.07832574099302292,-0.03249591588973999,0.7230547666549683,-0.09102948009967804,-0.021828709170222282,0.6713420748710632,-0.09649798274040222,-0.02484600804746151,0.9332629442214966,-0.06343459337949753,0.005682419985532761,0.7931798696517944,-0.09658211469650269,0.03454674780368805,0.7067394256591797,-0.11054781824350357,0.05931875854730606,0.6426290273666382,-0.11601632088422775,0.0171536672860384,0.9653035998344421,-0.07714790850877762,0.0580204613506794,0.8444015979766846,-0.10945411771535873,0.08777779340744019,0.763808012008667,-0.12241026014089584,0.11037537455558777,0.7021329998970032,-0.12611199915409088,0.06395355612039566,1.0028009414672852,-0.08909447491168976,0.11104196310043335,0.9103517532348633,-0.11248282343149185,0.1376737803220749,0.8491860032081604,-0.11786718666553497,0.15883681178092957,0.7979896664619446,-0.11820371448993683
NO,-0.01798088289797306,1.1545016765594482,7.005826319073094e-7,-0.0353383794426918,1.0770360231399536,-0.006815596483647823,-0.04014007747173309,0.9792578816413879,-0.022452611476182938,-0.029264258220791817,0.9019765853881836,-0.03847818821668625,-0.013060325756669044,0.8453874588012695,-0.055952999740839005,-0.0600108727812767,0.9563305974006653,-0.057465244084596634,-0.04441605508327484,0.8296674489974976,-0.09241485595703125,-0.024683570489287376,0.7508747577667236,-0.10963764041662216,-0.003398751839995384,0.6916803121566772,-0.118459053337574,-0.03252445161342621,0.9748122692108154,-0.07229363173246384,-0.009409094229340553,0.8347430229187012,-0.10837743431329727,0.016247231513261795,0.744097888469696,-0.12467605620622635,0.041065964847803116,0.6758744716644287,-0.13257332146167755,0.007572224363684654,1.0034524202346802,-0.08586180955171585,0.03982604667544365,0.8757579922676086,-0.12047538161277771,0.06568142026662827,0.791203498840332,-0.13601787388324738,0.08648979663848877,0.7251170873641968,-0.14257092773914337,0.05580946058034897,1.0391087532043457,-0.0980437695980072,0.09636987745761871,0.9467485547065735,-0.12677638232707977,0.11936585605144501,0.8841161131858826,-0.13660597801208496,0.13788515329360962,0.8303512334823608,-0.1402185559272766
NO,-0.009260013699531555,1.1649943590164185,7.066682314871287e-7,-0.03204037994146347,1.0860003232955933,-0.00386914168484509,-0.04390045255422592,0.9869135618209839,-0.0168116744607687,-0.04121632128953934,0.9070211052894592,-0.0301627479493618,-0.034472592175006866,0.8497170209884644,-0.044816888868808746,-0.05661942809820175,0.9662299156188965,-0.05242166295647621,-0.05052667856216431,0.8433191776275635,-0.08472057431936264,-0.04055687040090561,0.7678996324539185,-0.1002291887998581,-0.02809985540807247,0.7119548916816711,-0.10817575454711914,-0.02724725566804409,0.9791553020477295,-0.0674603059887886,-0.008144274353981018,0.8366447687149048,-0.10142544656991959,0.01570950821042061,0.7445442080497742,-0.11714767664670944,0.03903636708855629,0.6783921718597412,-0.12458155304193497,0.013088483363389969,1.0025365352630615,-0.081089086830616,0.039586231112480164,0.8747318983078003,-0.1133025661110878,0.06362497061491013,0.7876415252685547,-0.12970837950706482,0.08374881744384766,0.7207578420639038,-0.13722768425941467,0.060192279517650604,1.0330111980438232,-0.09305164963006973,0.0980549231171608,0.9432427883148193,-0.11936929076910019,0.11785578727722168,0.87987220287323,-0.12945201992988586,0.13366764783859253,0.8270201086997986,-0.1337243616580963
NO,0.01051073707640171,1.168809175491333,5.432267471405794e-7,-0.013600125908851624,1.083736777305603,0.0016331304796040058,-0.029100894927978516,0.9832890629768372,-0.009902768768370152,-0.03459374979138374,0.902421772480011,-0.022994477301836014,-0.038520414382219315,0.8354244232177734,-0.037307366728782654,-0.040194664150476456,0.9671657085418701,-0.04355725646018982,-0.03665333241224289,0.8545609712600708,-0.07397481054067612,-0.02539094164967537,0.7852251529693604,-0.09027144312858582,-0.011808652430772781,0.7305635213851929,-0.0998275950551033,-0.014115449041128159,0.9818047881126404,-0.060621801763772964,-0.003201240673661232,0.8620657920837402,-0.09018612653017044,0.014514362439513206,0.786098062992096,-0.10392308980226517,0.03211865574121475,0.7269497513771057,-0.11271132528781891,0.021128453314304352,1.007541537284851,-0.07615053653717041,0.038447923958301544,0.9037038087844849,-0.10247259587049484,0.05996919795870781,0.8355059027671814,-0.11109019815921783,0.07925020903348923,0.7800012826919556,-0.11595358699560165,0.06246226653456688,1.0387873649597168,-0.09044209867715836,0.0825980007648468,0.9588903784751892,-0.11185810714960098,0.0990072637796402,0.9018876552581787,-0.11723344027996063,0.11386281251907349,0.8526234030723572,-0.11996376514434814
NO,0.007370299659669399,1.158044695854187,5.883216545043979e-7,-0.019124669954180717,1.076134443283081,-0.0012624762021005154,-0.034304797649383545,0.9733201265335083,-0.012209827080368996,-0.03624728322029114,0.8901009559631348,-0.023623814806342125,-0.03581037372350693,0.8220284581184387,-0.0357079803943634,-0.04594375193119049,0.9624321460723877,-0.0414673388004303,-0.04455476254224777,0.8540553450584412,-0.07032693177461624,-0.03409499675035477,0.7869001626968384,-0.08603425323963165,-0.021553924307227135,0.7335529327392578,-0.09550053626298904,-0.01630805991590023,0.9750534296035767,-0.05663013830780983,-0.006337229162454605,0.8579476475715637,-0.08481954783201218,0.01067282073199749,0.7832255959510803,-0.0992702916264534,0.02729962021112442,0.7243813276290894,-0.10890411585569382,0.02026730589568615,1.000118613243103,-0.07049447298049927,0.03732750192284584,0.8966917991638184,-0.09625448286533356,0.058972880244255066,0.8288456797599792,-0.10496681183576584,0.07743481546640396,0.7728192806243896,-0.10999315232038498,0.061510078608989716,1.0323244333267212,-0.08322788029909134,0.08252571523189545,0.955924391746521,-0.10463172942399979,0.10011889785528183,0.8994516134262085,-0.10974183678627014,0.11557108163833618,0.8499575257301331,-0.11225501447916031
