label,feature_1,feature_2,feature_3,feature_4,feature_5,feature_6,feature_7,feature_8,feature_9,feature_10,feature_11,feature_12,feature_13,feature_14,feature_15,feature_16,feature_17,feature_18,feature_19,feature_20,feature_21,feature_22,feature_23,feature_24,feature_25,feature_26,feature_27,feature_28,feature_29,feature_30,feature_31,feature_32,feature_33,feature_34,feature_35,feature_36,feature_37,feature_38,feature_39,feature_40,feature_41,feature_42,feature_43,feature_44,feature_45,feature_46,feature_47,feature_48,feature_49,feature_50,feature_51,feature_52,feature_53,feature_54,feature_55,feature_56,feature_57,feature_58,feature_59,feature_60,feature_61,feature_62,feature_63
YES,0.6996526122093201,0.9649888873100281,-5.570083771999634e-7,0.6646460294723511,0.9577418565750122,-0.016986915841698647,0.6449305415153503,0.9415399432182312,-0.03513946011662483,0.6404368877410889,0.9478955268859863,-0.05364738404750824,0.6491315364837646,0.9657651782035828,-0.07198472321033478,0.6636443138122559,0.8952983021736145,-0.042730268090963364,0.6429978013038635,0.9276576042175293,-0.06374002248048782,0.6369130611419678,0.9919705390930176,-0.07221216708421707,0.6376923322677612,1.037685513496399,-0.07636293768882751,0.7019146680831909,0.9019273519515991,-0.045715417712926865,0.6866205334663391,0.9562988877296448,-0.06772021949291229,0.6736946702003479,1.0300222635269165,-0.0718141496181488,0.6686956882476807,1.0703192949295044,-0.07283762097358704,0.7367696166038513,0.9203441739082336,-0.048359405249357224,0.7264552712440491,0.9694481492042542,-0.07636293768882751,0.7124678492546082,1.0382534265518188,-0.07397482544183731,0.7035009264945984,1.079295039176941,-0.06686732918024063,0.7653478980064392,0.9477094411849976,-0.051515135914087296,0.7642888426780701,0.9883794784545898,-0.07187100499868393,0.7528398633003235,1.0402106046676636,-0.06663988530635834,0.7452595233917236,1.0724149942398071,-0.05828147381544113
YES,0.7063343524932861,0.9407175183296204,1.5048877344270295e-7,0.6758167743682861,0.9163984060287476,-0.017874296754598618,0.6524390578269958,0.9056664705276489,-0.04378223046660423,0.6503087878227234,0.9103175401687622,-0.06614143401384354,0.6654871106147766,0.928886353969574,-0.08843531459569931,0.6442015767097473,0.9954718351364136,-0.08530024439096451,0.6369000673294067,0.930762767791748,-0.11399491131305695,0.6514034271240234,0.9201214909553528,-0.12305179983377457,0.658012330532074,0.9325713515281677,-0.12557728588581085,0.6793628334999084,1.0149657726287842,-0.08865303546190262,0.6882184147834778,0.9315058588981628,-0.11591079086065292,0.6956213712692261,0.9279108643531799,-0.11199194192886353,0.6912520527839661,0.9448292255401611,-0.10868269950151443,0.7171569466590881,1.0202572345733643,-0.08969805389642715,0.7318748831748962,0.9364838004112244,-0.11251445859670639,0.7355526089668274,0.9461164474487305,-0.09753575176000595,0.7305827736854553,0.9737904667854309,-0.08560504764318466,0.7519306540489197,1.02059006690979,-0.09170103073120117,0.7664227485656738,0.9732384085655212,-0.10833435505628586,0.769464910030365,0.9742944240570068,-0.09988705813884735,0.7666753530502319,0.992207944393158,-0.09318147599697113
YES,0.6965334415435791,0.9451392889022827,-6.539302148667048e-7,0.6655299663543701,0.9520965218544006,-0.02541976235806942,0.6303608417510986,0.9497450590133667,-0.047841984778642654,0.6037154197692871,0.959922194480896,-0.06861703097820282,0.5864900350570679,0.9695090651512146,-0.08903595060110092,0.6495203971862793,0.8774859309196472,-0.049741413444280624,0.6358112096786499,0.9077539443969727,-0.07757999002933502,0.6310356855392456,0.9684593677520752,-0.0916476622223854,0.6302953958511353,1.0002126693725586,-0.09859247505664825,0.6903684735298157,0.884917676448822,-0.05143309384584427,0.6742896437644958,0.9348337054252625,-0.0760960504412651,0.6611899733543396,1.0044560432434082,-0.07983556389808655,0.6554856300354004,1.0339159965515137,-0.08048849552869797,0.7274934649467468,0.9055432081222534,-0.054311927407979965,0.7132399082183838,0.9487292766571045,-0.08701779693365097,0.6977598071098328,1.018240213394165,-0.07971685379743576,0.6896242499351501,1.0503854751586914,-0.06915125250816345,0.759541928768158,0.9329084157943726,-0.05846693739295006,0.7537358999252319,0.9712756276130676,-0.08310021460056305,0.7383574843406677,1.025251030921936,-0.07360304892063141,0.7293365001678467,1.0521612167358398,-0.06173158809542656
YES,0.6955305933952332,1.0215941667556763,-5.833466616422811e-7,0.665307879447937,1.012893557548523,-0.0233735553920269,0.6357212066650391,0.9978926181793213,-0.04209156334400177,0.6144569516181946,0.9969193935394287,-0.06002908945083618,0.5991414189338684,0.9998396635055542,-0.07695335149765015,0.6429610252380371,0.8899220824241638,-0.03409498929977417,0.6269511580467224,0.9011690616607666,-0.06665638834238052,0.6244956851005554,0.9627138376235962,-0.08757893741130829,0.6242519021034241,1.0020925998687744,-0.09727341681718826,0.6875789165496826,0.8908132314682007,-0.03740863874554634,0.6712859869003296,0.9297212958335876,-0.06375353038311005,0.6577914953231812,1.00105619430542,-0.07043559849262238,0.6522477865219116,1.0349762439727783,-0.07070945203304291,0.7272613048553467,0.9162507653236389,-0.04387162998318672,0.7141385078430176,0.953508734703064,-0.0739409476518631,0.6977500319480896,1.0194441080093384,-0.06851860880851746,0.6922640204429626,1.0531145334243774,-0.05800256505608559,0.7612206935882568,0.9520770907402039,-0.05186820402741432,0.7497137784957886,0.982343852519989,-0.07229781150817871,0.7341105341911316,1.0267845392227173,-0.06369875371456146,0.7288293242454529,1.0514075756072998,-0.05159434676170349
YES,0.6891620755195618,1.0174535512924194,-4.3873654931303463e-7,0.663086473941803,1.006800889968872,-0.026239754632115364,0.6358171105384827,0.9958578944206238,-0.046619512140750885,0.6162944436073303,0.9968523979187012,-0.06490269303321838,0.6041063666343689,1.001352310180664,-0.08125859498977661,0.6379795074462891,0.8820183873176575,-0.04000422731041908,0.6180209517478943,0.8930075764656067,-0.07287228852510452,0.6159159541130066,0.9496706128120422,-0.09125965088605881,0.6167309880256653,0.9862993359565735,-0.09902089089155197,0.6813690662384033,0.8810235261917114,-0.04169711470603943,0.6610464453697205,0.9234362244606018,-0.0697469562292099,0.6511658430099487,0.9904972910881042,-0.07464330643415451,0.6493227481842041,1.0177600383758545,-0.07360152900218964,0.7196577787399292,0.9062665700912476,-0.046775780618190765,0.7029764652252197,0.9480906128883362,-0.07532045990228653,0.6883811354637146,1.0057201385498047,-0.0689656212925911,0.6836068034172058,1.029570460319519,-0.0589645653963089,0.7522851824760437,0.9421888589859009,-0.053911950439214706,0.7371271252632141,0.9796820282936096,-0.07250766456127167,0.7206908464431763,1.018012523651123,-0.06526731699705124,0.7135878801345825,1.0341285467147827,-0.05521417409181595
YES,0.6933706402778625,1.0057146549224854,-3.335589155994967e-7,0.6659875512123108,1.003496527671814,-0.029543323442339897,0.6374784708023071,1.0007940530776978,-0.054425742477178574,0.6185897588729858,1.0062594413757324,-0.07646793127059937,0.6053547859191895,1.0156000852584839,-0.09719923883676529,0.634106457233429,0.8865786790847778,-0.05209529772400856,0.6173738241195679,0.8966655731201172,-0.0873919203877449,0.6193222999572754,0.9508280158042908,-0.10768627375364304,0.6221088171005249,0.9862661957740784,-0.1172022819519043,0.6763417720794678,0.8836244344711304,-0.053794585168361664,0.662131667137146,0.9203402400016785,-0.08404190093278885,0.6547189354896545,0.9851308465003967,-0.09040208905935287,0.6527184844017029,1.0134655237197876,-0.09108180552721024,0.7149539589881897,0.9058774709701538,-0.05840693414211273,0.7049437761306763,0.9390552639961243,-0.08947961032390594,0.6926686763763428,0.9978960156440735,-0.08331362903118134,0.6872414946556091,1.0251996517181396,-0.07374907284975052,0.748294472694397,0.9386671781539917,-0.06510698050260544,0.7411872744560242,0.9664915204048157,-0.08656655251979828,0.7271446585655212,1.006723403930664,-0.07928389310836792,0.7201844453811646,1.0254794359207153,-0.06923381984233856
YES,0.6883542537689209,0.9698359370231628,-4.1130968497782305e-7,0.6585589647293091,0.962813138961792,-0.021066537126898766,0.6308128833770752,0.9634655714035034,-0.042707618325948715,0.6143723726272583,0.9737289547920227,-0.06367839872837067,0.6033669114112854,0.9832257628440857,-0.08474493771791458,0.6277027130126953,0.8706639409065247,-0.04510153830051422,0.6123198866844177,0.8965933918952942,-0.0790952742099762,0.6137281656265259,0.9453291296958923,-0.10092785954475403,0.6156184077262878,0.98152095079422,-0.11136537045240402,0.6695170998573303,0.8744813799858093,-0.05041605606675148,0.6552677154541016,0.9370195865631104,-0.08086677640676498,0.6461965441703796,1.0016779899597168,-0.08914975076913834,0.6418436169624329,1.0377116203308105,-0.0905861034989357,0.7087309956550598,0.9003956317901611,-0.05759782716631889,0.6913273930549622,0.9567102789878845,-0.08689945936203003,0.6784251928329468,1.0117853879928589,-0.08249463886022568,0.6738895773887634,1.044114589691162,-0.07368500530719757,0.7410876750946045,0.9345601797103882,-0.0662638321518898,0.7228906154632568,0.9786820411682129,-0.08622916042804718,0.7077915668487549,1.017048954963684,-0.07890375703573227,0.7028188705444336,1.039486050605774,-0.06822685152292252
YES,0.6934599280357361,0.9466564655303955,-4.382486622489523e-7,0.659841775894165,0.940204918384552,-0.020612120628356934,0.631447434425354,0.9446162581443787,-0.04527871683239937,0.6185235381126404,0.9646911025047302,-0.06949228793382645,0.6113767623901367,0.983745276927948,-0.0945892408490181,0.6319704651832581,0.8694642186164856,-0.055494170635938644,0.6128103733062744,0.9206164479255676,-0.0921429768204689,0.6137813329696655,0.9675260782241821,-0.11533727496862411,0.6142598390579224,1.0003397464752197,-0.12693442404270172,0.6752806901931763,0.8778117299079895,-0.06310480087995529,0.6564677953720093,0.9691723585128784,-0.09667311608791351,0.6495764851570129,1.0295770168304443,-0.1062769964337349,0.6463284492492676,1.061212182044983,-0.10926689207553864,0.7158159613609314,0.903627872467041,-0.07157615572214127,0.6953222751617432,0.9875884056091309,-0.10364952683448792,0.6897401213645935,1.0418543815612793,-0.09966299682855606,0.6888301372528076,1.0727890729904175,-0.0910557359457016,0.7501646876335144,0.9360553622245789,-0.08158775418996811,0.7334741950035095,0.9996355175971985,-0.10473674535751343,0.7246145009994507,1.0408796072006226,-0.09785094857215881,0.7226577997207642,1.0631635189056396,-0.08706922829151154
YES,0.6879366636276245,0.9610452651977539,-3.5524982422430185e-7,0.6608174443244934,0.9551538825035095,-0.023611485958099365,0.6311430931091309,0.9578850269317627,-0.04424310475587845,0.6149871349334717,0.9722304344177246,-0.06414681673049927,0.6045479774475098,0.9856848120689392,-0.08370932191610336,0.6222928166389465,0.8651826977729797,-0.03851083666086197,0.6018138527870178,0.8919877409934998,-0.06924215704202652,0.6031007170677185,0.939763605594635,-0.0893050953745842,0.6088892817497253,0.9767579436302185,-0.09872239828109741,0.6634601950645447,0.8640764355659485,-0.042104873806238174,0.6486557722091675,0.9309565424919128,-0.06764986366033554,0.6435447931289673,0.9933134913444519,-0.07451948523521423,0.6426407694816589,1.0273311138153076,-0.075520358979702,0.703018844127655,0.8887072205543518,-0.04849681258201599,0.6880937218666077,0.9597132802009583,-0.07365509867668152,0.6809152364730835,1.015540599822998,-0.0694696307182312,0.6806132197380066,1.04841148853302,-0.061508145183324814,0.7361770868301392,0.925107479095459,-0.056913234293460846,0.7195498943328857,0.9852264523506165,-0.0757933259010315,0.7085786461830139,1.0230242013931274,-0.07024303078651428,0.7054929137229919,1.0450499057769775,-0.060825735330581665
YES,0.6870089769363403,0.9654635190963745,-3.844126013063942e-7,0.6590490341186523,0.9549696445465088,-0.021942170336842537,0.6300975680351257,0.9539427757263184,-0.043049708008766174,0.613994300365448,0.9648038744926453,-0.06356421113014221,0.6058929562568665,0.9775444865226746,-0.0839029997587204,0.6264759302139282,0.8614951968193054,-0.03810777887701988,0.6079572439193726,0.8978889584541321,-0.0697581022977829,0.6084097027778625,0.9384885430335999,-0.09172222763299942,0.612669825553894,0.9662493467330933,-0.10305572301149368,0.6678287982940674,0.8632504940032959,-0.04263238608837128,0.65172278881073,0.938387930393219,-0.07046094536781311,0.6452889442443848,0.9994184970855713,-0.07929053157567978,0.6446669101715088,1.0336564779281616,-0.08131122589111328,0.7070263028144836,0.8882156610488892,-0.049419306218624115,0.6895833015441895,0.9612116813659668,-0.0763034075498581,0.6837268471717834,1.0161714553833008,-0.07208628952503204,0.6847854256629944,1.049987554550171,-0.06356421113014221,0.7394599914550781,0.9250684380531311,-0.05816102772951126,0.7229657769203186,0.9816319942474365,-0.07775304466485977,0.7119165062904358,1.0209639072418213,-0.07164701074361801,0.7090790271759033,1.0455050468444824,-0.06136779487133026
YES,0.682379424571991,0.9718422889709473,-3.727931243702187e-7,0.6496912240982056,0.9570890665054321,-0.024094227701425552,0.6231281161308289,0.9402080178260803,-0.04133329167962074,0.608771026134491,0.9370788931846619,-0.05668437108397484,0.6046107411384583,0.9431639909744263,-0.0699901357293129,0.622230589389801,0.8385008573532104,-0.029353603720664978,0.5986723899841309,0.8924427032470703,-0.056234851479530334,0.598349928855896,0.9488200545310974,-0.07174326479434967,0.6022827625274658,0.9645861387252808,-0.07929518818855286,0.663254976272583,0.8491792678833008,-0.03151129558682442,0.6438441872596741,0.9142865538597107,-0.051694709807634354,0.6360781788825989,0.9721776247024536,-0.05574037879705429,0.6345200538635254,0.9751297831535339,-0.05654951557517052,0.6999107599258423,0.8796859979629517,-0.037085335701704025,0.6861268877983093,0.9354910850524902,-0.05888701230287552,0.6734218001365662,0.9834489226341248,-0.052998315542936325,0.6708354949951172,0.9853833317756653,-0.0454014427959919,0.729249119758606,0.9174257516860962,-0.044929444789886475,0.7185249328613281,0.9539282321929932,-0.057538457214832306,0.7048107385635376,0.9889335036277771,-0.04913244768977165,0.7002056837081909,0.9977647066116333,-0.03969254717230797
YES,0.6800407767295837,0.9768099784851074,-4.232036587836774e-7,0.6469404697418213,0.959291934967041,-0.022754784673452377,0.6229466795921326,0.9389932155609131,-0.039413001388311386,0.6089788675308228,0.9280362725257874,-0.054482683539390564,0.6020456552505493,0.9303411841392517,-0.06736274808645248,0.6288806796073914,0.8426549434661865,-0.02898014895617962,0.6011948585510254,0.8923581838607788,-0.055985357612371445,0.596754252910614,0.9454874992370605,-0.07135556638240814,0.5999358892440796,0.9601137638092041,-0.07856840640306473,0.6682854890823364,0.8542075753211975,-0.03172789514064789,0.6441041231155396,0.9136464595794678,-0.05259360373020172,0.6332018375396729,0.9687488079071045,-0.05684402212500572,0.6316725015640259,0.9729743003845215,-0.05710162967443466,0.7037391662597656,0.8837860226631165,-0.03758832439780235,0.6844090819358826,0.9341326355934143,-0.05993524566292763,0.670038640499115,0.9793002605438232,-0.054268013685941696,0.6672288775444031,0.9822254180908203,-0.04628237336874008,0.7325923442840576,0.9212994575500488,-0.04555249959230423,0.7192698121070862,0.9520527720451355,-0.05881896987557411,0.7039885520935059,0.9845317602157593,-0.05036105960607529,0.698837161064148,0.9947492480278015,-0.040293138474226
YES,0.6787772178649902,0.9658795595169067,-3.2534947536078107e-7,0.6476926207542419,0.949127197265625,-0.021510306745767593,0.6168437004089355,0.9259349703788757,-0.03635606914758682,0.5984333157539368,0.9211631417274475,-0.04968515411019325,0.5980424880981445,0.9278236627578735,-0.0604015588760376,0.6244837641716003,0.8249229788780212,-0.022805573418736458,0.5876505374908447,0.885913610458374,-0.0455668643116951,0.5882720947265625,0.9401010870933533,-0.05876309797167778,0.598715603351593,0.9503144025802612,-0.06531693786382675,0.6639259457588196,0.8428398966789246,-0.024886859580874443,0.6260449290275574,0.916343629360199,-0.04054078459739685,0.6246353387832642,0.9609947800636292,-0.04337487369775772,0.6331343054771423,0.9502019286155701,-0.04377341642975807,0.6984421610832214,0.8794540762901306,-0.030112214386463165,0.6658477187156677,0.9475533366203308,-0.0450354740023613,0.6610720157623291,0.9795836806297302,-0.03797238692641258,0.6696996688842773,0.9666664600372314,-0.03086501732468605,0.7246663570404053,0.9221447110176086,-0.03786168247461319,0.6976865530014038,0.9679787158966064,-0.04470335319638252,0.6866708993911743,0.9899438619613647,-0.03516044095158577,0.6897344589233398,0.9864928722381592,-0.025506816804409027
YES,0.6800927519798279,0.9667962193489075,-3.769864349578711e-7,0.6504409313201904,0.9482084512710571,-0.021226920187473297,0.6202595233917236,0.9246378540992737,-0.036651283502578735,0.5989301204681396,0.9217308163642883,-0.050999004393815994,0.5922368764877319,0.9316033720970154,-0.06305743753910065,0.6230952739715576,0.8272419571876526,-0.02511417679488659,0.5890214443206787,0.8924770355224609,-0.05000168830156326,0.588882565498352,0.9459767937660217,-0.06450807303190231,0.5969101786613464,0.9540625810623169,-0.0715799331665039,0.6627001762390137,0.8431307077407837,-0.028242114931344986,0.6298385858535767,0.9170166850090027,-0.0461031012237072,0.6259817481040955,0.9651244282722473,-0.04877771437168121,0.6330183744430542,0.9561517238616943,-0.04832439124584198,0.698189377784729,0.8780977129936218,-0.03449799120426178,0.6706852316856384,0.9409595727920532,-0.05244964361190796,0.6621695756912231,0.977022647857666,-0.0452871136367321,0.6685577034950256,0.967616856098175,-0.03710461035370827,0.7260788083076477,0.91951984167099,-0.04315648972988129,0.7051560878753662,0.9619214534759521,-0.05181498825550079,0.6920261383056641,0.9878948330879211,-0.04179651662707329,0.6934008598327637,0.989331841468811,-0.031256724148988724
YES,0.666274905204773,0.9508244395256042,-2.704124426600174e-7,0.6326743960380554,0.9373418092727661,-0.021601930260658264,0.6028488874435425,0.9226216673851013,-0.03877909481525421,0.5830926895141602,0.9276679754257202,-0.05445864796638489,0.5781481266021729,0.9450451731681824,-0.06730181723833084,0.6150621175765991,0.8179264068603516,-0.028590789064764977,0.5763179063796997,0.8954274654388428,-0.05119112506508827,0.5815209746360779,0.9385799765586853,-0.06403429061174393,0.5948002338409424,0.9400629997253418,-0.07106853276491165,0.6548051238059998,0.8294205069541931,-0.03183561936020851,0.6155794858932495,0.9270238280296326,-0.04937584325671196,0.6208075284957886,0.9574166536331177,-0.05386867746710777,0.6316882371902466,0.9395906329154968,-0.05568396672606468,0.6895588636398315,0.8608745336532593,-0.03757646307349205,0.6537267565727234,0.9473605751991272,-0.05377791449427605,0.65721195936203,0.9645907878875732,-0.04887663573026657,0.6679240465164185,0.9442408680915833,-0.04352153465151787,0.7170163989067078,0.9002698659896851,-0.04599486663937569,0.6906446814537048,0.9607203006744385,-0.05563858151435852,0.6866893768310547,0.9734752178192139,-0.049103543162345886,0.6922231912612915,0.9632512927055359,-0.041479334235191345
YES,0.6643124222755432,0.9627112150192261,-3.0966273811827705e-7,0.6351354718208313,0.9498134255409241,-0.025325242429971695,0.6033929586410522,0.9349108934402466,-0.04404705390334129,0.5797286033630371,0.9384636878967285,-0.060277462005615234,0.5755555033683777,0.9532493948936462,-0.0734359472990036,0.6150519847869873,0.8182374238967896,-0.03016291931271553,0.5795085430145264,0.9006481766700745,-0.05539140850305557,0.5837331414222717,0.9429006576538086,-0.07130736112594604,0.5964065790176392,0.9389792680740356,-0.08025707304477692,0.6552630662918091,0.8311824798583984,-0.03108207881450653,0.6182656288146973,0.9278507828712463,-0.049537818878889084,0.6213091611862183,0.9600076675415039,-0.05369821935892105,0.6326821446418762,0.9438237547874451,-0.05476250872015953,0.6899298429489136,0.8628297448158264,-0.03509735316038132,0.6548233032226562,0.9474500417709351,-0.05215016379952431,0.6548906564712524,0.9695470333099365,-0.04559510946273804,0.6650797128677368,0.9525501132011414,-0.03814508765935898,0.7175715565681458,0.9010559320449829,-0.042232923209667206,0.6904371976852417,0.9605578184127808,-0.05132775753736496,0.685214102268219,0.9757559895515442,-0.043901920318603516,0.6919810771942139,0.966098427772522,-0.03502478823065758
YES,0.6487635970115662,0.9421696066856384,-1.2319132736138272e-7,0.6167009472846985,0.9357444047927856,-0.03239157795906067,0.5826140642166138,0.9333898425102234,-0.05994640663266182,0.5663049221038818,0.9521318078041077,-0.08334846049547195,0.576674222946167,0.9749408960342407,-0.1036725863814354,0.6008527278900146,0.8042717576026917,-0.04609570652246475,0.5699729919433594,0.8996939659118652,-0.07645975053310394,0.5751489996910095,0.9315457940101624,-0.09556248039007187,0.5855669379234314,0.9124071598052979,-0.10787421464920044,0.6444075107574463,0.8165655732154846,-0.0454850047826767,0.6089615821838379,0.9238746762275696,-0.06971761584281921,0.610416054725647,0.9444225430488586,-0.07514064013957977,0.6190484762191772,0.9117046594619751,-0.07792544364929199,0.6808115839958191,0.8480444550514221,-0.048196520656347275,0.6439118385314941,0.9424597024917603,-0.06786108762025833,0.6409717202186584,0.9554718732833862,-0.05931127816438675,0.6490978598594666,0.928070604801178,-0.051543157547712326,0.7084643244743347,0.8859409093856812,-0.05481651797890663,0.677151083946228,0.954584538936615,-0.0667862594127655,0.669321596622467,0.9626497626304626,-0.061021238565444946,0.6743847727775574,0.9419875144958496,-0.05408367142081261
YES,0.649313747882843,0.9571931958198547,-1.5086772009453853e-7,0.612009584903717,0.9534195065498352,-0.0372956320643425,0.574752688407898,0.9513739943504333,-0.06745116412639618,0.5654346346855164,0.9645601511001587,-0.09231491386890411,0.5896152257919312,0.9777494668960571,-0.11282370984554291,0.595743715763092,0.8076320886611938,-0.051702432334423065,0.5685346722602844,0.9025614261627197,-0.08340245485305786,0.5746100544929504,0.9357948303222656,-0.10284782946109772,0.5854769945144653,0.9155389070510864,-0.11555822938680649,0.6407014727592468,0.8181849718093872,-0.048942603170871735,0.6091594696044922,0.9229262471199036,-0.07408487796783447,0.6104434728622437,0.943382978439331,-0.07818663120269775,0.6182706952095032,0.9136568307876587,-0.07995899766683578,0.6787881851196289,0.848524272441864,-0.05008198320865631,0.6458157300949097,0.9442995190620422,-0.0712490901350975,0.6430125832557678,0.9562469720840454,-0.061222564429044724,0.6502698659896851,0.9280882477760315,-0.052107542753219604,0.7081007361412048,0.8851790428161621,-0.055652275681495667,0.6779149174690247,0.9559066891670227,-0.06972991675138474,0.6726290583610535,0.963747501373291,-0.06456473469734192,0.6791862845420837,0.942581832408905,-0.057576559484004974
YES,0.6376407146453857,0.9071074724197388,-8.23096897306641e-8,0.6020670533180237,0.9044528603553772,-0.03223643824458122,0.564746618270874,0.9157645106315613,-0.06008520722389221,0.5614456534385681,0.9494271278381348,-0.08336564153432846,0.5896958708763123,0.9798747301101685,-0.1033940389752388,0.5926863551139832,0.7934865951538086,-0.04914185404777527,0.5628868341445923,0.8943217992782593,-0.07670671492815018,0.5648602843284607,0.915084719657898,-0.09451548010110855,0.574090838432312,0.8915692567825317,-0.10633635520935059,0.6362226605415344,0.807891845703125,-0.04720611497759819,0.6031531095504761,0.9293226599693298,-0.06695061177015305,0.6031531095504761,0.9293226599693298,-0.06942834705114365,0.6095356345176697,0.8914740085601807,-0.0708737000823021,0.6738604307174683,0.8394889235496521,-0.04826431721448898,0.6379727125167847,0.9491285681724548,-0.06405991315841675,0.6356350779533386,0.9392642974853516,-0.05149054527282715,0.6415606737136841,0.9030280709266663,-0.040392328053712845,0.7022885084152222,0.8765542507171631,-0.053735993802547455,0.6700495481491089,0.9538120627403259,-0.0675700455904007,0.6677389740943909,0.941065788269043,-0.061685413122177124,0.6754619479179382,0.9076830148696899,-0.053064942359924316
YES,0.6395755410194397,0.9144467115402222,-9.88955406455716e-8,0.601731538772583,0.914368212223053,-0.033627551048994064,0.5640778541564941,0.9257755279541016,-0.06316695362329483,0.5634026527404785,0.9573202133178711,-0.08769587427377701,0.5934299826622009,0.9825177788734436,-0.10858533531427383,0.5915082097053528,0.7963410019874573,-0.05364454537630081,0.5628377199172974,0.889012336730957,-0.0835578590631485,0.5655049681663513,0.9097313284873962,-0.10300151258707047,0.575072169303894,0.8883494734764099,-0.1160636693239212,0.6352955102920532,0.8106806874275208,-0.051799893379211426,0.6037550568580627,0.9257547855377197,-0.07353690266609192,0.60478276014328,0.9280409216880798,-0.07717635482549667,0.6127592921257019,0.8937588334083557,-0.07986855506896973,0.6729985475540161,0.8428071737289429,-0.05304627865552902,0.6399075984954834,0.9489173293113708,-0.07044585794210434,0.63789302110672,0.9430655241012573,-0.058829519897699356,0.6449928283691406,0.9088309407234192,-0.048958130180835724,0.7022523283958435,0.8806073069572449,-0.058829519897699356,0.6711711883544922,0.9557392001152039,-0.07383602857589722,0.6683486104011536,0.9469506144523621,-0.06890033930540085,0.6768143773078918,0.9156225323677063,-0.06137215346097946
YES,0.6403051018714905,0.908678412437439,-8.384279936990424e-8,0.6003687381744385,0.9096258878707886,-0.03568454086780548,0.5595709681510925,0.9204741716384888,-0.06703311204910278,0.556468665599823,0.9570555090904236,-0.09349748492240906,0.5861241221427917,0.9861828088760376,-0.11652299016714096,0.5856508612632751,0.7808877825737,-0.05327761918306351,0.5560625195503235,0.8761544227600098,-0.08597183227539062,0.5600517988204956,0.9129591584205627,-0.10795071721076965,0.5699203014373779,0.8963643312454224,-0.12280266731977463,0.6310773491859436,0.7986195683479309,-0.051234230399131775,0.5953074097633362,0.9133508205413818,-0.07356198877096176,0.5953232049942017,0.9355312585830688,-0.07700086385011673,0.6046487092971802,0.8993701934814453,-0.07959247380495071,0.6685510873794556,0.8349334001541138,-0.052878908812999725,0.6307019591331482,0.9414556622505188,-0.067930206656456,0.6268722414970398,0.9484652876853943,-0.05472294241189957,0.6355038285255432,0.9168553948402405,-0.0451539047062397,0.6951360702514648,0.8765370845794678,-0.059407785534858704,0.6609894037246704,0.9519612193107605,-0.07161828130483627,0.6581377983093262,0.9496978521347046,-0.06503956764936447,0.6679638624191284,0.9207366704940796,-0.05726471543312073
YES,0.6393484473228455,0.9051124453544617,-6.012382414155582e-8,0.5970110893249512,0.9072051048278809,-0.03675895184278488,0.5567294955253601,0.9220548272132874,-0.0683320015668869,0.5555805563926697,0.9595190286636353,-0.09410902112722397,0.5885441303253174,0.985929548740387,-0.11663214862346649,0.5839167833328247,0.7841382026672363,-0.05907870829105377,0.554137647151947,0.8872701525688171,-0.09080427139997482,0.5594409108161926,0.9112443327903748,-0.11347992718219757,0.5688287019729614,0.8871204853057861,-0.12924101948738098,0.6287952065467834,0.7997500896453857,-0.05592648312449455,0.5932624340057373,0.920621931552887,-0.0767718106508255,0.5950647592544556,0.9259775876998901,-0.0809917151927948,0.6026972532272339,0.8872870206832886,-0.0852116271853447,0.6667450666427612,0.8351864218711853,-0.05592648312449455,0.6297926902770996,0.9465768933296204,-0.06995894759893417,0.6261053681373596,0.9389486312866211,-0.057045016437768936,0.6331729888916016,0.9018985629081726,-0.047969672828912735,0.6938305497169495,0.876621663570404,-0.06085818633437157,0.660457968711853,0.9537032246589661,-0.07351790368556976,0.657153844833374,0.9411823153495789,-0.06777273863554001,0.6655307412147522,0.9071710705757141,-0.06065481901168823
YES,0.642756462097168,0.8855730891227722,1.9485510094341407e-8,0.5971384048461914,0.8917421102523804,-0.03281896561384201,0.5553550124168396,0.9167302250862122,-0.06430985033512115,0.5501565933227539,0.9527510404586792,-0.09071826189756393,0.5793061256408691,0.9815212488174438,-0.11401078850030899,0.5688087344169617,0.7793225049972534,-0.05567730963230133,0.5431209802627563,0.8986340761184692,-0.08780668675899506,0.5550265312194824,0.9086312651634216,-0.11309133470058441,0.5687342286109924,0.8761696219444275,-0.131071537733078,0.6137205958366394,0.7917458415031433,-0.054553546011447906,0.5870145559310913,0.9308217167854309,-0.07340210676193237,0.5948940515518188,0.9180666208267212,-0.07845903187990189,0.6030579209327698,0.8731198310852051,-0.0845375657081604,0.6546207666397095,0.8228180408477783,-0.0560348704457283,0.6251994967460632,0.9518850445747375,-0.06757897138595581,0.6279948949813843,0.930740475654602,-0.054451391100883484,0.6354705691337585,0.8869370818138123,-0.04612533003091812,0.6877735257148743,0.8623105883598328,-0.06267528235912323,0.6575982570648193,0.9554370641708374,-0.07375966757535934,0.6574057340621948,0.9362673163414001,-0.06783437728881836,0.6653271317481995,0.8967834711074829,-0.06093856319785118
YES,0.6363642811775208,0.8697328567504883,-4.862926772375431e-8,0.5856415629386902,0.8766960501670837,-0.030966931954026222,0.5453930497169495,0.9059196710586548,-0.06209799647331238,0.544678807258606,0.9527944326400757,-0.08852384239435196,0.579928994178772,0.9884937405586243,-0.1127064973115921,0.5718734264373779,0.7777172923088074,-0.05870586633682251,0.5423036217689514,0.8981735110282898,-0.08737489581108093,0.5512312650680542,0.9084368944168091,-0.10592222958803177,0.5600084066390991,0.876949667930603,-0.11828712373971939,0.6161155700683594,0.791397213935852,-0.05958125367760658,0.5814085602760315,0.9359145164489746,-0.07741732895374298,0.5894532799720764,0.9241869449615479,-0.07944166660308838,0.5948079228401184,0.8805467486381531,-0.08332621306180954,0.6559938192367554,0.8231731057167053,-0.06264512240886688,0.6195955276489258,0.9578273296356201,-0.07347807288169861,0.6187680959701538,0.9365708827972412,-0.060456644743680954,0.620514452457428,0.8930444717407227,-0.052550774067640305,0.6864204406738281,0.8627849221229553,-0.07041420787572861,0.653783917427063,0.9621742963790894,-0.07944166660308838,0.6515827775001526,0.9422523379325867,-0.07178200781345367,0.6541494727134705,0.9025850892066956,-0.06488831341266632
YES,0.6356407403945923,0.872987687587738,-6.222703774483307e-8,0.5869182348251343,0.880582869052887,-0.03174014762043953,0.5466240048408508,0.9091314673423767,-0.06281673908233643,0.5453411340713501,0.9545459747314453,-0.08908253163099289,0.5820243954658508,0.9882852435112,-0.11247292160987854,0.5713807940483093,0.7789566516876221,-0.058669500052928925,0.5422601699829102,0.8979731202125549,-0.08808719366788864,0.5526273250579834,0.9102180004119873,-0.10699857026338577,0.5620991587638855,0.8780415654182434,-0.1197720542550087,0.6159093379974365,0.7909639477729797,-0.059333059936761856,0.5819947123527527,0.9357069730758667,-0.0778573602437973,0.5909067392349243,0.9245522618293762,-0.07990332692861557,0.5969417691230774,0.8804880976676941,-0.08338700234889984,0.6565293073654175,0.8219213485717773,-0.0623190701007843,0.6206657290458679,0.9572991132736206,-0.07354424148797989,0.6210225820541382,0.9368873834609985,-0.05955424904823303,0.6241613030433655,0.893300473690033,-0.05054092779755592,0.6878734230995178,0.860806941986084,-0.07033704966306686,0.6543654203414917,0.9607123136520386,-0.08012451231479645,0.6530076265335083,0.9409290552139282,-0.07254891097545624,0.6571905016899109,0.9016097187995911,-0.06513918936252594
YES,0.6376006007194519,0.8735981583595276,-5.4402541138642846e-8,0.5880811810493469,0.8822180032730103,-0.03215675428509712,0.5470024347305298,0.911515474319458,-0.06354262679815292,0.5450977087020874,0.9560815095901489,-0.0901380255818367,0.5809186100959778,0.9864190816879272,-0.11353977769613266,0.5715149641036987,0.7788420915603638,-0.05836671218276024,0.5422365665435791,0.8975696563720703,-0.08843106776475906,0.5527271628379822,0.9105348587036133,-0.10808853805065155,0.5628585815429688,0.8785156607627869,-0.1213587149977684,0.616212010383606,0.7909807562828064,-0.05886227637529373,0.5820642113685608,0.9344809055328369,-0.07802417874336243,0.5906328558921814,0.9249106645584106,-0.08055707067251205,0.5968875288963318,0.8805178999900818,-0.08430135250091553,0.6566377282142639,0.8217443823814392,-0.061835676431655884,0.6207053661346436,0.9564896821975708,-0.0738944560289383,0.6209883689880371,0.9376440048217773,-0.060128726065158844,0.6244932413101196,0.8938126564025879,-0.05118099972605705,0.6876649260520935,0.8607271313667297,-0.06987486779689789,0.6542366743087769,0.9604753255844116,-0.07995137572288513,0.6529077291488647,0.9418985247612,-0.07257294654846191,0.657515287399292,0.9025315046310425,-0.0651945099234581
YES,0.6399386525154114,0.8590831160545349,-7.475897945141696e-8,0.591349184513092,0.8682772517204285,-0.028787460178136826,0.5502244234085083,0.8984454274177551,-0.057132039219141006,0.546416699886322,0.9468256235122681,-0.08160137385129929,0.5788353681564331,0.9869025349617004,-0.10396701097488403,0.5669475793838501,0.7815865874290466,-0.04990749433636665,0.542026937007904,0.8989743590354919,-0.07756005972623825,0.5520634055137634,0.9130648374557495,-0.09605047106742859,0.5602973699569702,0.8820275664329529,-0.10867266356945038,0.6103847026824951,0.7933752536773682,-0.05098702013492584,0.5802169442176819,0.9297701120376587,-0.06864701956510544,0.5890585780143738,0.9242303967475891,-0.07202401012182236,0.593964695930481,0.8809808492660522,-0.07656356692314148,0.6499816179275513,0.8201612830162048,-0.0544193759560585,0.616261899471283,0.9485070705413818,-0.06582363694906235,0.6194207668304443,0.9357563257217407,-0.05608018487691879,0.6232519149780273,0.8930572271347046,-0.050295017659664154,0.6804444789886475,0.8521307706832886,-0.06222520023584366,0.6500094532966614,0.9539979100227356,-0.06848093867301941,0.6509813070297241,0.9395837783813477,-0.061616238206624985,0.656222939491272,0.900463879108429,-0.05624626576900482
YES,0.641869068145752,0.8418132066726685,-5.663689961465934e-8,0.5921526551246643,0.8516905307769775,-0.025499897077679634,0.5530029535293579,0.8832317590713501,-0.051776982843875885,0.5469449758529663,0.9387391805648804,-0.07477110624313354,0.5763335824012756,0.9863300323486328,-0.09696123749017715,0.5717625617980957,0.7844568490982056,-0.05067819356918335,0.5437700152397156,0.9067732691764832,-0.07595029473304749,0.5549341440200806,0.9142346978187561,-0.09165490418672562,0.5628588795661926,0.8815789818763733,-0.10162439197301865,0.6125595569610596,0.7972993850708008,-0.0524737723171711,0.5797474980354309,0.9406611919403076,-0.0676959976553917,0.5898541808128357,0.9274349808692932,-0.06962556391954422,0.5939500331878662,0.8855465054512024,-0.07369912415742874,0.6506235599517822,0.8233415484428406,-0.05579693242907524,0.6158871054649353,0.9571711421012878,-0.0641048327088356,0.6178767085075378,0.9360043406486511,-0.05477854609489441,0.6181991100311279,0.8924950957298279,-0.05014219880104065,0.6805241107940674,0.8548895716667175,-0.06287204474210739,0.6515617966651917,0.9579463601112366,-0.06598081439733505,0.6510510444641113,0.9373272061347961,-0.057833705097436905,0.65247642993927,0.8966825604438782,-0.05236657336354256
YES,0.6475204229354858,0.8334270119667053,-8.71971916893699e-9,0.5916997194290161,0.8418673872947693,-0.02132567949593067,0.5517295598983765,0.8781362175941467,-0.04753470793366432,0.5466108322143555,0.9409692287445068,-0.07023707777261734,0.577507734298706,0.9871655702590942,-0.0921601876616478,0.5734787583351135,0.7845219969749451,-0.058807969093322754,0.5439947843551636,0.9123878479003906,-0.07974402606487274,0.5554549694061279,0.9177908897399902,-0.08769244700670242,0.5631159543991089,0.884870171546936,-0.0928874984383583,0.614362895488739,0.7974132895469666,-0.06265231221914291,0.5808472633361816,0.9439299702644348,-0.07486067712306976,0.5896766781806946,0.9272565245628357,-0.07132803648710251,0.5932403802871704,0.887591540813446,-0.07299045473337173,0.6524509787559509,0.8236506581306458,-0.06665249913930893,0.618562638759613,0.9615384936332703,-0.07273070514202118,0.6189895868301392,0.9393666982650757,-0.06052234023809433,0.6183975338935852,0.8981290459632874,-0.05563899129629135,0.6838897466659546,0.855711042881012,-0.0736658126115799,0.6535503268241882,0.9604387879371643,-0.07813356071710587,0.6514930725097656,0.9396278262138367,-0.07023707777261734,0.6528128981590271,0.9008582234382629,-0.06561348587274551
YES,0.6544547080993652,0.8365579843521118,-2.1193280019815575e-8,0.5930261015892029,0.8461154699325562,-0.01789478212594986,0.554295003414154,0.8828054070472717,-0.04256056249141693,0.5502486824989319,0.9442192316055298,-0.06458491086959839,0.580138623714447,0.9839109778404236,-0.0859643965959549,0.5706321597099304,0.7841343879699707,-0.05644978955388069,0.5387309789657593,0.9098491072654724,-0.07386092841625214,0.5511194467544556,0.9240268468856812,-0.0760435238480568,0.5598935484886169,0.8948715329170227,-0.07753165811300278,0.6135322451591492,0.79444819688797,-0.06165825203061104,0.581676185131073,0.9437214136123657,-0.07381132245063782,0.5882270932197571,0.9320160150527954,-0.06756117194890976,0.5899201035499573,0.8940666317939758,-0.06686671078205109,0.6536237001419067,0.8211243748664856,-0.06676750630140305,0.6216467618942261,0.9608749151229858,-0.07430737465620041,0.6201372742652893,0.9445253014564514,-0.06021972745656967,0.6182636618614197,0.9057462811470032,-0.05347352847456932,0.6861816644668579,0.8546384572982788,-0.07405935227870941,0.6544618010520935,0.9596260786056519,-0.08199604600667953,0.6488363146781921,0.9454438090324402,-0.07425776869058609,0.6486989855766296,0.9121291637420654,-0.06880128383636475
YES,0.6299154758453369,0.8183828592300415,-1.4514317747682526e-8,0.5763012766838074,0.8350484371185303,-0.020350895822048187,0.5439257621765137,0.8753852844238281,-0.04620879516005516,0.543605625629425,0.9374274611473083,-0.06848714500665665,0.5740611553192139,0.9779320359230042,-0.09046510607004166,0.5730980038642883,0.7908251285552979,-0.06473236531019211,0.5451845526695251,0.9184798002243042,-0.08260510861873627,0.5510457158088684,0.9306946396827698,-0.08455759286880493,0.5568890571594238,0.9025018811225891,-0.08510829508304596,0.6144712567329407,0.7998747229576111,-0.06833695620298386,0.5873191356658936,0.9457018375396729,-0.07970140874385834,0.5860198140144348,0.9327342510223389,-0.07134077697992325,0.5852132439613342,0.8982086777687073,-0.0692380964756012,0.6505225300788879,0.8219287395477295,-0.07134077697992325,0.6243975162506104,0.957819402217865,-0.07749860733747482,0.6156188249588013,0.9416451454162598,-0.06042689085006714,0.6105782389640808,0.9061003923416138,-0.051865994930267334,0.6790975332260132,0.8498410582542419,-0.07699797302484512,0.6541167497634888,0.9540235996246338,-0.0835062563419342,0.6448744535446167,0.9398856163024902,-0.07389403134584427,0.6421530246734619,0.9081421494483948,-0.06743580847978592
YES,0.6309071779251099,0.8186556696891785,7.051778272426645e-9,0.5780783295631409,0.8382965326309204,-0.022514771670103073,0.5443202257156372,0.8800564408302307,-0.04756541922688484,0.5446674823760986,0.9420030117034912,-0.0683027133345604,0.5762932300567627,0.9803149700164795,-0.08835270255804062,0.5730932950973511,0.7907984256744385,-0.06351535767316818,0.5464475154876709,0.9166317582130432,-0.0803895890712738,0.5536490082740784,0.9262418150901794,-0.08247516304254532,0.5582225322723389,0.8961281776428223,-0.08380234986543655,0.6140034794807434,0.7991195917129517,-0.06517434120178223,0.5876591205596924,0.9451791048049927,-0.07664502412080765,0.5871917009353638,0.9299429655075073,-0.06972469389438629,0.5857735276222229,0.8941349387168884,-0.06882410496473312,0.650240421295166,0.8210614323616028,-0.06650152802467346,0.6247948408126831,0.9572891592979431,-0.07280566543340683,0.6164411902427673,0.9391645193099976,-0.0573534220457077,0.6107622981071472,0.902174174785614,-0.04991170018911362,0.6795494556427002,0.8491874933242798,-0.07057788968086243,0.6532661318778992,0.9533176422119141,-0.07773521542549133,0.6437498927116394,0.9385421276092529,-0.069582499563694,0.6403487920761108,0.906071662902832,-0.06427375227212906
YES,0.6310409903526306,0.818108320236206,1.7169840660358204e-8,0.5783751010894775,0.8370593786239624,-0.022153215482831,0.5449841618537903,0.8787519335746765,-0.047283634543418884,0.5452063083648682,0.9412391781806946,-0.06835849583148956,0.5758598446846008,0.9799747467041016,-0.0889410600066185,0.573428213596344,0.7902752757072449,-0.06212277337908745,0.5473639369010925,0.9166245460510254,-0.07881387323141098,0.5544028282165527,0.9265183210372925,-0.08101747930049896,0.5584618449211121,0.8963187336921692,-0.08237714320421219,0.6143408417701721,0.7988687753677368,-0.06399817764759064,0.5880609750747681,0.9448858499526978,-0.07520371675491333,0.5877494215965271,0.9300435781478882,-0.06807717680931091,0.5860950350761414,0.8941424489021301,-0.06685816496610641,0.6504074335098267,0.8207100629806519,-0.06568603962659836,0.6249942183494568,0.9572696685791016,-0.07182799279689789,0.6167802214622498,0.9398272633552551,-0.05579328164458275,0.6108003258705139,0.9024724960327148,-0.04786969721317291,0.6793277263641357,0.8494128584861755,-0.07004635781049728,0.6532111167907715,0.9542903900146484,-0.0771728903055191,0.6440357565879822,0.9398415684700012,-0.06854603439569473,0.6406291723251343,0.9070706963539124,-0.0627322793006897
YES,0.6309313774108887,0.8177195191383362,1.3792042174998187e-8,0.5782748460769653,0.8368766903877258,-0.021845610812306404,0.5446599721908569,0.8779028654098511,-0.04695456102490425,0.544089138507843,0.9400651454925537,-0.06803715974092484,0.5731092691421509,0.9788141250610352,-0.08855629712343216,0.5735928416252136,0.7900905609130859,-0.0627312958240509,0.5466134548187256,0.9169648885726929,-0.07944711297750473,0.5535925030708313,0.925940215587616,-0.08146616816520691,0.5578680634498596,0.8951864242553711,-0.08268697559833527,0.6143271327018738,0.7991015911102295,-0.0647972896695137,0.587449312210083,0.9454512596130371,-0.07611333578824997,0.587138831615448,0.9296431541442871,-0.0689762532711029,0.5856226086616516,0.8934983015060425,-0.06784933805465698,0.6504756808280945,0.8208913207054138,-0.06648766249418259,0.6245784163475037,0.957878589630127,-0.07268565893173218,0.6166213154792786,0.939123809337616,-0.05658024176955223,0.6109588146209717,0.9013388752937317,-0.048738837242126465,0.6795597076416016,0.8494026064872742,-0.07090138643980026,0.6529582142829895,0.95457923412323,-0.07827325165271759,0.6439589262008667,0.938991367816925,-0.06972751766443253,0.6410045623779297,0.9055410623550415,-0.0640929788351059
YES,0.6286351084709167,0.8164293766021729,1.780779790294673e-8,0.5756093859672546,0.8360902667045593,-0.02126368321478367,0.5421842932701111,0.8745648860931396,-0.04563172534108162,0.5440229773521423,0.9346454739570618,-0.06619518250226974,0.5748918056488037,0.9743641018867493,-0.08645521104335785,0.567581832408905,0.7885813117027283,-0.062040477991104126,0.5405768156051636,0.9152474403381348,-0.07837920635938644,0.5473724603652954,0.9285218715667725,-0.08005975931882858,0.5558902621269226,0.9025208950042725,-0.08090003579854965,0.6090562343597412,0.7977535128593445,-0.06446795165538788,0.5852811932563782,0.9439864754676819,-0.07618514448404312,0.583642840385437,0.9305572509765625,-0.0695096105337143,0.583875834941864,0.8968822956085205,-0.06857597082853317,0.6462922096252441,0.8198845386505127,-0.0664752796292305,0.6228299140930176,0.955810010433197,-0.07343090325593948,0.6148199439048767,0.9382710456848145,-0.057325590401887894,0.6108061671257019,0.9019759297370911,-0.04920290783047676,0.6763516664505005,0.8488554954528809,-0.07109679281711578,0.6515502333641052,0.9514041543006897,-0.07982635498046875,0.6428906321525574,0.9355592131614685,-0.07151694595813751,0.6411296129226685,0.9012215733528137,-0.06563499569892883
YES,0.6316601634025574,0.8099534511566162,4.989166058066985e-8,0.5772655606269836,0.8259923458099365,-0.021368997171521187,0.540517270565033,0.8670278787612915,-0.045914940536022186,0.5399200320243835,0.932152271270752,-0.06650709360837936,0.569301962852478,0.9741510152816772,-0.08691373467445374,0.5657718777656555,0.7831355333328247,-0.06358522921800613,0.5409063100814819,0.9138312339782715,-0.08074536174535751,0.5474051237106323,0.9262927174568176,-0.08264688402414322,0.5545569062232971,0.8999906182289124,-0.08334256708621979,0.6086061000823975,0.7949793934822083,-0.06585779041051865,0.5855622887611389,0.9425796270370483,-0.07884383946657181,0.5829259753227234,0.9280154705047607,-0.07184065133333206,0.5819673538208008,0.8953070044517517,-0.07012463361024857,0.6468675136566162,0.8195123672485352,-0.06757380068302155,0.6233563423156738,0.9550781846046448,-0.07573646306991577,0.6152915358543396,0.936227023601532,-0.058669086545705795,0.6111569404602051,0.9003490209579468,-0.04906868934631348,0.6776486039161682,0.8507025837898254,-0.07179426401853561,0.6521669626235962,0.9521225094795227,-0.08097725361585617,0.6440342664718628,0.934241533279419,-0.07174789160490036,0.6432760953903198,0.8996409773826599,-0.06474470347166061
YES,0.6318783760070801,0.8038794994354248,-4.992782010049268e-8,0.5809561610221863,0.8154034614562988,-0.013132495805621147,0.5495311617851257,0.8536126017570496,-0.03524107486009598,0.5474737286567688,0.9143815040588379,-0.055802054703235626,0.5627298355102539,0.956525444984436,-0.07733581215143204,0.5675176382064819,0.7787162065505981,-0.05796869471669197,0.5371428728103638,0.9108495116233826,-0.0768936350941658,0.5463426113128662,0.9360779523849487,-0.07967931777238846,0.5609613656997681,0.9209598898887634,-0.07976775616407394,0.6074082851409912,0.7887305021286011,-0.06407066434621811,0.5835533142089844,0.9349919557571411,-0.07906027883291245,0.5821206569671631,0.9308781623840332,-0.07317939400672913,0.5846281051635742,0.901968240737915,-0.07154335826635361,0.6437504887580872,0.8116787672042847,-0.06919984519481659,0.6211186051368713,0.9479902982711792,-0.08047522604465485,0.6136329770088196,0.932989239692688,-0.06636995077133179,0.6120062470436096,0.8955341577529907,-0.058366648852825165,0.6726969480514526,0.841265082359314,-0.07534603774547577,0.6469087600708008,0.9445985555648804,-0.08777106553316116,0.6356945037841797,0.9333032965660095,-0.08034257590770721,0.6317651867866516,0.8998477458953857,-0.07424061000347137
YES,0.6684374809265137,0.7550215721130371,-6.449560174814906e-8,0.6004936695098877,0.7579482197761536,-0.007062796503305435,0.5564168691635132,0.8173494338989258,-0.027379680424928665,0.5509722828865051,0.897110641002655,-0.04729349538683891,0.5666981935501099,0.9501533508300781,-0.06972014904022217,0.5539633631706238,0.7830052971839905,-0.06141182780265808,0.5343892574310303,0.9177255630493164,-0.08337367326021194,0.5448317527770996,0.9451913237571716,-0.08918368816375732,0.5637288093566895,0.9371566772460938,-0.09017138928174973,0.5989939570426941,0.7961971759796143,-0.07024304568767548,0.5799432992935181,0.9351526498794556,-0.0876149833202362,0.5795518159866333,0.9270986914634705,-0.08348987996578217,0.5871861577033997,0.8923252820968628,-0.08238597214221954,0.6408725380897522,0.8164750933647156,-0.07698266208171844,0.6158878207206726,0.9424840807914734,-0.09133338183164597,0.6096028089523315,0.9262031316757202,-0.08087536692619324,0.6119784712791443,0.8900224566459656,-0.07425195723772049,0.6765422821044922,0.8404025435447693,-0.08325747400522232,0.6482862234115601,0.9393179416656494,-0.09615570306777954,0.6400064826011658,0.9261468648910522,-0.0880797803401947,0.6421351432800293,0.8931845426559448,-0.0812239721417427
YES,0.6246713995933533,0.7976377606391907,-1.190727427768934e-8,0.5770324468612671,0.8077118396759033,-0.015221990644931793,0.5458990335464478,0.8456230759620667,-0.037477314472198486,0.5423066020011902,0.9034446477890015,-0.05756385624408722,0.5520248413085938,0.9470731616020203,-0.07957594841718674,0.5662073493003845,0.7784177660942078,-0.06246894225478172,0.5393853783607483,0.9040892720222473,-0.08119746297597885,0.5423383116722107,0.9329851865768433,-0.08431888371706009,0.5514345169067383,0.9251099824905396,-0.0852918028831482,0.60805743932724,0.789463996887207,-0.06786049157381058,0.5840976238250732,0.9311057329177856,-0.08302167803049088,0.580591082572937,0.9350054860115051,-0.07694098353385925,0.5815081596374512,0.9130629897117615,-0.07548162341117859,0.6448284983634949,0.8142618536949158,-0.0721980482339859,0.6212368011474609,0.9487867951393127,-0.0852918028831482,0.6129010915756226,0.939734935760498,-0.07098190486431122,0.6112417578697205,0.9059451818466187,-0.06250948458909988,0.6727797985076904,0.8453684449195862,-0.07750851660966873,0.6471196413040161,0.9492124319076538,-0.09266970306634903,0.6355965733528137,0.9407716989517212,-0.08577825129032135,0.6321672201156616,0.9074339866638184,-0.07973810285329819
YES,0.6388952732086182,0.793816089630127,-8.127339867769479e-8,0.5833790898323059,0.8025200963020325,-0.010522491298615932,0.5472936034202576,0.8394920229911804,-0.029875198379158974,0.5430771112442017,0.8982104659080505,-0.048034630715847015,0.5549777150154114,0.9394903182983398,-0.06851551681756973,0.5617828369140625,0.7735843062400818,-0.05827507749199867,0.5354689955711365,0.901292085647583,-0.07602228969335556,0.543229877948761,0.9351995587348938,-0.07736743241548538,0.5582572221755981,0.9307794570922852,-0.07671655714511871,0.6045455932617188,0.7830209732055664,-0.06534792482852936,0.5817208290100098,0.9276968836784363,-0.08174999803304672,0.5781060457229614,0.9415096044540405,-0.07693351805210114,0.5831769108772278,0.9269499182701111,-0.07558837532997131,0.6439186930656433,0.8066604137420654,-0.07090206444263458,0.6205627918243408,0.9444476366043091,-0.08478741347789764,0.610480546951294,0.9446561932563782,-0.07268112897872925,0.6104116439819336,0.9166079759597778,-0.06504418700933456,0.6748582124710083,0.8384479284286499,-0.07684673368930817,0.6478556990623474,0.9446441531181335,-0.0927714928984642,0.6331235766410828,0.9447066783905029,-0.08773805946111679,0.6283708810806274,0.9167393445968628,-0.08253104984760284
YES,0.6571940183639526,0.7839394211769104,-9.988558957729765e-8,0.5942690372467041,0.7880918383598328,-0.008333471603691578,0.552064836025238,0.8278664350509644,-0.027004092931747437,0.5461183190345764,0.8926008939743042,-0.0447867214679718,0.5599603652954102,0.9392419457435608,-0.06484625488519669,0.5568669438362122,0.7717432975769043,-0.05692262202501297,0.5328547954559326,0.8976364731788635,-0.07459140568971634,0.5420475006103516,0.9341297149658203,-0.07500124722719193,0.559746503829956,0.9334474802017212,-0.07336187362670898,0.6002930998802185,0.7812712788581848,-0.06475517153739929,0.5788997411727905,0.9252989292144775,-0.08087566494941711,0.5777311325073242,0.9392133951187134,-0.07536555081605911,0.5852920413017273,0.9261231422424316,-0.072906494140625,0.6422075033187866,0.8038567304611206,-0.07085727900266647,0.6186897158622742,0.9407627582550049,-0.08456423878669739,0.6113337874412537,0.9393470287322998,-0.07240556925535202,0.6133162975311279,0.9120348691940308,-0.0643453299999237,0.6767954230308533,0.8349605798721313,-0.07695938646793365,0.6498880982398987,0.9412862658500671,-0.09335310757160187,0.6366265416145325,0.9412107467651367,-0.08857160806655884,0.6328807473182678,0.9149804711341858,-0.08278825879096985
YES,0.6653034687042236,0.7592356204986572,-4.895738570098729e-8,0.6010844111442566,0.7528175711631775,-0.007511597592383623,0.5586795806884766,0.7998583316802979,-0.02966892533004284,0.5539623498916626,0.8744233846664429,-0.05148652568459511,0.5692629218101501,0.9294531941413879,-0.07564443349838257,0.5515583753585815,0.7664324641227722,-0.06593094021081924,0.5299585461616516,0.9008719325065613,-0.08752206712961197,0.5467017292976379,0.927218496799469,-0.08817634731531143,0.5687829256057739,0.9162514805793762,-0.08540824800729752,0.5966479182243347,0.7790624499320984,-0.0759463980793953,0.5750116109848022,0.9210183620452881,-0.09617865085601807,0.5808892250061035,0.9208498001098633,-0.08893127739429474,0.5906301736831665,0.8928317427635193,-0.08420035243034363,0.6399445533752441,0.8018040657043457,-0.0838983803987503,0.6134780645370483,0.930281400680542,-0.10065792500972748,0.6130830645561218,0.9178304076194763,-0.08716975897550583,0.6189935207366943,0.8820140957832336,-0.07750660181045532,0.6766614317893982,0.8285869359970093,-0.09144772589206696,0.6458430290222168,0.9289781451225281,-0.10699937492609024,0.6401416063308716,0.9179782271385193,-0.0987454205751419,0.643328070640564,0.8845524787902832,-0.09064245223999023
YES,0.6620616316795349,0.7528830766677856,-2.29149161867781e-8,0.5944901704788208,0.7550819516181946,-0.006187900900840759,0.5544322729110718,0.8210271596908569,-0.028232937678694725,0.558231770992279,0.9051521420478821,-0.04966703802347183,0.5853606462478638,0.9593726992607117,-0.0737769827246666,0.5541222095489502,0.7748540043830872,-0.0659678652882576,0.5368341207504272,0.9120742082595825,-0.08977746963500977,0.549386739730835,0.9351062178611755,-0.09589369595050812,0.5696051120758057,0.9226915836334229,-0.09643978625535965,0.5993219614028931,0.7875646352767944,-0.07503299415111542,0.5798417925834656,0.926572859287262,-0.0947469025850296,0.5799436569213867,0.9192272424697876,-0.09010512381792068,0.5885283946990967,0.8863604068756104,-0.08781153708696365,0.6403260231018066,0.8083457946777344,-0.08164069801568985,0.6154120564460754,0.9347862005233765,-0.09627596288919449,0.6104153990745544,0.9196794033050537,-0.08535412698984146,0.6139329671859741,0.8831770420074463,-0.07787266373634338,0.6740894317626953,0.8318288326263428,-0.08753848820924759,0.6469099521636963,0.931489884853363,-0.09835109859704971,0.6390702724456787,0.9190410375595093,-0.08955903351306915,0.6416388154029846,0.885722815990448,-0.08256905525922775
YES,0.6621406078338623,0.746178150177002,-5.160246985269623e-8,0.5945363640785217,0.7506178021430969,-0.007181060500442982,0.5536734461784363,0.8248888254165649,-0.028228996321558952,0.5620102882385254,0.9155662655830383,-0.04754357412457466,0.5961554050445557,0.9637792110443115,-0.06859858334064484,0.5560840368270874,0.7716883420944214,-0.06684400141239166,0.5387845635414124,0.9141998291015625,-0.0908987820148468,0.5496285557746887,0.9138787984848022,-0.09729451686143875,0.5655460357666016,0.8856526613235474,-0.09814351797103882,0.599524974822998,0.7861477136611938,-0.07442833483219147,0.5825188159942627,0.9265178442001343,-0.09316276013851166,0.5824146866798401,0.9088243246078491,-0.08993659168481827,0.5913403630256653,0.8742316961288452,-0.08993659168481827,0.6390811800956726,0.809022843837738,-0.07923928648233414,0.6162564754486084,0.9344611167907715,-0.0918043777346611,0.6132952570915222,0.9085484147071838,-0.08218245953321457,0.6190054416656494,0.871334433555603,-0.07742810994386673,0.6721649169921875,0.8362792730331421,-0.08342764526605606,0.6469869017601013,0.9334167242050171,-0.09237036854028702,0.6441563963890076,0.9106507301330566,-0.0842200368642807,0.6515591740608215,0.8756191730499268,-0.07940909266471863
YES,0.6634255051612854,0.7432756423950195,-7.598906393013749e-8,0.5959251523017883,0.7492110133171082,-0.004678749945014715,0.5532866716384888,0.8238965272903442,-0.02314329706132412,0.559318482875824,0.9134045839309692,-0.04010149836540222,0.5920801162719727,0.9618515968322754,-0.059092357754707336,0.5551444888114929,0.7739813327789307,-0.06388362497091293,0.5397841930389404,0.914711594581604,-0.08484907448291779,0.5498332977294922,0.9180209040641785,-0.08897247910499573,0.5637730360031128,0.8913700580596924,-0.0886240229010582,0.599329948425293,0.7873453497886658,-0.07189812511205673,0.5828969478607178,0.9246360063552856,-0.08769480139017105,0.5837931036949158,0.9142228960990906,-0.08339717239141464,0.5923011898994446,0.8821757435798645,-0.08304872363805771,0.6399632692337036,0.8095604777336121,-0.07683458924293518,0.6165351867675781,0.9344671368598938,-0.0878109559416771,0.6147551536560059,0.9129617214202881,-0.07811225205659866,0.6214451193809509,0.8763083815574646,-0.07358232885599136,0.6737712025642395,0.8362917304039001,-0.08084183186292648,0.6478126645088196,0.9315449595451355,-0.08961130678653717,0.6447628140449524,0.9110872149467468,-0.08165489882230759,0.651738166809082,0.8768729567527771,-0.07695073634386063
YES,0.6637440919876099,0.7288546562194824,-1.5753607840451878e-7,0.5993218421936035,0.7389631271362305,-0.00234626024030149,0.5549786686897278,0.8163361549377441,-0.017882606014609337,0.5566326379776001,0.9086005687713623,-0.032363228499889374,0.5844594240188599,0.9568960070610046,-0.047894030809402466,0.555728018283844,0.7654322981834412,-0.05354428291320801,0.5390762090682983,0.8990675806999207,-0.07401535660028458,0.5516191124916077,0.8931393623352051,-0.07898521423339844,0.5652806162834167,0.8629465103149414,-0.07963602989912033,0.598818838596344,0.7811056971549988,-0.06253735721111298,0.5810151696205139,0.9164199233055115,-0.07874854654073715,0.5859892964363098,0.8964211344718933,-0.07466617226600647,0.5946699380874634,0.8607606291770935,-0.07389702647924423,0.6387891173362732,0.8037238121032715,-0.06880883872509003,0.6159340739250183,0.9258933663368225,-0.08111514896154404,0.6179690957069397,0.8966831564903259,-0.06945965439081192,0.6245830655097961,0.8593464493751526,-0.06283318251371384,0.6737608909606934,0.8304742574691772,-0.07413368672132492,0.6472769975662231,0.9218868017196655,-0.08300843089818954,0.6476773619651794,0.8977044224739075,-0.0735420361161232,0.6554462909698486,0.8651258945465088,-0.06756637245416641
YES,0.6602166891098022,0.7264273166656494,-1.1653824572022131e-7,0.5957728624343872,0.7382264137268066,-0.003269689157605171,0.5528395175933838,0.8176803588867188,-0.01889740861952305,0.5575462579727173,0.9091273546218872,-0.03314593434333801,0.5908696055412292,0.9581497311592102,-0.0481189601123333,0.5551316738128662,0.7661730051040649,-0.05267728120088577,0.5408674478530884,0.9022557735443115,-0.07383875548839569,0.5515834093093872,0.8925431966781616,-0.0801781415939331,0.5628209114074707,0.8613724112510681,-0.08162713795900345,0.5992986559867859,0.7807172536849976,-0.06112978979945183,0.5814647674560547,0.9159507155418396,-0.0784272626042366,0.5856249332427979,0.8937722444534302,-0.07571037858724594,0.5944298505783081,0.8573381900787354,-0.07510662823915482,0.6398240923881531,0.8030948638916016,-0.06695599853992462,0.6166039705276489,0.9232373237609863,-0.07927251607179642,0.6172232031822205,0.8941341638565063,-0.06774087250232697,0.6238192319869995,0.857094407081604,-0.060526043176651,0.675023078918457,0.8301516175270081,-0.07202750444412231,0.6490997672080994,0.9211219549179077,-0.08011776208877563,0.6478671431541443,0.897095799446106,-0.07015587389469147,0.6557750105857849,0.8641220331192017,-0.06351461261510849
YES,0.6589624881744385,0.7205982208251953,-1.3481054850217333e-7,0.5940272808074951,0.7329481840133667,-0.00236327201128006,0.5511637926101685,0.813995361328125,-0.016328060999512672,0.5536542534828186,0.9037773013114929,-0.0289171040058136,0.5855806469917297,0.9499590396881104,-0.042063985019922256,0.5548480749130249,0.7664109468460083,-0.04915003105998039,0.5424115061759949,0.8968729972839355,-0.06899096071720123,0.5524713397026062,0.8832044005393982,-0.0753231793642044,0.5619248747825623,0.8507744669914246,-0.07713237404823303,0.5989678502082825,0.7814081311225891,-0.05726128816604614,0.5819216370582581,0.9110798239707947,-0.07309181988239288,0.5860432982444763,0.8878616094589233,-0.07013678550720215,0.594771146774292,0.8517308831214905,-0.06935280561447144,0.6392917633056641,0.8035966157913208,-0.06277935951948166,0.6172086000442505,0.9193165898323059,-0.07381550222635269,0.6175561547279358,0.8894081115722656,-0.06205568090081215,0.6239538788795471,0.8530610203742981,-0.05478871613740921,0.6740250587463379,0.8294694423675537,-0.06748329102993011,0.649618923664093,0.9159971475601196,-0.074478879570961,0.6482935547828674,0.891037106513977,-0.06416641920804977,0.6556419730186462,0.859743595123291,-0.05741205811500549
YES,0.6602674722671509,0.7201567888259888,-1.519251497938967e-7,0.5955327153205872,0.7317309379577637,-0.0022043990902602673,0.5527899265289307,0.8123680353164673,-0.015206393785774708,0.5555438995361328,0.9008692502975464,-0.026701703667640686,0.5854511260986328,0.9458749890327454,-0.0385892391204834,0.5547347664833069,0.766167402267456,-0.047429461032152176,0.5426652431488037,0.8931359052658081,-0.06661848723888397,0.5529888868331909,0.8804177641868591,-0.07265277206897736,0.561670184135437,0.8477729558944702,-0.0741613358259201,0.5989877581596375,0.7811596393585205,-0.05518351495265961,0.5809327363967896,0.9102143049240112,-0.0707821398973465,0.5862701535224915,0.8871800899505615,-0.06812705844640732,0.595796525478363,0.8500919342041016,-0.066920205950737,0.6395245790481567,0.803219735622406,-0.06028248742222786,0.616663932800293,0.9186851382255554,-0.07072180509567261,0.6178062558174133,0.8892349004745483,-0.05865323171019554,0.6252726912498474,0.8528003692626953,-0.050838835537433624,0.6744595170021057,0.829084575176239,-0.06456682831048965,0.6501221060752869,0.9158402681350708,-0.07084248214960098,0.6488069891929626,0.8918397426605225,-0.06022214516997337,0.6567122340202332,0.8608047962188721,-0.0530715212225914
YES,0.6587096452713013,0.7206368446350098,-1.4124648828328645e-7,0.594109296798706,0.7328380346298218,-0.0016643734415993094,0.5517751574516296,0.8131228685379028,-0.01435768324881792,0.5546683669090271,0.9001121520996094,-0.025804821401834488,0.584061324596405,0.9451102614402771,-0.03786707669496536,0.5554708242416382,0.7682928442955017,-0.046118613332509995,0.54231858253479,0.8936282992362976,-0.06529220193624496,0.5526507496833801,0.8819185495376587,-0.07177340984344482,0.5618984699249268,0.8496286273002625,-0.07345372438430786,0.599224865436554,0.7825847864151001,-0.05401008948683739,0.581681489944458,0.9099426865577698,-0.06913291662931442,0.5869851112365723,0.8872517347335815,-0.06667245924472809,0.5959100127220154,0.8501498699188232,-0.06571228057146072,0.6395645141601562,0.8040145039558411,-0.0593210831284523,0.6171395182609558,0.9183163642883301,-0.06955299526453018,0.6186003684997559,0.8890669941902161,-0.05779079720377922,0.6257601380348206,0.8524618148803711,-0.05022938549518585,0.6746729016304016,0.828956663608551,-0.063791923224926,0.6506792902946472,0.915460467338562,-0.07003308832645416,0.6495079398155212,0.8917569518089294,-0.05947111174464226,0.6572409868240356,0.8601926565170288,-0.05238978937268257
YES,0.6592244505882263,0.7209267616271973,-1.540561243018601e-7,0.5951920747756958,0.7321370840072632,-0.0015035731485113502,0.5528928637504578,0.8120396733283997,-0.013938479125499725,0.5564404726028442,0.8999404311180115,-0.02495594508945942,0.5852180123329163,0.9456999897956848,-0.036610040813684464,0.5551496148109436,0.7672565579414368,-0.04679613932967186,0.5428215265274048,0.8941041827201843,-0.06549062579870224,0.5536397695541382,0.8834928274154663,-0.07130269706249237,0.5629932880401611,0.85127192735672,-0.07268081605434418,0.5992943644523621,0.7822709083557129,-0.05446567386388779,0.5817050337791443,0.9107618927955627,-0.06902579963207245,0.5875188112258911,0.8886397480964661,-0.06614972651004791,0.5970402956008911,0.8513492941856384,-0.06501128524541855,0.6397607922554016,0.8042689561843872,-0.059438884258270264,0.6174608469009399,0.9186557531356812,-0.06890597194433212,0.6189572215080261,0.8896787166595459,-0.056892357766628265,0.6262896656990051,0.8532326817512512,-0.04943254217505455,0.6748849749565125,0.8296266198158264,-0.06351333111524582,0.6506051421165466,0.9157727956771851,-0.06932539492845535,0.649446964263916,0.8922088146209717,-0.0586899109184742,0.6570438146591187,0.8613541722297668,-0.051709432154893875
YES,0.6587660908699036,0.7208064198493958,-1.443070658524448e-7,0.5933155417442322,0.731728196144104,-0.0020033183973282576,0.5511181354522705,0.8126834034919739,-0.014245819300413132,0.5539757609367371,0.8993341326713562,-0.024840397760272026,0.5844966769218445,0.9420978426933289,-0.03585397079586983,0.5563714504241943,0.7661503553390503,-0.04596969857811928,0.5426371097564697,0.8892530798912048,-0.06398647278547287,0.5531459450721741,0.8769015073776245,-0.06949325650930405,0.5626232028007507,0.8442675471305847,-0.07075024396181107,0.6004849672317505,0.7818803787231445,-0.05327218025922775,0.5814838409423828,0.9080174565315247,-0.06715886294841766,0.5869788527488708,0.8858208656311035,-0.06392661482095718,0.596305251121521,0.8489758968353271,-0.06266962736845016,0.6407257318496704,0.804699182510376,-0.05791104957461357,0.6169042587280273,0.9167466759681702,-0.06721872091293335,0.6182504296302795,0.8878522515296936,-0.05503794178366661,0.6256952285766602,0.8521493077278137,-0.047466106712818146,0.6752545237541199,0.8302051424980164,-0.061711933463811874,0.6494613289833069,0.9145336151123047,-0.0669792890548706,0.6492027640342712,0.8903763294219971,-0.055786143988370895,0.6576551198959351,0.859937310218811,-0.048543523997068405
YES,0.6574400067329407,0.7212583422660828,-1.4300093198471586e-7,0.5930885672569275,0.7321345210075378,-0.0021803267300128937,0.551378071308136,0.812160074710846,-0.014138864353299141,0.5541725754737854,0.8976863622665405,-0.024537915363907814,0.583396852016449,0.9409940838813782,-0.035476505756378174,0.5555495023727417,0.7664721012115479,-0.04526210576295853,0.5426661968231201,0.8889371752738953,-0.06344381719827652,0.5537259578704834,0.8776895999908447,-0.06906092911958694,0.5629963278770447,0.8456129431724548,-0.07042086124420166,0.5994575023651123,0.7821159958839417,-0.05244609713554382,0.5821337699890137,0.9084851145744324,-0.06675495952367783,0.5882074236869812,0.8862466216087341,-0.06385771185159683,0.5968533158302307,0.8488685488700867,-0.06249777600169182,0.6397462487220764,0.804661214351654,-0.05714673548936844,0.6178872585296631,0.9163375496864319,-0.06705059111118317,0.6196160316467285,0.8874248266220093,-0.05519552901387215,0.6264127492904663,0.8512022495269775,-0.04759764298796654,0.6746522784233093,0.8295311331748962,-0.061019591987133026,0.6500142216682434,0.9130465388298035,-0.0668732076883316,0.6501816511154175,0.8890136480331421,-0.05608244240283966,0.6583415269851685,0.8581149578094482,-0.04892801120877266
YES,0.6560136675834656,0.719514787197113,-1.3712764257434173e-7,0.5920500755310059,0.7321398258209229,-0.0014275519642978907,0.5516881346702576,0.8137499094009399,-0.013143008574843407,0.555237352848053,0.8987666368484497,-0.023559190332889557,0.5846472978591919,0.941741406917572,-0.0346277579665184,0.5548691749572754,0.7690944671630859,-0.04354125261306763,0.5430399775505066,0.8922119140625,-0.06139756739139557,0.5540158152580261,0.8808672428131104,-0.06720306724309921,0.5627334713935852,0.8488853573799133,-0.0687863826751709,0.5985462069511414,0.7831485271453857,-0.05104735866189003,0.5823754668235779,0.909440279006958,-0.06491605192422867,0.5886621475219727,0.887241005897522,-0.06204262003302574,0.5968737006187439,0.8501976728439331,-0.06086979806423187,0.6389907002449036,0.8038376569747925,-0.05603187903761864,0.618488073348999,0.9150555729866028,-0.06538518518209457,0.6204312443733215,0.8865938782691956,-0.053480979055166245,0.6267213225364685,0.8509527444839478,-0.045945554971694946,0.6745076179504395,0.8275238871574402,-0.060107458382844925,0.6505836248397827,0.9113419055938721,-0.06556110829114914,0.6507615447044373,0.8879557251930237,-0.05456584692001343,0.6584956049919128,0.8573392033576965,-0.04723566398024559
YES,0.6575976014137268,0.718335747718811,-1.5928439722756593e-7,0.5929383039474487,0.7300461530685425,-0.0022599026560783386,0.5510378479957581,0.8116499185562134,-0.013925885781645775,0.5544599294662476,0.8985872864723206,-0.02386871725320816,0.5841637253761292,0.9423801898956299,-0.034144699573516846,0.5543494820594788,0.7680001258850098,-0.04539794474840164,0.5429825782775879,0.8909817337989807,-0.06319583207368851,0.5548692345619202,0.87782883644104,-0.0681709498167038,0.5636128187179565,0.8447620272636414,-0.06911858916282654,0.5985122919082642,0.782884955406189,-0.05232756957411766,0.5822638273239136,0.9085302948951721,-0.06627566367387772,0.5896562933921814,0.8858893513679504,-0.06272201240062714,0.5980596542358398,0.8487475514411926,-0.0608859546482563,0.6392859816551208,0.8043727278709412,-0.056710414588451385,0.6184555292129517,0.9156771302223206,-0.06633489578962326,0.6210609674453735,0.8870118856430054,-0.05389710143208504,0.6274299621582031,0.8511592149734497,-0.04596060514450073,0.6748994588851929,0.8286712765693665,-0.060264065861701965,0.6503906846046448,0.9117492437362671,-0.0657426193356514,0.6512030959129333,0.8878986239433289,-0.05457821488380432,0.659227192401886,0.8576183319091797,-0.047204382717609406
YES,0.6587213277816772,0.71918785572052,-1.5776853956595005e-7,0.5941641926765442,0.7300722599029541,-0.0016639697132632136,0.5522606372833252,0.8106971383094788,-0.013334104791283607,0.5554291009902954,0.8975027203559875,-0.023494843393564224,0.5836306810379028,0.9422944188117981,-0.0341472290456295,0.5551372170448303,0.7678975462913513,-0.04523167014122009,0.5424023866653442,0.8920807242393494,-0.0634077712893486,0.553989052772522,0.8804380297660828,-0.06877120584249496,0.5631792545318604,0.8479992747306824,-0.06984389573335648,0.5991284251213074,0.7827014327049255,-0.0524723082780838,0.5819922685623169,0.9097650051116943,-0.06674502044916153,0.5890862345695496,0.8869057893753052,-0.0634673610329628,0.5978236198425293,0.849354088306427,-0.06179873272776604,0.6396746635437012,0.8041170835494995,-0.057150423526763916,0.6184090375900269,0.9157658219337463,-0.06686420738697052,0.6208778023719788,0.8864589929580688,-0.054468702524900436,0.6275614500045776,0.8501853346824646,-0.046542730182409286,0.6752218008041382,0.8282480239868164,-0.06093462556600571,0.6504273414611816,0.9120969176292419,-0.06662583351135254,0.6511273980140686,0.8877154588699341,-0.055452004075050354,0.6593253016471863,0.8568680882453918,-0.04800277575850487
YES,0.6587364673614502,0.7194571495056152,-1.5673523989789828e-7,0.5932530164718628,0.7311369180679321,-0.0013167774304747581,0.5516906380653381,0.8127976059913635,-0.0129859559237957,0.5553820133209229,0.8994840979576111,-0.02327275276184082,0.5849707722663879,0.942787230014801,-0.03403939679265022,0.5550690293312073,0.7676899433135986,-0.04387633502483368,0.5422506332397461,0.8912606239318848,-0.06184074282646179,0.553640604019165,0.8793119192123413,-0.06759894639253616,0.5629128217697144,0.8467739820480347,-0.06897851824760437,0.5992666482925415,0.782575249671936,-0.05146397277712822,0.5816481113433838,0.9090165495872498,-0.0654396191239357,0.5884541869163513,0.8860479593276978,-0.06244055554270744,0.5975439548492432,0.8489348292350769,-0.06115095317363739,0.6399978399276733,0.8041589856147766,-0.05647241324186325,0.6179320812225342,0.9161422252655029,-0.06585948914289474,0.6201128363609314,0.8869701623916626,-0.05356331914663315,0.6271240711212158,0.8511103391647339,-0.045795734971761703,0.6753747463226318,0.8287171125411987,-0.060581136494874954,0.6503990292549133,0.9129021763801575,-0.06579950451850891,0.6507552862167358,0.8886587619781494,-0.05437306687235832,0.6590604782104492,0.8579859733581543,-0.046875402331352234
YES,0.6577422022819519,0.7192761898040771,-1.3739614246333076e-7,0.5942883491516113,0.7294009327888489,-0.0013218659441918135,0.5534465312957764,0.8093141913414001,-0.01261662133038044,0.5552603006362915,0.8963565826416016,-0.02258577011525631,0.5779296159744263,0.9469088315963745,-0.033325228840112686,0.5555446743965149,0.7749394178390503,-0.04382536932826042,0.542829155921936,0.8993810415267944,-0.06186407059431076,0.5514504313468933,0.8912701606750488,-0.06772739440202713,0.560104489326477,0.8600162267684937,-0.06898382306098938,0.5988478660583496,0.7900590896606445,-0.05076563358306885,0.5816324949264526,0.914580225944519,-0.06425727158784866,0.5866164565086365,0.892511785030365,-0.06111619994044304,0.5947035551071167,0.8556389808654785,-0.05988968536257744,0.6391273736953735,0.8097368478775024,-0.05519304424524307,0.6166719794273376,0.9190714955329895,-0.06419743597507477,0.6182913780212402,0.8906190991401672,-0.051633164286613464,0.6254402995109558,0.8552454113960266,-0.04382536932826042,0.6752113699913025,0.8316256403923035,-0.05878283455967903,0.6491609811782837,0.9138463139533997,-0.06467607617378235,0.649328351020813,0.8907225728034973,-0.053577639162540436,0.6580009460449219,0.8609236478805542,-0.04594932869076729
YES,0.660895586013794,0.7194784283638,-1.6235300392963836e-7,0.5967408418655396,0.7259243130683899,-0.0026293289847671986,0.5539982318878174,0.8056825995445251,-0.014518802054226398,0.5563544034957886,0.8961507081985474,-0.024315541610121727,0.5796274542808533,0.9495805501937866,-0.03446490317583084,0.5561314225196838,0.7748885154724121,-0.048631083220243454,0.5433294773101807,0.9007428884506226,-0.06696739792823792,0.5518551468849182,0.8883464932441711,-0.07205741107463837,0.5598856806755066,0.8559098243713379,-0.07279331237077713,0.5997151136398315,0.7907764315605164,-0.054794296622276306,0.5803337097167969,0.9160973429679871,-0.06892980635166168,0.5851196050643921,0.8923352956771851,-0.06494365632534027,0.5946304202079773,0.8556443452835083,-0.06291991472244263,0.6397916078567505,0.8112459182739258,-0.058289848268032074,0.6165154576301575,0.9200963377952576,-0.06739667803049088,0.6179449558258057,0.8913854956626892,-0.053659774363040924,0.6258476972579956,0.8568098545074463,-0.045074209570884705,0.6754813194274902,0.8338297605514526,-0.06095750257372856,0.6485169529914856,0.9152010679244995,-0.06647679209709167,0.6492489576339722,0.8920936584472656,-0.05464097857475281,0.6587374210357666,0.8633670210838318,-0.04663800820708275
YES,0.6597341299057007,0.7219722270965576,-1.3878356242003065e-7,0.5972206592559814,0.73051917552948,-0.004241119138896465,0.5557674169540405,0.8123569488525391,-0.016328115016222,0.5577126741409302,0.9033851027488708,-0.02635469287633896,0.5819460153579712,0.9581847786903381,-0.036288149654865265,0.5560235381126404,0.7874129414558411,-0.044638458639383316,0.5438002943992615,0.9113522171974182,-0.06425703316926956,0.5531694293022156,0.8956620097160339,-0.07158295065164566,0.5604695081710815,0.8621431589126587,-0.07388006895780563,0.5990219116210938,0.8046399354934692,-0.050443317741155624,0.5810038447380066,0.9233733415603638,-0.0641949474811554,0.5874179005622864,0.8977541327476501,-0.060966577380895615,0.595820426940918,0.8633003830909729,-0.05966281145811081,0.6397406458854675,0.823823869228363,-0.054230447858572006,0.6171864867210388,0.9247919321060181,-0.06407078355550766,0.6201328039169312,0.8952991962432861,-0.050194986164569855,0.6272461414337158,0.8627023696899414,-0.04134800285100937,0.6762545108795166,0.8440436720848083,-0.05748986825346947,0.649078369140625,0.9190728664398193,-0.06323264539241791,0.6514466404914856,0.8955360054969788,-0.05066061392426491,0.6610471606254578,0.8695417642593384,-0.04206196963787079
YES,0.6633676886558533,0.7246758341789246,-1.8557373948624445e-7,0.5995025038719177,0.7301301956176758,-0.004815356805920601,0.5567303895950317,0.8098768591880798,-0.016778135672211647,0.5573350191116333,0.9016991257667542,-0.02647252194583416,0.5816930532455444,0.9576066136360168,-0.03562568128108978,0.5537761449813843,0.7879146337509155,-0.045113127678632736,0.5430598258972168,0.9109914898872375,-0.06552068889141083,0.5528168678283691,0.8938754200935364,-0.07284321635961533,0.558719277381897,0.860282838344574,-0.07494445890188217,0.5966833233833313,0.8052787780761719,-0.05065277963876724,0.5792992115020752,0.9222860932350159,-0.06526599824428558,0.5866290926933289,0.8976100087165833,-0.061954937875270844,0.5950508117675781,0.8636997938156128,-0.06004471331834793,0.6375886797904968,0.8249716758728027,-0.05440954864025116,0.616557776927948,0.92425137758255,-0.06482027471065521,0.6201202869415283,0.8963534832000732,-0.050557270646095276,0.6266804337501526,0.8641940951347351,-0.04110165685415268,0.6747531890869141,0.8454768061637878,-0.057688772678375244,0.6482259035110474,0.9196542501449585,-0.06322842091321945,0.6514668464660645,0.8976195454597473,-0.05049359053373337,0.6608813405036926,0.8722466230392456,-0.04161104932427406
YES,0.6622012853622437,0.7296908497810364,-1.4777516810227098e-7,0.5996281504631042,0.7406259179115295,-0.002748222555965185,0.5598875284194946,0.8224564790725708,-0.013402072712779045,0.5588367581367493,0.9117388129234314,-0.02216128446161747,0.5792737007141113,0.9691758751869202,-0.03071308322250843,0.5530208945274353,0.8087049722671509,-0.039408475160598755,0.5439029932022095,0.9246397614479065,-0.05788418650627136,0.5541738867759705,0.9048788547515869,-0.06535106152296066,0.5609239339828491,0.8708145618438721,-0.06803147494792938,0.5954278707504272,0.8270993232727051,-0.04534367844462395,0.5835576057434082,0.9353355169296265,-0.057118356227874756,0.5901966094970703,0.9082038402557373,-0.053512558341026306,0.5969986915588379,0.8766490817070007,-0.05229999125003815,0.6371208429336548,0.845254123210907,-0.04939620941877365,0.6207104921340942,0.9354574084281921,-0.057788461446762085,0.6232659816741943,0.9053592681884766,-0.04381201043725014,0.628602147102356,0.8763108253479004,-0.03535594418644905,0.6748107075691223,0.8621826171875,-0.05284245312213898,0.6529262065887451,0.9283158183097839,-0.057309817522764206,0.6552358865737915,0.9029245376586914,-0.04419492930173874,0.6621516346931458,0.8800520300865173,-0.035132575780153275
YES,0.6671565771102905,0.7291549444198608,-1.853130697782035e-7,0.6028323173522949,0.7391946315765381,-0.0038115791976451874,0.5597200393676758,0.8225454688072205,-0.013560465537011623,0.5573201775550842,0.9130361676216125,-0.021114062517881393,0.5818228125572205,0.9689568877220154,-0.02808661200106144,0.5535961389541626,0.8074777722358704,-0.03938018158078194,0.5454334616661072,0.9237065315246582,-0.05774450674653053,0.5548950433731079,0.9068495035171509,-0.06458611786365509,0.560272753238678,0.873818576335907,-0.0664520114660263,0.5965141654014587,0.8254631161689758,-0.04445410147309303,0.5835779309272766,0.9339602589607239,-0.05643510818481445,0.5897908210754395,0.9106675386428833,-0.052932463586330414,0.5966997742652893,0.8791298866271973,-0.05113203823566437,0.6384153962135315,0.8441002368927002,-0.0478912778198719,0.6212152242660522,0.935445249080658,-0.05679519474506378,0.6235934495925903,0.9082220792770386,-0.043733932077884674,0.6290028691291809,0.8784514665603638,-0.035353779792785645,0.6763913631439209,0.8628650307655334,-0.05077195167541504,0.6528112888336182,0.9289752840995789,-0.05519117787480354,0.6558840274810791,0.9048753380775452,-0.04291556030511856,0.6636349558830261,0.8809996247291565,-0.03427352383732796
YES,0.6745307445526123,0.7445507645606995,-1.3255473163553688e-7,0.6083437204360962,0.7591013312339783,0.0016887008678168058,0.5669665336608887,0.8415818214416504,-0.005982707720249891,0.56430584192276,0.9239360094070435,-0.012477394193410873,0.5819826126098633,0.9778110980987549,-0.019653338938951492,0.5637642741203308,0.8431200981140137,-0.03643299639225006,0.5580928325653076,0.9521240592002869,-0.05096655711531639,0.5659986734390259,0.9302912354469299,-0.05638361722230911,0.5700734853744507,0.896152675151825,-0.05783696845173836,0.6098631620407104,0.860334038734436,-0.04294006898999214,0.5962631106376648,0.9587819576263428,-0.049909576773643494,0.6007052659988403,0.9336077570915222,-0.04488888755440712,0.6087539792060852,0.901109516620636,-0.04320431500673294,0.6524380445480347,0.8761008381843567,-0.04677164554595947,0.6326589584350586,0.9581888914108276,-0.04888561740517616,0.6347064971923828,0.9326484799385071,-0.03468236327171326,0.6409210562705994,0.9046597480773926,-0.027448613196611404,0.6893856525421143,0.8890538811683655,-0.04987654089927673,0.6636205911636353,0.9506933093070984,-0.048522282391786575,0.6656215190887451,0.9288409352302551,-0.03402174636721611,0.6736043691635132,0.9073060750961304,-0.02469053864479065
YES,0.6836503744125366,0.7510728240013123,-1.9295008257813606e-7,0.6128790974617004,0.762355387210846,0.0004036370955873281,0.5693710446357727,0.8394458889961243,-0.006085279397666454,0.5647549033164978,0.9196966886520386,-0.011399304494261742,0.5811702609062195,0.9727380871772766,-0.01631499081850052,0.5690706372261047,0.8447670340538025,-0.034443698823451996,0.5576542615890503,0.9528062343597412,-0.04997048154473305,0.5653069019317627,0.9295071363449097,-0.0552251823246479,0.5713746547698975,0.8939033150672913,-0.05590320751070976,0.6138742566108704,0.8638747930526733,-0.039834003895521164,0.5963112711906433,0.961172342300415,-0.048716139048337936,0.6010048389434814,0.9339785575866699,-0.044681888073682785,0.6106025576591492,0.9003057479858398,-0.04244440048933029,0.6557137966156006,0.8805342316627502,-0.04315632954239845,0.6328545212745667,0.9596027731895447,-0.04620744287967682,0.6343590617179871,0.9322736859321594,-0.03251132741570473,0.6417906880378723,0.9038527607917786,-0.024883538484573364,0.6912298202514648,0.8937123417854309,-0.045936234295368195,0.6648399233818054,0.9521614909172058,-0.044885292649269104,0.6658340692520142,0.9281272888183594,-0.03135868161916733,0.6739166975021362,0.9059879183769226,-0.022459598258137703
YES,0.685989260673523,0.7546802759170532,-1.7524902773402573e-7,0.6157101988792419,0.7663671970367432,0.0018122541951015592,0.5716079473495483,0.8401809930801392,-0.004446406848728657,0.5637060403823853,0.9188938140869141,-0.009931453503668308,0.5771664381027222,0.973883330821991,-0.015450834296643734,0.5711926817893982,0.8504208326339722,-0.03345964103937149,0.5572015047073364,0.9550144672393799,-0.0478975884616375,0.5648882985115051,0.9320656657218933,-0.05284186080098152,0.5717706084251404,0.8969405293464661,-0.05349422246217728,0.6161797046661377,0.8714460134506226,-0.039210785180330276,0.5961759090423584,0.9653069972991943,-0.046455513685941696,0.601409375667572,0.9382787942886353,-0.04195760190486908,0.611230194568634,0.9039523601531982,-0.03989749029278755,0.6580076813697815,0.8895145654678345,-0.042644307017326355,0.632611095905304,0.9654987454414368,-0.04460141062736511,0.6354546546936035,0.9377113580703735,-0.03066132217645645,0.6437020301818848,0.909081220626831,-0.023279257118701935,0.6935856938362122,0.902701735496521,-0.04539112001657486,0.6651453971862793,0.9609492421150208,-0.043743032962083817,0.6671236157417297,0.9365911483764648,-0.029425257816910744,0.6755843758583069,0.9135514497756958,-0.020051751285791397
YES,0.688152551651001,0.7564897537231445,-1.9028803421861085e-7,0.6168533563613892,0.7650332450866699,0.000040763225115370005,0.5707839727401733,0.839344322681427,-0.005851577967405319,0.5624094605445862,0.9189881682395935,-0.010530253872275352,0.5766662359237671,0.9728860259056091,-0.01489414181560278,0.5739930868148804,0.8522925972938538,-0.033979687839746475,0.5593835711479187,0.9576023817062378,-0.04864097386598587,0.5663691163063049,0.933506429195404,-0.05367755889892578,0.5724860429763794,0.8972882032394409,-0.054298508912324905,0.6183359622955322,0.8723979592323303,-0.03842981532216072,0.5975136160850525,0.9654906392097473,-0.04546723887324333,0.6022266149520874,0.937420129776001,-0.040741126984357834,0.6116060018539429,0.9037832617759705,-0.03853330761194229,0.6589391827583313,0.8888372182846069,-0.04077562317252159,0.632607638835907,0.9636505246162415,-0.042845454066991806,0.6346275806427002,0.9362679719924927,-0.029029347002506256,0.643083393573761,0.907886803150177,-0.0216642078012228,0.6931356191635132,0.9006204009056091,-0.04260397329926491,0.6636562943458557,0.957244873046875,-0.041189588606357574,0.6646233201026917,0.9334617257118225,-0.02742522768676281,0.6735482811927795,0.9110845923423767,-0.018386978656053543
YES,0.6872199773788452,0.756843626499176,-1.9785890970069886e-7,0.6165745854377747,0.7658241987228394,0.0008233969565480947,0.5713170766830444,0.8384501934051514,-0.004706977866590023,0.563259482383728,0.9176081418991089,-0.009534979239106178,0.5767214894294739,0.9720253348350525,-0.014177123084664345,0.5709712505340576,0.8497124314308167,-0.03068828210234642,0.5574846267700195,0.9553726315498352,-0.04533221572637558,0.5655174851417542,0.933245062828064,-0.0508301742374897,0.5719833374023438,0.8973813652992249,-0.05169462785124779,0.6152192950248718,0.8696785569190979,-0.03585774451494217,0.5962243676185608,0.9635888338088989,-0.0432920940220356,0.6021753549575806,0.9367033839225769,-0.039592210203409195,0.6112317442893982,0.9029099345207214,-0.0378287136554718,0.6564183235168457,0.8866913318634033,-0.03903895616531372,0.6315088868141174,0.9623008966445923,-0.04183980077505112,0.6349529027938843,0.9355356097221375,-0.028630871325731277,0.6430620551109314,0.9070034027099609,-0.021369419991970062,0.6919538378715515,0.8994174599647522,-0.041632331907749176,0.6629284024238586,0.9565944671630859,-0.04087160900235176,0.6655676364898682,0.9327654838562012,-0.02714400552213192,0.674543559551239,0.9095703959465027,-0.01787700690329075
YES,0.6864382028579712,0.7569519877433777,-1.9338295942361583e-7,0.616309642791748,0.7661948204040527,0.0017359398771077394,0.5710806846618652,0.8385676741600037,-0.003715104889124632,0.563148021697998,0.9172508716583252,-0.0086743189021945,0.5763894319534302,0.9713971614837646,-0.013612007722258568,0.5702757835388184,0.8496872782707214,-0.0302718635648489,0.5570487380027771,0.9547141194343567,-0.04459847882390022,0.564765989780426,0.9327210783958435,-0.05007427930831909,0.5708940029144287,0.897234320640564,-0.0511418841779232,0.6144079566001892,0.8697161078453064,-0.03602317348122597,0.5958560705184937,0.9629626870155334,-0.04311760514974594,0.6014613509178162,0.9365891218185425,-0.039260439574718475,0.6103553175926208,0.9031282067298889,-0.03760736808180809,0.6556684970855713,0.8872084021568298,-0.03974258527159691,0.6312503218650818,0.9629972577095032,-0.04263545945286751,0.6343844532966614,0.9357154369354248,-0.029342010617256165,0.6423150897026062,0.9075556993484497,-0.022075384855270386,0.6915189623832703,0.9000122547149658,-0.04280765354633331,0.6626223921775818,0.9580016732215881,-0.04222218692302704,0.6651473641395569,0.9339035153388977,-0.028360500931739807,0.6739800572395325,0.9108657240867615,-0.01902753673493862
YES,0.686874270439148,0.7576872110366821,-1.9378272497760918e-7,0.616793692111969,0.7663174867630005,0.001690438948571682,0.5712536573410034,0.8383010625839233,-0.0037026619538664818,0.5626481175422668,0.9164807796478271,-0.008576618507504463,0.5757114887237549,0.9706628322601318,-0.013454865664243698,0.5706420540809631,0.8499884605407715,-0.03044506534934044,0.5572407841682434,0.9545870423316956,-0.04482666775584221,0.564690113067627,0.9325842261314392,-0.05024980008602142,0.570862889289856,0.8971036076545715,-0.05131383240222931,0.6146301627159119,0.8699356317520142,-0.03614278882741928,0.5959309339523315,0.9630017280578613,-0.04331643134355545,0.6014181971549988,0.9364122748374939,-0.039437856525182724,0.6103480458259583,0.9029497504234314,-0.037721674889326096,0.6558275818824768,0.8872449994087219,-0.03978109359741211,0.6313503384590149,0.9628030061721802,-0.042732927948236465,0.6344689130783081,0.9356115460395813,-0.02944967895746231,0.6423565745353699,0.907336950302124,-0.022173067554831505,0.6915715336799622,0.9002007842063904,-0.042732927948236465,0.6626275777816772,0.9580203890800476,-0.042252395302057266,0.6651396751403809,0.934002161026001,-0.02845429629087448,0.6739272475242615,0.9108319878578186,-0.019135426729917526
YES,0.6872033476829529,0.7579144239425659,-1.9215505631109409e-7,0.6172151565551758,0.7661841511726379,0.0017690270906314254,0.5712921619415283,0.8373288512229919,-0.003527345834299922,0.5617716312408447,0.9150905013084412,-0.008331133052706718,0.5747454762458801,0.9693431854248047,-0.013192743994295597,0.5711663365364075,0.849982738494873,-0.0303090438246727,0.5573314428329468,0.9541493058204651,-0.04461546242237091,0.5645200610160828,0.9322481751441956,-0.05009816214442253,0.5705438256263733,0.8967750072479248,-0.05116043612360954,0.6149539351463318,0.8702242970466614,-0.035980213433504105,0.5958618521690369,0.962851345539093,-0.04307345300912857,0.6010324358940125,0.936471700668335,-0.039201296865940094,0.6100298166275024,0.9029025435447693,-0.037522222846746445,0.6559522151947021,0.8876123428344727,-0.03961249813437462,0.6312230229377747,0.9628279209136963,-0.04242238402366638,0.6341025233268738,0.9357252717018127,-0.029212502762675285,0.6420556306838989,0.9075366258621216,-0.022016461938619614,0.6916622519493103,0.9004065990447998,-0.04252518340945244,0.6626163125038147,0.9581935405731201,-0.041976913809776306,0.6648815274238586,0.9342558979988098,-0.028270166367292404,0.673636257648468,0.9110715985298157,-0.019000979140400887
YES,0.6828118562698364,0.7503315210342407,-2.3633502621578373e-7,0.6151077747344971,0.7592182159423828,-0.0010701792780309916,0.5727722644805908,0.8386547565460205,-0.009147599339485168,0.56884765625,0.9237887859344482,-0.016250036656856537,0.5842416882514954,0.9800353646278381,-0.02257377654314041,0.5654339790344238,0.8303208351135254,-0.03587159514427185,0.551505446434021,0.9443181157112122,-0.05370470508933067,0.5635319948196411,0.92458575963974,-0.059865862131118774,0.5705800652503967,0.8895753622055054,-0.061063867062330246,0.6079235076904297,0.848894476890564,-0.04203274846076965,0.5911382436752319,0.9541477560997009,-0.0535677894949913,0.6000460982322693,0.9296287894248962,-0.049631498754024506,0.6078903079032898,0.8965122699737549,-0.04720127210021019,0.649331271648407,0.8675670623779297,-0.04661938175559044,0.6275333762168884,0.9553717970848083,-0.05449196696281433,0.6322557926177979,0.9294761419296265,-0.04073205962777138,0.6390545964241028,0.9001816511154175,-0.03188396245241165,0.6868839859962463,0.8852468729019165,-0.050521448254585266,0.6586863398551941,0.9512789249420166,-0.05373893678188324,0.6625262498855591,0.927844762802124,-0.040321316570043564,0.6722680926322937,0.9029389023780823,-0.030754417181015015
YES,0.6836413145065308,0.7492140531539917,-2.194212669337503e-7,0.6177301406860352,0.7590981721878052,-0.00001977342071768362,0.5744015574455261,0.8379865884780884,-0.008725225925445557,0.5680879950523376,0.9234541058540344,-0.016495198011398315,0.5824832916259766,0.980532169342041,-0.023744897916913033,0.5651962757110596,0.828416645526886,-0.03517383709549904,0.5524503588676453,0.9431496262550354,-0.053187206387519836,0.5636848211288452,0.9239208102226257,-0.06011280044913292,0.5712319612503052,0.8891091346740723,-0.06188684329390526,0.6075355410575867,0.8480230569839478,-0.041962966322898865,0.5911385416984558,0.9538641571998596,-0.052914272993803024,0.5986966490745544,0.9298604726791382,-0.049195606261491776,0.6073846817016602,0.8978403806686401,-0.04745567962527275,0.6493324637413025,0.8679324388504028,-0.047012168914079666,0.6272487640380859,0.9569336771965027,-0.054483622312545776,0.6311958432197571,0.9301114678382874,-0.04087124392390251,0.6383988857269287,0.9010602831840515,-0.032393358647823334,0.6873564124107361,0.8862566351890564,-0.051310814917087555,0.6603116393089294,0.9533823728561401,-0.05458596721291542,0.6640841364860535,0.9298520684242249,-0.041314758360385895,0.6733404994010925,0.9058668613433838,-0.03188161924481392
YES,0.6813250184059143,0.7425351142883301,-2.4678658405719034e-7,0.6147699952125549,0.7489196062088013,-0.0019993071909993887,0.5667935609817505,0.8233180046081543,-0.012824539095163345,0.5591228604316711,0.9085375070571899,-0.022751839831471443,0.5788179636001587,0.9655675292015076,-0.03268766403198242,0.5639133453369141,0.8035188317298889,-0.0427427813410759,0.5417097806930542,0.9215865135192871,-0.06346655637025833,0.5537102818489075,0.9023699760437012,-0.07096529006958008,0.5617971420288086,0.8663177490234375,-0.07307856529951096,0.6057565212249756,0.8222873210906982,-0.05007109418511391,0.5789726972579956,0.9357454776763916,-0.06564800441265106,0.588102400302887,0.9107168316841125,-0.0634324699640274,0.5990372896194458,0.8752312660217285,-0.062034979462623596,0.6450260281562805,0.8437852263450623,-0.05545654520392418,0.6160628795623779,0.9442448616027832,-0.06646604835987091,0.6215185523033142,0.9164745807647705,-0.05307058244943619,0.6313567757606506,0.8826143145561218,-0.0440039336681366,0.6803464889526367,0.8667530417442322,-0.06019438058137894,0.6486473679542542,0.9409370422363281,-0.06609111279249191,0.6515862345695496,0.9178511500358582,-0.053650032728910446,0.6625162959098816,0.890284538269043,-0.04478789120912552
YES,0.6794697046279907,0.7429235577583313,-2.2882935013512906e-7,0.6145455837249756,0.749600887298584,-0.0013313229428604245,0.5675166845321655,0.8259491324424744,-0.011877880431711674,0.558953046798706,0.9109199047088623,-0.02182234823703766,0.5786100029945374,0.9683020710945129,-0.03152303770184517,0.5631241202354431,0.8016757965087891,-0.03789489343762398,0.5423332452774048,0.9196779727935791,-0.05894387513399124,0.5556634068489075,0.9012178778648376,-0.0678543820977211,0.5656657218933105,0.8655945062637329,-0.07088059931993484,0.6033427715301514,0.8218046426773071,-0.04572942107915878,0.5809562802314758,0.9352697730064392,-0.0618019662797451,0.5901319980621338,0.9091182947158813,-0.06038973480463028,0.6006369590759277,0.8738793134689331,-0.05934736877679825,0.6432836055755615,0.8442392945289612,-0.05198359116911888,0.6189188957214355,0.943507969379425,-0.06392031162977219,0.6243758201599121,0.9143285155296326,-0.05121022090315819,0.6329894661903381,0.881451427936554,-0.042266085743904114,0.6800292134284973,0.8673016428947449,-0.057598892599344254,0.652509331703186,0.9395272731781006,-0.06435742974281311,0.6564649939537048,0.9161405563354492,-0.052319835871458054,0.6667023301124573,0.8892346024513245,-0.0434093251824379
YES,0.6780880093574524,0.7385520339012146,-2.7054718998442695e-7,0.6158583164215088,0.7346404790878296,-0.00467660604044795,0.5629050135612488,0.8006108999252319,-0.018458329141139984,0.5517455339431763,0.8926993012428284,-0.030284229665994644,0.5729849934577942,0.9513603448867798,-0.04204396903514862,0.5560882091522217,0.7672251462936401,-0.05236475542187691,0.5319675803184509,0.891284704208374,-0.07522265613079071,0.5450392961502075,0.8819538354873657,-0.08190470188856125,0.5565647482872009,0.851658821105957,-0.0834263488650322,0.5973035097122192,0.7873166799545288,-0.060403063893318176,0.5702207684516907,0.9157194495201111,-0.08058152347803116,0.5807297229766846,0.892397403717041,-0.07753821462392807,0.5919194221496582,0.856718897819519,-0.07502417266368866,0.636310338973999,0.8125780820846558,-0.06639043986797333,0.6061463952064514,0.9277095198631287,-0.0834263488650322,0.6126261353492737,0.8998093605041504,-0.06913603842258453,0.622887909412384,0.864381730556488,-0.058021336793899536,0.6721048951148987,0.842443585395813,-0.07158391177654266,0.6388678550720215,0.9253022074699402,-0.08302940428256989,0.6436682939529419,0.9025576114654541,-0.07131927460432053,0.6559110879898071,0.8734856247901917,-0.06218935176730156
YES,0.673827052116394,0.7356101274490356,-1.7307485222772812e-7,0.6119717955589294,0.737847089767456,-0.0011726629454642534,0.5642368197441101,0.8074971437454224,-0.01517077162861824,0.5523803234100342,0.8957831263542175,-0.02887645550072193,0.569394588470459,0.9532718658447266,-0.04310201108455658,0.5555815696716309,0.7648522853851318,-0.04653630778193474,0.5308462977409363,0.8887515664100647,-0.06925308704376221,0.5422468781471252,0.883512020111084,-0.07649976760149002,0.5577735304832458,0.8561891913414001,-0.07813814282417297,0.5952907204627991,0.7836476564407349,-0.05677618086338043,0.571893572807312,0.9139784574508667,-0.07574359327554703,0.5781603455543518,0.8929466605186462,-0.07347506284713745,0.5881307721138,0.8582348227500916,-0.07265587151050568,0.6350704431533813,0.8090624213218689,-0.06503110378980637,0.6063564419746399,0.9256383776664734,-0.08229710906744003,0.6100035309791565,0.8970390558242798,-0.07082844525575638,0.6196218729019165,0.8619517087936401,-0.06216393783688545,0.6714913845062256,0.8392093777656555,-0.07215175777673721,0.6387276649475098,0.9264446496963501,-0.08563688397407532,0.6423396468162537,0.9031971096992493,-0.07612168043851852,0.6544649600982666,0.8727853894233704,-0.06811882555484772
YES,0.6738489866256714,0.7348048090934753,-2.2100047658568656e-7,0.6131929159164429,0.7346920967102051,-0.0004623320419341326,0.5609337687492371,0.790983259677887,-0.01767265610396862,0.5464301109313965,0.8740769624710083,-0.034069642424583435,0.5612819790840149,0.9306570887565613,-0.052706826478242874,0.5517957210540771,0.7306399941444397,-0.05846288427710533,0.5278273820877075,0.8413249254226685,-0.07865575700998306,0.5287409424781799,0.8804226517677307,-0.08394511044025421,0.5372153520584106,0.899893581867218,-0.08662089705467224,0.5923162698745728,0.7484921813011169,-0.07149957865476608,0.5666111707687378,0.885257363319397,-0.09060347080230713,0.5727151036262512,0.8763981461524963,-0.0863097608089447,0.583830714225769,0.8457047939300537,-0.085438571870327,0.6303887963294983,0.7749471068382263,-0.08151822537183762,0.6014999747276306,0.9015305638313293,-0.09782186895608902,0.6047218441963196,0.880241334438324,-0.08431847393512726,0.6137180924415588,0.8454521894454956,-0.07616665214300156,0.6635159850120544,0.8073238134384155,-0.09041678160429001,0.6326056122779846,0.9031520485877991,-0.1041690930724144,0.6364831924438477,0.8855624198913574,-0.09471049159765244,0.6470773816108704,0.8540234565734863,-0.08842550218105316
YES,0.6723976731300354,0.7402327656745911,-1.4378925072833226e-7,0.6128508448600769,0.7376447319984436,-0.0019785002805292606,0.5674960613250732,0.7937555313110352,-0.020220136269927025,0.5598828196525574,0.8743621706962585,-0.039026085287332535,0.5714389681816101,0.9265933036804199,-0.06026607006788254,0.5500766038894653,0.7328650951385498,-0.04889819398522377,0.5262888669967651,0.840273380279541,-0.06809847801923752,0.526528000831604,0.8874760866165161,-0.07495184242725372,0.5367557406425476,0.911649227142334,-0.07941196113824844,0.5884685516357422,0.746332049369812,-0.0609731562435627,0.5696998238563538,0.8805591464042664,-0.07810655981302261,0.5771058201789856,0.8685793876647949,-0.07593090087175369,0.5858315229415894,0.8395794630050659,-0.07778021693229675,0.6278092861175537,0.770167887210846,-0.07098124921321869,0.6032114624977112,0.8984843492507935,-0.08593897521495819,0.6082262992858887,0.8741861581802368,-0.07576771825551987,0.6139652729034424,0.8387275338172913,-0.07087245583534241,0.6641406416893005,0.7986875176429749,-0.08033663034439087,0.6341730952262878,0.9001941084861755,-0.09404335170984268,0.636978805065155,0.8855254054069519,-0.08642850816249847,0.6454564332962036,0.8550491333007812,-0.08153324574232101
YES,0.6544376611709595,0.7451619505882263,-8.203360124525716e-8,0.5867336988449097,0.7546803951263428,-0.00988049991428852,0.5436307787895203,0.8021194934844971,-0.03621969372034073,0.5378254652023315,0.871123731136322,-0.06039257347583771,0.5597919225692749,0.906039297580719,-0.0855429396033287,0.5419125556945801,0.7030311822891235,-0.07249221950769424,0.5213847160339355,0.8291898965835571,-0.09468372166156769,0.5270693898200989,0.8539250493049622,-0.09822379797697067,0.5398203730583191,0.8501135110855103,-0.09959754347801208,0.5843682885169983,0.7112848162651062,-0.08253122866153717,0.5657530426979065,0.8643794059753418,-0.10398300737142563,0.5703308582305908,0.8556506037712097,-0.09986173361539841,0.5771180391311646,0.8266807198524475,-0.10044294595718384,0.6256041526794434,0.7363980412483215,-0.08982273191213608,0.6007773876190186,0.8804145455360413,-0.1065191850066185,0.601848304271698,0.8639096021652222,-0.0943138599395752,0.6050585508346558,0.8288667798042297,-0.08850180357694626,0.6619241237640381,0.7688054442405701,-0.09700853377580643,0.6313033699989319,0.8804100751876831,-0.1121198907494545,0.6290026903152466,0.8729609251022339,-0.1051454171538353,0.6323922872543335,0.8438916206359863,-0.10075996071100235
YES,0.6870789527893066,0.7583639621734619,-1.7186998491069971e-7,0.6095492839813232,0.7579777836799622,-0.015868665650486946,0.5516722798347473,0.7922610640525818,-0.04142124578356743,0.536007821559906,0.8603641986846924,-0.06483324617147446,0.5588020086288452,0.9110538363456726,-0.0880240947008133,0.5453429818153381,0.7013635039329529,-0.05687127262353897,0.5156886577606201,0.8358229398727417,-0.07519645988941193,0.5324335694313049,0.8500488996505737,-0.07892469316720963,0.5432267785072327,0.8268383741378784,-0.08202102035284042,0.5880408883094788,0.7117865085601807,-0.06337987631559372,0.5591896772384644,0.8626707792282104,-0.07987254112958908,0.5734696984291077,0.8527397513389587,-0.07892469316720963,0.5788523554801941,0.8214550018310547,-0.08258972316980362,0.6288796663284302,0.7359827160835266,-0.06868786364793777,0.5971364974975586,0.8754777908325195,-0.08006211370229721,0.6085314154624939,0.8554852604866028,-0.07273203879594803,0.6139776110649109,0.8165894746780396,-0.07146823406219482,0.6645668148994446,0.7685071229934692,-0.07513327151536942,0.6296740770339966,0.874475359916687,-0.08233696222305298,0.6356409192085266,0.8609588742256165,-0.07589155435562134,0.6425430178642273,0.8257044553756714,-0.07292161136865616
YES,0.6483940482139587,0.7412276864051819,-6.020965059860828e-8,0.5828289985656738,0.7487047910690308,-0.01288618054240942,0.5422905683517456,0.7888269424438477,-0.036843426525592804,0.5303481221199036,0.8506882190704346,-0.058850277215242386,0.5385187268257141,0.8947432041168213,-0.08184922486543655,0.5417563915252686,0.700114905834198,-0.06290891766548157,0.5207862854003906,0.8096286654472351,-0.08261585980653763,0.5247279405593872,0.8344963788986206,-0.08401383459568024,0.5355672836303711,0.830589771270752,-0.08419422060251236,0.5861003994941711,0.7103301286697388,-0.07071051746606827,0.5570976138114929,0.8550009727478027,-0.08978612720966339,0.5651598572731018,0.8653610944747925,-0.08351778239011765,0.5734856128692627,0.847480058670044,-0.08067672699689865,0.6281301975250244,0.7373279333114624,-0.0770239606499672,0.5962245464324951,0.8757303357124329,-0.0923565998673439,0.5961304903030396,0.8754888772964478,-0.07733963429927826,0.5980486273765564,0.8482479453086853,-0.0680498480796814,0.6631258130073547,0.771652340888977,-0.08401383459568024,0.6296558380126953,0.877713680267334,-0.09975234419107437,0.6206451058387756,0.8818866014480591,-0.09262717515230179,0.6172388195991516,0.8598678112030029,-0.08595295995473862
YES,0.6427473425865173,0.759539008140564,-2.7206445096794596e-8,0.577055811882019,0.7631639242172241,-0.0178645271807909,0.5378719568252563,0.7864943742752075,-0.04877372831106186,0.5253660678863525,0.837226152420044,-0.0772097259759903,0.5309385061264038,0.8785859942436218,-0.10619788616895676,0.5394383668899536,0.6746614575386047,-0.07454097270965576,0.5169469118118286,0.7987266778945923,-0.09625908732414246,0.5291837453842163,0.8209220170974731,-0.09690327197313309,0.5417388081550598,0.8052380084991455,-0.09635110944509506,0.5845621228218079,0.6829054355621338,-0.08222513645887375,0.5559938549995422,0.8290116786956787,-0.10270090401172638,0.5668564438819885,0.8372306823730469,-0.09414248168468475,0.5741644501686096,0.813755214214325,-0.09004734456539154,0.6270821690559387,0.7112657427787781,-0.08862093091011047,0.5972720980644226,0.8496332168579102,-0.10371318459510803,0.6023238301277161,0.8472457528114319,-0.08470983803272247,0.6080324649810791,0.8175278902053833,-0.07394280284643173,0.6614109873771667,0.749333918094635,-0.09625908732414246,0.6309713125228882,0.8528190851211548,-0.11199551075696945,0.6295969486236572,0.8527504801750183,-0.10316102206707001,0.6334619522094727,0.8249281644821167,-0.09589098393917084
YES,0.6592469811439514,0.7841569781303406,-1.1748429074032174e-7,0.5928605198860168,0.7826298475265503,-0.020761016756296158,0.5455523133277893,0.7962198853492737,-0.04732412472367287,0.5249555110931396,0.842318058013916,-0.07088993489742279,0.5444357991218567,0.8773837089538574,-0.09250339865684509,0.541501522064209,0.6796183586120605,-0.0541711300611496,0.5169573426246643,0.7960487008094788,-0.07952431589365005,0.5329814553260803,0.8111023902893066,-0.09030354768037796,0.5418304204940796,0.7875601649284363,-0.09761802107095718,0.5830568075180054,0.6853960752487183,-0.059835731983184814,0.5547212362289429,0.8275525569915771,-0.08045925945043564,0.5691807866096497,0.824181854724884,-0.0807892382144928,0.5741071701049805,0.7915767431259155,-0.08348404616117477,0.6243206858634949,0.7117872834205627,-0.06649025529623032,0.5927661061286926,0.8454195261001587,-0.08040426671504974,0.602913498878479,0.8361654877662659,-0.07044997066259384,0.6080091595649719,0.8012248277664185,-0.0657753050327301,0.6587568521499634,0.7479780912399292,-0.07572959363460541,0.6292808055877686,0.849510669708252,-0.08447396755218506,0.6336025595664978,0.8411091566085815,-0.07853439450263977,0.6379724144935608,0.8086209893226624,-0.07462967187166214
YES,0.6235843300819397,0.8118144869804382,-2.539362924380839e-7,0.562008798122406,0.8091716766357422,-0.030073946341872215,0.5234199166297913,0.8022423386573792,-0.0550960972905159,0.5198175311088562,0.8071284294128418,-0.07598736882209778,0.5570679306983948,0.8035649061203003,-0.09377387166023254,0.5326361656188965,0.6431140303611755,-0.039993345737457275,0.5204616785049438,0.7337614297866821,-0.0631473958492279,0.5334078073501587,0.7726926803588867,-0.07588211447000504,0.5384297966957092,0.7597833275794983,-0.08493323624134064,0.5738829374313354,0.6406409740447998,-0.038809336721897125,0.557960569858551,0.7593419551849365,-0.05972690507769585,0.5675142407417297,0.7849539518356323,-0.06241067498922348,0.5677948594093323,0.7613421082496643,-0.06362099945545197,0.6133137345314026,0.6612686514854431,-0.04051957651972771,0.5943089127540588,0.7766438126564026,-0.05499085783958435,0.5939927101135254,0.79334557056427,-0.046755384653806686,0.5924170017242432,0.7694388031959534,-0.04036170616745949,0.6455113291740417,0.6965165138244629,-0.04601866379380226,0.6264409422874451,0.7848031520843506,-0.05451725050806999,0.6231375336647034,0.7935658097267151,-0.049491770565509796,0.6231231689453125,0.7700496912002563,-0.04391374811530113
YES,0.6078979969024658,0.8206111192703247,-3.8531695167876023e-7,0.5660294890403748,0.8159658908843994,-0.0296478271484375,0.5290769338607788,0.8076985478401184,-0.052748311311006546,0.5264565348625183,0.8103262186050415,-0.07239032536745071,0.5595113635063171,0.801983654499054,-0.0879138633608818,0.533344566822052,0.6447733640670776,-0.032076675444841385,0.5225172638893127,0.7169499397277832,-0.06299173086881638,0.5265788435935974,0.7670058608055115,-0.08453458547592163,0.5306917428970337,0.7679476737976074,-0.09794607013463974,0.575864315032959,0.6410484313964844,-0.03162786737084389,0.5638200640678406,0.7437703013420105,-0.05380433425307274,0.5597888827323914,0.7833658456802368,-0.058609236031770706,0.5584501624107361,0.7702364325523376,-0.060140468180179596,0.614955484867096,0.6623785495758057,-0.03571995347738266,0.5990567803382874,0.7668138146400452,-0.051005877554416656,0.5924903154373169,0.791737973690033,-0.04139607399702072,0.5919812321662903,0.7723292112350464,-0.033264704048633575,0.6444183588027954,0.6964322328567505,-0.0444849394261837,0.6277772784233093,0.782192051410675,-0.05340832844376564,0.6232385039329529,0.7972750067710876,-0.04712499678134918,0.625347375869751,0.7771839499473572,-0.039310429245233536
YES,0.6006851196289062,0.8186481595039368,-4.1180456378242525e-7,0.5597440004348755,0.8192269802093506,-0.031957488507032394,0.5282776951789856,0.7926065325737,-0.052396010607481,0.539196789264679,0.7747900485992432,-0.06840024143457413,0.5710885524749756,0.7602159976959229,-0.07859402149915695,0.5313202142715454,0.6304605007171631,-0.028568057343363762,0.5280457139015198,0.6850101351737976,-0.061060719192028046,0.5312736630439758,0.7419082522392273,-0.08175408840179443,0.5338426232337952,0.7408171892166138,-0.09470017999410629,0.5769680738449097,0.6249848008155823,-0.027829010039567947,0.5700806975364685,0.6963998675346375,-0.05494445562362671,0.5612230896949768,0.7530015110969543,-0.05978649854660034,0.5585206151008606,0.7471836805343628,-0.05968456342816353,0.6156989932060242,0.6451163291931152,-0.03244169428944588,0.6062723994255066,0.7222111225128174,-0.05428185686469078,0.591911792755127,0.7675467133522034,-0.045362308621406555,0.5871373414993286,0.7548009753227234,-0.036544691771268845,0.645575761795044,0.6775447726249695,-0.041565123945474625,0.6343563199043274,0.7487390637397766,-0.05438379943370819,0.6214526295661926,0.7818061709403992,-0.0498475655913353,0.6177069544792175,0.7691619992256165,-0.04342548921704292
YES,0.6030968427658081,0.819986879825592,-4.732856382361206e-7,0.5593203902244568,0.8191255927085876,-0.03141287341713905,0.5253649353981018,0.7863852381706238,-0.049822770059108734,0.5316497087478638,0.7613074779510498,-0.06393350660800934,0.5596272945404053,0.7431121468544006,-0.07205706834793091,0.5340360999107361,0.6286378502845764,-0.02468719519674778,0.5286839008331299,0.677621603012085,-0.05749795585870743,0.5316005945205688,0.7369593381881714,-0.0787036195397377,0.5350194573402405,0.7387638688087463,-0.0920494794845581,0.5798459053039551,0.6236327290534973,-0.02414650470018387,0.5694725513458252,0.6912131309509277,-0.05195916071534157,0.5606348514556885,0.7517893314361572,-0.0563901923596859,0.5593758225440979,0.7482050061225891,-0.05580993741750717,0.6181095242500305,0.6451537013053894,-0.029540235176682472,0.6068119406700134,0.7198193669319153,-0.05174815654754639,0.5913150310516357,0.7661073803901672,-0.042569585144519806,0.5869806408882141,0.7525155544281006,-0.03391851857304573,0.6477615833282471,0.6790480017662048,-0.03956281393766403,0.6343822479248047,0.7497563362121582,-0.05240754038095474,0.6204462051391602,0.7835443615913391,-0.04829300940036774,0.6164512038230896,0.7705567479133606,-0.04267508536577225
YES,0.6039093732833862,0.8203516602516174,-4.826874260288605e-7,0.5584949851036072,0.8199266791343689,-0.031419482082128525,0.5232944488525391,0.7867411971092224,-0.04960266873240471,0.5299553275108337,0.7606105208396912,-0.06364116072654724,0.5580975413322449,0.7421641945838928,-0.07166316360235214,0.5342444777488708,0.6290290355682373,-0.023985764011740685,0.5289323925971985,0.6761597990989685,-0.056742243468761444,0.5313645601272583,0.735832691192627,-0.077599436044693,0.5346909761428833,0.7386407256126404,-0.09064853936433792,0.5798861980438232,0.623955249786377,-0.02362477406859398,0.569966733455658,0.6894339323043823,-0.0519290454685688,0.5606911182403564,0.7505901455879211,-0.05642136186361313,0.559322714805603,0.7481318712234497,-0.05561916157603264,0.6178980469703674,0.6452403664588928,-0.02930702269077301,0.6072162389755249,0.7180817723274231,-0.05224992707371712,0.591212272644043,0.7651821374893188,-0.04339899495244026,0.5867840051651001,0.752090573310852,-0.034681759774684906,0.6477129459381104,0.6787675023078918,-0.03957517445087433,0.6346117854118347,0.7477762699127197,-0.052651021629571915,0.6200931072235107,0.7824775576591492,-0.04855980724096298,0.6156401634216309,0.769855260848999,-0.04289093241095543
YES,0.6046379208564758,0.8205000758171082,-4.877697392657865e-7,0.5580781102180481,0.8197227120399475,-0.030198004096746445,0.5224120020866394,0.786085844039917,-0.048043493181467056,0.5306847095489502,0.7608352899551392,-0.06205730140209198,0.5594476461410522,0.7436233162879944,-0.07020298391580582,0.5345636010169983,0.6284634470939636,-0.02329828217625618,0.529069185256958,0.6775588393211365,-0.05541212856769562,0.5316988825798035,0.7369990348815918,-0.07620507478713989,0.5349282622337341,0.7395846843719482,-0.08922746777534485,0.5799641013145447,0.6239444613456726,-0.02348584681749344,0.5709539651870728,0.6913247108459473,-0.05096415430307388,0.5616276860237122,0.7519255876541138,-0.05541212856769562,0.5597941279411316,0.7493495345115662,-0.054822634905576706,0.6178321242332458,0.6453096866607666,-0.029501333832740784,0.6077268719673157,0.7193472981452942,-0.05163402482867241,0.5921545028686523,0.7661258578300476,-0.04281846433877945,0.5874961614608765,0.7530800104141235,-0.034244053065776825,0.6476887464523315,0.6788468360900879,-0.04003177955746651,0.6352049708366394,0.7482327818870544,-0.05259865149855614,0.6210406422615051,0.7823514938354492,-0.04820426553487778,0.6164208650588989,0.770226001739502,-0.04230935499072075
YES,0.6114653944969177,0.8224040269851685,-4.4172989532853535e-7,0.5635403990745544,0.8181785345077515,-0.02797975018620491,0.5214573740959167,0.7804781198501587,-0.04556471109390259,0.5374388694763184,0.750562310218811,-0.05994506552815437,0.5812376141548157,0.7396838068962097,-0.06829320639371872,0.5349897742271423,0.6226072311401367,-0.018352452665567398,0.5285680294036865,0.6531874537467957,-0.050385087728500366,0.5327867269515991,0.7134993672370911,-0.07152474671602249,0.537315845489502,0.7220751643180847,-0.08493564277887344,0.5779438614845276,0.6150941848754883,-0.020237518474459648,0.5708959102630615,0.6593875288963318,-0.04782678931951523,0.5654568672180176,0.722098171710968,-0.05353584513068199,0.5638239979743958,0.7248412370681763,-0.053185757249593735,0.6161497235298157,0.6313174962997437,-0.027898961678147316,0.607190728187561,0.6876561641693115,-0.04952334612607956,0.5960165858268738,0.7406880855560303,-0.04095976799726486,0.5909285545349121,0.7356405258178711,-0.03196531534194946,0.6488648056983948,0.660942792892456,-0.04009802266955376,0.6363834142684937,0.7196756601333618,-0.052243225276470184,0.6254866123199463,0.7583798766136169,-0.04723433777689934,0.621119499206543,0.7522182464599609,-0.04058275371789932
YES,0.6145355701446533,0.8255492448806763,-4.7195416641443444e-7,0.5632157325744629,0.8215921521186829,-0.02747277170419693,0.5191718935966492,0.7815225124359131,-0.04393366724252701,0.5363538861274719,0.7508454322814941,-0.05759180337190628,0.581480085849762,0.7400078773498535,-0.06527450680732727,0.5348798632621765,0.6208720207214355,-0.016887715086340904,0.5280665159225464,0.6539776921272278,-0.04814492538571358,0.5314456820487976,0.7126114368438721,-0.06863213330507278,0.5358303189277649,0.717994749546051,-0.08200572431087494,0.5774650573730469,0.6131799221038818,-0.019007572904229164,0.5700746178627014,0.6619091629981995,-0.04660838842391968,0.5636106729507446,0.723060667514801,-0.05247000232338905,0.5617879033088684,0.7238683104515076,-0.05247000232338905,0.6157343983650208,0.6292328834533691,-0.026960588991642,0.6071897745132446,0.6891533732414246,-0.048457928001880646,0.5950337648391724,0.7405885457992554,-0.040604498237371445,0.5885815620422363,0.7345930337905884,-0.032324254512786865,0.6488623023033142,0.6588199734687805,-0.03958014026284218,0.6381734609603882,0.7203940153121948,-0.052185457199811935,0.6265455484390259,0.7580892443656921,-0.04837256669998169,0.6197119951248169,0.7509649395942688,-0.042653217911720276
YES,0.6166148781776428,0.8270302414894104,-4.728176179469301e-7,0.56516432762146,0.8210036158561707,-0.027336783707141876,0.5204858779907227,0.7823503613471985,-0.04429585486650467,0.5359903573989868,0.7514923214912415,-0.058572541922330856,0.581069827079773,0.7397736310958862,-0.06707406789064407,0.5356380343437195,0.6214988827705383,-0.01794113963842392,0.5284586548805237,0.653228759765625,-0.04942608252167702,0.5312491059303284,0.7101526260375977,-0.06977109611034393,0.5360345840454102,0.7161808609962463,-0.08302174508571625,0.5776602029800415,0.613103449344635,-0.020345017313957214,0.5701683163642883,0.660394549369812,-0.048986345529556274,0.5638700127601624,0.7214637398719788,-0.05514261871576309,0.5625671744346619,0.723824143409729,-0.05493740737438202,0.615866482257843,0.6290205717086792,-0.02849474921822548,0.6071828007698059,0.6886836290359497,-0.05045212805271149,0.5957676768302917,0.739840030670166,-0.04294733703136444,0.5898218750953674,0.7338065505027771,-0.03468034043908119,0.6490092277526855,0.6588394045829773,-0.04124702885746956,0.6382688879966736,0.7220121026039124,-0.053852733224630356,0.6267980337142944,0.7592741847038269,-0.05027623102068901,0.6197169423103333,0.7523254752159119,-0.04461832344532013
YES,0.616159200668335,0.8262489438056946,-4.6567831191168807e-7,0.563949704170227,0.8211696743965149,-0.027342740446329117,0.5190723538398743,0.7823591232299805,-0.043872468173503876,0.5352657437324524,0.7510680556297302,-0.05778757482767105,0.5797473788261414,0.7397878766059875,-0.06605982780456543,0.5349855422973633,0.6200040578842163,-0.017445584759116173,0.5293052792549133,0.6539522409439087,-0.048274487257003784,0.5320437550544739,0.7103997468948364,-0.068423330783844,0.536536693572998,0.715502142906189,-0.08148166537284851,0.5770053863525391,0.6121666431427002,-0.01982385665178299,0.5710863471031189,0.6601189374923706,-0.048038139939308167,0.5646046996116638,0.7214053273200989,-0.05436050146818161,0.5635122656822205,0.7233396172523499,-0.054271869361400604,0.6152285933494568,0.6282657980918884,-0.027889300137758255,0.6084824204444885,0.686649739742279,-0.0499584786593914,0.5965721607208252,0.7384687662124634,-0.042838435620069504,0.5905860066413879,0.7327049970626831,-0.03468436375260353,0.6484652161598206,0.6580380201339722,-0.04053402692079544,0.6395063400268555,0.7191290259361267,-0.05294240266084671,0.6276516914367676,0.7570064663887024,-0.04921988770365715,0.6206983327865601,0.7502716779708862,-0.04345885291695595
YES,0.6179855465888977,0.819980800151825,-4.449407242645975e-7,0.5665952563285828,0.8140770792961121,-0.028225697576999664,0.5185997486114502,0.7683494687080383,-0.043079763650894165,0.5334407091140747,0.7304816246032715,-0.05550263077020645,0.5787444710731506,0.724625825881958,-0.06232186034321785,0.5338181853294373,0.619594156742096,-0.013408687897026539,0.527520477771759,0.6352046728134155,-0.042635031044483185,0.5328656435012817,0.6929320693016052,-0.060839418321847916,0.5390523672103882,0.7016531825065613,-0.07281755656003952,0.5746440887451172,0.606260359287262,-0.014757710509002209,0.5709435939788818,0.6353482604026794,-0.043969232589006424,0.5661463141441345,0.6989014148712158,-0.04903918504714966,0.5642580986022949,0.7033360004425049,-0.04657832905650139,0.6118882298469543,0.6180554032325745,-0.022562768310308456,0.6071118712425232,0.662401556968689,-0.04625219479203224,0.5961201786994934,0.7156688570976257,-0.04032242298126221,0.589029848575592,0.7103919386863708,-0.03184285759925842,0.6465996503829956,0.6436486840248108,-0.03486703708767891,0.6379237174987793,0.6952083110809326,-0.04829796031117439,0.6269996166229248,0.7340852618217468,-0.04619289189577103,0.6194287538528442,0.729364812374115,-0.04141943156719208
YES,0.6181512475013733,0.8202809691429138,-4.6018493549127015e-7,0.5679323673248291,0.8136531710624695,-0.025731312111020088,0.5202032327651978,0.7690074443817139,-0.039451759308576584,0.5328670740127563,0.7303730845451355,-0.05117039009928703,0.5770246386528015,0.7217988967895508,-0.05748267471790314,0.5339226126670837,0.6204360127449036,-0.011945115402340889,0.5283485651016235,0.6330492496490479,-0.04129284247756004,0.5331494808197021,0.6902105212211609,-0.06008356809616089,0.5386093258857727,0.7030479907989502,-0.07188986986875534,0.5745905637741089,0.6073514819145203,-0.014071126468479633,0.5722531676292419,0.6337746381759644,-0.0431339256465435,0.5669392347335815,0.6968446969985962,-0.04871561378240585,0.5641297698020935,0.7064653635025024,-0.046348508447408676,0.6122420430183411,0.6188734173774719,-0.022326773032546043,0.6084498763084412,0.6621813774108887,-0.04544258117675781,0.5969159007072449,0.7147762775421143,-0.04015312343835831,0.5885028839111328,0.7140768766403198,-0.031941309571266174,0.6465144157409668,0.6446393728256226,-0.0348636656999588,0.6383201479911804,0.697394073009491,-0.04810192063450813,0.6270567178726196,0.7357567548751831,-0.046348508447408676,0.6187353730201721,0.7332078218460083,-0.041643522679805756
YES,0.6187801957130432,0.8136734962463379,-4.2414106360411097e-7,0.5650359392166138,0.8056756854057312,-0.024092255160212517,0.5163161754608154,0.7477455735206604,-0.03430083766579628,0.5327255129814148,0.7020179033279419,-0.04319688305258751,0.5771616101264954,0.6946655511856079,-0.04655113443732262,0.5345697402954102,0.6191282272338867,-0.006526200566440821,0.5237361788749695,0.6156841516494751,-0.03450500965118408,0.5301478505134583,0.6732314825057983,-0.051042910665273666,0.5392124056816101,0.6878978610038757,-0.06090148165822029,0.5733389258384705,0.6034512519836426,-0.008371037431061268,0.5658262968063354,0.613690972328186,-0.03651755675673485,0.5631610751152039,0.6764437556266785,-0.03995930776000023,0.5647766590118408,0.6857942342758179,-0.035292528569698334,0.6094036102294922,0.612748920917511,-0.016873328015208244,0.6022247076034546,0.6417580842971802,-0.03923012316226959,0.594046413898468,0.6950922012329102,-0.032171618193387985,0.5907002091407776,0.6953316926956177,-0.022313041612505913,0.644148051738739,0.6353631019592285,-0.029604889452457428,0.6334565281867981,0.6742528080940247,-0.04165101423859596,0.622893214225769,0.7119287848472595,-0.03882177919149399,0.6172264814376831,0.7108520865440369,-0.033425815403461456
YES,0.6204127073287964,0.8154951930046082,-4.4633998186327517e-7,0.5645420551300049,0.8057916760444641,-0.022803619503974915,0.5154557228088379,0.7449896335601807,-0.0315583162009716,0.5320172309875488,0.6986602544784546,-0.039248254150152206,0.5771405696868896,0.6944946646690369,-0.04170311987400055,0.5346195101737976,0.61747807264328,-0.004717480391263962,0.5231518149375916,0.6174743175506592,-0.031528741121292114,0.5303624272346497,0.6756008267402649,-0.04714522510766983,0.5391954779624939,0.6879987120628357,-0.056905534118413925,0.5730513334274292,0.6029535531997681,-0.00732022849842906,0.5659277439117432,0.6138567924499512,-0.03537370637059212,0.5643051862716675,0.6775107979774475,-0.038893334567546844,0.5654923915863037,0.6862598061561584,-0.034279368817806244,0.6090415120124817,0.6126077771186829,-0.01640027016401291,0.6025260090827942,0.6423779726028442,-0.03904121741652489,0.594639003276825,0.696687638759613,-0.03265265375375748,0.5901414752006531,0.6955956816673279,-0.02327684685587883,0.6438208222389221,0.6352699398994446,-0.029576679691672325,0.6343415379524231,0.6746668219566345,-0.04191015660762787,0.624137282371521,0.7143551111221313,-0.0395144447684288,0.6176995038986206,0.7129886150360107,-0.03445683419704437
YES,0.6205164194107056,0.8150269985198975,-4.468038525828888e-7,0.5643405318260193,0.8057956099510193,-0.02335992455482483,0.5147367119789124,0.7454676032066345,-0.032495588064193726,0.5316905379295349,0.6987231373786926,-0.04041118174791336,0.5769243240356445,0.693466305732727,-0.04308938980102539,0.5353184938430786,0.6152141690254211,-0.005386173725128174,0.5227569341659546,0.6190729141235352,-0.031930189579725266,0.5299805998802185,0.6776307225227356,-0.047642339020967484,0.5389424562454224,0.6878859400749207,-0.05773025378584862,0.5742177963256836,0.6011425256729126,-0.007722165901213884,0.5654027462005615,0.6155495643615723,-0.03529283031821251,0.5633354187011719,0.6787420511245728,-0.03868522495031357,0.5649977326393127,0.6858976483345032,-0.034281060099601746,0.6099868416786194,0.6113585829734802,-0.016530493274331093,0.6016187071800232,0.6448541283607483,-0.03850667551159859,0.5933836102485657,0.6982325315475464,-0.03187067061662674,0.5896903872489929,0.6956373453140259,-0.022586220875382423,0.6441291570663452,0.6347407698631287,-0.029534680768847466,0.6324269771575928,0.6770567297935486,-0.041422948241233826,0.6224980354309082,0.7158490419387817,-0.03886377066373825,0.617061197757721,0.7130435705184937,-0.03389420732855797
YES,0.620124340057373,0.8145020008087158,-4.322697293446254e-7,0.5647716522216797,0.8058043122291565,-0.02332041971385479,0.5152068138122559,0.7459238171577454,-0.03276349604129791,0.5318197011947632,0.6990482807159424,-0.04107222333550453,0.5769558548927307,0.6930819153785706,-0.04410697892308235,0.5348184108734131,0.6170777678489685,-0.005406566429883242,0.5227561593055725,0.6190469264984131,-0.032675109803676605,0.5298821926116943,0.676584780216217,-0.048997923731803894,0.5388672351837158,0.688855767250061,-0.0592217892408371,0.5735755562782288,0.6025182604789734,-0.0078741405159235,0.565211832523346,0.6142914295196533,-0.03632858768105507,0.5634862780570984,0.6771015524864197,-0.04021778330206871,0.5650713443756104,0.6867062449455261,-0.0357687845826149,0.6094322204589844,0.6121082901954651,-0.0168384350836277,0.6011427044868469,0.6442064642906189,-0.039274949580430984,0.5936323404312134,0.6971335411071777,-0.03276349604129791,0.589837908744812,0.6960354447364807,-0.023349884897470474,0.6437817215919495,0.6350435018539429,-0.030008653178811073,0.6320295333862305,0.6770722270011902,-0.041838280856609344,0.6223851442337036,0.7153629064559937,-0.039216019213199615,0.6170713305473328,0.7127755284309387,-0.03411882370710373
YES,0.6187536120414734,0.8083416223526001,-3.572562548015412e-7,0.5666767358779907,0.7988820672035217,-0.017383377999067307,0.5186592936515808,0.7423555850982666,-0.02508971467614174,0.5296507477760315,0.6907535791397095,-0.0331784263253212,0.570493221282959,0.6782864332199097,-0.03711983934044838,0.5308175683021545,0.6375174522399902,-0.0004949740832671523,0.5222975015640259,0.6016867160797119,-0.025310318917036057,0.5282309651374817,0.6485475301742554,-0.04017883911728859,0.5358284711837769,0.6739270091056824,-0.04823813959956169,0.5674154758453369,0.6211389303207397,-0.0042428974993526936,0.5627956390380859,0.5877195596694946,-0.030295902863144875,0.5616526007652283,0.6444896459579468,-0.03561975061893463,0.5615412592887878,0.6697338819503784,-0.031913649290800095,0.602809488773346,0.6231008172035217,-0.013684631325304508,0.5993072986602783,0.6112743616104126,-0.034472621977329254,0.5926083922386169,0.6609933376312256,-0.03173716366291046,0.5876007080078125,0.6773424744606018,-0.024619098752737045,0.63899827003479,0.6383877992630005,-0.026089774444699287,0.6304183006286621,0.6498949527740479,-0.03747279942035675,0.6196240186691284,0.686060905456543,-0.036237433552742004,0.612373948097229,0.6965004205703735,-0.03238426521420479
YES,0.6208893656730652,0.8096599578857422,-4.168933003256825e-7,0.565605640411377,0.7984394431114197,-0.01690811663866043,0.5157313346862793,0.7395076751708984,-0.024074161425232887,0.5259749889373779,0.6862338781356812,-0.031817857176065445,0.5700657367706299,0.679019033908844,-0.035720936954021454,0.5324850082397461,0.6307079792022705,-0.001269474858418107,0.5204246640205383,0.6020301580429077,-0.024464469403028488,0.5278605818748474,0.6532505750656128,-0.0389682911336422,0.5373659729957581,0.677802324295044,-0.047492604702711105,0.5685768127441406,0.6148424744606018,-0.005085705313831568,0.5614240765571594,0.5918132066726685,-0.029850710183382034,0.5622249245643616,0.6486471891403198,-0.03531501442193985,0.5639534592628479,0.6732641458511353,-0.03237989917397499,0.6039449572563171,0.6175653338432312,-0.014199384488165379,0.5990419387817383,0.6153315901756287,-0.033597659319639206,0.5926515460014343,0.6641054749488831,-0.03159928694367409,0.5877621173858643,0.6808013916015625,-0.025526102632284164,0.6387458443641663,0.6333875060081482,-0.026337943971157074,0.6277179718017578,0.6510335206985474,-0.03609562665224075,0.6181780695915222,0.6882918477058411,-0.03484664484858513,0.6130250096321106,0.7002792954444885,-0.03142755478620529
YES,0.6202995777130127,0.8023216724395752,-4.1912332449101086e-7,0.5662422776222229,0.7938652038574219,-0.01677703484892845,0.514525294303894,0.7335050702095032,-0.023052657023072243,0.5239039659500122,0.6767136454582214,-0.03041626140475273,0.5663589239120483,0.6653427481651306,-0.03314410150051117,0.5265105962753296,0.6362928152084351,0.0006785120349377394,0.5155561566352844,0.5962181091308594,-0.024613676592707634,0.5239304900169373,0.6503193974494934,-0.0368022546172142,0.5333296656608582,0.6715147495269775,-0.04273097962141037,0.5614662170410156,0.6195692420005798,-0.003277749987319112,0.5538585782051086,0.5888922214508057,-0.030368955805897713,0.5566439628601074,0.6511844396591187,-0.03229263797402382,0.5599144101142883,0.6669280529022217,-0.02584357000887394,0.5962533354759216,0.6189865469932556,-0.013276562094688416,0.591566264629364,0.6082393527030945,-0.03522546589374542,0.588810920715332,0.6656516790390015,-0.027688415721058846,0.5869693756103516,0.6757314801216125,-0.01687164232134819,0.6324431896209717,0.6293289661407471,-0.026348143815994263,0.6233259439468384,0.6368139982223511,-0.035730037838220596,0.615859866142273,0.6783291697502136,-0.03058970533311367,0.6124840378761292,0.6855774521827698,-0.0242037121206522
YES,0.6212924718856812,0.8027550578117371,-4.6400043629546417e-7,0.5668489336967468,0.7934486865997314,-0.017214002087712288,0.5142796635627747,0.7327491044998169,-0.023523135110735893,0.5222940444946289,0.6779089570045471,-0.03085709735751152,0.5647238492965698,0.6697749495506287,-0.033627353608608246,0.5275882482528687,0.6307809948921204,0.0002914871147368103,0.5142495632171631,0.5984458923339844,-0.02494829148054123,0.5251380205154419,0.6546027660369873,-0.038078971207141876,0.5356530547142029,0.6753087043762207,-0.045028626918792725,0.5620337128639221,0.6140402555465698,-0.0035989275202155113,0.5528779029846191,0.5913443565368652,-0.029992396011948586,0.5571324229240417,0.6555653214454651,-0.032170165330171585,0.5618492960929871,0.6705629825592041,-0.026373451575636864,0.596973717212677,0.6147701740264893,-0.013563032262027264,0.5914938449859619,0.6103679537773132,-0.034331921488046646,0.5885471105575562,0.6683592200279236,-0.026805803179740906,0.587559700012207,0.6775937676429749,-0.016413351520895958,0.6328352689743042,0.6264522075653076,-0.026821816340088844,0.6224279403686523,0.6397111415863037,-0.0351005494594574,0.6143635511398315,0.6811484694480896,-0.029896317049860954,0.6113662719726562,0.6876797080039978,-0.023715287446975708
YES,0.6210877895355225,0.8018055558204651,-4.513540829975682e-7,0.5669388175010681,0.7932971119880676,-0.017039576545357704,0.5148293972015381,0.7329833507537842,-0.023309757933020592,0.5236414670944214,0.6780561804771423,-0.03071272000670433,0.566470205783844,0.6696242094039917,-0.03366433084011078,0.5277559757232666,0.6320271492004395,0.0003305606369394809,0.5138307809829712,0.5976184606552124,-0.024761632084846497,0.5239773988723755,0.6520992517471313,-0.037780631333589554,0.5351070761680603,0.6743310689926147,-0.04451350122690201,0.5620487332344055,0.6149880886077881,-0.0034920761827379465,0.5531858801841736,0.5911674499511719,-0.029787350445985794,0.5566911101341248,0.6540260314941406,-0.032164596021175385,0.561147153377533,0.6699944734573364,-0.026532597839832306,0.5969754457473755,0.6155047416687012,-0.013346073217689991,0.591977596282959,0.6096183657646179,-0.03407915309071541,0.588379979133606,0.6666064262390137,-0.027122924104332924,0.5867924690246582,0.6765444874763489,-0.01718316785991192,0.6330627202987671,0.6269095540046692,-0.02643687091767788,0.6231478452682495,0.6389310359954834,-0.03478115797042847,0.6145846247673035,0.6800932288169861,-0.029851166531443596,0.6112958788871765,0.6871514320373535,-0.023931991308927536
YES,0.6215416193008423,0.8022569417953491,-4.501025614445098e-7,0.5671788454055786,0.7937090992927551,-0.016584601253271103,0.514728307723999,0.7321634292602539,-0.022522492334246635,0.5233861207962036,0.6776677370071411,-0.029673505574464798,0.5659259557723999,0.6695701479911804,-0.032434940338134766,0.5277759432792664,0.6330353021621704,0.0009073444525711238,0.5135172605514526,0.5974721908569336,-0.024118702858686447,0.5240945816040039,0.6516075134277344,-0.03719164431095123,0.5352665185928345,0.6738165616989136,-0.04389571771025658,0.5619218945503235,0.6158151626586914,-0.003136548213660717,0.553040087223053,0.5903643369674683,-0.029434073716402054,0.5568527579307556,0.6528298258781433,-0.03205185756087303,0.5611106157302856,0.6698123216629028,-0.026465127244591713,0.5966102480888367,0.6157816052436829,-0.013176696375012398,0.5913983583450317,0.6092817783355713,-0.033648062497377396,0.5882827043533325,0.6657874584197998,-0.02699187397956848,0.5867384076118469,0.6761640310287476,-0.017302893102169037,0.6326524615287781,0.6268342137336731,-0.026433201506733894,0.6226201057434082,0.6398568153381348,-0.034573860466480255,0.6142690181732178,0.680830717086792,-0.029881011694669724,0.6111782193183899,0.6877942085266113,-0.024182548746466637
YES,0.6235992312431335,0.7946135997772217,-4.3659952098096255e-7,0.5698955059051514,0.7902653217315674,-0.01559760607779026,0.5124807953834534,0.7289585471153259,-0.02003229781985283,0.5174068808555603,0.6651942133903503,-0.026078876107931137,0.5618822574615479,0.6519119143486023,-0.027249697595834732,0.5230177640914917,0.6443221569061279,0.002550148405134678,0.509019672870636,0.5928882956504822,-0.02275887131690979,0.5220933556556702,0.6456052660942078,-0.033649127930402756,0.5331445932388306,0.6671035885810852,-0.03830033913254738,0.5571122169494629,0.627363920211792,-0.0011277188314124942,0.5474610924720764,0.5868411064147949,-0.029078107327222824,0.5551776885986328,0.6505798101425171,-0.02951115183532238,0.5600542426109314,0.6655123233795166,-0.021507853642106056,0.5902788043022156,0.6233341693878174,-0.010986488312482834,0.58534175157547,0.6006744503974915,-0.034066133201122284,0.5861033201217651,0.6612858772277832,-0.024892013520002365,0.5850890278816223,0.6729211807250977,-0.012221465818583965,0.6259618401527405,0.627695620059967,-0.023769306018948555,0.6185682415962219,0.6228824257850647,-0.03339250758290291,0.6134697198867798,0.6655496954917908,-0.027394047006964684,0.6107234954833984,0.675652801990509,-0.02025683969259262
YES,0.6230502128601074,0.7951377034187317,-4.895056235909578e-7,0.5686164498329163,0.7878124713897705,-0.01497677806764841,0.5122203826904297,0.7282289862632751,-0.020497983321547508,0.5175582766532898,0.6681505441665649,-0.02794138342142105,0.5611742734909058,0.6550309062004089,-0.030886026099324226,0.5241581797599792,0.6360626816749573,0.0020387559197843075,0.5092955827713013,0.5924981832504272,-0.025258485227823257,0.5230662822723389,0.648604154586792,-0.03893471509218216,0.5356622934341431,0.6745918393135071,-0.045380208641290665,0.5576614141464233,0.6194571852684021,-0.0027565122582018375,0.5458078384399414,0.589438796043396,-0.031654905527830124,0.5547990202903748,0.6548770070075989,-0.03432144224643707,0.5631521940231323,0.6704342365264893,-0.028186770156025887,0.5910897254943848,0.6167222261428833,-0.013684406876564026,0.5834587812423706,0.6038188338279724,-0.035990070551633835,0.5850217938423157,0.664465069770813,-0.027352456003427505,0.5871245265007019,0.6754903793334961,-0.01550845056772232,0.6262900829315186,0.6230283379554749,-0.027663277462124825,0.6153833866119385,0.6290099620819092,-0.03563017025589943,0.6097584366798401,0.6719858050346375,-0.029184678569436073,0.6089098453521729,0.6792694330215454,-0.022035740315914154
YES,0.6243896484375,0.7906154990196228,-4.71909828547723e-7,0.5703443884849548,0.7881219983100891,-0.012504518032073975,0.5114074349403381,0.7268664240837097,-0.016156425699591637,0.512549638748169,0.6596639752388,-0.022090772166848183,0.5560930371284485,0.6492879390716553,-0.0237536933273077,0.5212745666503906,0.6472232937812805,0.002946794731542468,0.5040199160575867,0.5891677737236023,-0.021732104942202568,0.5185971856117249,0.6426374316215515,-0.03262261301279068,0.5319100618362427,0.6706066727638245,-0.03661688417196274,0.5537354946136475,0.6307632327079773,-0.0014968333998695016,0.538908839225769,0.5852590799331665,-0.027372997254133224,0.5503062605857849,0.6491407155990601,-0.027095841243863106,0.5592990517616272,0.6700466275215149,-0.01873232237994671,0.586333692073822,0.6257503032684326,-0.011493723839521408,0.5752888917922974,0.592974841594696,-0.03361710533499718,0.5806638598442078,0.6560887694358826,-0.023443933576345444,0.585224986076355,0.6773359775543213,-0.009651466272771358,0.622133731842041,0.6282437443733215,-0.02391672506928444,0.6086788177490234,0.6119101643562317,-0.03345407173037529,0.605772852897644,0.6572241187095642,-0.025840498507022858,0.6074328422546387,0.6763757467269897,-0.01705309934914112
YES,0.6238964796066284,0.7934686541557312,-4.870962015957048e-7,0.5690867304801941,0.7871285080909729,-0.012680447660386562,0.5108568072319031,0.7263742089271545,-0.01714657060801983,0.5119643807411194,0.6598663926124573,-0.024092014878988266,0.5557260513305664,0.6499558091163635,-0.02709725871682167,0.5219350457191467,0.6449152231216431,0.001320010400377214,0.5038731098175049,0.5900825262069702,-0.024158798158168793,0.520561158657074,0.6410300135612488,-0.03726499155163765,0.5343930125236511,0.6706708669662476,-0.043108515441417694,0.5545557737350464,0.6287961602210999,-0.003779507940635085,0.5398093461990356,0.5849347710609436,-0.030970679596066475,0.5527578592300415,0.6458503603935242,-0.03369208797812462,0.5616607666015625,0.6714586019515991,-0.02751465141773224,0.586845338344574,0.6235743165016174,-0.014174719341099262,0.5763116478919983,0.5962797999382019,-0.03569558635354042,0.5827183127403259,0.6551170945167542,-0.027631521224975586,0.5867286324501038,0.678989589214325,-0.015685688704252243,0.6224141120910645,0.6261964440345764,-0.02714734524488449,0.6096795797348022,0.6139524579048157,-0.03529488667845726,0.6063025593757629,0.6568570137023926,-0.028249265626072884,0.6065383553504944,0.6767703294754028,-0.02036885730922222
YES,0.6251267790794373,0.7920045852661133,-4.878882577941113e-7,0.5692197680473328,0.7862362265586853,-0.012555330991744995,0.5108101963996887,0.727418839931488,-0.01663999818265438,0.5082132816314697,0.6571650505065918,-0.023587282747030258,0.5502982139587402,0.6433562636375427,-0.02608160488307476,0.521182656288147,0.6494202017784119,0.0061186314560472965,0.5027328729629517,0.5902604460716248,-0.019887644797563553,0.5172088742256165,0.6450442671775818,-0.031890541315078735,0.5305930376052856,0.6725238561630249,-0.03646067902445793,0.5521180629730225,0.6340714693069458,0.0012074043042957783,0.5349582433700562,0.586269199848175,-0.026232272386550903,0.5475080609321594,0.6500897407531738,-0.02713625319302082,0.5584995746612549,0.6696849465370178,-0.01933521032333374,0.5838116407394409,0.6276882886886597,-0.009634124115109444,0.5707588791847229,0.5897547006607056,-0.03297866880893707,0.5772621631622314,0.6524243354797363,-0.022532634437084198,0.5841076970100403,0.673862874507904,-0.008123298175632954,0.6192931532859802,0.6281262040138245,-0.023018106818199158,0.6043812036514282,0.6065825819969177,-0.032074686139822006,0.6023914217948914,0.6508793234825134,-0.023704465478658676,0.6065390706062317,0.6697667241096497,-0.014304706826806068
YES,0.6242740154266357,0.7921716570854187,-4.946941771777347e-7,0.5684089064598083,0.7854404449462891,-0.011890241876244545,0.5104343295097351,0.7269417643547058,-0.016403818503022194,0.506053626537323,0.6567383408546448,-0.02383100800216198,0.5466712713241577,0.640918493270874,-0.026845674961805344,0.521792471408844,0.6485633850097656,0.003738858038559556,0.5007562637329102,0.5900070071220398,-0.02211315557360649,0.5155222415924072,0.645477831363678,-0.03423918038606644,0.5297026038169861,0.674166738986969,-0.03887065127491951,0.5528119206428528,0.6339495182037354,-0.0016978541389107704,0.5347169637680054,0.5841260552406311,-0.028445636853575706,0.5467802882194519,0.6479414105415344,-0.029119305312633514,0.5581432580947876,0.6703349947929382,-0.02140580490231514,0.5847840905189514,0.6287057399749756,-0.01264811772853136,0.5707376599311829,0.5888962745666504,-0.03506442531943321,0.5768493413925171,0.6513936519622803,-0.024268895387649536,0.5840632319450378,0.6760516166687012,-0.009877658449113369,0.6202698349952698,0.6307026743888855,-0.02605411410331726,0.6054364442825317,0.6044198274612427,-0.03427286446094513,0.602158784866333,0.6484718322753906,-0.0251615047454834,0.6056042313575745,0.6705045700073242,-0.015418579801917076
YES,0.6264617443084717,0.7928930521011353,-4.851345920542371e-7,0.5687693953514099,0.7843883633613586,-0.011715719476342201,0.5112716555595398,0.7264347076416016,-0.016200974583625793,0.5065891742706299,0.6549515128135681,-0.023853778839111328,0.546903133392334,0.6370595097541809,-0.02692841738462448,0.5241072177886963,0.6503435373306274,0.005710040684789419,0.5004591941833496,0.5905523300170898,-0.020154079422354698,0.5154361724853516,0.6443890333175659,-0.03270603343844414,0.5303576588630676,0.6726126670837402,-0.037537604570388794,0.5542951822280884,0.6357815265655518,0.0002893031050916761,0.5336369276046753,0.5841963291168213,-0.026776373386383057,0.5460021495819092,0.645893931388855,-0.027874458581209183,0.558392345905304,0.6685775518417358,-0.020238546654582024,0.5854936242103577,0.630358099937439,-0.0108034648001194,0.5695880651473999,0.5872350335121155,-0.033432457596063614,0.575496256351471,0.648100733757019,-0.022840162739157677,0.5838958621025085,0.6736882328987122,-0.008307433687150478,0.620637059211731,0.6313520073890686,-0.024445056915283203,0.6048558950424194,0.6018010973930359,-0.03304390609264374,0.6010293960571289,0.6444095969200134,-0.024377480149269104,0.6053566932678223,0.6677343845367432,-0.014739676378667355
YES,0.6270879507064819,0.7942224740982056,-4.816284331354836e-7,0.569567859172821,0.7849556803703308,-0.011285025626420975,0.5115641951560974,0.7263346314430237,-0.01536466833204031,0.5062617063522339,0.6544585227966309,-0.022774457931518555,0.5468457937240601,0.6358213424682617,-0.025551000609993935,0.5241689682006836,0.6521528959274292,0.0070946612395346165,0.5006337761878967,0.5907159447669983,-0.018413754180073738,0.515873908996582,0.6439566612243652,-0.03095077909529209,0.5306339859962463,0.6729735732078552,-0.03570326417684555,0.5541908740997314,0.6372790336608887,0.0016224884893745184,0.5334729552268982,0.5841162204742432,-0.025448795408010483,0.546564519405365,0.6446022987365723,-0.026879651471972466,0.5589933395385742,0.6688761711120605,-0.01926545426249504,0.5853528380393982,0.6312093734741211,-0.009513488970696926,0.5689751505851746,0.5871147513389587,-0.031802479177713394,0.5758295655250549,0.6465960144996643,-0.02163318172097206,0.5841360688209534,0.6735899448394775,-0.007324620150029659,0.6203073263168335,0.631924569606781,-0.023217342793941498,0.6043466329574585,0.602531373500824,-0.031564000993967056,0.6010950803756714,0.6452243328094482,-0.023234376683831215,0.6049607396125793,0.6695591807365417,-0.01386567484587431
YES,0.6300627589225769,0.7942928671836853,-4.950655920765712e-7,0.5680945515632629,0.7818432450294495,-0.011477240361273289,0.5126279592514038,0.7193102836608887,-0.016736213117837906,0.5142172574996948,0.6460807919502258,-0.02571244351565838,0.5563513040542603,0.634727418422699,-0.030303340405225754,0.5231106877326965,0.6553875207901001,0.007700029294937849,0.49901044368743896,0.5954843163490295,-0.019768260419368744,0.516054630279541,0.6497209072113037,-0.0337807722389698,0.5319395065307617,0.6788876056671143,-0.038851313292980194,0.5535297989845276,0.641391932964325,0.002321143401786685,0.5333245992660522,0.5870334506034851,-0.02744259685277939,0.5473856925964355,0.6511730551719666,-0.030440382659435272,0.5600394606590271,0.6792416572570801,-0.022851698100566864,0.5847063064575195,0.6331444978713989,-0.008796362206339836,0.5687340497970581,0.5869800448417664,-0.03364373371005058,0.5766357779502869,0.6503953337669373,-0.024204986169934273,0.5867457985877991,0.6821378469467163,-0.008804927580058575,0.6191386580467224,0.6304575800895691,-0.02235492318868637,0.6015431880950928,0.5946137309074402,-0.03103994019329548,0.5993626117706299,0.6390232443809509,-0.021738236770033836,0.6054389476776123,0.667405903339386,-0.010834856890141964
YES,0.6300363540649414,0.790928304195404,-4.939590212416078e-7,0.5683103203773499,0.7805909514427185,-0.012263978831470013,0.512412428855896,0.7187950611114502,-0.01797114871442318,0.5143106579780579,0.6456224322319031,-0.027136951684951782,0.5562862157821655,0.6314803957939148,-0.03192582353949547,0.5224395394325256,0.6543974876403809,0.004930479917675257,0.4985683858394623,0.5944334268569946,-0.023583916947245598,0.5164880752563477,0.6507301926612854,-0.037315454334020615,0.5319263339042664,0.6803089380264282,-0.042018502950668335,0.5523789525032043,0.639746367931366,-0.0003711806202773005,0.5319392085075378,0.586590051651001,-0.029917586594820023,0.5467168092727661,0.6524084210395813,-0.03159970045089722,0.5593706965446472,0.6777760982513428,-0.023412270471453667,0.5838605165481567,0.631831169128418,-0.0115001630038023,0.5677085518836975,0.5866564512252808,-0.03700649365782738,0.5765150785446167,0.6527075171470642,-0.026604853570461273,0.5866219997406006,0.682475209236145,-0.010693434625864029,0.6189529299736023,0.6295041441917419,-0.02504289150238037,0.601006805896759,0.5965254306793213,-0.03470646217465401,0.5999780893325806,0.6428009271621704,-0.024974234402179718,0.6062678694725037,0.6694594621658325,-0.013654298149049282
YES,0.6333450675010681,0.7901544570922852,-4.989830131307826e-7,0.5701066255569458,0.7823956608772278,-0.013514508493244648,0.513157844543457,0.7205187678337097,-0.01855468563735485,0.5154983997344971,0.644886314868927,-0.026823993772268295,0.5584852695465088,0.6324769854545593,-0.03056568093597889,0.5220281481742859,0.6613733768463135,0.0056039937771856785,0.4981391727924347,0.6020521521568298,-0.022484315559267998,0.5154922008514404,0.6574636101722717,-0.03594756871461868,0.5314986109733582,0.6856050491333008,-0.04045809805393219,0.5514514446258545,0.6458457708358765,0.0013582849642261863,0.5303705334663391,0.5906727313995361,-0.0288742333650589,0.5462062358856201,0.6565086841583252,-0.030941560864448547,0.5606273412704468,0.681326150894165,-0.022501399740576744,0.5824843645095825,0.6357446312904358,-0.00882458034902811,0.5657846927642822,0.5869925022125244,-0.03522998467087746,0.5760455131530762,0.6533475518226624,-0.02514963038265705,0.5883762836456299,0.6836270093917847,-0.008756239898502827,0.6174179315567017,0.6298500299453735,-0.02152753621339798,0.5995671153068542,0.5917171239852905,-0.031778741627931595,0.599065363407135,0.6375067234039307,-0.02239888906478882,0.6071414351463318,0.6644362211227417,-0.011020048521459103
YES,0.6322850584983826,0.7881080508232117,-4.6336305103977793e-7,0.5690702795982361,0.7810512781143188,-0.013660053722560406,0.512294590473175,0.7208408713340759,-0.01946600154042244,0.513609766960144,0.647479772567749,-0.02842036448419094,0.5551990270614624,0.6316391229629517,-0.033092200756073,0.5197339653968811,0.6594163775444031,0.004284636117517948,0.49808984994888306,0.6011586785316467,-0.024154769256711006,0.5155386328697205,0.6565922498703003,-0.037780970335006714,0.5302402377128601,0.6859623789787292,-0.04221583157777786,0.5492551326751709,0.6436501741409302,-0.00026302904007025063,0.5298640131950378,0.5898221135139465,-0.029249785467982292,0.5454501509666443,0.654400646686554,-0.030908627435564995,0.55863356590271,0.6789592504501343,-0.02269905060529709,0.5809085965156555,0.6342502236366272,-0.010731690563261509,0.5655128955841064,0.5867146849632263,-0.036697644740343094,0.5764484405517578,0.6529219746589661,-0.026710739359259605,0.5879485011100769,0.6833595037460327,-0.010723227635025978,0.6161192655563354,0.6301354765892029,-0.023613106459379196,0.5993438959121704,0.5930696725845337,-0.033735428005456924,0.5998216867446899,0.6383061408996582,-0.024002425372600555,0.6069953441619873,0.6656895875930786,-0.012432850897312164
YES,0.6377474069595337,0.7898935079574585,-4.641714212993975e-7,0.5730093717575073,0.7813345789909363,-0.010515742935240269,0.5153604745864868,0.7276275753974915,-0.014562200754880905,0.5142019391059875,0.6576056480407715,-0.022495277225971222,0.5555055141448975,0.6387608647346497,-0.02665109932422638,0.5201617479324341,0.6728690266609192,0.009136077016592026,0.49508345127105713,0.6174362301826477,-0.016555985435843468,0.513252854347229,0.666552722454071,-0.029881535097956657,0.5306799411773682,0.6941437721252441,-0.03452528640627861,0.5487545728683472,0.6536639332771301,0.0039812601171433926,0.52680903673172,0.6015383005142212,-0.023790817707777023,0.5455266833305359,0.6607827544212341,-0.026987601071596146,0.5628812313079834,0.687542200088501,-0.019870547577738762,0.5797651410102844,0.6395872235298157,-0.006595473736524582,0.5614326000213623,0.5937185287475586,-0.03092469647526741,0.5750489830970764,0.653307318687439,-0.022714005783200264,0.5902849435806274,0.6860469579696655,-0.008046645671129227,0.6147428154945374,0.630497932434082,-0.019365793094038963,0.5946797728538513,0.592928946018219,-0.029141224920749664,0.59687340259552,0.6357956528663635,-0.020459430292248726,0.6074928045272827,0.6654828190803528,-0.00967448391020298
YES,0.6370872855186462,0.7866566181182861,-4.4124968212599924e-7,0.571706235408783,0.782677412033081,-0.011015091091394424,0.5128164291381836,0.7297623157501221,-0.015167638659477234,0.5096144080162048,0.6586713194847107,-0.023581134155392647,0.5460218787193298,0.6298814415931702,-0.028584204614162445,0.5196277499198914,0.6685506105422974,0.010589830577373505,0.4954875111579895,0.616550087928772,-0.016126558184623718,0.5148707628250122,0.6653985381126404,-0.030135152861475945,0.5315483212471008,0.6930245757102966,-0.03472130000591278,0.5476145148277283,0.6491880416870117,0.005094792228192091,0.5263040065765381,0.5995606780052185,-0.02314753457903862,0.5463522672653198,0.6591600179672241,-0.026833130046725273,0.5628395676612854,0.6860628724098206,-0.019795477390289307,0.5782375335693359,0.6360138654708862,-0.006203805562108755,0.5589415431022644,0.5914093255996704,-0.031702782958745956,0.5740994215011597,0.6519796848297119,-0.023647841066122055,0.5886144042015076,0.6849578619003296,-0.008730355650186539,0.6128430366516113,0.6278381943702698,-0.019628707319498062,0.592727541923523,0.5919343829154968,-0.030068447813391685,0.595808744430542,0.6355811357498169,-0.02091282792389393,0.6048840284347534,0.6654465198516846,-0.009439123794436455
YES,0.6379746794700623,0.785028338432312,-4.548854803942959e-7,0.5720874071121216,0.7812777161598206,-0.009510934352874756,0.5136000514030457,0.7342020869255066,-0.013775593601167202,0.5077211260795593,0.6654115319252014,-0.02227191999554634,0.5466576814651489,0.6403467059135437,-0.027336718514561653,0.5200409293174744,0.6819084286689758,0.009444943629205227,0.4920654296875,0.6294503211975098,-0.015400619246065617,0.5144875049591064,0.6764097213745117,-0.02824409119784832,0.5319373607635498,0.7022579908370972,-0.03253350034356117,0.5472120642662048,0.6600546836853027,0.003930580802261829,0.5221109986305237,0.6113526821136475,-0.021925467997789383,0.5446163415908813,0.6682980060577393,-0.024697085842490196,0.5610849857330322,0.6928588151931763,-0.01794951781630516,0.5765206813812256,0.643186628818512,-0.006830054800957441,0.5544019937515259,0.5990489721298218,-0.030223818495869637,0.5717012882232666,0.6568137407302856,-0.022007955238223076,0.587582528591156,0.6884052157402039,-0.007638443727046251,0.6097054481506348,0.6309648752212524,-0.019516799598932266,0.5863443613052368,0.5934984087944031,-0.028722526505589485,0.5907382965087891,0.6345129609107971,-0.019516799598932266,0.6020733118057251,0.6642903685569763,-0.008442707359790802
YES,0.6368569731712341,0.7823989987373352,-4.1508087633701507e-7,0.5712581872940063,0.7804893851280212,-0.009980804286897182,0.5127118229866028,0.7340391874313354,-0.014886347576975822,0.5075066685676575,0.6655675768852234,-0.023824620991945267,0.5458120107650757,0.6403387784957886,-0.029578737914562225,0.5189706683158875,0.6814855933189392,0.008021010085940361,0.49170705676078796,0.6306459903717041,-0.016793612390756607,0.5133293867111206,0.6753327250480652,-0.030613185837864876,0.5306800007820129,0.701894998550415,-0.03562379255890846,0.5458993911743164,0.6598480343818665,0.002741690492257476,0.5209598541259766,0.6106125116348267,-0.022984132170677185,0.5424754619598389,0.6654412150382996,-0.026362253352999687,0.5601845979690552,0.6926929354667664,-0.02002626098692417,0.5752553343772888,0.6439130902290344,-0.007645214442163706,0.5524709820747375,0.5984243154525757,-0.030063634738326073,0.5695838928222656,0.654536247253418,-0.021982014179229736,0.5870728492736816,0.6888065934181213,-0.007835133001208305,0.6088061332702637,0.6325433254241943,-0.0200747512280941,0.5849899649620056,0.5947407484054565,-0.028738249093294144,0.5896932482719421,0.6344292759895325,-0.019589852541685104,0.6019572019577026,0.6647003889083862,-0.00860692746937275
YES,0.638163149356842,0.7773627638816833,-4.0477524976267887e-7,0.5721431970596313,0.7773158550262451,-0.009233498014509678,0.5114151835441589,0.7326005697250366,-0.01259330939501524,0.5041143298149109,0.6644834280014038,-0.02031848207116127,0.5448996424674988,0.6417098045349121,-0.02477162890136242,0.5179466009140015,0.6822544932365417,0.01259330939501524,0.49001631140708923,0.6353468298912048,-0.011244596913456917,0.5134827494621277,0.6751114130020142,-0.02520257793366909,0.5315631031990051,0.699543297290802,-0.03034205548465252,0.5441411137580872,0.6594279408454895,0.007545610424131155,0.5188812613487244,0.6135894060134888,-0.017652979120612144,0.5422544479370117,0.6636587381362915,-0.021786903962492943,0.5598962903022766,0.6905930042266846,-0.01584937423467636,0.5723459720611572,0.6425799131393433,-0.002863022731617093,0.5498242378234863,0.6000257134437561,-0.024723747745156288,0.5680637359619141,0.6526768207550049,-0.018131813034415245,0.5854012966156006,0.6871221661567688,-0.00495991250500083,0.6045875549316406,0.6297914385795593,-0.015386502258479595,0.5819820165634155,0.5929192304611206,-0.023383013904094696,0.5866726040840149,0.6304968595504761,-0.01551419124007225,0.5983107686042786,0.6615507006645203,-0.005598356481641531
YES,0.6382553577423096,0.7789672613143921,-3.847614777896524e-7,0.571721613407135,0.7757155299186707,-0.008828660473227501,0.5122784972190857,0.7313649654388428,-0.012599973008036613,0.5058340430259705,0.6640178561210632,-0.02081323228776455,0.546532928943634,0.6406298875808716,-0.025736453011631966,0.5179726481437683,0.6831846833229065,0.012836666777729988,0.4899072051048279,0.6364496350288391,-0.010304048657417297,0.5134854316711426,0.6753868460655212,-0.024505648761987686,0.5311305522918701,0.700304388999939,-0.0300127100199461,0.5438172221183777,0.6600934863090515,0.007645193953067064,0.518123984336853,0.6139170527458191,-0.016316058114171028,0.5421434640884399,0.6616941690444946,-0.02084478922188282,0.5605754852294922,0.6894338726997375,-0.015519191510975361,0.5723183751106262,0.6430734992027283,-0.0027397251687943935,0.5492871999740601,0.6003958582878113,-0.023195944726467133,0.5675326585769653,0.651485025882721,-0.017294390127062798,0.585549533367157,0.6881037354469299,-0.004848267883062363,0.6047266125679016,0.6307340264320374,-0.015219380147755146,0.5818126797676086,0.5926239490509033,-0.022501643747091293,0.5861860513687134,0.6293888092041016,-0.01500635500997305,0.5981152057647705,0.662665069103241,-0.005483394954353571
YES,0.6354004144668579,0.7760839462280273,-4.125118664433103e-7,0.5715739130973816,0.7741022706031799,-0.009596413932740688,0.5109542608261108,0.7293224334716797,-0.01283737737685442,0.5021260976791382,0.6620265245437622,-0.020631499588489532,0.5430992841720581,0.6391082406044006,-0.024963321164250374,0.517528235912323,0.6776013970375061,0.015991387888789177,0.489562451839447,0.6333516240119934,-0.008315837942063808,0.5143047571182251,0.6744924783706665,-0.022006930783391,0.5324954390525818,0.6959624886512756,-0.02678142488002777,0.5424785614013672,0.6551687717437744,0.010932322591543198,0.5174651145935059,0.6116533279418945,-0.014702906832098961,0.542474627494812,0.6640450954437256,-0.018497204408049583,0.5596356391906738,0.6873719692230225,-0.011872991919517517,0.5705817937850952,0.6389021873474121,0.000024702463633730076,0.5489994883537292,0.5982006192207336,-0.023319127038121223,0.5682222247123718,0.6540817618370056,-0.016789771616458893,0.5847289562225342,0.6860260963439941,-0.0029188431799411774,0.6028720736503601,0.6271355748176575,-0.012916424311697483,0.5809273719787598,0.5922712087631226,-0.021327119320631027,0.5861133933067322,0.6328061819076538,-0.013224711641669273,0.597283124923706,0.6630670428276062,-0.002786438213661313
YES,0.6359052658081055,0.7740136981010437,-4.083948397237691e-7,0.5714060664176941,0.7733603715896606,-0.00892933364957571,0.510533332824707,0.7285115122795105,-0.011476108804345131,0.5028176307678223,0.6619980931282043,-0.01853051595389843,0.5424637794494629,0.6399317383766174,-0.022358490154147148,0.5172078013420105,0.6784119009971619,0.015655629336833954,0.48963603377342224,0.6330210566520691,-0.007898124866187572,0.5134008526802063,0.6729217171669006,-0.021733513101935387,0.531187891960144,0.6961535811424255,-0.02681143581867218,0.5426299571990967,0.6553916335105896,0.010476146824657917,0.5176176428794861,0.611271858215332,-0.014702542684972286,0.5422070026397705,0.6620940566062927,-0.01920236274600029,0.5595961809158325,0.6877849698066711,-0.013194790109992027,0.5705925226211548,0.6384513974189758,-0.00024168964591808617,0.5487294793128967,0.5978543758392334,-0.02267097681760788,0.568119466304779,0.6517931222915649,-0.01640559919178486,0.5850260853767395,0.6852247714996338,-0.0030701905488967896,0.6027063727378845,0.6261462569236755,-0.012999485246837139,0.5812586545944214,0.5912927389144897,-0.02167101576924324,0.5871968269348145,0.6305912137031555,-0.01397600769996643,0.5989129543304443,0.6613877415657043,-0.003870940301567316
YES,0.6293838024139404,0.7705709338188171,-4.0582605720373977e-7,0.5685675740242004,0.766331136226654,-0.010583891533315182,0.5099942684173584,0.7188875675201416,-0.015567757189273834,0.506109893321991,0.6517974138259888,-0.024630749598145485,0.5476788282394409,0.6258381605148315,-0.030215175822377205,0.5144641995429993,0.6634582877159119,0.009094190783798695,0.48724696040153503,0.6178655028343201,-0.01642570085823536,0.5099902153015137,0.6622050404548645,-0.030152779072523117,0.5270611643791199,0.6859846711158752,-0.03491046279668808,0.5403738021850586,0.6419163942337036,0.0038568417076021433,0.517277181148529,0.5993313193321228,-0.022462494671344757,0.5414003729820251,0.6544027924537659,-0.025738276541233063,0.5581777095794678,0.6776279211044312,-0.019030725583434105,0.5697411298751831,0.6273133158683777,-0.0068791392259299755,0.5502558350563049,0.588742733001709,-0.030480356886982918,0.5685002207756042,0.646471381187439,-0.023164447396993637,0.584538996219635,0.6786677241325378,-0.00907859206199646,0.6029484272003174,0.6175640225410461,-0.019685881212353706,0.5831911563873291,0.583051860332489,-0.028858065605163574,0.5876164436340332,0.6242295503616333,-0.020450230687856674,0.5981932878494263,0.6552077531814575,-0.009741547517478466
YES,0.6298395395278931,0.7690559029579163,-4.1642314840828476e-7,0.566993772983551,0.7646000385284424,-0.01104698982089758,0.5093069672584534,0.7147647738456726,-0.01567680388689041,0.5089544057846069,0.647802472114563,-0.024093929678201675,0.5492851138114929,0.6267614960670471,-0.02916468307375908,0.5137808322906494,0.6585097908973694,0.009409231133759022,0.4904572069644928,0.6140483617782593,-0.015070518478751183,0.5116800665855408,0.6596383452415466,-0.02891271561384201,0.5290841460227966,0.6843027472496033,-0.034077953547239304,0.5413068532943726,0.6388097405433655,0.004669183865189552,0.52065110206604,0.5958162546157837,-0.021700287237763405,0.5416687726974487,0.650999903678894,-0.02585766837000847,0.5583060383796692,0.6775268912315369,-0.01970033161342144,0.5709311366081238,0.6254931688308716,-0.00547625171020627,0.5530774593353271,0.5867322087287903,-0.028519026935100555,0.5690034031867981,0.6428911685943604,-0.021967997774481773,0.5843042731285095,0.676196277141571,-0.00865334365516901,0.604121744632721,0.6171138882637024,-0.017763368785381317,0.5850328803062439,0.5840902328491211,-0.026818279176950455,0.5886933207511902,0.6253571510314941,-0.01884995959699154,0.5988695025444031,0.6558321714401245,-0.008582479320466518
YES,0.6205793619155884,0.767061710357666,-3.430788524383388e-7,0.5596035122871399,0.7597261667251587,-0.008615735918283463,0.5077488422393799,0.7103309035301208,-0.014448408037424088,0.5099681615829468,0.6438872218132019,-0.024224407970905304,0.5469481945037842,0.6137632727622986,-0.03149957209825516,0.5141322612762451,0.6487830877304077,0.005311338696628809,0.4907498359680176,0.599712073802948,-0.017701849341392517,0.5051848292350769,0.6404687166213989,-0.03189155086874962,0.5219408869743347,0.6695290803909302,-0.037755582481622696,0.5421220064163208,0.6301360726356506,-0.0006168796680867672,0.5220481753349304,0.5819308161735535,-0.02458503097295761,0.5380393862724304,0.6311171054840088,-0.029900288209319115,0.5561699271202087,0.6635764837265015,-0.02590208500623703,0.572915256023407,0.6187640428543091,-0.010850026272237301,0.5561118125915527,0.5787146091461182,-0.030872398987412453,0.5665597319602966,0.6321071982383728,-0.025478744879364967,0.5813043117523193,0.6721251606941223,-0.01437001395970583,0.6076046228408813,0.6138814687728882,-0.022907352074980736,0.5898904204368591,0.5796480774879456,-0.03101351484656334,0.5894248485565186,0.6178815960884094,-0.023659953847527504,0.5971089601516724,0.6525421142578125,-0.014550323598086834
YES,0.6217529773712158,0.7680050730705261,-4.156241004693584e-7,0.5590983629226685,0.7610840797424316,-0.010885991156101227,0.5064177513122559,0.704257607460022,-0.016165465116500854,0.5124703049659729,0.6357500553131104,-0.02499573305249214,0.5522453188896179,0.614486038684845,-0.0306489709764719,0.5148070454597473,0.6459227204322815,0.005871271714568138,0.491981565952301,0.5977482795715332,-0.019171182066202164,0.5075086951255798,0.6456843614578247,-0.03295387327671051,0.5236912369728088,0.6740208864212036,-0.03796859458088875,0.543293297290802,0.6288381814956665,0.00092176633188501,0.523408055305481,0.5818432569503784,-0.025260483846068382,0.538458526134491,0.6396478414535522,-0.02879570610821247,0.5551080703735352,0.6690140962600708,-0.022301487624645233,0.574149489402771,0.6187095642089844,-0.009126167744398117,0.5562463402748108,0.5775598883628845,-0.03148995339870453,0.5667327642440796,0.6355112195014954,-0.024061312898993492,0.581287682056427,0.6695333123207092,-0.010535584762692451,0.6093525290489197,0.6135143041610718,-0.021289199590682983,0.5895587205886841,0.5799944400787354,-0.03010389395058155,0.5894485116004944,0.6221529841423035,-0.021600672975182533,0.5980751514434814,0.6528598666191101,-0.011080662719905376
YES,0.6149032711982727,0.7652976512908936,-3.575285631995939e-7,0.5573025345802307,0.7541213035583496,-0.009461912326514721,0.5086921453475952,0.6987863779067993,-0.015790792182087898,0.5150976181030273,0.6347256898880005,-0.02542545460164547,0.5539417862892151,0.6145769953727722,-0.03247673809528351,0.5193585157394409,0.6344646215438843,0.002171135973185301,0.49588215351104736,0.5816928148269653,-0.019661933183670044,0.5081979036331177,0.6252161264419556,-0.03297927975654602,0.5244401097297668,0.6558828353881836,-0.03888414055109024,0.5480003356933594,0.6178745627403259,-0.003372523933649063,0.5276014804840088,0.5658657550811768,-0.025566792115569115,0.5392862558364868,0.6140555739402771,-0.030246710404753685,0.5559612512588501,0.6488210558891296,-0.026493355631828308,0.579500138759613,0.6103304028511047,-0.012971850112080574,0.5605515837669373,0.5671060085296631,-0.03085918352007866,0.5682801008224487,0.6167616248130798,-0.025221295654773712,0.5815067291259766,0.655000627040863,-0.01505268644541502,0.6156009435653687,0.6095726490020752,-0.024498894810676575,0.5964629650115967,0.5784637928009033,-0.03198990225791931,0.594005823135376,0.6150336861610413,-0.025127068161964417,0.6001419425010681,0.647650420665741,-0.017054997384548187
YES,0.6153634786605835,0.7675504684448242,-3.7564888089036685e-7,0.5584520101547241,0.7558532357215881,-0.012160581536591053,0.5079909563064575,0.6989153623580933,-0.018718216568231583,0.5142302513122559,0.6329020857810974,-0.027889516204595566,0.5577860474586487,0.6191646456718445,-0.03399328142404556,0.5186288356781006,0.6291803121566772,0.0032866436522454023,0.49733343720436096,0.5793911218643188,-0.018968626856803894,0.5093609690666199,0.6232513189315796,-0.032584723085165024,0.5253183245658875,0.6543919444084167,-0.03850068151950836,0.5483805537223816,0.6131908893585205,-0.0002888040035031736,0.5297738909721375,0.5654422640800476,-0.023491675034165382,0.5412295460700989,0.6160178780555725,-0.02759215608239174,0.5570327043533325,0.6511908769607544,-0.022615237161517143,0.5797205567359924,0.6068548560142517,-0.008529622107744217,0.5642159581184387,0.5692516565322876,-0.028046024963259697,0.5712107419967651,0.6210988163948059,-0.022928250953555107,0.583608865737915,0.6593446135520935,-0.012113628908991814,0.6151643395423889,0.6079766750335693,-0.018968626856803894,0.5974986553192139,0.5790023803710938,-0.0273104440420866,0.5945520997047424,0.6162449717521667,-0.02134753204882145,0.6005135774612427,0.6478297710418701,-0.013373508118093014
YES,0.6113143563270569,0.7661406397819519,-4.3053685772065364e-7,0.5580711364746094,0.7460331916809082,-0.00951329618692398,0.5095998048782349,0.6843805313110352,-0.015634071081876755,0.5183408260345459,0.6256751418113708,-0.024688703939318657,0.5626239776611328,0.6221258044242859,-0.030240103602409363,0.5234421491622925,0.6140416264533997,0.0009736696374602616,0.5026730895042419,0.5599594712257385,-0.02291731722652912,0.5130594372749329,0.6141583919525146,-0.03444714844226837,0.5253141522407532,0.6402504444122314,-0.03931846097111702,0.5550721287727356,0.6022176146507263,-0.005231126677244902,0.5371461510658264,0.5575658679008484,-0.027820264920592308,0.5445659160614014,0.6164987087249756,-0.028500348329544067,0.5551276206970215,0.6376572847366333,-0.022600997239351273,0.5887625217437744,0.6009807586669922,-0.01611645705997944,0.5731934309005737,0.5627774596214294,-0.03580731898546219,0.5755706429481506,0.6206367611885071,-0.026728961616754532,0.5831834077835083,0.6454994678497314,-0.014519045129418373,0.6260196566581726,0.6068129539489746,-0.028864115476608276,0.6066228151321411,0.5775315165519714,-0.036629751324653625,0.6013401746749878,0.6179114580154419,-0.02767791971564293,0.6059362888336182,0.6423107385635376,-0.018251610919833183
YES,0.6140370965003967,0.7694635391235352,-4.459579656668211e-7,0.5591106414794922,0.7486815452575684,-0.010698479600250721,0.5098059177398682,0.6869808435440063,-0.017214825376868248,0.5164592862129211,0.6262387633323669,-0.026762409135699272,0.5609854459762573,0.623863697052002,-0.03287351131439209,0.5256844758987427,0.609301745891571,0.0038660415448248386,0.5082398056983948,0.5604692697525024,-0.020294690504670143,0.5165743827819824,0.6136796474456787,-0.03293834626674652,0.5291896462440491,0.6412633657455444,-0.03848210722208023,0.5575714707374573,0.5977857112884521,-0.0018833782523870468,0.5411518812179565,0.5565476417541504,-0.027248702943325043,0.5481864809989929,0.6155823469161987,-0.029745014384388924,0.5601589679718018,0.6389920115470886,-0.0238446407020092,0.5904168486595154,0.5966463685035706,-0.012619342654943466,0.5769714117050171,0.5630238056182861,-0.03423513472080231,0.5779861211776733,0.6195123195648193,-0.026875877752900124,0.5854146480560303,0.6446471810340881,-0.01491303276270628,0.62574303150177,0.6043394207954407,-0.02543320320546627,0.6091195344924927,0.5793701410293579,-0.0337812602519989,0.6023311614990234,0.620548665523529,-0.02629232406616211,0.6059706211090088,0.6449651718139648,-0.017603861168026924
YES,0.6067138910293579,0.7542153000831604,-5.231390787230339e-7,0.5538185834884644,0.7291170358657837,-0.017499351873993874,0.5077698230743408,0.6716354489326477,-0.028667768463492393,0.5181037187576294,0.6299171447753906,-0.04094003885984421,0.5654325485229492,0.6345162987709045,-0.048926759511232376,0.5444414615631104,0.5385829210281372,-0.0054746344685554504,0.5149221420288086,0.5448208451271057,-0.029560590162873268,0.5186882019042969,0.6077516078948975,-0.042530886828899384,0.5323733687400818,0.6181477308273315,-0.05025787279009819,0.5792345404624939,0.5331670641899109,-0.01042980793863535,0.5502123832702637,0.5532032251358032,-0.03551816567778587,0.5498425364494324,0.6173667907714844,-0.03717394545674324,0.5618227124214172,0.6219521164894104,-0.032401394098997116,0.6126852631568909,0.5476373434066772,-0.020745983347296715,0.5869682431221008,0.578296422958374,-0.042660754173994064,0.5796734094619751,0.6342800259590149,-0.03568049520254135,0.587234616279602,0.6375380158424377,-0.02495037205517292,0.6436396241188049,0.5723720788955688,-0.03415457904338837,0.6188572645187378,0.5935384035110474,-0.04275815188884735,0.6050344109535217,0.6312580704689026,-0.03688174858689308,0.6084883213043213,0.6402778029441833,-0.029170995578169823
YES,0.6085227131843567,0.7518470287322998,-4.781072675541509e-7,0.5530523061752319,0.7336840629577637,-0.021651118993759155,0.5063443779945374,0.671601414680481,-0.032075732946395874,0.5199140310287476,0.6305673122406006,-0.04199545085430145,0.5691338181495667,0.6398749947547913,-0.04627221077680588,0.5430884957313538,0.5409207344055176,-0.0058471388183534145,0.5141257643699646,0.5466488003730774,-0.028289012610912323,0.5203817486763,0.6087316274642944,-0.04059956222772598,0.5339945554733276,0.6141021251678467,-0.048856090754270554,0.5785144567489624,0.5337135791778564,-0.008048633113503456,0.550868570804596,0.55791175365448,-0.029506705701351166,0.5532736778259277,0.6222901940345764,-0.027873216196894646,0.5654269456863403,0.6215660572052002,-0.021680817008018494,0.6119418144226074,0.5484352707862854,-0.016201214864850044,0.5866733193397522,0.5776180028915405,-0.03495660796761513,0.5823460817337036,0.6338942050933838,-0.023299453780055046,0.59217369556427,0.6338309049606323,-0.010580535978078842,0.6451432704925537,0.574137270450592,-0.028422662988305092,0.6211072206497192,0.5941665172576904,-0.03647129610180855,0.6105678677558899,0.630649983882904,-0.028883010149002075,0.614165723323822,0.6361266374588013,-0.02018097974359989
YES,0.6058757305145264,0.7405977845191956,-4.6244480245150044e-7,0.5523755550384521,0.718163013458252,-0.023886103183031082,0.5077832937240601,0.6695308089256287,-0.04079192876815796,0.5174768567085266,0.6447964310646057,-0.05619566887617111,0.5659623742103577,0.656355619430542,-0.06715205311775208,0.5523887276649475,0.514922022819519,-0.01568353734910488,0.5219077467918396,0.5546179413795471,-0.04173441231250763,0.5258045196533203,0.6138852834701538,-0.05849297344684601,0.5376147627830505,0.6199570298194885,-0.06933154910802841,0.5910369753837585,0.516771674156189,-0.01849626749753952,0.5575315952301025,0.5715045928955078,-0.04011451452970505,0.554357647895813,0.632319450378418,-0.04255908727645874,0.561579704284668,0.6331642866134644,-0.04073302075266838,0.6253615021705627,0.5433295965194702,-0.026477938517928123,0.5932325720787048,0.59963059425354,-0.04565161466598511,0.5845021605491638,0.6504756212234497,-0.03808228299021721,0.5894124507904053,0.6485835313796997,-0.029010863974690437,0.6546661853790283,0.5803796648979187,-0.03822954744100571,0.6254891753196716,0.6258202791213989,-0.047595493495464325,0.6131664514541626,0.6629960536956787,-0.04161660000681877,0.6148874163627625,0.6656277179718018,-0.033811647444963455
YES,0.6084172129631042,0.7411500811576843,-5.156669544703618e-7,0.5539807081222534,0.7183709144592285,-0.0253309216350317,0.5087600350379944,0.6705071330070496,-0.04269766807556152,0.5150048732757568,0.6460685133934021,-0.058323197066783905,0.5599972605705261,0.6555363535881042,-0.06886135041713715,0.5541107654571533,0.516489565372467,-0.016337156295776367,0.520544707775116,0.5540872812271118,-0.04360612854361534,0.5236810445785522,0.6156018376350403,-0.061078861355781555,0.53754061460495,0.6240551471710205,-0.07195010781288147,0.5923662781715393,0.5190444588661194,-0.018350912258028984,0.5577458739280701,0.5741746425628662,-0.040032848715782166,0.5546132922172546,0.6365043520927429,-0.04200118035078049,0.5630016326904297,0.6367117166519165,-0.04021454229950905,0.6264128684997559,0.5452539324760437,-0.025724587962031364,0.5942248106002808,0.5990292429924011,-0.044665999710559845,0.5848236083984375,0.6515291929244995,-0.03515744209289551,0.5903609991073608,0.650030255317688,-0.02534606121480465,0.6563708782196045,0.5821207165718079,-0.03724690154194832,0.6278692483901978,0.6237332224845886,-0.045423053205013275,0.6137120127677917,0.6617928743362427,-0.037822261452674866,0.6143047213554382,0.6645717620849609,-0.029267584905028343
YES,0.6086899042129517,0.7414747476577759,-5.154403766027826e-7,0.5540648102760315,0.718305230140686,-0.02470041811466217,0.5087401270866394,0.6707533597946167,-0.04181697964668274,0.5160415172576904,0.6469114422798157,-0.05734727159142494,0.561296820640564,0.6561024188995361,-0.06798280775547028,0.5544066429138184,0.5161628127098083,-0.016028834506869316,0.519999086856842,0.5531503558158875,-0.04332771152257919,0.5236478447914124,0.6152488589286804,-0.06106366589665413,0.5375920534133911,0.6256026029586792,-0.07203156501054764,0.5927478075027466,0.5190668106079102,-0.018158962950110435,0.5573766827583313,0.5745974779129028,-0.03967174515128136,0.5546995997428894,0.6378448605537415,-0.041847195476293564,0.5629845857620239,0.6405686140060425,-0.04012496396899223,0.6267405152320862,0.545656681060791,-0.025561535730957985,0.5938490629196167,0.6005793213844299,-0.04402264207601547,0.5848948955535889,0.653302013874054,-0.03459569439291954,0.5902644395828247,0.6535838842391968,-0.024806169793009758,0.6561397314071655,0.5830037593841553,-0.0370732918381691,0.6272392868995667,0.6256983280181885,-0.044868651777505875,0.6142593026161194,0.6631723046302795,-0.03713371977210045,0.6155251264572144,0.6668831706047058,-0.02843192219734192
YES,0.6091213226318359,0.7417783737182617,-5.163522587281477e-7,0.5544775724411011,0.7187473773956299,-0.024751121178269386,0.5089085698127747,0.6710531115531921,-0.041837576776742935,0.5156693458557129,0.646713376045227,-0.05734867975115776,0.5610411763191223,0.6559646725654602,-0.06792167574167252,0.5544383525848389,0.516262412071228,-0.01582920551300049,0.5202881097793579,0.5530102849006653,-0.04292820021510124,0.5237058997154236,0.615047037601471,-0.0605296716094017,0.537652313709259,0.6250538229942322,-0.07137533277273178,0.5926674008369446,0.5189743638038635,-0.01793471723794937,0.5575831532478333,0.5748282074928284,-0.03929278627038002,0.55482017993927,0.6375993490219116,-0.04138314723968506,0.563171923160553,0.6396806240081787,-0.03965632617473602,0.6267287731170654,0.5455334782600403,-0.02529643289744854,0.5937555432319641,0.6009621024131775,-0.043655287474393845,0.5849164724349976,0.6534056663513184,-0.03429408743977547,0.5903562307357788,0.6531648635864258,-0.02458450011909008,0.6561695337295532,0.5827462673187256,-0.0367782898247242,0.6270105242729187,0.6259443759918213,-0.044503550976514816,0.6141619682312012,0.6633524894714355,-0.03683887794613838,0.6156020760536194,0.6667901873588562,-0.028204767033457756
YES,0.6172103881835938,0.7297835350036621,-4.505399715526437e-7,0.5620697736740112,0.7048766613006592,-0.02858586236834526,0.5182708501815796,0.6692273616790771,-0.05058665946125984,0.506554901599884,0.6529370546340942,-0.06991701573133469,0.5406203269958496,0.6605521440505981,-0.08460444211959839,0.5605941414833069,0.5086468458175659,-0.026840971782803535,0.5236476063728333,0.5651892423629761,-0.05777864530682564,0.5265538096427917,0.6266282796859741,-0.07726073265075684,0.5403205752372742,0.6398897171020508,-0.08824595808982849,0.5998479127883911,0.517015278339386,-0.027766523882746696,0.5596897602081299,0.5858035087585449,-0.05304468050599098,0.555802047252655,0.6453521847724915,-0.05732345953583717,0.5652797818183899,0.6502434015274048,-0.056595154106616974,0.6333490610122681,0.5497141480445862,-0.03347155824303627,0.5954030752182007,0.6132365465164185,-0.05431921035051346,0.5855868458747864,0.6598320007324219,-0.046247195452451706,0.592828094959259,0.6587933301925659,-0.03699168562889099,0.6596602201461792,0.5925599336624146,-0.04324294626712799,0.6286372542381287,0.6414158940315247,-0.05195222422480583,0.6154890060424805,0.6745554208755493,-0.04421401396393776,0.6188547611236572,0.6751143932342529,-0.035079892724752426
YES,0.6142988204956055,0.7283010482788086,-4.6423298272202373e-7,0.560552179813385,0.7053786516189575,-0.027463803067803383,0.5165280699729919,0.6685470342636108,-0.0487680621445179,0.5063420534133911,0.6524596810340881,-0.06769520789384842,0.5389589667320251,0.6597792506217957,-0.08216715604066849,0.5591402053833008,0.5107839703559875,-0.025998668745160103,0.5255118608474731,0.5649278163909912,-0.05812698230147362,0.5269197821617126,0.6270280480384827,-0.07857906818389893,0.5391941070556641,0.6432917714118958,-0.09035995602607727,0.5988422632217407,0.5181143879890442,-0.02810666896402836,0.5610726475715637,0.5850079655647278,-0.054658498615026474,0.5559206008911133,0.645984411239624,-0.05929310619831085,0.5649504065513611,0.6509497165679932,-0.058485791087150574,0.6322333812713623,0.5503684878349304,-0.03513333573937416,0.5967403054237366,0.6136811375617981,-0.056512344628572464,0.587163507938385,0.6609798073768616,-0.04781123623251915,0.594342052936554,0.6572487354278564,-0.03839251399040222,0.6584750413894653,0.5930315256118774,-0.04613679647445679,0.6292447447776794,0.644665002822876,-0.05513691157102585,0.6182568669319153,0.6785696744918823,-0.04697401449084282,0.6231326460838318,0.6749539375305176,-0.03788420185446739
YES,0.6143859028816223,0.7273813486099243,-4.6244744567047746e-7,0.5616410374641418,0.7054880261421204,-0.0274610947817564,0.5181934833526611,0.6693671345710754,-0.04855567216873169,0.5062777996063232,0.652243435382843,-0.06712712347507477,0.5381388068199158,0.6570851802825928,-0.08132708817720413,0.5588475465774536,0.5114320516586304,-0.02622886560857296,0.525680661201477,0.5656040906906128,-0.05803209915757179,0.5272055864334106,0.6268424987792969,-0.07839320600032806,0.5395253300666809,0.6420168876647949,-0.09007004648447037,0.5982359051704407,0.5181789398193359,-0.027959851548075676,0.5614632964134216,0.5845999717712402,-0.05398334935307503,0.5558863282203674,0.645633339881897,-0.058530859649181366,0.5646893978118896,0.6503720283508301,-0.057738710194826126,0.6316881775856018,0.549990177154541,-0.03447306156158447,0.5968122482299805,0.6131066679954529,-0.05547962337732315,0.5864325165748596,0.6607464551925659,-0.046619314700365067,0.5934509038925171,0.6576891541481018,-0.03714289143681526,0.6578848958015442,0.5921991467475891,-0.04497634246945381,0.6289060711860657,0.643356204032898,-0.05380731448531151,0.6166160702705383,0.6771729588508606,-0.045651137828826904,0.6205553412437439,0.6745728254318237,-0.03655611351132393
YES,0.6141598224639893,0.7275165319442749,-4.664780419716408e-7,0.5617375373840332,0.7060449719429016,-0.027537330985069275,0.5182621479034424,0.6696594953536987,-0.0485403798520565,0.5066147446632385,0.6524139046669006,-0.06691804528236389,0.5388157963752747,0.6574631333351135,-0.08086173981428146,0.558395266532898,0.5118527412414551,-0.026005858555436134,0.5256691575050354,0.5656480193138123,-0.057583361864089966,0.5274419784545898,0.6271446347236633,-0.07776962965726852,0.5397305488586426,0.6420358419418335,-0.08943798393011093,0.5978369116783142,0.5180387496948242,-0.027551917359232903,0.5614560842514038,0.5849281549453735,-0.05344109237194061,0.5560527443885803,0.6460297703742981,-0.057816725224256516,0.5646141171455383,0.6504707932472229,-0.05694160237908363,0.6315629482269287,0.5492897033691406,-0.03392575681209564,0.5969252586364746,0.6135291457176208,-0.05463710054755211,0.5864953994750977,0.6611236333847046,-0.04579831659793854,0.5930280685424805,0.6573579907417297,-0.0364052876830101,0.6579347848892212,0.5910738110542297,-0.04431059956550598,0.6290388107299805,0.6435256600379944,-0.05300353094935417,0.6164178848266602,0.6778014302253723,-0.04503986984491348,0.6199336051940918,0.6750030517578125,-0.036142747849226
YES,0.6199461817741394,0.7219611406326294,-4.204405001928535e-7,0.5672687292098999,0.7036036849021912,-0.024494053795933723,0.5242473483085632,0.6764860153198242,-0.044150494039058685,0.5167544484138489,0.6723921298980713,-0.06143184378743172,0.5458530783653259,0.6841466426849365,-0.0749538466334343,0.5609426498413086,0.5161889791488647,-0.02500404231250286,0.527311384677887,0.5922642350196838,-0.052281178534030914,0.5288857221603394,0.6489770412445068,-0.07238933444023132,0.5410253405570984,0.6536011695861816,-0.08556162565946579,0.6018851399421692,0.5281069874763489,-0.02723342552781105,0.5626445412635803,0.6205757856369019,-0.046161312609910965,0.5631120800971985,0.6656935214996338,-0.05099892243742943,0.5760038495063782,0.6574323773384094,-0.053738292306661606,0.6358835697174072,0.5626345276832581,-0.03339700773358345,0.5992384552955627,0.6525722146034241,-0.047909848392009735,0.5979894399642944,0.6855635643005371,-0.04135284200310707,0.6102428436279297,0.6721439957618713,-0.0362529493868351,0.6612664461135864,0.606010913848877,-0.04350936785340309,0.6296470165252686,0.6803967952728271,-0.05140691623091698,0.6287417411804199,0.7065749764442444,-0.04584074765443802,0.6404419541358948,0.6964959502220154,-0.03963344916701317
YES,0.6238366961479187,0.7201205492019653,-4.214142563796486e-7,0.5702393054962158,0.7040106058120728,-0.023166941478848457,0.5251153111457825,0.6761534214019775,-0.04119503125548363,0.5137973427772522,0.6668972373008728,-0.05697663873434067,0.5418885946273804,0.6768882274627686,-0.06879880279302597,0.560862123966217,0.517389714717865,-0.020751964300870895,0.5284512042999268,0.5931383967399597,-0.04706399515271187,0.5313714146614075,0.6476407051086426,-0.06632766127586365,0.5431255102157593,0.6481043100357056,-0.07902033627033234,0.6008979082107544,0.5279296636581421,-0.02304057776927948,0.5620191693305969,0.6232776641845703,-0.04178473725914955,0.5646045207977295,0.6668329238891602,-0.0462777204811573,0.5778442621231079,0.6546781659126282,-0.04838380590081215,0.6348544359207153,0.5608999133110046,-0.02937287651002407,0.597913384437561,0.6531028747558594,-0.04352577030658722,0.5977519154548645,0.68434739112854,-0.03698286414146423,0.6099692583084106,0.6685122847557068,-0.03167552500963211,0.6608763933181763,0.6029760837554932,-0.03956633061170578,0.6287948489189148,0.6792681217193604,-0.04745712876319885,0.6290022730827332,0.7036683559417725,-0.042711418122053146,0.640818178653717,0.6917799115180969,-0.0368424616754055
YES,0.6161059737205505,0.682953953742981,-2.6434526034790906e-7,0.5739759802818298,0.6704490780830383,-0.02932637929916382,0.5353625416755676,0.669499397277832,-0.054675351828336716,0.5316933393478394,0.7018977999687195,-0.07657910883426666,0.5580775141716003,0.7379688024520874,-0.09489759057760239,0.5533925294876099,0.5363337397575378,-0.04386352375149727,0.5248523950576782,0.6365230679512024,-0.07069702446460724,0.5299750566482544,0.680460512638092,-0.08565431088209152,0.5402666926383972,0.6715108156204224,-0.0954577848315239,0.5955448150634766,0.5476202368736267,-0.044955912977457047,0.5621497631072998,0.6690801978111267,-0.06632747501134872,0.5633417963981628,0.696220874786377,-0.069240503013134,0.5708369016647339,0.6728790998458862,-0.07092110067605972,0.6324229836463928,0.5790618658065796,-0.049073368310928345,0.5975944995880127,0.6923633813858032,-0.06587931513786316,0.595318078994751,0.7110919952392578,-0.056552015244960785,0.6021419763565063,0.6888772249221802,-0.04859720170497894,0.660098135471344,0.6166517734527588,-0.05730827897787094,0.6299735307693481,0.7005893588066101,-0.06784000992774963,0.62657231092453,0.7135140895843506,-0.0613977275788784,0.6331349015235901,0.6969409584999084,-0.05391908437013626
YES,0.6113088726997375,0.6818163394927979,-2.406984833669412e-7,0.5763742923736572,0.6663349866867065,-0.027152881026268005,0.5420340895652771,0.6615076661109924,-0.04854974150657654,0.5337434411048889,0.6896806955337524,-0.066303551197052,0.5530046224594116,0.7206724286079407,-0.08043858408927917,0.5549740791320801,0.5351011753082275,-0.03847062960267067,0.5241437554359436,0.6348851919174194,-0.06324338167905807,0.5307871103286743,0.6742099523544312,-0.0768926814198494,0.5417907238006592,0.6624298095703125,-0.08529599756002426,0.5962340235710144,0.5460394024848938,-0.038324907422065735,0.5608450770378113,0.67203289270401,-0.057025909423828125,0.564750611782074,0.6952906847000122,-0.05921173840761185,0.5729954242706299,0.66755610704422,-0.059503182768821716,0.6325124502182007,0.578534722328186,-0.040996477007865906,0.596437394618988,0.6947511434555054,-0.05595728009939194,0.5963911414146423,0.7053840160369873,-0.04580530896782875,0.6033229231834412,0.6793156862258911,-0.036357663571834564,0.6596696972846985,0.6178944706916809,-0.04745682328939438,0.6300135850906372,0.7021427750587463,-0.059503182768821716,0.6278629302978516,0.7083067297935486,-0.054062891751527786,0.6346158981323242,0.6878136396408081,-0.04568387195467949
YES,0.6121957898139954,0.6834272146224976,-2.3473339183510689e-7,0.578424870967865,0.6667441129684448,-0.024035217240452766,0.5443311333656311,0.6585404872894287,-0.043163836002349854,0.5357313752174377,0.6856772303581238,-0.05911620333790779,0.5519971251487732,0.717329204082489,-0.07144196331501007,0.5554842352867126,0.5363000631332397,-0.03401433676481247,0.5242881774902344,0.6338810324668884,-0.05826288461685181,0.5309779644012451,0.6707398295402527,-0.07253231108188629,0.5421363115310669,0.6575934290885925,-0.08144477754831314,0.596324622631073,0.547411322593689,-0.03491506353020668,0.561940610408783,0.6714375019073486,-0.05238444730639458,0.5657843947410583,0.6904736161231995,-0.05470737814903259,0.573710560798645,0.6622563600540161,-0.05522885546088219,0.6328039765357971,0.5795894861221313,-0.038541682064533234,0.5981066823005676,0.6943548917770386,-0.05238444730639458,0.5984570980072021,0.7020694017410278,-0.04223940148949623,0.6053858399391174,0.6744841933250427,-0.03292398154735565,0.6608422994613647,0.6180548667907715,-0.04584231600165367,0.6317763328552246,0.7016274929046631,-0.057409562170505524,0.6292084455490112,0.7069154381752014,-0.051815565675497055,0.6358389854431152,0.6861637830734253,-0.04332976043224335
YES,0.6113353371620178,0.6830115914344788,-2.394980640474387e-7,0.5772818326950073,0.6673513054847717,-0.024341505020856857,0.543166995048523,0.6601619124412537,-0.04368133097887039,0.5347882509231567,0.6882893443107605,-0.05992487818002701,0.5520123839378357,0.720000147819519,-0.07269106805324554,0.5551034212112427,0.5363340973854065,-0.033749427646398544,0.5246586799621582,0.632563054561615,-0.05863873288035393,0.5310375690460205,0.6710033416748047,-0.07359613478183746,0.5417863726615906,0.6596552729606628,-0.08278969675302505,0.5963523983955383,0.5472410321235657,-0.034606851637363434,0.5619352459907532,0.670684278011322,-0.05239854007959366,0.5654892921447754,0.6915220618247986,-0.05487556383013725,0.5734577775001526,0.6641079783439636,-0.05539954826235771,0.6327744722366333,0.5793715119361877,-0.03834620863199234,0.5980274081230164,0.6937122941017151,-0.052541445940732956,0.598445475101471,0.7028976082801819,-0.04251427203416824,0.6057409644126892,0.6762576103210449,-0.03315398842096329,0.6603286266326904,0.6176723837852478,-0.045777272433042526,0.6317955255508423,0.7018067240715027,-0.057495493441820145,0.6292445063591003,0.7083765864372253,-0.051969826221466064,0.6359444260597229,0.6884742379188538,-0.04349079355597496
YES,0.6171128153800964,0.6917915940284729,-1.716630038117728e-7,0.5791813731193542,0.6848115921020508,-0.026262078434228897,0.5430344343185425,0.6866466999053955,-0.049448419362306595,0.5353801250457764,0.7143245339393616,-0.06908582150936127,0.550329327583313,0.7417225241661072,-0.0851743072271347,0.5458722710609436,0.5598604083061218,-0.042776428163051605,0.5200379490852356,0.666753888130188,-0.06918046623468399,0.5295712351799011,0.6959606409072876,-0.08550553768873215,0.541448712348938,0.6781970262527466,-0.0961996465921402,0.5876126885414124,0.566614031791687,-0.04407770186662674,0.560323178768158,0.7004317045211792,-0.06454319506883621,0.5666120052337646,0.7109134197235107,-0.06870727241039276,0.5758233666419983,0.6818689107894897,-0.0708366334438324,0.6265085339546204,0.594970703125,-0.04767395555973053,0.5977978110313416,0.7173351645469666,-0.06411732733249664,0.6008586883544922,0.718501627445221,-0.054416920989751816,0.6079302430152893,0.6882920861244202,-0.04552093893289566,0.6573179960250854,0.6329900026321411,-0.05498474836349487,0.632320761680603,0.7222020626068115,-0.06847067922353745,0.6325454115867615,0.7215386629104614,-0.06302899122238159,0.6397883296012878,0.69456547498703,-0.054558876901865005
YES,0.6165633797645569,0.6956902742385864,-1.4873988618546718e-7,0.5748518109321594,0.6908270120620728,-0.027797484770417213,0.5382636189460754,0.6996021866798401,-0.053052060306072235,0.5350584387779236,0.7304421663284302,-0.07479143887758255,0.565086841583252,0.7528889179229736,-0.09284110367298126,0.545881986618042,0.560955822467804,-0.043752990663051605,0.5203955769538879,0.6711414456367493,-0.07080256193876266,0.5288008451461792,0.6984586119651794,-0.086708202958107,0.5374395251274109,0.6786490678787231,-0.09682998061180115,0.5873934626579285,0.5666943788528442,-0.04499951750040054,0.5593680739402771,0.7065235376358032,-0.06541758030653,0.5684387683868408,0.7134541273117065,-0.06815993040800095,0.5765761137008667,0.6826469898223877,-0.06900756806135178,0.6258218288421631,0.5949136018753052,-0.04916290193796158,0.5953008532524109,0.7231804728507996,-0.06496882438659668,0.6010188460350037,0.7188208699226379,-0.05379996821284294,0.6078900694847107,0.685663640499115,-0.043453823775053024,0.6561974287033081,0.6332527995109558,-0.057389963418245316,0.629947304725647,0.7273961901664734,-0.0709022805094719,0.6315546035766602,0.7237576246261597,-0.06516826897859573,0.638106644153595,0.6950080394744873,-0.05614343658089638
YES,0.6157348155975342,0.6928956508636475,-1.4933969794128643e-7,0.574809730052948,0.6899642944335938,-0.02810014970600605,0.5379238724708557,0.7015794515609741,-0.05332470312714577,0.5352209806442261,0.7339662313461304,-0.07491691410541534,0.5654692053794861,0.7553043961524963,-0.09277590364217758,0.5452835559844971,0.56130450963974,-0.043966393917798996,0.5205844640731812,0.6717309951782227,-0.07047739624977112,0.5281928777694702,0.698538064956665,-0.08641931414604187,0.5364188551902771,0.6782476305961609,-0.09676138311624527,0.5871076583862305,0.5672414898872375,-0.04507627710700035,0.5597124099731445,0.7071108818054199,-0.06502889096736908,0.5682463645935059,0.7136098146438599,-0.06805583834648132,0.5761874318122864,0.682356595993042,-0.06941796839237213,0.6259011626243591,0.5952998995780945,-0.04906175658106804,0.5953884124755859,0.724071204662323,-0.06442350894212723,0.6009042859077454,0.719881534576416,-0.05357694625854492,0.6077881455421448,0.6863696575164795,-0.043865494430065155,0.6564366817474365,0.6330293416976929,-0.057209283113479614,0.6302328109741211,0.7278159856796265,-0.07012425363063812,0.6318364143371582,0.7246355414390564,-0.06442350894212723,0.6386662125587463,0.6954454183578491,-0.05579670891165733
YES,0.616158127784729,0.6931551098823547,-1.4881005938605085e-7,0.5751387476921082,0.689422070980072,-0.028080886229872704,0.5379382967948914,0.7006043791770935,-0.053227197378873825,0.5345685482025146,0.732951283454895,-0.07478117197751999,0.5639921426773071,0.7548971176147461,-0.09259103238582611,0.5454002618789673,0.5608904361724854,-0.043563321232795715,0.520490825176239,0.6717472672462463,-0.07002513110637665,0.528220534324646,0.6984724998474121,-0.08591233193874359,0.5365618467330933,0.6782689094543457,-0.09618336707353592,0.5872262120246887,0.5672246217727661,-0.044676437973976135,0.5597198009490967,0.7067998051643372,-0.06451014429330826,0.5683670043945312,0.713257372379303,-0.06754591315984726,0.576430082321167,0.681821346282959,-0.06891201436519623,0.6258993148803711,0.5954797267913818,-0.048673540353775024,0.5954258441925049,0.7239698767662048,-0.06395358592271805,0.6009771823883057,0.7195121049880981,-0.053277794271707535,0.6077718734741211,0.6856757402420044,-0.04363921657204628,0.6564614772796631,0.6333929896354675,-0.056768931448459625,0.6301976442337036,0.7279221415519714,-0.06941797584295273,0.631904125213623,0.7244551777839661,-0.0637006089091301,0.6387023329734802,0.6951586604118347,-0.0550992526113987
YES,0.6287676095962524,0.6994650959968567,-1.8177284744069766e-7,0.5848187208175659,0.6966338157653809,-0.02286115474998951,0.5462794899940491,0.7139950394630432,-0.046762604266405106,0.542162299156189,0.7520424127578735,-0.06825361400842667,0.5627808570861816,0.7867612242698669,-0.08743567019701004,0.5389692783355713,0.5977646112442017,-0.04364171624183655,0.5204657316207886,0.7084512114524841,-0.0701819658279419,0.5320985913276672,0.7341194152832031,-0.08753716200590134,0.5420151352882385,0.7147259712219238,-0.09951326251029968,0.5814608335494995,0.5984998941421509,-0.04754917323589325,0.5622354745864868,0.7363992929458618,-0.06632526218891144,0.5720168352127075,0.7455567717552185,-0.07013122737407684,0.5803925395011902,0.7174938321113586,-0.07373419404029846,0.6233522295951843,0.6200125217437744,-0.05338498577475548,0.6003290414810181,0.7484090924263,-0.06739092618227005,0.6039236187934875,0.7484278678894043,-0.05835811048746109,0.6087655425071716,0.7171284556388855,-0.05163424089550972,0.658024251461029,0.6517578363418579,-0.06287451833486557,0.6346327662467957,0.7481772899627686,-0.07292226701974869,0.6331673860549927,0.7488201260566711,-0.06647749245166779,0.6371691823005676,0.7238155007362366,-0.05917004495859146
YES,0.6294490098953247,0.687105119228363,-1.8620295350046945e-7,0.5784465670585632,0.6864597201347351,-0.023023074492812157,0.5405449271202087,0.704918622970581,-0.04724980145692825,0.5333823561668396,0.7497315406799316,-0.0690436065196991,0.5544242858886719,0.7916999459266663,-0.08958255499601364,0.5422625541687012,0.5910392999649048,-0.044612009078264236,0.5235941410064697,0.7105528116226196,-0.07139969617128372,0.5328426957130432,0.7441825866699219,-0.08645816892385483,0.5383152365684509,0.7275750041007996,-0.09588252007961273,0.5854983925819397,0.5968241095542908,-0.0490424782037735,0.5621437430381775,0.7322524785995483,-0.06894117593765259,0.5690054297447205,0.7550196647644043,-0.07216799259185791,0.5727124810218811,0.73237144947052,-0.07472895085811615,0.6259270906448364,0.6209282875061035,-0.055419277399778366,0.5991708636283875,0.7465188503265381,-0.07104115933179855,0.5992684364318848,0.7590053677558899,-0.06284607946872711,0.6003211140632629,0.7347666025161743,-0.056136347353458405,0.6571947336196899,0.6527099013328552,-0.06489484757184982,0.6334044933319092,0.7454351186752319,-0.07324359565973282,0.6304717063903809,0.7529953718185425,-0.06540704518556595,0.6318320035934448,0.7321525812149048,-0.05772414803504944
YES,0.6237154006958008,0.6844171285629272,-1.2701677576387738e-7,0.57430100440979,0.6843435168266296,-0.023972075432538986,0.536941409111023,0.7054882645606995,-0.04902154579758644,0.5323197245597839,0.7538810968399048,-0.07105687260627747,0.5604709982872009,0.7963056564331055,-0.09152740985155106,0.5432685613632202,0.5927462577819824,-0.0480211041867733,0.5229125618934631,0.7132851481437683,-0.07346818596124649,0.5321528911590576,0.7383098602294922,-0.08716651797294617,0.5379353761672974,0.71602863073349,-0.0960422083735466,0.5863720774650574,0.5989319086074829,-0.05176633968949318,0.5616848468780518,0.7397415041923523,-0.07033860683441162,0.5701101422309875,0.7476631999015808,-0.07213427126407623,0.5743876695632935,0.7173138856887817,-0.07444297522306442,0.6266217827796936,0.6236199140548706,-0.05735854431986809,0.5985676050186157,0.7535550594329834,-0.0711594820022583,0.5993390083312988,0.7517743706703186,-0.061565522104501724,0.6003125309944153,0.7196877598762512,-0.05448548495769501,0.6579257845878601,0.6564607620239258,-0.06628554314374924,0.632871150970459,0.7510999441146851,-0.07459688931703568,0.6303797364234924,0.7472773194313049,-0.0670551136136055,0.6315036416053772,0.7193160653114319,-0.05987246707081795
YES,0.6253650784492493,0.6835286617279053,-1.2660768788919086e-7,0.5762481689453125,0.6837415099143982,-0.02420710027217865,0.5388221144676208,0.7056817412376404,-0.049499839544296265,0.5350476503372192,0.7538903951644897,-0.07191046327352524,0.564075767993927,0.7973082065582275,-0.09258925169706345,0.5434550046920776,0.5926944017410278,-0.047199323773384094,0.5224182605743408,0.712636411190033,-0.07418513298034668,0.5322210192680359,0.7385478019714355,-0.0893840417265892,0.5388995409011841,0.7174654603004456,-0.09905137121677399,0.586179792881012,0.5986112356185913,-0.05110244080424309,0.5609642267227173,0.7402783036231995,-0.07051464915275574,0.570145845413208,0.7479599714279175,-0.07247913628816605,0.5756988525390625,0.7180541753768921,-0.0743919163942337,0.6263267993927002,0.623741626739502,-0.05722852796316147,0.597474217414856,0.7537388205528259,-0.07180707901716232,0.5990648865699768,0.7500641345977783,-0.061984654515981674,0.6010361909866333,0.716905415058136,-0.054126713424921036,0.6574536561965942,0.6566797494888306,-0.0668441653251648,0.6315971612930298,0.7527908682823181,-0.0757877379655838,0.6298370957374573,0.7480137348175049,-0.06829167902469635,0.631972074508667,0.7191449999809265,-0.06064052879810333
YES,0.6273887753486633,0.6957885026931763,-1.3975035528801527e-7,0.5746105313301086,0.7076393365859985,-0.024427469819784164,0.5355274081230164,0.7342140078544617,-0.050307873636484146,0.5344014763832092,0.7798342704772949,-0.07326943427324295,0.5638914108276367,0.8130042552947998,-0.0944407731294632,0.5349962711334229,0.6179409623146057,-0.048699263483285904,0.5170532464981079,0.7375266551971436,-0.07513749599456787,0.530636727809906,0.7563335299491882,-0.09070464968681335,0.5370786786079407,0.7299210429191589,-0.10139410197734833,0.5778949856758118,0.6182752251625061,-0.053135909140110016,0.5565862655639648,0.7631481885910034,-0.07171271741390228,0.569225013256073,0.7647275328636169,-0.07492993026971817,0.5735300779342651,0.7301099300384521,-0.0793406218290329,0.6198112964630127,0.638071596622467,-0.05967411398887634,0.5935242176055908,0.7735320925712585,-0.07233539968729019,0.5978807806968689,0.7712753415107727,-0.06341022998094559,0.5991923809051514,0.7366472482681274,-0.058480631560087204,0.6553057432174683,0.6681922674179077,-0.06984466314315796,0.6282068490982056,0.7715656161308289,-0.0780433639883995,0.6262964010238647,0.7711290717124939,-0.07150515913963318,0.6264656782150269,0.7436200380325317,-0.06621232628822327
YES,0.6241703629493713,0.6838952898979187,-4.408865805771711e-8,0.5705894827842712,0.6923288702964783,-0.02505001425743103,0.5304486751556396,0.7230047583580017,-0.05100296437740326,0.5278329849243164,0.7782034277915955,-0.07321518659591675,0.5618197321891785,0.8182108998298645,-0.09390531480312347,0.5379540920257568,0.6178877353668213,-0.054795295000076294,0.520469069480896,0.7423056960105896,-0.0792003646492958,0.5336197018623352,0.7516356706619263,-0.08926163613796234,0.5394583940505981,0.7209806442260742,-0.09535001218318939,0.581668496131897,0.62116539478302,-0.057891082018613815,0.55812668800354,0.7663690447807312,-0.0757434070110321,0.5689497590065002,0.7591569423675537,-0.07496945559978485,0.5705662965774536,0.7238044738769531,-0.07610458135604858,0.6232718229293823,0.6417674422264099,-0.06263794004917145,0.5959507822990417,0.7778594493865967,-0.07569180428981781,0.5975341200828552,0.7640091180801392,-0.06578531116247177,0.5950263738632202,0.7262246608734131,-0.05933577939867973,0.6570816040039062,0.6715575456619263,-0.0706353709101677,0.6304306983947754,0.7743433713912964,-0.07837481796741486,0.6271604299545288,0.7640160322189331,-0.07151250541210175,0.625566840171814,0.731974720954895,-0.06599169969558716
YES,0.6283252239227295,0.6824227571487427,-6.066074575983293e-8,0.5738831758499146,0.6909999251365662,-0.023373648524284363,0.5336470603942871,0.7224834561347961,-0.04894869402050972,0.5308108925819397,0.7788665890693665,-0.07085905969142914,0.5619820356369019,0.8195158243179321,-0.09121549129486084,0.5378040075302124,0.6172788143157959,-0.05645933747291565,0.5185788869857788,0.7411370277404785,-0.07914666831493378,0.5309231281280518,0.7531600594520569,-0.08696810156106949,0.5362139940261841,0.7242328524589539,-0.09199246019124985,0.5813297033309937,0.6199029088020325,-0.06039595231413841,0.5569631457328796,0.7678453922271729,-0.07748914510011673,0.5680826902389526,0.7613349556922913,-0.07557263225317001,0.5696668028831482,0.7258002758026123,-0.07629779726266861,0.6229780316352844,0.6404768824577332,-0.06536851823329926,0.5944452285766602,0.7803999185562134,-0.07748914510011673,0.5974655747413635,0.7668393850326538,-0.0663008764386177,0.5960740447044373,0.7293160557746887,-0.05956719443202019,0.6570009589195251,0.6708844304084778,-0.07339714467525482,0.6298032999038696,0.7774577736854553,-0.08152935653924942,0.6270020604133606,0.7668758630752563,-0.07458848506212234,0.6254611015319824,0.734195351600647,-0.06909794360399246
YES,0.6334587931632996,0.6823827028274536,-3.7467057012463556e-8,0.5766041874885559,0.6894320249557495,-0.022267863154411316,0.5363107323646545,0.7207909226417542,-0.04843324422836304,0.5319668054580688,0.7791061997413635,-0.07072709500789642,0.5599210262298584,0.8208049535751343,-0.09156586229801178,0.5376059412956238,0.6175341010093689,-0.059346314519643784,0.5185942053794861,0.7442550659179688,-0.08158820122480392,0.5320468544960022,0.7525802254676819,-0.08948718011379242,0.5374597907066345,0.7217446565628052,-0.09494371712207794,0.5810208916664124,0.6206766963005066,-0.06339974701404572,0.557205319404602,0.7679975628852844,-0.07893788069486618,0.5685509443283081,0.7567495703697205,-0.077067069709301,0.5692299604415894,0.7196747064590454,-0.07930164784193039,0.6229422092437744,0.6412463784217834,-0.06797283887863159,0.5959915518760681,0.780823290348053,-0.0774308368563652,0.5991194844245911,0.7647926807403564,-0.06636186689138412,0.596892237663269,0.7270224690437317,-0.06147696450352669,0.6577115058898926,0.6717233657836914,-0.07540412247180939,0.631495475769043,0.7777531147003174,-0.08215983957052231,0.6286265254020691,0.765521228313446,-0.07550805062055588,0.6262404322624207,0.7319188714027405,-0.0714026689529419
YES,0.6395070552825928,0.6771863698959351,-9.89087367564423e-10,0.5777214169502258,0.6851392984390259,-0.018214652314782143,0.5349724292755127,0.7206131219863892,-0.042211320251226425,0.5272689461708069,0.78280109167099,-0.06290213763713837,0.5506494045257568,0.8296632766723633,-0.08245209604501724,0.5345882177352905,0.6310233473777771,-0.05439763888716698,0.5139599442481995,0.7592172026634216,-0.07197704911231995,0.5272514820098877,0.7637348175048828,-0.0761774405837059,0.5325535535812378,0.7298285365104675,-0.0791851207613945,0.5761769413948059,0.6380912065505981,-0.059531450271606445,0.5549062490463257,0.7852053046226501,-0.07093992084264755,0.5643084049224854,0.766309380531311,-0.06699880957603455,0.5648782849311829,0.7268363237380981,-0.0681915134191513,0.6168391108512878,0.6599897742271423,-0.06456154584884644,0.5932537913322449,0.7984553575515747,-0.0696953535079956,0.5945080518722534,0.7771319150924683,-0.05704232677817345,0.590675413608551,0.7371582388877869,-0.05198630318045616,0.6515447497367859,0.6911144256591797,-0.0721844732761383,0.6255095601081848,0.7961015701293945,-0.07638486474752426,0.6224097013473511,0.7787531018257141,-0.06845079362392426,0.6200739741325378,0.7436865568161011,-0.06367998570203781
YES,0.6586745381355286,0.6618579626083374,-2.3005317473234754e-7,0.5902944207191467,0.6680457592010498,-0.01478651724755764,0.5417385697364807,0.7084212303161621,-0.04047345742583275,0.5349519848823547,0.7827134132385254,-0.063951276242733,0.5560959577560425,0.8379970788955688,-0.08836435526609421,0.5284026265144348,0.622309148311615,-0.060984302312135696,0.5078587532043457,0.7641823291778564,-0.07933442294597626,0.5280335545539856,0.7827231287956238,-0.08449438214302063,0.5403149724006653,0.7565711736679077,-0.08907385170459747,0.5734465718269348,0.6299828886985779,-0.06740201264619827,0.5558444857597351,0.7851389050483704,-0.0815919041633606,0.5708747506141663,0.7754361033439636,-0.0803019106388092,0.574802041053772,0.7401806712150574,-0.08494587242603302,0.6156989336013794,0.6514483094215393,-0.07191697508096695,0.5944722294807434,0.795179009437561,-0.08049541711807251,0.6045957207679749,0.7796703577041626,-0.07049798220396042,0.6067111492156982,0.7430524826049805,-0.06875649839639664,0.6529580950737,0.6804453730583191,-0.07759293168783188,0.6265321373939514,0.7895819544792175,-0.08359138667583466,0.6305258274078369,0.7765962481498718,-0.07378746569156647,0.6333611607551575,0.741264283657074,-0.0688209980726242
YES,0.6428576707839966,0.6621279716491699,-3.1517444210038548e-9,0.5773633718490601,0.6753263473510742,-0.01521605160087347,0.5328625440597534,0.7172971367835999,-0.039199117571115494,0.5273876786231995,0.7830645442008972,-0.06054290384054184,0.5478777885437012,0.8225927948951721,-0.0816112831234932,0.5324245691299438,0.6231415271759033,-0.06008389592170715,0.5081704258918762,0.7552279233932495,-0.07844413816928864,0.5243481993675232,0.7683733105659485,-0.07977525889873505,0.534866213798523,0.7403784394264221,-0.08073917031288147,0.5759096741676331,0.6288875341415405,-0.0655001625418663,0.5562977194786072,0.7835080623626709,-0.08096867054700851,0.5645744204521179,0.7728354930877686,-0.07504748553037643,0.5645335912704468,0.7353541851043701,-0.07422128319740295,0.6193168759346008,0.6524174809455872,-0.06995252519845963,0.5963609218597412,0.7963687181472778,-0.08078506588935852,0.5955787301063538,0.7810771465301514,-0.06609687209129333,0.5922507047653198,0.7424024343490601,-0.058660972863435745,0.6565266847610474,0.6860798001289368,-0.07559829950332642,0.626376211643219,0.7955705523490906,-0.08808325976133347,0.6178683042526245,0.7856342196464539,-0.08128997683525085,0.6139729022979736,0.7513126134872437,-0.07601139694452286
YES,0.6497946381568909,0.6569520831108093,-2.8050660461076404e-8,0.5810835361480713,0.6655563712120056,-0.015435019508004189,0.533946692943573,0.7090420126914978,-0.04011949151754379,0.5267954468727112,0.7771843671798706,-0.062480032444000244,0.5465097427368164,0.8200774788856506,-0.08467871695756912,0.5339087843894958,0.6179050207138062,-0.06423743069171906,0.5061577558517456,0.7519317269325256,-0.08555740118026733,0.5222085118293762,0.7707545161247253,-0.08657485246658325,0.5368705987930298,0.7470999956130981,-0.08601988106966019,0.5767441987991333,0.6259568333625793,-0.07011082768440247,0.5549988746643066,0.7843352556228638,-0.08985840529203415,0.5639194250106812,0.7786338329315186,-0.08426248282194138,0.5670905113220215,0.7420562505722046,-0.08222761005163193,0.6205939650535583,0.6510310173034668,-0.07487429678440094,0.5950882434844971,0.7976335287094116,-0.09064460545778275,0.5937288999557495,0.784609317779541,-0.07769537717103958,0.591681718826294,0.7448551058769226,-0.06983334571123123,0.6589423418045044,0.6853501200675964,-0.08047021180391312,0.6260057091712952,0.7951703071594238,-0.09674924612045288,0.6158143877983093,0.7871600985527039,-0.09152330458164215,0.6117230653762817,0.7526430487632751,-0.0861586257815361
YES,0.6491243839263916,0.6558175086975098,-1.604948396405348e-9,0.5824984312057495,0.6636188626289368,-0.015298123471438885,0.5358943939208984,0.7085661888122559,-0.04190914332866669,0.5273371934890747,0.778143584728241,-0.06605423241853714,0.5416048169136047,0.8209859132766724,-0.08975521475076675,0.5347850322723389,0.6204388737678528,-0.07143019884824753,0.5085870027542114,0.7551190853118896,-0.09480395913124084,0.5250369310379028,0.7667474150657654,-0.09573891013860703,0.5365762114524841,0.7394358515739441,-0.09536492824554443,0.5779197216033936,0.6294558048248291,-0.07872280478477478,0.5550710558891296,0.78434818983078,-0.10116161406040192,0.5648097395896912,0.7740122675895691,-0.09527143090963364,0.567010760307312,0.7382018566131592,-0.09326128661632538,0.6207751035690308,0.6540935039520264,-0.08465974777936935,0.5953229665756226,0.7983059287071228,-0.10228355973958969,0.5975010395050049,0.7795035243034363,-0.08825930207967758,0.5966403484344482,0.7393617033958435,-0.08026548475027084,0.6584063172340393,0.686742901802063,-0.09129789471626282,0.6279821991920471,0.7949410080909729,-0.10892170667648315,0.6204907894134521,0.7846378684043884,-0.10359249264001846,0.6169017553329468,0.750941812992096,-0.09873074293136597
YES,0.6383304595947266,0.6564186811447144,3.334129416998621e-8,0.573529839515686,0.6630502939224243,-0.012070383876562119,0.5311927199363708,0.7115946412086487,-0.03827935829758644,0.5286897420883179,0.7864187359809875,-0.06291089206933975,0.5457552671432495,0.8319072723388672,-0.0881967693567276,0.5300024747848511,0.6337627172470093,-0.06926741451025009,0.5068702101707458,0.7660198211669922,-0.09230981022119522,0.5196565985679626,0.7836239337921143,-0.09333806484937668,0.531995415687561,0.7625634074211121,-0.09245003014802933,0.5746604204177856,0.6449643969535828,-0.07833480834960938,0.5531312823295593,0.7928901314735413,-0.0993674173951149,0.5604773759841919,0.7835246324539185,-0.09329132735729218,0.5630244612693787,0.7487748265266418,-0.09142176806926727,0.6172441244125366,0.6704711318016052,-0.08590655028820038,0.592848539352417,0.8089898228645325,-0.10217177122831345,0.5943601727485657,0.7909215688705444,-0.08866415917873383,0.5935831069946289,0.7519482374191284,-0.08127937465906143,0.6532927751541138,0.7029350399971008,-0.0938522070646286,0.6243994235992432,0.8078653216362,-0.11049134284257889,0.6162096261978149,0.7994449734687805,-0.10497613251209259,0.6136451959609985,0.768822193145752,-0.10030220448970795
YES,0.6380782127380371,0.6555221676826477,-1.88219342889262e-10,0.5708444714546204,0.6624918580055237,-0.013223271816968918,0.527667760848999,0.712581992149353,-0.04090333357453346,0.5273056626319885,0.7855796813964844,-0.06730053573846817,0.5477755069732666,0.8278369903564453,-0.09483257681131363,0.5249689221382141,0.6333949565887451,-0.07415887713432312,0.5019193887710571,0.7674538493156433,-0.09966795146465302,0.5188134908676147,0.7868629097938538,-0.10124684870243073,0.5381646752357483,0.7660885453224182,-0.09976663440465927,0.5716256499290466,0.64313805103302,-0.08338556438684464,0.5501417517662048,0.7935619354248047,-0.10756244510412216,0.5590878129005432,0.7880005240440369,-0.10183893889188766,0.5649284720420837,0.7527776956558228,-0.09882915765047073,0.6161976456642151,0.6670011281967163,-0.09098400920629501,0.5920524597167969,0.8077435493469238,-0.11121365427970886,0.5926625728607178,0.792015552520752,-0.09892784059047699,0.593390166759491,0.7516198754310608,-0.0907866507768631,0.6538086533546448,0.6986777186393738,-0.09873048216104507,0.6237708330154419,0.8053469657897949,-0.11782528460025787,0.6165536046028137,0.7950534820556641,-0.11229914426803589,0.6161476969718933,0.7595924735069275,-0.10657563805580139
YES,0.6434656381607056,0.653607964515686,-4.255722529933337e-8,0.5756982564926147,0.6551327705383301,-0.011353517882525921,0.5306511521339417,0.7013786435127258,-0.03767101466655731,0.5261150002479553,0.774493932723999,-0.06306519359350204,0.5437443256378174,0.8226916790008545,-0.08986026793718338,0.5263755321502686,0.6344152688980103,-0.07172519713640213,0.5025593638420105,0.7685404419898987,-0.09622791409492493,0.5172033905982971,0.7896969318389893,-0.09739955514669418,0.5355368852615356,0.7711528539657593,-0.09556567668914795,0.5720743536949158,0.6443881988525391,-0.081658735871315,0.5511146783828735,0.7940708994865417,-0.10453132539987564,0.559375524520874,0.7887197732925415,-0.09806180000305176,0.5655345320701599,0.7554612755775452,-0.0946996808052063,0.6155754327774048,0.6673939824104309,-0.08996214717626572,0.591495931148529,0.8083643913269043,-0.10840285569429398,0.5924100279808044,0.7916672825813293,-0.09531096369028091,0.5935207605361938,0.7524994611740112,-0.08721131831407547,0.6529982089996338,0.6972406506538391,-0.0983164981007576,0.6229618191719055,0.8059718608856201,-0.11584027856588364,0.6167585253715515,0.7946678400039673,-0.109625443816185,0.6158852577209473,0.7601520419120789,-0.10376720875501633
YES,0.6410729885101318,0.6550763845443726,-3.379629731625755e-8,0.5728921890258789,0.6612482666969299,-0.01101675909012556,0.5297724604606628,0.7109825015068054,-0.03851064667105675,0.5284780859947205,0.784542441368103,-0.06524276733398438,0.5472145676612854,0.8299341201782227,-0.09346000850200653,0.5250760316848755,0.6356126666069031,-0.07379500567913055,0.5025086998939514,0.765752375125885,-0.09858110547065735,0.5160332322120667,0.7873423099517822,-0.09970774501562119,0.5347049832344055,0.770719051361084,-0.09786415100097656,0.5713647603988647,0.6447025537490845,-0.08444687724113464,0.5507498979568481,0.7945975661277771,-0.1076454371213913,0.5591357946395874,0.789053201675415,-0.10098802298307419,0.5653164982795715,0.7550852298736572,-0.097710520029068,0.6150503754615784,0.6673688292503357,-0.09330637007951736,0.5915200710296631,0.8093599677085876,-0.11215201765298843,0.5926654934883118,0.7918317317962646,-0.09888837486505508,0.5930740237236023,0.751365065574646,-0.09084825217723846,0.6527475118637085,0.696982204914093,-0.10216587781906128,0.6228505373001099,0.8064832091331482,-0.12024334073066711,0.6164892911911011,0.795009970664978,-0.11368833482265472,0.6153555512428284,0.7594506740570068,-0.10785029828548431
YES,0.6432933807373047,0.6596781015396118,6.604309987778834e-9,0.5774781703948975,0.6605563163757324,-0.01367202214896679,0.5293834805488586,0.714280366897583,-0.03915748372673988,0.5224459171295166,0.7932196855545044,-0.06314080208539963,0.5373548269271851,0.8378892540931702,-0.08742965012788773,0.524864137172699,0.650326132774353,-0.06884384155273438,0.5045313239097595,0.7833817601203918,-0.0952204018831253,0.5247793793678284,0.7880046963691711,-0.09858112782239914,0.5375552177429199,0.7567021250724792,-0.09893757104873657,0.5703250169754028,0.6613717079162598,-0.0776020884513855,0.5489720702171326,0.8068530559539795,-0.10392773151397705,0.5610331296920776,0.7942154407501221,-0.10010873526334763,0.5654143691062927,0.7581586837768555,-0.09837745130062103,0.6140734553337097,0.685536801815033,-0.08518917113542557,0.5872884392738342,0.8200220465660095,-0.10744120925664902,0.5918856859207153,0.7991278767585754,-0.09659525007009506,0.5932796001434326,0.75950688123703,-0.08911000937223434,0.6514105796813965,0.7162553071975708,-0.09282716363668442,0.6197375059127808,0.8182847499847412,-0.11212585121393204,0.6156938076019287,0.802905797958374,-0.10744120925664902,0.6169124841690063,0.7664263844490051,-0.10255289077758789
YES,0.6404432058334351,0.6543019413948059,3.5741682946621722e-9,0.5749999284744263,0.6591812372207642,-0.012870006263256073,0.5274357795715332,0.7174427509307861,-0.03935176506638527,0.5227481126785278,0.7979275584220886,-0.06418085098266602,0.5419003963470459,0.8453304767608643,-0.08937431871891022,0.5217176675796509,0.6505609750747681,-0.07329005748033524,0.5068812370300293,0.7907747626304626,-0.09900404512882233,0.5264714360237122,0.7927829623222351,-0.10098204016685486,0.5387667417526245,0.7609281539916992,-0.09999304264783859,0.5684712529182434,0.660735547542572,-0.0826595351099968,0.5495308041572571,0.8092330098152161,-0.10795708745718002,0.5603511333465576,0.7933781147003174,-0.10197105258703232,0.5648871064186096,0.757045567035675,-0.09900404512882233,0.6122048497200012,0.6835678815841675,-0.09041536599397659,0.5879110097885132,0.8206977248191833,-0.11118435114622116,0.592694103717804,0.7974131107330322,-0.09843146800994873,0.5951732993125916,0.7574394941329956,-0.09036331623792648,0.6496957540512085,0.713272213935852,-0.09817120432853699,0.6200800538063049,0.8157937526702881,-0.11524444818496704,0.6179065108299255,0.7981508374214172,-0.10878993570804596,0.621502161026001,0.7612148523330688,-0.10348057001829147
YES,0.6382065415382385,0.6536560654640198,4.130754405196058e-9,0.5745151042938232,0.657861053943634,-0.013535656034946442,0.5270615220069885,0.7166309356689453,-0.040503837168216705,0.5208192467689514,0.79671311378479,-0.06522896885871887,0.5380359292030334,0.8432450890541077,-0.09013457596302032,0.523555338382721,0.6526479125022888,-0.07832632958889008,0.5074587464332581,0.7909594774246216,-0.10235534608364105,0.5262250304222107,0.7913569211959839,-0.10189125686883926,0.5375452041625977,0.7595745921134949,-0.09936460107564926,0.5693889856338501,0.6625170707702637,-0.08693759143352509,0.5498300790786743,0.808912992477417,-0.11127597838640213,0.5608994960784912,0.7938554883003235,-0.10328350216150284,0.5661799907684326,0.758890688419342,-0.09900365024805069,0.6123722791671753,0.6853641867637634,-0.09333157539367676,0.5872194170951843,0.8200623989105225,-0.11302917450666428,0.5923386216163635,0.7974442839622498,-0.0985395759344101,0.5967762470245361,0.7589428424835205,-0.0895158052444458,0.6488979458808899,0.7150327563285828,-0.09967399388551712,0.6196951866149902,0.8152790069580078,-0.11653555929660797,0.618459939956665,0.798639714717865,-0.10941966623067856,0.6236745715141296,0.7639046907424927,-0.10364445298910141
YES,0.636442244052887,0.6533365249633789,1.7676449193260169e-9,0.5736828446388245,0.6580600738525391,-0.012852289713919163,0.5275790095329285,0.7174842953681946,-0.03887222334742546,0.5227183103561401,0.797641932964325,-0.06271042674779892,0.541581928730011,0.8426534533500671,-0.08660010993480682,0.5245959758758545,0.6530923843383789,-0.07671472430229187,0.508344292640686,0.7908397912979126,-0.10209750384092331,0.526925802230835,0.7871615886688232,-0.10323020815849304,0.5373035073280334,0.7540068626403809,-0.1014796793460846,0.5699045658111572,0.6635918021202087,-0.08541592210531235,0.5503969788551331,0.809660017490387,-0.1106957346200943,0.5608687400817871,0.7918859124183655,-0.10333318263292313,0.5659260153770447,0.7569990158081055,-0.09926576167345047,0.612586259841919,0.6862901449203491,-0.09200618416070938,0.5873380899429321,0.8203977346420288,-0.11254924535751343,0.5922331213951111,0.79572993516922,-0.09818454831838608,0.5962742567062378,0.7572537660598755,-0.08865956217050552,0.6492168307304382,0.7159128785133362,-0.09849345684051514,0.6199286580085754,0.8155543804168701,-0.11553546786308289,0.6188275218009949,0.7975243926048279,-0.10801845043897629,0.6242435574531555,0.7629073262214661,-0.10178859531879425
YES,0.6384608149528503,0.666591227054596,7.854994876765886e-9,0.5795331597328186,0.6698214411735535,-0.011769270524382591,0.5353071689605713,0.7295390963554382,-0.03711599484086037,0.5323082804679871,0.8125135898590088,-0.06100201979279518,0.549192488193512,0.8601864576339722,-0.0848880335688591,0.5226189494132996,0.664215087890625,-0.06805457174777985,0.5042215585708618,0.7950928211212158,-0.09369086474180222,0.5228850841522217,0.7929515838623047,-0.09713992476463318,0.5336347818374634,0.7616235017776489,-0.09688253700733185,0.5679261684417725,0.6770048141479492,-0.07680591195821762,0.54530268907547,0.8140485286712646,-0.1022362932562828,0.5587529540061951,0.7935101985931396,-0.09713992476463318,0.5641270875930786,0.7580282688140869,-0.09430860728025436,0.6099413633346558,0.7021040916442871,-0.08396142721176147,0.5793062448501587,0.8285213708877563,-0.10542796552181244,0.5878028869628906,0.8016362190246582,-0.09230094403028488,0.5934634208679199,0.7649873495101929,-0.08313777297735214,0.6457992792129517,0.7339737415313721,-0.0908595398068428,0.6126230955123901,0.824866533279419,-0.10789892822504044,0.616202712059021,0.8046728372573853,-0.0999712347984314,0.6257843971252441,0.7725767493247986,-0.09307311475276947
YES,0.6368441581726074,0.6646862030029297,2.5357826949345963e-9,0.57612144947052,0.6671320199966431,-0.011562645435333252,0.5325360894203186,0.7266045212745667,-0.0362539105117321,0.5336741209030151,0.8103440999984741,-0.05921301990747452,0.556367814540863,0.8566797971725464,-0.08247892558574677,0.524025022983551,0.661336362361908,-0.06918412446975708,0.5047858357429504,0.792007565498352,-0.09357497096061707,0.5212979912757874,0.7903180718421936,-0.09618280082941055,0.5321390628814697,0.7609446048736572,-0.09546692669391632,0.5677732229232788,0.6748802661895752,-0.07731440663337708,0.5451362133026123,0.815558910369873,-0.10088711977005005,0.5556448698043823,0.7970455884933472,-0.09567145258188248,0.5615604519844055,0.7633148431777954,-0.09311476349830627,0.6087468266487122,0.700407087802887,-0.08355273306369781,0.5809007287025452,0.8294002413749695,-0.10272793471813202,0.587608814239502,0.8031219244003296,-0.09066034853458405,0.5928564071655273,0.7654408812522888,-0.0827345922589302,0.6438839435577393,0.7324360609054565,-0.08953539282083511,0.6134911775588989,0.8258277773857117,-0.10482443124055862,0.6158840656280518,0.8063699007034302,-0.09751228243112564,0.6240900754928589,0.7731977105140686,-0.09152961522340775
YES,0.6349902153015137,0.664977490901947,8.055377698212851e-9,0.5741451978683472,0.6688976883888245,-0.012230083346366882,0.5301405787467957,0.727266788482666,-0.03718045726418495,0.5309296250343323,0.8095585107803345,-0.06023284047842026,0.5541403293609619,0.8574405908584595,-0.08371260017156601,0.5235022306442261,0.6617891788482666,-0.07064035534858704,0.5041518211364746,0.7915463447570801,-0.09386871755123138,0.5213195085525513,0.7910089492797852,-0.09507537633180618,0.5324802398681641,0.7614908218383789,-0.09356705099344254,0.5676330924034119,0.6748954653739929,-0.07833285629749298,0.5450891256332397,0.8151147365570068,-0.10110871493816376,0.5564561486244202,0.7982324957847595,-0.09487427771091461,0.5626257658004761,0.7645663619041443,-0.09160620719194412,0.6086827516555786,0.7002842426300049,-0.08396397531032562,0.580947995185852,0.8298933506011963,-0.10236567258834839,0.5884419083595276,0.8048600554466248,-0.0896453782916069,0.5945348143577576,0.7674168348312378,-0.0813998132944107,0.6439704895019531,0.7326123118400574,-0.08944426476955414,0.6141361594200134,0.8264353275299072,-0.10457789152860641,0.6162099242210388,0.8077351450920105,-0.09713677316904068,0.6246887445449829,0.7743907570838928,-0.09105315804481506
YES,0.635967493057251,0.6649824380874634,2.8871147694786714e-9,0.5757322311401367,0.6675501465797424,-0.011964377015829086,0.5321824550628662,0.7260882258415222,-0.036984238773584366,0.5328183770179749,0.808822512626648,-0.06014354154467583,0.5547035336494446,0.8570055961608887,-0.08365603536367416,0.5240930318832397,0.6613025665283203,-0.0711934044957161,0.5047653913497925,0.7913366556167603,-0.09470589458942413,0.5214568972587585,0.791090190410614,-0.09606820344924927,0.5325399041175842,0.7621198296546936,-0.09455452859401703,0.5680950284004211,0.6746603846549988,-0.07906454056501389,0.5453775525093079,0.8149093389511108,-0.10192110389471054,0.5562904477119446,0.7980409264564514,-0.09571501612663269,0.5623382329940796,0.764702558517456,-0.09258674085140228,0.6089357137680054,0.7003642320632935,-0.08476606756448746,0.581068217754364,0.8298516869544983,-0.10323294997215271,0.5885096192359924,0.8049464225769043,-0.09046758711338043,0.5944541692733765,0.7676045298576355,-0.08229371905326843,0.6438745260238647,0.7326298952102661,-0.09031622111797333,0.613800048828125,0.8263297080993652,-0.1054530218243599,0.6160588264465332,0.8078491687774658,-0.09793507307767868,0.6245840787887573,0.7747995853424072,-0.09182990342378616
YES,0.6328970193862915,0.6657879948616028,-9.761168762167927e-9,0.572886049747467,0.6654884815216064,-0.008316203951835632,0.5261576175689697,0.7193492650985718,-0.028899747878313065,0.5171228647232056,0.7949497103691101,-0.04891884699463844,0.5300451517105103,0.8456645607948303,-0.06943967193365097,0.5162006616592407,0.6745133996009827,-0.05774932727217674,0.4998757839202881,0.8024787902832031,-0.08032725006341934,0.515903890132904,0.8011202216148376,-0.0827355608344078,0.5282168984413147,0.7715972065925598,-0.08138088881969452,0.5610523819923401,0.6895188093185425,-0.06698118895292282,0.5406049489974976,0.8203040361404419,-0.08845531195402145,0.5523182153701782,0.7989978790283203,-0.08323729783296585,0.5592972636222839,0.7641983032226562,-0.08032725006341934,0.6031798124313354,0.7133522629737854,-0.07465767860412598,0.5746013522148132,0.8338151574134827,-0.09337227791547775,0.5820217132568359,0.8063364624977112,-0.08123037219047546,0.5890378355979919,0.7703412175178528,-0.07290161401033401,0.6401389241218567,0.7427935004234314,-0.08193279802799225,0.608075737953186,0.8314828276634216,-0.09723561257123947,0.6116220355033875,0.8095874786376953,-0.08935841917991638,0.6214354634284973,0.776314377784729,-0.08263521641492844
YES,0.6368474364280701,0.6636959314346313,-7.384586808711902e-8,0.5765198469161987,0.6594735383987427,-0.008117757737636566,0.5260578989982605,0.7176504135131836,-0.02798294648528099,0.5146428346633911,0.7980512380599976,-0.04709786921739578,0.5354129076004028,0.8483097553253174,-0.06694278120994568,0.5217126607894897,0.6733417510986328,-0.05553330481052399,0.5005002021789551,0.8047811985015869,-0.0829484760761261,0.5164057612419128,0.7996900081634521,-0.09224909543991089,0.5283340215682983,0.7708206176757812,-0.09495276212692261,0.5637332797050476,0.6934272646903992,-0.06456355005502701,0.5407416224479675,0.8235921263694763,-0.08857210725545883,0.5517565608024597,0.8004238605499268,-0.08581437170505524,0.56008380651474,0.7656763195991516,-0.08386772125959396,0.6037155389785767,0.7198551893234253,-0.07262047380208969,0.5739539861679077,0.835959255695343,-0.09268168359994888,0.5826661586761475,0.8066874146461487,-0.08121813088655472,0.5911421775817871,0.7704533934593201,-0.07240418344736099,0.6387368440628052,0.7505654096603394,-0.0804070308804512,0.6080657243728638,0.8349864482879639,-0.09495276212692261,0.6131559014320374,0.8113096356391907,-0.08689583092927933,0.622840404510498,0.7793013453483582,-0.0799744501709938
YES,0.6365979313850403,0.6639226078987122,-1.6300191418849863e-7,0.5781028270721436,0.6558972597122192,-0.008379258215427399,0.523340106010437,0.7083015441894531,-0.026918187737464905,0.49630752205848694,0.782576858997345,-0.043493010103702545,0.49711984395980835,0.832984209060669,-0.06008196249604225,0.5214075446128845,0.6716601252555847,-0.06143847107887268,0.5005947947502136,0.8064460754394531,-0.08613820374011993,0.5166726112365723,0.803024411201477,-0.09026423841714859,0.5295282602310181,0.775027334690094,-0.08941642940044403,0.5633565783500671,0.6930518746376038,-0.06912533938884735,0.539999783039093,0.8247432708740234,-0.09201639145612717,0.5496232509613037,0.8026774525642395,-0.08647732436656952,0.5577392578125,0.7679634690284729,-0.0829164907336235,0.6025004982948303,0.7205728888511658,-0.07522962242364883,0.5736936330795288,0.8362305164337158,-0.09439028054475784,0.5813783407211304,0.8076485991477966,-0.08082521706819534,0.5889134407043457,0.770903468132019,-0.07116010040044785,0.636526346206665,0.7509037256240845,-0.08093825727701187,0.6065581440925598,0.8359202146530151,-0.09591635316610336,0.611320436000824,0.8137705326080322,-0.08834252506494522,0.6200849413871765,0.7829573750495911,-0.08189912140369415
YES,0.6375306248664856,0.6643580794334412,-1.283656274608802e-7,0.578862726688385,0.6582112908363342,-0.007672770880162716,0.5285471081733704,0.7125723361968994,-0.027492335066199303,0.5120187401771545,0.7923382520675659,-0.045825254172086716,0.5245202779769897,0.8463402390480042,-0.06487683951854706,0.5208631157875061,0.6719357967376709,-0.06160762533545494,0.5005454421043396,0.8059107661247253,-0.08640850335359573,0.5163158774375916,0.8042824864387512,-0.09193234145641327,0.5292235016822815,0.777018666267395,-0.09232689440250397,0.5630209445953369,0.6927363276481628,-0.07006247341632843,0.5408548712730408,0.8244554996490479,-0.09249599277973175,0.5506561398506165,0.8045243620872498,-0.08804310858249664,0.5590844750404358,0.7697992920875549,-0.0857321172952652,0.6025144457817078,0.7199305891990662,-0.0766572579741478,0.5746718049049377,0.8366256952285767,-0.09520154446363449,0.5823073387145996,0.8090294599533081,-0.08297020196914673,0.5902326107025146,0.7717426419258118,-0.074628084897995,0.6371949911117554,0.7503799796104431,-0.08280111104249954,0.6074849963188171,0.8359896540641785,-0.09745617210865021,0.6121291518211365,0.8137894868850708,-0.08979044109582901,0.6212061047554016,0.781440019607544,-0.0835338607430458
YES,0.6388607621192932,0.6674337387084961,-2.0927593880060158e-7,0.5825099945068359,0.6605258584022522,-0.006582688540220261,0.5269895792007446,0.7060166001319885,-0.022708158940076828,0.49450239539146423,0.769817590713501,-0.03678975626826286,0.4804389476776123,0.8177348375320435,-0.05147746950387955,0.5204766392707825,0.6757203340530396,-0.0624157190322876,0.5004240870475769,0.8058737516403198,-0.08367202430963516,0.5153611302375793,0.8103379607200623,-0.08474329859018326,0.5291931629180908,0.7863669395446777,-0.08226245641708374,0.5607118606567383,0.6968383193016052,-0.06985824555158615,0.5393111109733582,0.827278196811676,-0.08987413346767426,0.5494298934936523,0.813199520111084,-0.08361564576625824,0.5584986209869385,0.7793264985084534,-0.08034544438123703,0.5991982221603394,0.7231733798980713,-0.07504545897245407,0.5729776620864868,0.8375819325447083,-0.09342624247074127,0.5811659097671509,0.8157358765602112,-0.0810784175992012,0.5898120999336243,0.7803992033004761,-0.072677381336689,0.6336991786956787,0.7527297139167786,-0.07938693463802338,0.6048283576965332,0.8364317417144775,-0.09630176424980164,0.6101886034011841,0.8183497786521912,-0.0902688130736351,0.6190916895866394,0.7866770625114441,-0.08451776206493378
YES,0.6400556564331055,0.6665251851081848,-2.05684159482189e-7,0.5834459066390991,0.6584916114807129,-0.006330097559839487,0.528588593006134,0.7043030858039856,-0.022621620446443558,0.4974425733089447,0.7692447304725647,-0.03707628697156906,0.48697569966316223,0.8189439177513123,-0.052279818803071976,0.5205665826797485,0.6755240559577942,-0.0621705986559391,0.500473141670227,0.8057539463043213,-0.08291296660900116,0.5153391361236572,0.812509298324585,-0.08370423316955566,0.5297419428825378,0.7892909049987793,-0.08110437542200089,0.560882568359375,0.6964582204818726,-0.06980063021183014,0.5394514799118042,0.8274620771408081,-0.08946914225816727,0.5492129325866699,0.8148525357246399,-0.08325208723545074,0.5582445859909058,0.780917227268219,-0.08008704334497452,0.5996738076210022,0.7228882908821106,-0.07516991347074509,0.5729420781135559,0.8374937176704407,-0.0932558998465538,0.5807706117630005,0.81609046459198,-0.08127392828464508,0.5896556973457336,0.7802020907402039,-0.07330479472875595,0.6341814398765564,0.7521231174468994,-0.07957836985588074,0.6046748161315918,0.8365272879600525,-0.0963079109787941,0.609602153301239,0.8186450004577637,-0.09042996168136597,0.6185305714607239,0.7863833904266357,-0.08483461290597916
YES,0.6401775479316711,0.6684503555297852,-2.1983233011724224e-7,0.5837733149528503,0.6602181196212769,-0.005614570342004299,0.528053879737854,0.7031921148300171,-0.020677009597420692,0.4937932789325714,0.7632057666778564,-0.03391542658209801,0.47721508145332336,0.8096677660942078,-0.04796610027551651,0.5214521288871765,0.6763754487037659,-0.061446771025657654,0.5003341436386108,0.805641233921051,-0.08162502199411392,0.5145293474197388,0.8134944438934326,-0.08208102732896805,0.5291922092437744,0.7912418246269226,-0.07923099398612976,0.5612515807151794,0.697227954864502,-0.06914186477661133,0.5390280485153198,0.8279430866241455,-0.08818010240793228,0.5483096241950989,0.8161761164665222,-0.08179602771997452,0.5575600862503052,0.7823603749275208,-0.07860398292541504,0.599845290184021,0.7233728766441345,-0.07444293051958084,0.5727354288101196,0.8367392420768738,-0.09222715348005295,0.5800965428352356,0.8167260885238647,-0.08037100732326508,0.5889497399330139,0.7815452814102173,-0.0725049078464508,0.634261965751648,0.7525562047958374,-0.07877498865127563,0.6044648885726929,0.8361707329750061,-0.09564720094203949,0.6090901494026184,0.8192628622055054,-0.09000412374734879,0.6180539131164551,0.7875885367393494,-0.08447505533695221
YES,0.6407634019851685,0.6673045754432678,-1.9848305043979053e-7,0.5836544632911682,0.6580390930175781,-0.006404596380889416,0.5290352702140808,0.703711748123169,-0.02288064919412136,0.4988970160484314,0.7694098949432373,-0.03761902451515198,0.4911574423313141,0.8195497393608093,-0.053137581795454025,0.5206328630447388,0.6754378080368042,-0.06145007908344269,0.5003864169120789,0.8059741854667664,-0.082727812230587,0.5150234699249268,0.8117409944534302,-0.08420306444168091,0.5290277600288391,0.7880440950393677,-0.08199017494916916,0.5611624121665955,0.6967920660972595,-0.0692235454916954,0.539718508720398,0.8279092311859131,-0.08925297856330872,0.549028217792511,0.8149323463439941,-0.08340869843959808,0.5578877925872803,0.7808552980422974,-0.08040144294500351,0.6000804305076599,0.7234155535697937,-0.07484086602926254,0.5730712413787842,0.8377673625946045,-0.09322482347488403,0.580390214920044,0.8163586854934692,-0.08170647919178009,0.5890512466430664,0.7804691195487976,-0.07381953299045563,0.6346076130867004,0.7524624466896057,-0.07955033332109451,0.6046838760375977,0.8368329405784607,-0.09628881514072418,0.6091826558113098,0.8190129995346069,-0.0905580148100853,0.6181286573410034,0.7866653203964233,-0.08494069427251816
YES,0.6413996815681458,0.6690130829811096,-2.265371534804217e-7,0.5848045349121094,0.6588525772094727,-0.00447888346388936,0.5281468629837036,0.701969563961029,-0.018743501976132393,0.49287328124046326,0.7625918388366699,-0.031377166509628296,0.4737958312034607,0.8088632225990295,-0.04502438008785248,0.5226308703422546,0.675184428691864,-0.06081288680434227,0.5005415678024292,0.8041439056396484,-0.080227330327034,0.5135389566421509,0.814100980758667,-0.08034153282642365,0.5284794569015503,0.7935134172439575,-0.07725806534290314,0.5624722242355347,0.6971212029457092,-0.06869287043809891,0.5388808846473694,0.8279269337654114,-0.0868510827422142,0.5470523834228516,0.8169193267822266,-0.08028443157672882,0.5568191409111023,0.782981812953949,-0.07702966034412384,0.6006046533584595,0.7239001989364624,-0.07406039535999298,0.5722690224647522,0.8367528319358826,-0.09079106897115707,0.5786896347999573,0.81678307056427,-0.07902820408344269,0.5878264904022217,0.7816933393478394,-0.07131953537464142,0.6348514556884766,0.752936065196991,-0.07822878658771515,0.6039316654205322,0.8367336392402649,-0.0946168601512909,0.607736349105835,0.8200533986091614,-0.08902093023061752,0.6166545152664185,0.7883445024490356,-0.0835392102599144
YES,0.6411511301994324,0.6683611869812012,-2.272216192977794e-7,0.5843053460121155,0.6579384803771973,-0.004620671737939119,0.5267439484596252,0.7003229856491089,-0.017858078703284264,0.48943030834198,0.7584812641143799,-0.02949848212301731,0.46601760387420654,0.802327573299408,-0.04190544784069061,0.5229329466819763,0.6760880947113037,-0.057350270450115204,0.5007885694503784,0.8040621876716614,-0.07796229422092438,0.5134446620941162,0.810070812702179,-0.07949542254209518,0.5278698801994324,0.7873945236206055,-0.07705377787351608,0.5620614290237427,0.698336124420166,-0.06495912373065948,0.5382091999053955,0.8280724883079529,-0.0839812383055687,0.5465753078460693,0.8147997856140137,-0.07824621349573135,0.5565122365951538,0.7809603214263916,-0.07506639510393143,0.6000790596008301,0.7247655391693115,-0.07041022926568985,0.5718926191329956,0.8363682627677917,-0.08818314224481583,0.5786089897155762,0.8151574730873108,-0.07659951597452164,0.5873645544052124,0.780623197555542,-0.0684228464961052,0.6343508958816528,0.7535845041275024,-0.0748392641544342,0.6038777828216553,0.8364924788475037,-0.09170364588499069,0.6081995964050293,0.8191831707954407,-0.08613897114992142,0.6171724200248718,0.7879625558853149,-0.08029037714004517
YES,0.6414717435836792,0.6686004996299744,-2.2907778429726022e-7,0.5843847990036011,0.6579842567443848,-0.004356020595878363,0.527095377445221,0.7013067603111267,-0.018400058150291443,0.49125516414642334,0.7616441249847412,-0.030829429626464844,0.4719090759754181,0.8077494502067566,-0.04423477500677109,0.5220794677734375,0.6754440069198608,-0.060223594307899475,0.5005724430084229,0.8044595718383789,-0.0798579752445221,0.5137234330177307,0.8124653697013855,-0.08014503121376038,0.5284498333930969,0.7906283736228943,-0.07704486697912216,0.5621144771575928,0.697319507598877,-0.0680888295173645,0.5389995574951172,0.827729344367981,-0.08657500147819519,0.5472137928009033,0.8154571652412415,-0.08008762449026108,0.556930661201477,0.7812836170196533,-0.07681521773338318,0.6006222367286682,0.724003791809082,-0.07342800498008728,0.5722575187683105,0.8370657563209534,-0.09030668437480927,0.5789639353752136,0.8161935806274414,-0.07848013192415237,0.5880181789398193,0.7807474732398987,-0.07061488926410675,0.6349399089813232,0.7529638409614563,-0.07773379236459732,0.6039255857467651,0.8365579843521118,-0.09392354637384415,0.6076487302780151,0.819532036781311,-0.08835473656654358,0.6165449619293213,0.7877212762832642,-0.08284331858158112
YES,0.6411777138710022,0.6695425510406494,-2.2058102899791265e-7,0.5842330455780029,0.659315288066864,-0.004718870855867863,0.52720707654953,0.7016928195953369,-0.01883271522819996,0.49118638038635254,0.7609589695930481,-0.03127856180071831,0.4718577265739441,0.8061259984970093,-0.04465107247233391,0.5227463841438293,0.6760684847831726,-0.0597628653049469,0.5008068084716797,0.8047416806221008,-0.07994993776082993,0.5135325193405151,0.8115935325622559,-0.08080532401800156,0.5279618501663208,0.7892441153526306,-0.07801107317209244,0.562460720539093,0.6980692148208618,-0.0675753802061081,0.5387866497039795,0.8284043669700623,-0.08627977967262268,0.5469069480895996,0.8161315321922302,-0.08006399124860764,0.5566961169242859,0.7821269035339355,-0.07681353390216827,0.6006577610969543,0.724557101726532,-0.07304983586072922,0.5722494721412659,0.8369534015655518,-0.09044265002012253,0.5787026286125183,0.8163331151008606,-0.07875240594148636,0.5878055095672607,0.781322181224823,-0.0707688108086586,0.6346363425254822,0.7535126209259033,-0.07738378643989563,0.6038831472396851,0.836836576461792,-0.09403526782989502,0.6078692078590393,0.8197960257530212,-0.08838973194360733,0.6167610883712769,0.7882765531539917,-0.08268716931343079
YES,0.6422411203384399,0.6661638021469116,-1.7018626863318786e-7,0.5831995010375977,0.6540386080741882,-0.005669015925377607,0.5281465649604797,0.7033894062042236,-0.02260502427816391,0.5013984441757202,0.7758829593658447,-0.03807760030031204,0.5029862523078918,0.8264203071594238,-0.054360032081604004,0.52096027135849,0.6733381748199463,-0.059162359684705734,0.5015162825584412,0.8055611252784729,-0.08098594099283218,0.5158665776252747,0.8059753775596619,-0.0834297239780426,0.5286024212837219,0.779917299747467,-0.08172475546598434,0.5621437430381775,0.6961873769760132,-0.06734620779752731,0.5399343967437744,0.8260464668273926,-0.08757847547531128,0.5480054616928101,0.8096712827682495,-0.08195208758115768,0.5570818781852722,0.7756651043891907,-0.07871264964342117,0.6011630296707153,0.7240039110183716,-0.07337042689323425,0.5723953247070312,0.838437557220459,-0.09076108038425446,0.5789816975593567,0.8136769533157349,-0.07876948267221451,0.5877547264099121,0.7768878936767578,-0.07035831362009048,0.635591983795166,0.7537930011749268,-0.07865581661462784,0.6039983630180359,0.8378003835678101,-0.09337536990642548,0.6077831983566284,0.8181200623512268,-0.08666916936635971,0.6170536875724792,0.785930335521698,-0.0805312842130661
YES,0.6429017186164856,0.667090892791748,-1.8495370568416547e-7,0.58481764793396,0.6547240018844604,-0.00528687471523881,0.5291825532913208,0.7048160433769226,-0.02176358364522457,0.5015268325805664,0.7776739597320557,-0.036907825618982315,0.5013602375984192,0.8287964463233948,-0.05269681289792061,0.521315336227417,0.6739975214004517,-0.05779742822051048,0.5009962916374207,0.8058914542198181,-0.08017709851264954,0.5161707997322083,0.8049737215042114,-0.08338648080825806,0.5294647812843323,0.7779192328453064,-0.08206833153963089,0.562682569026947,0.6964110732078552,-0.06613607704639435,0.5399255752563477,0.8263217806816101,-0.08682508766651154,0.5488165616989136,0.8079773783683777,-0.08149523288011551,0.5580546259880066,0.7737098932266235,-0.07840047776699066,0.6016368865966797,0.7239618897438049,-0.07244020700454712,0.5724266171455383,0.8382943868637085,-0.09043563902378082,0.5796420574188232,0.8127053380012512,-0.07817123830318451,0.5886465907096863,0.7764912843704224,-0.06940276175737381,0.635799765586853,0.7536251544952393,-0.07794199883937836,0.6036735773086548,0.8375112414360046,-0.0931292176246643,0.6078598499298096,0.8172985315322876,-0.08619467914104462,0.6173970103263855,0.7857162952423096,-0.07971861213445663
YES,0.6431573033332825,0.6670330762863159,-1.5032686917493265e-7,0.5845811367034912,0.6552770137786865,-0.005184791050851345,0.532124400138855,0.7072910666465759,-0.02291087806224823,0.5118904113769531,0.7852504253387451,-0.039551109075546265,0.5228259563446045,0.839286744594574,-0.057212475687265396,0.5209621787071228,0.6737536191940308,-0.05827676132321358,0.501119077205658,0.8056595921516418,-0.08065550029277802,0.5161029696464539,0.8045786619186401,-0.08456746488809586,0.528639554977417,0.7776322960853577,-0.08404970169067383,0.5626723170280457,0.6957236528396606,-0.06713621318340302,0.5404034852981567,0.8261241316795349,-0.08738637715578079,0.5488694310188293,0.8092671036720276,-0.08249642699956894,0.5577983260154724,0.7752664685249329,-0.08002267777919769,0.602100133895874,0.723150908946991,-0.07386709004640579,0.5731986165046692,0.8385841846466064,-0.09095317125320435,0.579663872718811,0.8136816620826721,-0.07938986271619797,0.588507354259491,0.7770341634750366,-0.07139334827661514,0.6364295482635498,0.7531465888023376,-0.0797925591468811,0.6043153405189514,0.8377734422683716,-0.09394467622041702,0.6080816984176636,0.817720353603363,-0.08675356209278107,0.6176785826683044,0.7855080962181091,-0.08042538166046143
YES,0.6424132585525513,0.6676734089851379,-1.7442667399336642e-7,0.5837175250053406,0.656112015247345,-0.005600727163255215,0.5276128053665161,0.7036264538764954,-0.022158771753311157,0.4989999830722809,0.773636519908905,-0.03742434084415436,0.49945884943008423,0.8240904808044434,-0.05347976088523865,0.5215157866477966,0.6748512983322144,-0.05804650858044624,0.5008864998817444,0.8060080409049988,-0.08093768358230591,0.5157490968704224,0.8054577708244324,-0.08455661684274673,0.5286182165145874,0.7784266471862793,-0.08346518129110336,0.5627583861351013,0.6969545483589172,-0.0664619579911232,0.5398902297019958,0.8265246748924255,-0.0873713418841362,0.5485257506370544,0.8098399043083191,-0.08220143616199493,0.5574673414230347,0.775870144367218,-0.07915694266557693,0.6017390489578247,0.7242211103439331,-0.07295306026935577,0.5725898146629333,0.8383128046989441,-0.0914498120546341,0.5796000361442566,0.8138357400894165,-0.07967392355203629,0.5883541107177734,0.7771371603012085,-0.07094254344701767,0.6358987092971802,0.7535297274589539,-0.07863994687795639,0.6038402318954468,0.8376642465591431,-0.09409221261739731,0.6079586744308472,0.8180752992630005,-0.08731389045715332,0.6172696948051453,0.785876452922821,-0.08088023960590363
YES,0.6427345275878906,0.6697067022323608,-1.3927180475548084e-7,0.5823526978492737,0.6598575115203857,-0.007713730912655592,0.528321385383606,0.7094886302947998,-0.027712028473615646,0.5046843886375427,0.7837086319923401,-0.04589490219950676,0.5128005743026733,0.835383415222168,-0.06480969488620758,0.5230449438095093,0.6715062260627747,-0.06555594503879547,0.503285825252533,0.8070403337478638,-0.08960843831300735,0.5173527002334595,0.8053730726242065,-0.09316752105951309,0.5293359756469727,0.7774981260299683,-0.09184721112251282,0.565689206123352,0.6921908855438232,-0.07364998757839203,0.5427759289741516,0.8263797760009766,-0.09563591331243515,0.5494612455368042,0.8094395399093628,-0.08989545702934265,0.5584034323692322,0.774954080581665,-0.08650859445333481,0.6050412654876709,0.7202439308166504,-0.07944784313440323,0.5742669105529785,0.8387056589126587,-0.09787467867136002,0.5793871283531189,0.8135735392570496,-0.08530310541391373,0.5886697173118591,0.7757741808891296,-0.07629059255123138,0.6385774612426758,0.7510228157043457,-0.08467165380716324,0.6048231720924377,0.8368679285049438,-0.09971162676811218,0.6075467467308044,0.8174891471862793,-0.0923638567328453,0.618015706539154,0.7852239012718201,-0.08576233685016632
YES,0.643179178237915,0.6666269302368164,-1.0065276256909783e-7,0.5833882689476013,0.6577986478805542,-0.008248945698142052,0.5309629440307617,0.7116639614105225,-0.02828805334866047,0.5121299624443054,0.788384199142456,-0.0472717359662056,0.5213146209716797,0.8406507968902588,-0.06682479381561279,0.5219115018844604,0.6726225018501282,-0.05965904891490936,0.5026064515113831,0.8053563237190247,-0.08593346923589706,0.5177390575408936,0.8016026020050049,-0.09254373610019684,0.5290168523788452,0.7722762823104858,-0.09326586872339249,0.5643654465675354,0.6934393644332886,-0.06815796345472336,0.5432540774345398,0.8257637619972229,-0.09248819202184677,0.5515028238296509,0.805173397064209,-0.0887664407491684,0.559640109539032,0.7694036960601807,-0.0862112045288086,0.6045963168144226,0.7203060388565063,-0.07526816427707672,0.5743551850318909,0.83807772397995,-0.09698760509490967,0.5803029537200928,0.8111467957496643,-0.08560017496347427,0.5891082882881165,0.7734644412994385,-0.0764346793293953,0.6387535333633423,0.7505307197570801,-0.08182287961244583,0.6053393483161926,0.8357009291648865,-0.09920954704284668,0.6091100573539734,0.8145620822906494,-0.09232153743505478,0.6196065545082092,0.7818284630775452,-0.08532243221998215
YES,0.6414032578468323,0.6705149412155151,-1.6948723668974708e-7,0.5826219320297241,0.6614172458648682,-0.0076390765607357025,0.5240647792816162,0.7058736681938171,-0.024711741134524345,0.4896298348903656,0.7686640024185181,-0.039918962866067886,0.47913727164268494,0.8140126466751099,-0.055409904569387436,0.5237622857093811,0.6744025945663452,-0.062133997678756714,0.503701388835907,0.8076273202896118,-0.08642015606164932,0.5171384215354919,0.8043357729911804,-0.08959778398275375,0.5288798213005066,0.7762106657028198,-0.08778200298547745,0.5651997327804565,0.6949530839920044,-0.06962411850690842,0.5427164435386658,0.826410710811615,-0.09249170124530792,0.5496677756309509,0.8062607049942017,-0.08681735396385193,0.5580651164054871,0.7713090181350708,-0.08312904834747314,0.6037407517433167,0.7216750979423523,-0.07535520195960999,0.5741640329360962,0.8369924426078796,-0.0957828089594841,0.5798069834709167,0.8107931017875671,-0.0832425206899643,0.5883376598358154,0.7741646766662598,-0.07353940606117249,0.6375174522399902,0.7513505220413208,-0.08040536195039749,0.6051998734474182,0.8356910347938538,-0.09748511761426926,0.6085664629936218,0.81594318151474,-0.09107311815023422,0.6179953217506409,0.7842573523521423,-0.08454763144254684
YES,0.6431233882904053,0.6701586246490479,-2.0726639604617958e-7,0.5840709209442139,0.6596705913543701,-0.006348768249154091,0.5261205434799194,0.7000375986099243,-0.02189478650689125,0.489652156829834,0.7573682069778442,-0.03583830967545509,0.4701026678085327,0.802137553691864,-0.05004110932350159,0.5240014791488647,0.673364520072937,-0.06061398983001709,0.5007180571556091,0.8046045303344727,-0.08585061877965927,0.5143672823905945,0.7993607521057129,-0.0901719480752945,0.5272246599197388,0.7709263563156128,-0.08884674310684204,0.5648350119590759,0.695077657699585,-0.06850763410329819,0.5400300621986389,0.8258171677589417,-0.09184286743402481,0.5487443208694458,0.804107666015625,-0.08659964054822922,0.5577162504196167,0.7682363390922546,-0.08302734047174454,0.6034665107727051,0.7217189073562622,-0.07473036646842957,0.5722276568412781,0.8356113433837891,-0.09639468044042587,0.5798373818397522,0.8100904822349548,-0.08360351622104645,0.5892561674118042,0.7740682363510132,-0.07346276938915253,0.6374092698097229,0.7512117028236389,-0.08014644682407379,0.603753387928009,0.835361659526825,-0.09858416020870209,0.6087154150009155,0.8154266476631165,-0.09172762930393219,0.6197534203529358,0.7834222912788391,-0.08435254544019699
YES,0.6452137231826782,0.670802652835846,-1.4902639122738037e-7,0.5852970480918884,0.6593555808067322,-0.006621175911277533,0.5309046506881714,0.704930305480957,-0.02517770230770111,0.5050728917121887,0.7741212844848633,-0.04268575832247734,0.5057415962219238,0.8259338140487671,-0.06084013357758522,0.5246453881263733,0.6729063987731934,-0.05992092564702034,0.5010578632354736,0.8023543357849121,-0.08583112061023712,0.5152862668037415,0.7968769669532776,-0.09197833389043808,0.5283089280128479,0.767676830291748,-0.09232302755117416,0.5668073892593384,0.6942843198776245,-0.06871085613965988,0.5419036149978638,0.8248003125190735,-0.09226558357477188,0.5503264665603638,0.8039459586143494,-0.08830148726701736,0.5592750310897827,0.7681404948234558,-0.08583112061023712,0.6061331629753113,0.7212759256362915,-0.07577727735042572,0.5740641355514526,0.8362345695495605,-0.096804179251194,0.5810197591781616,0.8105624318122864,-0.08479701727628708,0.5903925895690918,0.7739847898483276,-0.07549002021551132,0.6395928859710693,0.7513500452041626,-0.08221174031496048,0.605833888053894,0.8354213237762451,-0.09915964305400848,0.6095969676971436,0.8149759769439697,-0.09186343103647232,0.6198356747627258,0.7825314998626709,-0.08468210697174072
YES,0.6455489993095398,0.6691063046455383,-1.604390433840308e-7,0.5872467160224915,0.6585429906845093,-0.007150593213737011,0.5305315852165222,0.7055333256721497,-0.02530592307448387,0.5004749298095703,0.7732893228530884,-0.042029716074466705,0.4943832457065582,0.8222954869270325,-0.05905189737677574,0.525253176689148,0.6730595231056213,-0.06183682754635811,0.5026905536651611,0.8032383322715759,-0.08633284270763397,0.5163106918334961,0.7999508380889893,-0.08962929248809814,0.5285244584083557,0.771816611289978,-0.08798106759786606,0.5668562650680542,0.6948551535606384,-0.07019161432981491,0.5425652265548706,0.8258267641067505,-0.09332358092069626,0.5507155060768127,0.8048257827758789,-0.08752638846635818,0.5589895844459534,0.7692103385925293,-0.08377525210380554,0.6058735847473145,0.7215750813484192,-0.07684134691953659,0.573749840259552,0.8373205065727234,-0.09781358391046524,0.5804553627967834,0.8107942938804626,-0.08468462526798248,0.5894424319267273,0.7744563221931458,-0.07479527592658997,0.6393049955368042,0.7510486841201782,-0.08275222033262253,0.6049129962921143,0.8354912996292114,-0.10054167360067368,0.6088616251945496,0.8155627846717834,-0.09355092793703079,0.6192100048065186,0.7842779755592346,-0.08656018227338791
YES,0.6440085768699646,0.6695088744163513,-1.8162015180678281e-7,0.5852742195129395,0.6593899130821228,-0.007225596811622381,0.5268294215202332,0.7058458924293518,-0.02434634603559971,0.4928068220615387,0.7713304758071899,-0.039409756660461426,0.48153480887413025,0.8208032846450806,-0.05478639900684357,0.5266217589378357,0.6723136901855469,-0.06458188593387604,0.5042367577552795,0.8035541772842407,-0.08764684945344925,0.5169979929924011,0.7999668717384338,-0.08924145996570587,0.528458297252655,0.7723721861839294,-0.08656477928161621,0.568246603012085,0.6937677264213562,-0.07221324741840363,0.5430136919021606,0.825851321220398,-0.09391139447689056,0.5501049757003784,0.8063876628875732,-0.08719123899936676,0.5589762330055237,0.7716488838195801,-0.08309079706668854,0.6065980792045593,0.7207233905792236,-0.07768050581216812,0.5742131471633911,0.8365569114685059,-0.0971006229519844,0.5800244212150574,0.8113847374916077,-0.08371725678443909,0.5894443988800049,0.7755816578865051,-0.0739787146449089,0.6394355893135071,0.7508079409599304,-0.08246435225009918,0.6052383184432983,0.8355356454849243,-0.09943559765815735,0.6084203720092773,0.8167744874954224,-0.0928862914443016,0.6184762716293335,0.7857704758644104,-0.08645088970661163
YES,0.64443439245224,0.6723763942718506,-1.6093237320546905e-7,0.5851585268974304,0.6605266332626343,-0.006656627636402845,0.5303516983985901,0.7037186622619629,-0.02486869879066944,0.5019530653953552,0.770522952079773,-0.04166875779628754,0.49796566367149353,0.8220570683479309,-0.058901071548461914,0.5269293189048767,0.6729191541671753,-0.06276249140501022,0.5018428564071655,0.8027584552764893,-0.0885821282863617,0.5151667594909668,0.7952560782432556,-0.09388438612222672,0.527691662311554,0.7658370733261108,-0.09353858977556229,0.5690362453460693,0.6945724487304688,-0.07129219174385071,0.5424076318740845,0.8258153796195984,-0.0949217826128006,0.5496826767921448,0.8043652176856995,-0.09031113237142563,0.5588934421539307,0.7694637179374695,-0.0874871090054512,0.6078594923019409,0.721508264541626,-0.07786237448453903,0.5741958618164062,0.8360911011695862,-0.09884084016084671,0.5803722143173218,0.8108254671096802,-0.0862768143415451,0.5898958444595337,0.7755656838417053,-0.07659444212913513,0.6403108835220337,0.751464307308197,-0.0837409496307373,0.606110155582428,0.8354227542877197,-0.1012037992477417,0.609136700630188,0.8151412010192871,-0.09411492198705673,0.6191102266311646,0.7832803130149841,-0.08708368241786957
YES,0.643449068069458,0.6694611310958862,-1.8631865827956062e-7,0.5854492783546448,0.659328043460846,-0.0066140638664364815,0.5263769626617432,0.704107403755188,-0.022877294570207596,0.48999494314193726,0.7664722204208374,-0.03708086535334587,0.46949535608291626,0.8141021132469177,-0.05139672011137009,0.5276281237602234,0.6720050573348999,-0.06467396765947342,0.5036519765853882,0.8031946420669556,-0.08797232061624527,0.5156541466712952,0.7985080480575562,-0.0891512781381607,0.5268918871879578,0.7708232402801514,-0.08611967414617538,0.568518877029419,0.6940552592277527,-0.07253365218639374,0.5413517355918884,0.8259835243225098,-0.0947653278708458,0.5490173697471619,0.8048098683357239,-0.08746704459190369,0.5581511855125427,0.7697836756706238,-0.08275123685598373,0.6066041588783264,0.7206590175628662,-0.07825998961925507,0.5730398893356323,0.8353837728500366,-0.09813376516103745,0.5793032050132751,0.809848427772522,-0.08364949375391006,0.5886995792388916,0.7747412323951721,-0.07303892076015472,0.6396144032478333,0.7504267692565918,-0.08314421772956848,0.604817807674408,0.8346759676933289,-0.10066008567810059,0.6083370447158813,0.8156421184539795,-0.09353023767471313,0.6185232400894165,0.7850855588912964,-0.08640038222074509
YES,0.6450566053390503,0.6694343090057373,-1.9160084718805592e-7,0.5855429172515869,0.6564052700996399,-0.005202913656830788,0.5290339589118958,0.7002059817314148,-0.021712716668844223,0.49836865067481995,0.7661876678466797,-0.037059858441352844,0.4906553626060486,0.8161687850952148,-0.05290113389492035,0.5264500975608826,0.6721590161323547,-0.05903417617082596,0.5015194416046143,0.8012092113494873,-0.08452554792165756,0.515836238861084,0.7927543520927429,-0.09004819393157959,0.5283833742141724,0.76301509141922,-0.0899900570511818,0.5686268210411072,0.694414496421814,-0.06784134358167648,0.5423710346221924,0.8250674605369568,-0.09074579179286957,0.55061274766922,0.8024246692657471,-0.08609513193368912,0.5593485236167908,0.766814649105072,-0.0833047479391098,0.6074379086494446,0.7216548919677734,-0.07487545162439346,0.5740372538566589,0.8355400562286377,-0.09551270306110382,0.5812055468559265,0.8092947602272034,-0.08266527950763702,0.5905051231384277,0.7736209034919739,-0.07284079492092133,0.6404387354850769,0.7516400218009949,-0.08109569549560547,0.605800449848175,0.8354843258857727,-0.09818682819604874,0.6099865436553955,0.8142213821411133,-0.09068766236305237,0.6203135251998901,0.7819097638130188,-0.0833628922700882
YES,0.6473975777626038,0.6674952507019043,-1.2093327939055598e-7,0.5862407088279724,0.6538605690002441,-0.00830322690308094,0.5332163572311401,0.7059981226921082,-0.028737004846334457,0.5124712586402893,0.7847095131874084,-0.04723929986357689,0.5190702080726624,0.8414628505706787,-0.06625475734472275,0.528229832649231,0.6690312623977661,-0.06733809411525726,0.5039663910865784,0.8027836680412292,-0.09248297661542892,0.5180153846740723,0.7955050468444824,-0.0969303771853447,0.5305098295211792,0.7657843232154846,-0.09618914127349854,0.5715810656547546,0.6914706230163574,-0.07509252429008484,0.5443487167358398,0.8239714503288269,-0.09852687269449234,0.5517138838768005,0.8023930191993713,-0.09356631338596344,0.5612248778343201,0.7669069766998291,-0.09065840393304825,0.6109025478363037,0.719921886920929,-0.08056624233722687,0.5757630467414856,0.8361533284187317,-0.10035143792629242,0.581231415271759,0.8095704317092896,-0.08775050193071365,0.5914689302444458,0.7729591727256775,-0.0784565806388855,0.6432638168334961,0.7513630986213684,-0.08546977490186691,0.6072673201560974,0.8349998593330383,-0.10171987861394882,0.6096140742301941,0.8147481679916382,-0.09442158043384552,0.6202454566955566,0.7836515307426453,-0.0876934751868248
YES,0.646692156791687,0.6683561205863953,-1.0453074850147459e-7,0.5873765349388123,0.6561514139175415,-0.007392860949039459,0.5363315343856812,0.7099767327308655,-0.028058620169758797,0.519733190536499,0.7905293107032776,-0.04729718342423439,0.5311354398727417,0.8476143479347229,-0.06719225645065308,0.5274179577827454,0.6692595481872559,-0.06422369182109833,0.5041933655738831,0.802083432674408,-0.08928520977497101,0.519262969493866,0.7960816621780396,-0.09487980604171753,0.5316508412361145,0.7666226625442505,-0.09527941793203354,0.5708631277084351,0.6912455558776855,-0.07272976636886597,0.5441176891326904,0.8223506808280945,-0.09567902982234955,0.5518018007278442,0.8009775280952454,-0.09139745682477951,0.5610486268997192,0.7662853598594666,-0.08905686438083649,0.6103590726852417,0.7198122143745422,-0.07900941371917725,0.5759842991828918,0.8357523679733276,-0.09790545701980591,0.5814803838729858,0.8087044954299927,-0.0856315940618515,0.5911937355995178,0.7724770903587341,-0.07678299397230148,0.6432282328605652,0.7517061233520508,-0.08471819013357162,0.6075314879417419,0.834827721118927,-0.09984644502401352,0.6097649335861206,0.8145092725753784,-0.09219668060541153,0.6206473112106323,0.7840436100959778,-0.08540324121713638
YES,0.6456568837165833,0.6673523187637329,-1.2539666727207077e-7,0.5869112610816956,0.6558831334114075,-0.007190746255218983,0.5339275598526001,0.707002580165863,-0.026941470801830292,0.5112032294273376,0.7832738161087036,-0.0451001338660717,0.5136212110519409,0.8386290669441223,-0.06376712769269943,0.5278024673461914,0.6698059439659119,-0.06484027206897736,0.5044412016868591,0.8025320172309875,-0.0890706479549408,0.5185520052909851,0.7972817420959473,-0.0930808037519455,0.5309973955154419,0.7682786583900452,-0.09229006618261337,0.5706886053085327,0.6917921900749207,-0.07319946587085724,0.543918251991272,0.8231290578842163,-0.09573540836572647,0.5512433052062988,0.8018324971199036,-0.09053915739059448,0.5607731342315674,0.766946017742157,-0.08754565566778183,0.6097800731658936,0.7200703620910645,-0.07924294471740723,0.5751482844352722,0.8355806469917297,-0.0982205793261528,0.5808019042015076,0.8091184496879578,-0.08528641611337662,0.5909084677696228,0.7733043432235718,-0.07602352648973465,0.6429301500320435,0.7514851689338684,-0.08466511964797974,0.606741189956665,0.8345349431037903,-0.10076223313808441,0.6091448068618774,0.8148102760314941,-0.09353264421224594,0.619868278503418,0.7844986319541931,-0.0867549255490303
YES,0.64559006690979,0.667586624622345,-1.0065851796525749e-7,0.5865480303764343,0.6557074189186096,-0.007974023930728436,0.5363370776176453,0.7095025777816772,-0.02885904535651207,0.5194748640060425,0.7895812392234802,-0.04808427765965462,0.5300854444503784,0.8470539450645447,-0.06802993267774582,0.5268853306770325,0.669181227684021,-0.06537428498268127,0.5046287775039673,0.80263352394104,-0.09012271463871002,0.5192263722419739,0.7970093488693237,-0.09537751227617264,0.5313825011253357,0.7675792574882507,-0.09549052268266678,0.5700559616088867,0.6907302737236023,-0.07339774072170258,0.5444349646568298,0.822223961353302,-0.09616855531930923,0.5518995523452759,0.8018688559532166,-0.09176130592823029,0.5612018704414368,0.7673182487487793,-0.08944466710090637,0.6096210479736328,0.7192397713661194,-0.07916107773780823,0.5761841535568237,0.8353652954101562,-0.09797666221857071,0.5813853144645691,0.8095629215240479,-0.08577196300029755,0.5913382172584534,0.7735447883605957,-0.07701395452022552,0.6426914930343628,0.7513437271118164,-0.08435937762260437,0.6075233221054077,0.8342723846435547,-0.09972826391458511,0.6099157929420471,0.8147218227386475,-0.09221333265304565,0.6208612322807312,0.78433758020401,-0.0854894369840622
YES,0.6464875340461731,0.6650145053863525,-1.1136055633187425e-7,0.5854001045227051,0.6545742154121399,-0.007691101636737585,0.5338371396064758,0.7117972373962402,-0.027929363772273064,0.5200945734977722,0.7952951788902283,-0.04690449312329292,0.5363634824752808,0.8492976427078247,-0.06652522087097168,0.5269220471382141,0.6664615273475647,-0.06113583594560623,0.5051223635673523,0.8018953800201416,-0.08701611310243607,0.5223592519760132,0.7955442070960999,-0.09375283867120743,0.5346622467041016,0.7652797698974609,-0.09487563371658325,0.5698857307434082,0.6869936585426331,-0.06933219730854034,0.5460892915725708,0.8206119537353516,-0.09279847145080566,0.5556333661079407,0.7990124821662903,-0.08898098766803741,0.564057469367981,0.7637234330177307,-0.08679156005382538,0.6095943450927734,0.7149961590766907,-0.07584436982870102,0.5782796740531921,0.8333093523979187,-0.09481949359178543,0.5850599408149719,0.8057058453559875,-0.08308634907007217,0.5936453938484192,0.7682685256004333,-0.07449702173471451,0.6428589224815369,0.7471923828125,-0.08179514110088348,0.6101166009902954,0.833978533744812,-0.0960545614361763,0.613571286201477,0.812450647354126,-0.08830732107162476,0.6236624121665955,0.7797009348869324,-0.08162672817707062
YES,0.6469509601593018,0.6651370525360107,-9.565761160956754e-8,0.5853778719902039,0.6553617119789124,-0.008183381520211697,0.5335317850112915,0.7123571038246155,-0.028385885059833527,0.5209798812866211,0.7956940531730652,-0.047431353479623795,0.5399076342582703,0.848576009273529,-0.06709390878677368,0.5265671014785767,0.6668447256088257,-0.05968889966607094,0.5051711797714233,0.8022833466529846,-0.08560644835233688,0.5224400162696838,0.7972095608711243,-0.09256266802549362,0.5351698994636536,0.7670028209686279,-0.09368463605642319,0.5693585276603699,0.6873186230659485,-0.06776709109544754,0.5463610291481018,0.8204255104064941,-0.09104801714420319,0.5555941462516785,0.7992798089981079,-0.08734550327062607,0.563862681388855,0.7640602588653564,-0.08510155975818634,0.6089826226234436,0.7150325775146484,-0.07427452504634857,0.5784608125686646,0.8328925371170044,-0.09317975491285324,0.5847259759902954,0.805782675743103,-0.08190393447875977,0.593021035194397,0.7685896754264832,-0.07348914444446564,0.6427747011184692,0.7473679780960083,-0.08038927614688873,0.6098352670669556,0.8337300419807434,-0.09435782581567764,0.6133331060409546,0.812447190284729,-0.08672842383384705,0.6237213015556335,0.7798910140991211,-0.08016487956047058
YES,0.6473187208175659,0.6657721996307373,-9.479537510515001e-8,0.5854856967926025,0.6561480164527893,-0.008060802705585957,0.5339446067810059,0.7132715582847595,-0.028265515342354774,0.5222823619842529,0.7967066764831543,-0.04739499092102051,0.5421203970909119,0.8492110371589661,-0.06712884455919266,0.5266759395599365,0.6667647361755371,-0.05914535000920296,0.5050981640815735,0.8019663691520691,-0.08523226529359818,0.5225382447242737,0.7971206307411194,-0.09248488396406174,0.5353277325630188,0.7668713331222534,-0.09377798438072205,0.5694522261619568,0.6873902082443237,-0.06735372543334961,0.546379566192627,0.8203420639038086,-0.09074199944734573,0.555587649345398,0.7993109226226807,-0.08720002323389053,0.5637359023094177,0.7640830874443054,-0.08506359905004501,0.6091141104698181,0.7151219248771667,-0.07398790866136551,0.5785770416259766,0.8331301808357239,-0.0931033119559288,0.5847765803337097,0.8058823347091675,-0.08197140693664551,0.5930210947990417,0.7685330510139465,-0.07353813201189041,0.6429263353347778,0.7474744319915771,-0.0802285298705101,0.6098038554191589,0.8338478207588196,-0.09422775357961655,0.6133115291595459,0.8124078512191772,-0.08663780987262726,0.6237768530845642,0.779916524887085,-0.07994741201400757
YES,0.6475042104721069,0.6653400659561157,-9.213643892280743e-8,0.5856375098228455,0.6555052995681763,-0.008144620805978775,0.5336002111434937,0.713219404220581,-0.028267452493309975,0.5221697092056274,0.796791672706604,-0.047294966876506805,0.542644202709198,0.8492648005485535,-0.06689822673797607,0.5265915393829346,0.6669309735298157,-0.05920296907424927,0.5049383640289307,0.8016719222068787,-0.08515340834856033,0.5225205421447754,0.7966873049736023,-0.09211847186088562,0.5354176163673401,0.7664542198181152,-0.09318570047616959,0.569417417049408,0.6873407959938049,-0.06734759360551834,0.5463789701461792,0.8204066753387451,-0.09060188382863998,0.5556649565696716,0.7988597750663757,-0.08683851361274719,0.5635972023010254,0.7637192606925964,-0.08453554660081863,0.609265148639679,0.7152663469314575,-0.07403180003166199,0.5784480571746826,0.8332120776176453,-0.09307336062192917,0.5845134258270264,0.8056250810623169,-0.08200789988040924,0.59272700548172,0.7683137655258179,-0.07363861054182053,0.6430329084396362,0.7475787997245789,-0.08026663959026337,0.6099342703819275,0.8337292671203613,-0.09419675171375275,0.6133227348327637,0.8121564984321594,-0.08666999638080597,0.6235376596450806,0.7796518802642822,-0.08015430718660355
YES,0.6484457850456238,0.6660880446434021,-1.0905741731903618e-7,0.5866943597793579,0.6544472575187683,-0.009649407118558884,0.5309136509895325,0.7066254019737244,-0.031549122184515,0.5136812329292297,0.7895622849464417,-0.051679663360118866,0.5312016010284424,0.8429743647575378,-0.07212033122777939,0.5271013379096985,0.6609034538269043,-0.0664251372218132,0.5054269433021545,0.7965036034584045,-0.09242003411054611,0.5230225920677185,0.7938874363899231,-0.09659275412559509,0.536180853843689,0.7652295231819153,-0.09580332040786743,0.5706248879432678,0.6817665696144104,-0.07465779036283493,0.546795129776001,0.8166627287864685,-0.09890465438365936,0.5567498207092285,0.7952666282653809,-0.09264558553695679,0.564158022403717,0.7594685554504395,-0.08869842439889908,0.609869122505188,0.7100940346717834,-0.08125520497560501,0.5787500739097595,0.8315315246582031,-0.10161128640174866,0.5862218141555786,0.8026224374771118,-0.08858564496040344,0.5937941670417786,0.7634439468383789,-0.07916884124279022,0.6431187391281128,0.7423345446586609,-0.08740149438381195,0.611041784286499,0.8310016989707947,-0.10256989300251007,0.6156179904937744,0.8079041242599487,-0.09495749324560165,0.6248335838317871,0.7740257978439331,-0.08864203095436096
YES,0.6486412882804871,0.6642392873764038,-7.611162544662875e-8,0.5864407420158386,0.6560215353965759,-0.009496483020484447,0.53122478723526,0.7150102853775024,-0.029736461117863655,0.5207361578941345,0.7996175289154053,-0.04892127588391304,0.5432689785957336,0.8489623069763184,-0.06818830966949463,0.5271826386451721,0.6599529385566711,-0.055526331067085266,0.5054091811180115,0.7943718433380127,-0.08282358944416046,0.5248298645019531,0.7882746458053589,-0.09093602001667023,0.5362316370010376,0.7564567923545837,-0.0929093062877655,0.569141149520874,0.679785430431366,-0.06363876909017563,0.5456520318984985,0.814704418182373,-0.08814051747322083,0.557242214679718,0.7929216027259827,-0.08474206924438477,0.5638712644577026,0.7570674419403076,-0.08233024924993515,0.6087647676467896,0.7079615592956543,-0.07092899829149246,0.5781229734420776,0.8290596008300781,-0.09121008217334747,0.5865694284439087,0.801336944103241,-0.0801377147436142,0.5934722423553467,0.7634065747261047,-0.07147713750600815,0.642982006072998,0.7412522435188293,-0.07810959964990616,0.6115947365760803,0.8300922513008118,-0.09197747707366943,0.6165741086006165,0.8073492050170898,-0.08452281355857849,0.6260148286819458,0.7733593583106995,-0.07799997180700302
YES,0.6475013494491577,0.664512038230896,-7.530271517453002e-8,0.5851737856864929,0.6552334427833557,-0.010377289727330208,0.5292036533355713,0.7130844593048096,-0.03095366060733795,0.5157256126403809,0.7959632277488708,-0.050255145877599716,0.5352349281311035,0.8457918167114258,-0.06969371438026428,0.5265508890151978,0.6607894897460938,-0.05773995444178581,0.5049951672554016,0.7954802513122559,-0.08488266170024872,0.5242849588394165,0.7904032468795776,-0.09223038703203201,0.536118745803833,0.7588685154914856,-0.09371089935302734,0.5690199136734009,0.6806055903434753,-0.06552634388208389,0.5456615090370178,0.815100371837616,-0.09020154178142548,0.5571815371513367,0.7932382822036743,-0.08625350892543793,0.5641162991523743,0.7573282718658447,-0.08351181447505951,0.6088261604309082,0.7083588242530823,-0.07249023765325546,0.5780553221702576,0.8289538621902466,-0.09310772269964218,0.5862646102905273,0.8011811971664429,-0.08175714313983917,0.593417763710022,0.7634446620941162,-0.07292890548706055,0.6432758569717407,0.7409668564796448,-0.07934445142745972,0.6115530729293823,0.8294631242752075,-0.09393023699522018,0.616215705871582,0.8067988753318787,-0.08669218420982361,0.62552809715271,0.7728551626205444,-0.08038629591464996
YES,0.6481308937072754,0.6647060513496399,-8.065183010330657e-8,0.585974931716919,0.6556669473648071,-0.009955001063644886,0.5300666689872742,0.7132492065429688,-0.030508583411574364,0.5171076655387878,0.7964683771133423,-0.049788698554039,0.5380162596702576,0.8464040756225586,-0.06912358105182648,0.5274653434753418,0.6597839593887329,-0.05827851966023445,0.5049410462379456,0.79450523853302,-0.08533639460802078,0.5244578123092651,0.7886248826980591,-0.09218303114175797,0.5362522602081299,0.7572414875030518,-0.09338803589344025,0.5696031451225281,0.6797971725463867,-0.0663849264383316,0.545235276222229,0.8147024512290955,-0.0913066640496254,0.5575792789459229,0.7924405932426453,-0.08708913624286652,0.5647048950195312,0.7565516829490662,-0.08407662808895111,0.6090896129608154,0.7082403898239136,-0.07350542396306992,0.5773982405662537,0.8290510773658752,-0.094319187104702,0.586495041847229,0.8008919954299927,-0.08248820155858994,0.5940749049186707,0.7630025744438171,-0.07339588552713394,0.6432474255561829,0.7415757179260254,-0.08046160638332367,0.6115392446517944,0.8297293782234192,-0.09519555419683456,0.616410493850708,0.8067440390586853,-0.08774641901254654,0.625949501991272,0.7730306386947632,-0.08133796602487564
YES,0.6478642225265503,0.6619419455528259,-1.299064678050854e-7,0.5906906723976135,0.6516379714012146,-0.007131124380975962,0.5412384867668152,0.7030863165855408,-0.028551872819662094,0.5273138880729675,0.7859888076782227,-0.04943881556391716,0.5376064777374268,0.8397274613380432,-0.07090062648057938,0.5282312035560608,0.6467421054840088,-0.05967697501182556,0.501176118850708,0.7805415987968445,-0.0865589901804924,0.5166836380958557,0.7919659614562988,-0.09307418763637543,0.5333309769630432,0.7713097929954529,-0.09373116493225098,0.5703169703483582,0.6657664775848389,-0.06942238658666611,0.5446397066116333,0.8064853549003601,-0.09318367391824722,0.5541774034500122,0.7893849611282349,-0.08918696641921997,0.560957133769989,0.7540678381919861,-0.08716122806072235,0.6094375848770142,0.6946651339530945,-0.07785381376743317,0.5776186585426331,0.8221622705459595,-0.09822062402963638,0.5855391025543213,0.7961827516555786,-0.0865589901804924,0.5921114683151245,0.7577154636383057,-0.07829181104898453,0.6428701877593994,0.728585958480835,-0.08562824130058289,0.6081173419952393,0.823348879814148,-0.10188885778188705,0.6139771938323975,0.8030237555503845,-0.09444291889667511,0.624784529209137,0.7694352865219116,-0.08798246830701828
YES,0.6444909572601318,0.6646514534950256,-5.99734519823869e-8,0.5839927196502686,0.6552597284317017,-0.011969915591180325,0.5345888733863831,0.7035790681838989,-0.036710385233163834,0.5216360688209534,0.7792879939079285,-0.060239970684051514,0.5346130132675171,0.8279668092727661,-0.08459005504846573,0.525845468044281,0.6490730047225952,-0.06908011436462402,0.4988398849964142,0.772409200668335,-0.0924244225025177,0.5139634609222412,0.7897472977638245,-0.09226562082767487,0.5325459241867065,0.7728675007820129,-0.08935419470071793,0.5696259140968323,0.6659177541732788,-0.07770850509405136,0.5424731969833374,0.8047649264335632,-0.10174097865819931,0.5546397566795349,0.7923605442047119,-0.09470061957836151,0.5625896453857422,0.7580078840255737,-0.09025408327579498,0.6096481084823608,0.6934728026390076,-0.08485472947359085,0.5778712034225464,0.8220006227493286,-0.10634631663560867,0.5865002870559692,0.7970399856567383,-0.09411834180355072,0.5940415263175964,0.7574029564857483,-0.08554288744926453,0.6438360810279846,0.7252301573753357,-0.09168333560228348,0.6096969246864319,0.8221575617790222,-0.11042230576276779,0.6139259338378906,0.8030941486358643,-0.10449359565973282,0.6231826543807983,0.7676182389259338,-0.0989883542060852
YES,0.642953634262085,0.6666017770767212,-8.427480224781903e-8,0.582901120185852,0.6575471758842468,-0.01172023918479681,0.5341579914093018,0.6972842812538147,-0.03588675335049629,0.5170131921768188,0.7640533447265625,-0.0587049201130867,0.5256670713424683,0.8072258830070496,-0.08276771754026413,0.5261532664299011,0.6507564187049866,-0.07073631882667542,0.4985153377056122,0.767562210559845,-0.09241357445716858,0.5117371082305908,0.7909000515937805,-0.09059848636388779,0.5307838320732117,0.7806088328361511,-0.08686461299657822,0.569038987159729,0.6662400364875793,-0.07944871485233307,0.5404112935066223,0.8031372427940369,-0.10221502184867859,0.5530374050140381,0.7976087331771851,-0.09428051859140396,0.5629165172576904,0.7663152813911438,-0.08930201083421707,0.6091740131378174,0.6927170753479004,-0.08634602278470993,0.5769774913787842,0.8211640119552612,-0.10703795403242111,0.5857868194580078,0.8015515208244324,-0.094124935567379,0.5946201086044312,0.762894332408905,-0.0851532444357872,0.6436378359794617,0.7240286469459534,-0.09288031607866287,0.6098069548606873,0.8221685886383057,-0.11180902272462845,0.6131405234336853,0.8055535554885864,-0.10548216849565506,0.6218791007995605,0.7693370580673218,-0.09941460937261581
YES,0.642167866230011,0.6646615266799927,-9.473642847979136e-8,0.5831031203269958,0.6569747924804688,-0.01197746116667986,0.535545825958252,0.6946247220039368,-0.03648695722222328,0.5183554291725159,0.7598142027854919,-0.059460222721099854,0.5255221128463745,0.8043102622032166,-0.08383586257696152,0.5261787176132202,0.6503078937530518,-0.07241296768188477,0.4982999563217163,0.765570342540741,-0.0938308909535408,0.5098773241043091,0.796649158000946,-0.09189306944608688,0.5295020937919617,0.7941713929176331,-0.08817043155431747,0.5687287449836731,0.6654874086380005,-0.08108212053775787,0.5396935343742371,0.8026598691940308,-0.10341794788837433,0.5525813698768616,0.8022475242614746,-0.09541172534227371,0.5631795525550842,0.7743768692016602,-0.09041421860456467,0.6090313196182251,0.6918385624885559,-0.08766047656536102,0.5776636004447937,0.8218490481376648,-0.10770153254270554,0.5861008167266846,0.8054192662239075,-0.09459581226110458,0.5948954224586487,0.7680299878120422,-0.0857226699590683,0.6437141299247742,0.7233752608299255,-0.09403486549854279,0.6102525591850281,0.823200523853302,-0.11259705573320389,0.6127724647521973,0.8090276122093201,-0.10617168247699738,0.6209516525268555,0.773725688457489,-0.10015427321195602
YES,0.6442712545394897,0.6673508286476135,-1.1425390056274409e-7,0.5801784992218018,0.6637202501296997,-0.009072179906070232,0.5353115200996399,0.7045392394065857,-0.035573169589042664,0.5218997001647949,0.77327960729599,-0.06112860515713692,0.5316756963729858,0.8192823529243469,-0.08867736905813217,0.5264386534690857,0.6318694949150085,-0.07411076128482819,0.5000684261322021,0.7382318377494812,-0.09496399760246277,0.5035969018936157,0.774283766746521,-0.09460622072219849,0.5198692679405212,0.782762348651886,-0.09322623908519745,0.5682855844497681,0.6448802947998047,-0.08509960770606995,0.54111248254776,0.7875063419342041,-0.10569728165864944,0.550202488899231,0.7847704887390137,-0.09772398322820663,0.5592748522758484,0.7575949430465698,-0.09455510973930359,0.6085308194160461,0.6710625886917114,-0.09332846105098724,0.5769463181495667,0.8080124258995056,-0.11029726266860962,0.5826717019081116,0.7900566458702087,-0.09537289291620255,0.5908355116844177,0.7536512017250061,-0.08729737251996994,0.6439048647880554,0.7016292214393616,-0.10145508497953415,0.6093503832817078,0.8079553842544556,-0.1186794564127922,0.6086877584457397,0.7957674860954285,-0.11142171174287796,0.6147897243499756,0.7617540955543518,-0.10600394010543823
YES,0.6470524072647095,0.6644374132156372,-1.4069290443785576e-7,0.5833665728569031,0.6573213338851929,-0.00977296382188797,0.5375697016716003,0.6950380206108093,-0.031843822449445724,0.5218044519424438,0.7584533095359802,-0.052946291863918304,0.5265712738037109,0.8036026358604431,-0.07590236514806747,0.5287375450134277,0.627717137336731,-0.06325989216566086,0.5007410049438477,0.7262363433837891,-0.08212854713201523,0.5005851984024048,0.7695307731628418,-0.08122550696134567,0.5127447843551636,0.7858931422233582,-0.07975213974714279,0.5695857405662537,0.6414805054664612,-0.07219517230987549,0.5406457781791687,0.7801043391227722,-0.09101630002260208,0.5479550361633301,0.7908124923706055,-0.08355438709259033,0.5551450252532959,0.7733238935470581,-0.0799422562122345,0.6099497675895691,0.6685351133346558,-0.07927685976028442,0.5784136056900024,0.8052690029144287,-0.09624437987804413,0.5815702080726624,0.799355149269104,-0.08231865614652634,0.5861610174179077,0.7690393328666687,-0.07347843796014786,0.6455824375152588,0.7022431492805481,-0.08650112897157669,0.6120922565460205,0.8089784383773804,-0.10560742020606995,0.6073235273361206,0.8076779842376709,-0.1001892164349556,0.6079506874084473,0.7813194394111633,-0.09434326738119125
YES,0.6493013501167297,0.6676891446113586,-1.6508167277606844e-7,0.5846393704414368,0.6612173914909363,-0.008795569650828838,0.5368360280990601,0.6993140578269958,-0.029948551207780838,0.52101069688797,0.763917863368988,-0.05039885640144348,0.5261759161949158,0.8085787892341614,-0.07244835048913956,0.5285355448722839,0.6295521259307861,-0.060187868773937225,0.49990326166152954,0.7309015989303589,-0.07816668599843979,0.5023511052131653,0.7741382718086243,-0.076906718313694,0.515893816947937,0.7876672148704529,-0.07530752569437027,0.5690666437149048,0.642544686794281,-0.06949227303266525,0.5407576560974121,0.7815423011779785,-0.08747109770774841,0.5502830147743225,0.7905821204185486,-0.08034741133451462,0.5577740669250488,0.7712217569351196,-0.07729440182447433,0.6090131998062134,0.6690689921379089,-0.076906718313694,0.5783237814903259,0.8059384226799011,-0.0928502008318901,0.5836801528930664,0.7971394062042236,-0.07952357828617096,0.588401198387146,0.7650821208953857,-0.0716245248913765,0.6447193622589111,0.7020966410636902,-0.08441808819770813,0.6116509437561035,0.8102155923843384,-0.10215460509061813,0.6087906956672668,0.805914044380188,-0.09658165276050568,0.610691487789154,0.7770364880561829,-0.09105716645717621
YES,0.6487076878547668,0.6670559048652649,-1.7266297902551742e-7,0.5844253301620483,0.6605193018913269,-0.009095710702240467,0.5373824834823608,0.6977278590202332,-0.030551031231880188,0.5206463932991028,0.7607995271682739,-0.05116637796163559,0.5243513584136963,0.8054255843162537,-0.07338967174291611,0.5283920168876648,0.6286316514015198,-0.06139005348086357,0.5000067353248596,0.7290902137756348,-0.07924549281597137,0.5013086795806885,0.7740582823753357,-0.0775175392627716,0.5139098167419434,0.7901126146316528,-0.07564559578895569,0.5688782334327698,0.6416822075843811,-0.07050976902246475,0.5405433773994446,0.7809187769889832,-0.08855719864368439,0.5497363805770874,0.7920799851417542,-0.0808294340968132,0.5571556091308594,0.7742362022399902,-0.07732554525136948,0.6088831424713135,0.6681856513023376,-0.07775752991437912,0.5785566568374634,0.8055769801139832,-0.09378902614116669,0.5834888219833374,0.7989190816879272,-0.0797254741191864,0.5881497263908386,0.7683125734329224,-0.07132574170827866,0.6444150805473328,0.7014190554618835,-0.08510130643844604,0.6122036576271057,0.8089916706085205,-0.1033887192606926,0.6087744832038879,0.8068094849586487,-0.0978688895702362,0.6098877787590027,0.7799444794654846,-0.09230107069015503
YES,0.6384918093681335,0.681499719619751,-5.842469263939165e-8,0.570599377155304,0.6801155805587769,-0.012240580283105373,0.5258083343505859,0.7103217840194702,-0.039461810141801834,0.5161152482032776,0.7663506865501404,-0.0653788149356842,0.530000627040863,0.7983753085136414,-0.09179837256669998,0.5269936919212341,0.6107686161994934,-0.06982994079589844,0.49841153621673584,0.7206075191497803,-0.09136761724948883,0.507163941860199,0.7438687682151794,-0.09088899940252304,0.5214706659317017,0.7322729825973511,-0.08940530568361282,0.5699226260185242,0.6223785877227783,-0.07949797064065933,0.5409517884254456,0.7640135884284973,-0.10165784507989883,0.5505374073982239,0.7632120251655579,-0.0952443927526474,0.5569852590560913,0.7331883311271667,-0.09246843308210373,0.6102761626243591,0.6516290903091431,-0.08739511668682098,0.5782474875450134,0.7887731194496155,-0.10519959777593613,0.5816888213157654,0.7786691784858704,-0.09165479242801666,0.5846622586250305,0.7433100938796997,-0.08385336399078369,0.6444314122200012,0.6895989179611206,-0.09562729299068451,0.6094760894775391,0.794138491153717,-0.11333604902029037,0.6042050719261169,0.7908107042312622,-0.1079755574464798,0.6043410897254944,0.7616558074951172,-0.10318941622972488
YES,0.6528879404067993,0.6822604537010193,-7.752369413083215e-8,0.5866765975952148,0.6662888526916504,-0.01132984459400177,0.5344501733779907,0.686999499797821,-0.03127086162567139,0.5162340402603149,0.7481403350830078,-0.04972337931394577,0.5316323041915894,0.7956416010856628,-0.06746239960193634,0.5289121866226196,0.6113529801368713,-0.04795193672180176,0.5015820264816284,0.7271615862846375,-0.06347665935754776,0.5164909362792969,0.7413873672485352,-0.06470682471990585,0.5277001261711121,0.7180304527282715,-0.0660846084356308,0.5680641531944275,0.6237521171569824,-0.05540675297379494,0.5405773520469666,0.7648202776908875,-0.06884018331766129,0.552308976650238,0.7540799379348755,-0.06529729813337326,0.5558257102966309,0.7214694023132324,-0.0660846084356308,0.607321560382843,0.652587354183197,-0.06200045347213745,0.5756741166114807,0.7863394618034363,-0.070316381752491,0.58360356092453,0.7701529264450073,-0.06013059616088867,0.5865688323974609,0.7346657514572144,-0.05639088898897171,0.6413924098014832,0.691234827041626,-0.06977511197328568,0.6086056232452393,0.7929672598838806,-0.07809104770421982,0.609500527381897,0.7802507281303406,-0.07257989794015884,0.6132228970527649,0.7484129071235657,-0.06913542747497559
YES,0.6477168798446655,0.6791976690292358,-4.7338431841126294e-8,0.5835490226745605,0.662737250328064,-0.016216941177845,0.5340787172317505,0.6844163537025452,-0.03910868242383003,0.5192278623580933,0.7419922947883606,-0.05965014174580574,0.5325890779495239,0.7868417501449585,-0.07981555163860321,0.5289884805679321,0.609707772731781,-0.057863928377628326,0.4967293441295624,0.7247769832611084,-0.07605510205030441,0.508795976638794,0.747541069984436,-0.076102115213871,0.5242929458618164,0.7318878173828125,-0.07511499524116516,0.568419337272644,0.6220948100090027,-0.06232946366071701,0.5407513380050659,0.7651477456092834,-0.07887544482946396,0.5497223138809204,0.7583279609680176,-0.07393985241651535,0.5542529821395874,0.7249565720558167,-0.07248268276453018,0.6087797284126282,0.6511027812957764,-0.06608991324901581,0.5770997405052185,0.7874644994735718,-0.0792044848203659,0.5797672271728516,0.7735962867736816,-0.06872223317623138,0.5822066068649292,0.736768901348114,-0.0629875436425209,0.6430609822273254,0.6897872090339661,-0.07097849994897842,0.6088218092918396,0.7934594750404358,-0.08508019149303436,0.6041916012763977,0.7826993465423584,-0.08131973445415497,0.6059014201164246,0.7497439384460449,-0.0774182677268982
YES,0.6473453044891357,0.6803273558616638,-3.2961139595499844e-8,0.5838114023208618,0.6643967032432556,-0.013518305495381355,0.5356817841529846,0.6872833967208862,-0.03600235655903816,0.5189489722251892,0.7460563778877258,-0.05644240602850914,0.5282425284385681,0.7931469678878784,-0.07655727118253708,0.5303665399551392,0.6110838651657104,-0.05555976927280426,0.4999271333217621,0.7276620268821716,-0.07051817327737808,0.5128325819969177,0.7461746335029602,-0.0682418942451477,0.5251920819282532,0.7259498834609985,-0.06647661328315735,0.5700393319129944,0.6230126619338989,-0.061227235943078995,0.5409302711486816,0.7636600136756897,-0.07511717826128006,0.5502780675888062,0.7582753896713257,-0.06838125735521317,0.5539109110832214,0.7265506982803345,-0.06624434143304825,0.609422504901886,0.6524916887283325,-0.06582625210285187,0.575969934463501,0.7850179672241211,-0.07618563622236252,0.5796740651130676,0.7743013501167297,-0.06406097114086151,0.5823448300361633,0.7411561012268066,-0.05811477452516556,0.6428095698356628,0.6914851665496826,-0.07130789756774902,0.6084374785423279,0.7911235094070435,-0.0831073746085167,0.6047590374946594,0.7827824354171753,-0.07804381847381592,0.6069258451461792,0.7536248564720154,-0.07390935719013214
YES,0.6345164775848389,0.6820553541183472,1.9186194855080885e-9,0.568077027797699,0.6762962341308594,-0.017283350229263306,0.5218682885169983,0.694460928440094,-0.043436989188194275,0.5126073956489563,0.7452432513237,-0.06675578653812408,0.5353890657424927,0.7798466682434082,-0.08961736410856247,0.5289139747619629,0.5918436050415039,-0.06268643587827682,0.4990309774875641,0.7112903594970703,-0.07996978610754013,0.518388569355011,0.7212421298027039,-0.08166153728961945,0.5302292704582214,0.6921769380569458,-0.08422203361988068,0.5691919326782227,0.6000991463661194,-0.06799031794071198,0.5412200093269348,0.743107795715332,-0.08349046856164932,0.5553987622261047,0.7331824898719788,-0.07910104095935822,0.5593967437744141,0.6986432671546936,-0.08015267550945282,0.6093449592590332,0.6286603212356567,-0.0720139592885971,0.5768221616744995,0.7636228203773499,-0.08102141320705414,0.5855399966239929,0.7490851879119873,-0.06712158024311066,0.5909620523452759,0.7123407125473022,-0.06190914288163185,0.6431873440742493,0.6693493127822876,-0.07759217917919159,0.6092358231544495,0.7734057903289795,-0.08847428858280182,0.6109997630119324,0.7611279487609863,-0.08230166137218475,0.6172561049461365,0.7264889478683472,-0.07873526215553284
YES,0.6522002220153809,0.703875720500946,-1.2619635469945933e-7,0.5844758749008179,0.6943106055259705,-0.015334980562329292,0.5336427092552185,0.7040184140205383,-0.03735443949699402,0.5146011710166931,0.7503778338432312,-0.057355452328920364,0.5328622460365295,0.7912485003471375,-0.07518073171377182,0.5347810983657837,0.5952842235565186,-0.046188440173864365,0.5007205605506897,0.7040703892707825,-0.06647779792547226,0.5190361142158508,0.7220358848571777,-0.07255936414003372,0.5322956442832947,0.6981084942817688,-0.07685840129852295,0.5728318095207214,0.6057396531105042,-0.052741847932338715,0.5388280749320984,0.7423346638679504,-0.0697282925248146,0.5558105707168579,0.7369560599327087,-0.06883702427148819,0.5623726844787598,0.702018141746521,-0.07067198306322098,0.6101434826850891,0.6359085440635681,-0.05966224893927574,0.5736936926841736,0.7647042274475098,-0.07172053307294846,0.585658848285675,0.7537218332290649,-0.0636991485953331,0.5910628437995911,0.7181673645973206,-0.060238949954509735,0.641646683216095,0.6765462756156921,-0.06820789724588394,0.6063461303710938,0.7728365659713745,-0.07654383033514023,0.6104415059089661,0.7625898718833923,-0.07145839184522629,0.6155903935432434,0.730463981628418,-0.06789333373308182
YES,0.6322206258773804,0.7147971987724304,-5.0430223552666575e-8,0.565456211566925,0.7085679769515991,-0.02204567939043045,0.5197920203208923,0.7103275656700134,-0.050057683140039444,0.5115644931793213,0.7432941198348999,-0.07387344539165497,0.5434685349464417,0.7668939232826233,-0.09580772370100021,0.5315758585929871,0.5774729251861572,-0.06293106824159622,0.5004695057868958,0.6903601884841919,-0.08407313376665115,0.52083420753479,0.7063459157943726,-0.09095544368028641,0.530935525894165,0.6807774901390076,-0.09679798036813736,0.5709603428840637,0.5834015607833862,-0.0665455237030983,0.5377095341682434,0.7186651229858398,-0.08288481831550598,0.5544491410255432,0.7131078839302063,-0.07922085374593735,0.5587942004203796,0.6799516081809998,-0.08001307398080826,0.6091146469116211,0.6131995320320129,-0.0700114369392395,0.5757734775543213,0.7396391034126282,-0.0758044570684433,0.5846436023712158,0.7338610291481018,-0.05926710367202759,0.5884279012680054,0.7018756866455078,-0.052533332258462906,0.6411670446395874,0.6560967564582825,-0.07644812017679214,0.6104253530502319,0.7504283785820007,-0.08159748464822769,0.6153300404548645,0.7404260039329529,-0.07253660261631012,0.6211267709732056,0.7082674503326416,-0.0672387033700943
YES,0.6233443021774292,0.7133595943450928,-4.864667957349411e-8,0.5605318546295166,0.7055730223655701,-0.021218782290816307,0.5174518823623657,0.7076843976974487,-0.04860212653875351,0.5152908563613892,0.7410047650337219,-0.07265184074640274,0.5527051091194153,0.7731134295463562,-0.09455852210521698,0.536975622177124,0.5732735991477966,-0.053523190319538116,0.5025470852851868,0.68453449010849,-0.08085361868143082,0.5199983716011047,0.7023592591285706,-0.09646344184875488,0.5307280421257019,0.6768066883087158,-0.10720512270927429,0.5763483047485352,0.5854601263999939,-0.05862945690751076,0.5375311970710754,0.7110738158226013,-0.07609129697084427,0.5524381995201111,0.7080488801002502,-0.07598546147346497,0.5588804483413696,0.673555850982666,-0.0785253718495369,0.6134198904037476,0.6197565793991089,-0.0651908740401268,0.5745888948440552,0.7364782094955444,-0.07344556599855423,0.5798299312591553,0.7283969521522522,-0.05926443263888359,0.5848876237869263,0.693763017654419,-0.052068036049604416,0.6420678496360779,0.6641020774841309,-0.07524465769529343,0.6083332300186157,0.7475051879882812,-0.08032447844743729,0.6117956638336182,0.7347699999809265,-0.07132897526025772,0.6191923022270203,0.7016028165817261,-0.06471464037895203
YES,0.6121417880058289,0.700063943862915,-3.7826179521971426e-8,0.5559077262878418,0.6945173740386963,-0.022842923179268837,0.5157833695411682,0.7012897729873657,-0.050799548625946045,0.5162310600280762,0.7389034628868103,-0.07543355971574783,0.5517855882644653,0.7729629278182983,-0.0977054163813591,0.5363036394119263,0.5730893611907959,-0.052486810833215714,0.5032386183738708,0.6820160746574402,-0.08062513917684555,0.5200796127319336,0.7000670433044434,-0.09806882590055466,0.5312039256095886,0.6742907762527466,-0.10985368490219116,0.575967013835907,0.5853476524353027,-0.05689964443445206,0.5380168557167053,0.7096261978149414,-0.07392800599336624,0.5527817606925964,0.7076554298400879,-0.07392800599336624,0.5600506663322449,0.6724430918693542,-0.07610846310853958,0.6121784448623657,0.6183292865753174,-0.06318145245313644,0.5753681659698486,0.7347095012664795,-0.07138413935899734,0.5813586711883545,0.725330114364624,-0.056380484253168106,0.5875186920166016,0.6906346082687378,-0.04791822284460068,0.6398677229881287,0.6601946353912354,-0.07330501824617386,0.608832061290741,0.7440168857574463,-0.07963873445987701,0.6135202050209045,0.7310466170310974,-0.070709228515625,0.6215590834617615,0.6982961297035217,-0.06328527629375458
YES,0.6084408164024353,0.6986173391342163,-4.683549903461426e-8,0.5542039275169373,0.694348931312561,-0.02591094747185707,0.5139992833137512,0.7034332752227783,-0.054482050240039825,0.5140934586524963,0.740487813949585,-0.07908850908279419,0.5503409504890442,0.7716116905212402,-0.10123942047357559,0.5356658101081848,0.5726108551025391,-0.05243578180670738,0.5037717819213867,0.6792938113212585,-0.0809812992811203,0.5194830298423767,0.6989396810531616,-0.09965354949235916,0.529893159866333,0.6731685400009155,-0.1126474067568779,0.5760427713394165,0.5858094096183777,-0.055198244750499725,0.5378711819648743,0.7063218951225281,-0.07310314476490021,0.5515986084938049,0.7078864574432373,-0.07514942437410355,0.5585290193557739,0.6723554730415344,-0.07888387888669968,0.6122761964797974,0.6186177134513855,-0.06010930612683296,0.5755492448806763,0.7325156331062317,-0.06916406750679016,0.5807406306266785,0.7255640625953674,-0.05622138828039169,0.5870593786239624,0.6908796429634094,-0.0491873174905777,0.639948844909668,0.6595650911331177,-0.06916406750679016,0.6083669662475586,0.7424768209457397,-0.07560983300209045,0.6128768920898438,0.7313858270645142,-0.06778283417224884,0.6208911538124084,0.6987947225570679,-0.061439383774995804
YES,0.6076362133026123,0.6984603404998779,-9.292327973753345e-8,0.5584888458251953,0.6835967898368835,-0.024854080751538277,0.5201345086097717,0.6825845241546631,-0.05130673944950104,0.5132089853286743,0.7150982618331909,-0.07434656471014023,0.5458875298500061,0.7484045028686523,-0.09479821473360062,0.5402796268463135,0.5522409081459045,-0.045851271599531174,0.5035865306854248,0.6532782912254333,-0.07246886193752289,0.5170037150382996,0.6832548379898071,-0.08911437541246414,0.529326856136322,0.6640501022338867,-0.10088802874088287,0.5800409913063049,0.5663005113601685,-0.04826182872056961,0.5370383262634277,0.6844015121459961,-0.0670895203948021,0.550762951374054,0.6972236037254333,-0.06977919489145279,0.5607017278671265,0.6635186076164246,-0.07292560487985611,0.6150200366973877,0.6015022397041321,-0.052930690348148346,0.5725406408309937,0.71193528175354,-0.06374012678861618,0.5788383483886719,0.7166659832000732,-0.052930690348148346,0.5883842706680298,0.6882143616676331,-0.046511005610227585,0.6400768160820007,0.6438094973564148,-0.06135494261980057,0.6053763628005981,0.7254756689071655,-0.06815524399280548,0.6092917919158936,0.7230846285820007,-0.06165943294763565,0.6183222532272339,0.6960883140563965,-0.055924855172634125
YES,0.608299970626831,0.7085769772529602,-1.341372666274765e-7,0.558964192867279,0.6946369409561157,-0.026497330516576767,0.520058810710907,0.692074716091156,-0.05304460972547531,0.5154218673706055,0.7191050052642822,-0.07572092115879059,0.5435932874679565,0.7464815378189087,-0.09535042941570282,0.5392723083496094,0.5534042716026306,-0.04515284672379494,0.5035789012908936,0.6533020734786987,-0.07227452844381332,0.516633152961731,0.685441255569458,-0.08995606005191803,0.5297662019729614,0.6667839884757996,-0.1027926579117775,0.5796346068382263,0.5660660862922668,-0.04697594419121742,0.5373542308807373,0.6810896396636963,-0.06693011522293091,0.5495596528053284,0.7006574869155884,-0.0712256208062172,0.560617983341217,0.6688101291656494,-0.07532134652137756,0.6147452592849731,0.600105881690979,-0.051246486604213715,0.5731164216995239,0.7069624662399292,-0.06373345106840134,0.579732358455658,0.7169846296310425,-0.054043564945459366,0.5910139679908752,0.6901682019233704,-0.04827458783984184,0.6401653289794922,0.6429533958435059,-0.0593380369246006,0.6060730814933777,0.7219438552856445,-0.06877817958593369,0.6108073592185974,0.7240417003631592,-0.06353365629911423,0.6216480135917664,0.6989617347717285,-0.05818923935294151
YES,0.6061763167381287,0.7080981135368347,-1.3061415415904776e-7,0.5591259002685547,0.6946869492530823,-0.026156015694141388,0.5215203762054443,0.6917155981063843,-0.052312031388282776,0.5167890191078186,0.7182998061180115,-0.07468263059854507,0.5431926846504211,0.7458110451698303,-0.09412257373332977,0.5396668314933777,0.553880512714386,-0.043642204254865646,0.5033308863639832,0.6524385809898376,-0.07028665393590927,0.5162075757980347,0.6837946176528931,-0.08850551396608353,0.5296839475631714,0.6657513976097107,-0.10169341415166855,0.5803277492523193,0.5667352676391602,-0.0454738587141037,0.5372084975242615,0.6819299459457397,-0.06466958671808243,0.5497093796730042,0.6996480226516724,-0.0694563090801239,0.5612875819206238,0.668449878692627,-0.07399880886077881,0.6150735020637512,0.6013160347938538,-0.04967445135116577,0.5723402500152588,0.7082206010818481,-0.06144588068127632,0.5793474316596985,0.7157003283500671,-0.05206781253218651,0.5904058814048767,0.6888284087181091,-0.04652400314807892,0.6402989625930786,0.6444799304008484,-0.05768488347530365,0.6052671670913696,0.7225608825683594,-0.0668187364935875,0.6102499961853027,0.7230126261711121,-0.06154356896877289,0.6208831071853638,0.6971742510795593,-0.05602418631315231
YES,0.6052327156066895,0.7082924246788025,-1.392515684983664e-7,0.5583978295326233,0.6965125799179077,-0.02601877972483635,0.5203016996383667,0.693402886390686,-0.05130942538380623,0.516974687576294,0.7192510366439819,-0.07281375676393509,0.5447553992271423,0.7438448071479797,-0.09121135622262955,0.5393936634063721,0.5543855428695679,-0.04237760230898857,0.5041837692260742,0.6540267467498779,-0.06893035024404526,0.5168870687484741,0.6856173872947693,-0.08732796460390091,0.5302118062973022,0.666702926158905,-0.10067714005708694,0.5803901553153992,0.5663222074508667,-0.044100865721702576,0.5382522344589233,0.6826988458633423,-0.06286253780126572,0.5499476790428162,0.7016769051551819,-0.06752262264490128,0.5613791346549988,0.6701447367668152,-0.07193998992443085,0.6153140068054199,0.6000492572784424,-0.04829978570342064,0.5732030868530273,0.7081608176231384,-0.059852901846170425,0.5794205069541931,0.7170888781547546,-0.05029003322124481,0.5903059244155884,0.6900403499603271,-0.04456201195716858,0.6406106948852539,0.6426849961280823,-0.05635784566402435,0.6059768199920654,0.7223930358886719,-0.06592071801424026,0.610301673412323,0.7247070074081421,-0.06087229400873184,0.620914101600647,0.6999003291130066,-0.05528990924358368
YES,0.5927324891090393,0.7114743590354919,-2.2243199282456771e-7,0.5541214346885681,0.6976750493049622,-0.026906365528702736,0.5196479558944702,0.6928932666778564,-0.05197545513510704,0.5149555206298828,0.7068589925765991,-0.07363592088222504,0.5470685362815857,0.7194806337356567,-0.09138010442256927,0.5378627181053162,0.5402448773384094,-0.03660039231181145,0.5041502714157104,0.6250417828559875,-0.06367597728967667,0.5132859349250793,0.6675979495048523,-0.08253219723701477,0.527068555355072,0.6589260697364807,-0.09587658196687698,0.5789526104927063,0.5490926504135132,-0.037446506321430206,0.5391397476196289,0.660214364528656,-0.05719717964529991,0.5490031838417053,0.687716007232666,-0.0621771514415741,0.5613980889320374,0.6613075137138367,-0.06594839692115784,0.6141875386238098,0.5809857249259949,-0.04143531993031502,0.5749732255935669,0.6881741285324097,-0.05381273105740547,0.5799795389175415,0.7054141759872437,-0.04433627426624298,0.5912366509437561,0.6838695406913757,-0.03797834366559982,0.640690803527832,0.6222665905952454,-0.04960634186863899,0.6071711778640747,0.7026837468147278,-0.05874435231089592,0.6088343262672424,0.7121246457099915,-0.053764380514621735,0.6188653707504272,0.692918062210083,-0.04776906967163086
YES,0.5978708267211914,0.7039449214935303,-1.7798052454054414e-7,0.5593440532684326,0.691677451133728,-0.02604910545051098,0.5232261419296265,0.6861188411712646,-0.05048936605453491,0.518517255783081,0.7036277651786804,-0.07149900496006012,0.5467946529388428,0.7227582931518555,-0.08886506408452988,0.5399319529533386,0.53929203748703,-0.03584413602948189,0.5063226819038391,0.6301050782203674,-0.06326549500226974,0.5140768885612488,0.6693790555000305,-0.08489026874303818,0.5281981229782104,0.657977819442749,-0.10078945010900497,0.580512285232544,0.5506951808929443,-0.03731102496385574,0.5420158505439758,0.6564013361930847,-0.055126629769802094,0.5481862425804138,0.6805784702301025,-0.06099417805671692,0.5602691173553467,0.65568608045578,-0.06638854742050171,0.6149325370788574,0.5835228562355042,-0.0418536476790905,0.5768516063690186,0.6872230768203735,-0.0533285066485405,0.5809105634689331,0.7038257122039795,-0.04443253204226494,0.5933665633201599,0.6835511922836304,-0.03908548876643181,0.6409403085708618,0.6248299479484558,-0.05058400332927704,0.6079345345497131,0.7030179500579834,-0.06071026995778084,0.6109583973884583,0.7136920690536499,-0.05630960315465927,0.6230698823928833,0.6969380974769592,-0.05082060024142265
YES,0.591812252998352,0.6994367837905884,-1.8152439906771178e-7,0.555561363697052,0.686935305595398,-0.025885973125696182,0.5216343998908997,0.6831669807434082,-0.05028344690799713,0.5197440981864929,0.7035277485847473,-0.07130853086709976,0.5496399998664856,0.7233114242553711,-0.08903100341558456,0.5401374101638794,0.5396453738212585,-0.03600313141942024,0.5066363215446472,0.6299005746841431,-0.06284267455339432,0.5138967037200928,0.6678119897842407,-0.08321654051542282,0.5273351669311523,0.6556994318962097,-0.09786898642778397,0.5808528661727905,0.5516359210014343,-0.037305571138858795,0.5428272485733032,0.65640789270401,-0.054516371339559555,0.5476647615432739,0.6806761622428894,-0.059028394520282745,0.5579192638397217,0.6539860367774963,-0.06312177330255508,0.6152501106262207,0.5844898223876953,-0.04163152724504471,0.5777766108512878,0.6853111982345581,-0.05251619964838028,0.5793348550796509,0.700459361076355,-0.042445551604032516,0.5894806981086731,0.6788271069526672,-0.03584032505750656,0.6411905288696289,0.6256067156791687,-0.050097379833459854,0.6090167760848999,0.6999576091766357,-0.05954006314277649,0.6093831658363342,0.7087327241897583,-0.054097726941108704,0.6194654107093811,0.69073885679245,-0.04763205349445343
YES,0.5957168936729431,0.7070125937461853,-1.9791301042459963e-7,0.560366690158844,0.6954718828201294,-0.027553394436836243,0.5266531109809875,0.6896990537643433,-0.05290999263525009,0.5221137404441833,0.7048657536506653,-0.07478444278240204,0.5467929244041443,0.7234960794448853,-0.09268596768379211,0.5391613841056824,0.5399610996246338,-0.03648078814148903,0.5058904886245728,0.6269850730895996,-0.06445484608411789,0.5132684707641602,0.6684998273849487,-0.08502057194709778,0.5277972221374512,0.6616101861000061,-0.0994633138179779,0.5799511671066284,0.5508521795272827,-0.03741559386253357,0.5425882935523987,0.654278039932251,-0.055574189871549606,0.5472202897071838,0.6812630891799927,-0.060154739767313004,0.5588352680206299,0.6583641171455383,-0.06394070386886597,0.6145526766777039,0.5829906463623047,-0.041645586490631104,0.5781599879264832,0.6854616403579712,-0.05431220307946205,0.5809682607650757,0.7036961913108826,-0.04435652121901512,0.5930278897285461,0.684141218662262,-0.03746233507990837,0.6411826610565186,0.6238046884536743,-0.05019906163215637,0.6098522543907166,0.7007868885993958,-0.061042800545692444,0.6109321713447571,0.7130671143531799,-0.05590137466788292,0.6217803955078125,0.6977173089981079,-0.04921751469373703
YES,0.5898084044456482,0.7256179451942444,-3.3541033417350263e-7,0.5514879822731018,0.7215262651443481,-0.029721727594733238,0.5175368189811707,0.6987784504890442,-0.05088472366333008,0.5091747045516968,0.692207932472229,-0.06795541942119598,0.5336790084838867,0.6864007711410522,-0.08002183586359024,0.5332579016685486,0.5349825620651245,-0.027827581390738487,0.5063157081604004,0.597710132598877,-0.05818068981170654,0.51249760389328,0.6489351987838745,-0.07866553217172623,0.5245017409324646,0.6493121385574341,-0.09129317849874496,0.5743680596351624,0.5356788635253906,-0.026307586580514908,0.5452531576156616,0.6164124608039856,-0.04798503965139389,0.5464082956314087,0.6634145379066467,-0.0521942563354969,0.5549618601799011,0.6495571136474609,-0.053129635751247406,0.6097578406333923,0.559748113155365,-0.029300807043910027,0.5810354351997375,0.6406034827232361,-0.04433705657720566,0.5786523818969727,0.6772245764732361,-0.032925404608249664,0.5876045227050781,0.6628820300102234,-0.0237352903932333,0.6381150484085083,0.5944373607635498,-0.03690077364444733,0.6140673756599426,0.6592994928359985,-0.044781360775232315,0.6106142997741699,0.6872566342353821,-0.03708785027265549,0.6188356876373291,0.6771005988121033,-0.028505731374025345
YES,0.5941700339317322,0.7285652756690979,-3.525410932070372e-7,0.5510783195495605,0.721087634563446,-0.031211983412504196,0.5129188895225525,0.6989776492118835,-0.053395066410303116,0.5056403279304504,0.6930260062217712,-0.07150476425886154,0.5369192361831665,0.6861458420753479,-0.08421787619590759,0.5321590304374695,0.5338010191917419,-0.028773143887519836,0.5080492496490479,0.5992892384529114,-0.06014079600572586,0.5135922431945801,0.652474582195282,-0.0812082290649414,0.5247379541397095,0.650881826877594,-0.09459591656923294,0.5747811198234558,0.5343292355537415,-0.02729427069425583,0.5472389459609985,0.6162129044532776,-0.051215674728155136,0.545673668384552,0.6657608151435852,-0.05604146793484688,0.5532997846603394,0.6531431078910828,-0.057390615344047546,0.6110111474990845,0.5582033395767212,-0.030719025060534477,0.5834186673164368,0.6395375728607178,-0.04836170747876167,0.5782532095909119,0.6771814823150635,-0.03891768679022789,0.5856395363807678,0.6610341668128967,-0.031082257628440857,0.63987797498703,0.5920873284339905,-0.03871012479066849,0.6158550977706909,0.660349428653717,-0.047920648008584976,0.6109957695007324,0.6894678473472595,-0.04187542572617531,0.6181896924972534,0.6766974925994873,-0.03489619120955467
YES,0.5941353440284729,0.7372143268585205,-4.916826696899079e-7,0.5434321761131287,0.7262274622917175,-0.025138158351182938,0.5006265640258789,0.68617844581604,-0.04264245927333832,0.5131084322929382,0.6663758158683777,-0.05791017785668373,0.5572344660758972,0.661103367805481,-0.06814222782850266,0.5318459272384644,0.5288716554641724,-0.017638228833675385,0.5107176303863525,0.5725699663162231,-0.04904418811202049,0.5156365036964417,0.6330622434616089,-0.07082077115774155,0.5261724591255188,0.6451869606971741,-0.08453492820262909,0.5732908248901367,0.5259788036346436,-0.020330170169472694,0.5490860939025879,0.584844172000885,-0.0457763597369194,0.5450498461723328,0.6489585638046265,-0.051187027245759964,0.5499463081359863,0.6516860723495483,-0.05161558836698532,0.6093223690986633,0.5476122498512268,-0.02847295068204403,0.5867385864257812,0.6085829138755798,-0.047303132712841034,0.5758591294288635,0.6594946980476379,-0.038142506033182144,0.5765331387519836,0.6554328799247742,-0.029544368386268616,0.6407597661018372,0.5809006094932556,-0.04098175838589668,0.6201040744781494,0.6303977966308594,-0.05024953559041023,0.6068060398101807,0.6681549549102783,-0.04339245334267616,0.6049088835716248,0.6666820049285889,-0.035731811076402664
YES,0.5965257883071899,0.7393117547035217,-4.874214027950075e-7,0.5441579818725586,0.7240597009658813,-0.02564048394560814,0.5005565285682678,0.6867111325263977,-0.04452145844697952,0.5106815099716187,0.6677958965301514,-0.06149152293801308,0.5562906265258789,0.663200855255127,-0.07347039133310318,0.5330166816711426,0.5273922681808472,-0.018895238637924194,0.5102326273918152,0.5733332633972168,-0.05016864091157913,0.5151093602180481,0.6320260167121887,-0.07170207798480988,0.5266473889350891,0.6432076692581177,-0.0849929228425026,0.5742135047912598,0.5246297717094421,-0.021533440798521042,0.5497947931289673,0.5869917869567871,-0.047402091324329376,0.5460126996040344,0.6474735140800476,-0.05361969769001007,0.550611138343811,0.6507689952850342,-0.05438976362347603,0.6106604933738708,0.5461417436599731,-0.029405269771814346,0.5865424871444702,0.6121344566345215,-0.04894223064184189,0.57651287317276,0.660047709941864,-0.04135561361908913,0.5769208669662476,0.6552971005439758,-0.033455267548561096,0.6423056125640869,0.5795202255249023,-0.04164082556962967,0.6197757124900818,0.6337730288505554,-0.05093870684504509,0.6063910126686096,0.6702826023101807,-0.04472110792994499,0.6032918095588684,0.6689116954803467,-0.037362657487392426
YES,0.5984522104263306,0.7452940940856934,-4.832353397432598e-7,0.5448637008666992,0.7269431948661804,-0.02180533856153488,0.5002806186676025,0.6716892123222351,-0.034284211695194244,0.5196758508682251,0.6352125406265259,-0.045673537999391556,0.5677633881568909,0.6356109380722046,-0.052385114133358,0.5338711738586426,0.5317089557647705,-0.009014132432639599,0.5097196102142334,0.5493319034576416,-0.03425515815615654,0.5143755674362183,0.605687141418457,-0.05142631754279137,0.5244819521903992,0.6169509291648865,-0.06258321553468704,0.5725285410881042,0.5243434309959412,-0.011788830161094666,0.549322247505188,0.5612072348594666,-0.03242472931742668,0.5466547608375549,0.6176502108573914,-0.035765986889600754,0.5503466129302979,0.6195433139801025,-0.03460380807518959,0.6076129078865051,0.5420125126838684,-0.020047545433044434,0.5854742527008057,0.586685299873352,-0.03765452280640602,0.5761945247650146,0.6336718201637268,-0.03071051836013794,0.576713502407074,0.6299325227737427,-0.0229965690523386,0.6397659778594971,0.5720520615577698,-0.03213418275117874,0.6170746088027954,0.6093142032623291,-0.04099578037858009,0.6046808362007141,0.6445140838623047,-0.03553355112671852,0.602823793888092,0.6463902592658997,-0.028851034119725227
YES,0.5977151393890381,0.7465770244598389,-4.6932953523537435e-7,0.5438522100448608,0.726994514465332,-0.021407082676887512,0.4990265965461731,0.6720811724662781,-0.03393375501036644,0.5187377333641052,0.6374326944351196,-0.045519452542066574,0.5676519274711609,0.6403073668479919,-0.05242970958352089,0.5337679386138916,0.5317064523696899,-0.009372949600219727,0.5091543793678284,0.5507815480232239,-0.03393375501036644,0.5126608610153198,0.6078747510910034,-0.05043014511466026,0.5225141048431396,0.6172611117362976,-0.06151596084237099,0.5725195407867432,0.5250090956687927,-0.012578130699694157,0.5480901002883911,0.5608325004577637,-0.03322802856564522,0.5445734262466431,0.6182133555412292,-0.03625677525997162,0.5489975810050964,0.6200291514396667,-0.03478650748729706,0.6076491475105286,0.5427736043930054,-0.02109832689166069,0.5852301120758057,0.5855276584625244,-0.038285743445158005,0.5755264759063721,0.6338527202606201,-0.030699165537953377,0.5768106579780579,0.6311509013175964,-0.022480376064777374,0.6400704383850098,0.5732225775718689,-0.03349267318844795,0.6176212430000305,0.6073343753814697,-0.04193200543522835,0.60499507188797,0.6421902179718018,-0.035962723195552826,0.6034478545188904,0.645077645778656,-0.028934847563505173
YES,0.6031410694122314,0.7411724925041199,-4.4888525962960557e-7,0.551125168800354,0.7296639680862427,-0.022834857925772667,0.5009835362434387,0.6656947135925293,-0.031056588515639305,0.5144879817962646,0.6097084283828735,-0.03896833956241608,0.5595296621322632,0.6007733345031738,-0.04106436297297478,0.5229485034942627,0.5610604286193848,-0.0012343664420768619,0.5104647874832153,0.5354238748550415,-0.028517739847302437,0.516714870929718,0.595704197883606,-0.041448142379522324,0.524734377861023,0.606608510017395,-0.048739951103925705,0.5596678256988525,0.5474106073379517,-0.002828525844961405,0.5494667291641235,0.5342966914176941,-0.03182414546608925,0.5502309203147888,0.6037967801094055,-0.031971752643585205,0.5547052025794983,0.6075539588928223,-0.024340450763702393,0.5944859385490417,0.5520329475402832,-0.011646219529211521,0.5862998962402344,0.5523924827575684,-0.037757959216833115,0.5806700587272644,0.6165072917938232,-0.026894057169556618,0.5814914703369141,0.6169683337211609,-0.013011588715016842,0.6311591267585754,0.5672286152839661,-0.024163324385881424,0.618152916431427,0.5815129280090332,-0.037994131445884705,0.6079649925231934,0.6269603967666626,-0.032414574176073074,0.6062654852867126,0.6287299394607544,-0.024724232032895088
YES,0.60398268699646,0.7422956228256226,-4.884478812527959e-7,0.5506867170333862,0.7291725873947144,-0.020258339121937752,0.5008407235145569,0.6645134091377258,-0.027346469461917877,0.5134678483009338,0.6102768182754517,-0.03481568396091461,0.5601021647453308,0.6039547920227051,-0.03707169368863106,0.5239449739456177,0.5573365688323975,-0.00031248756567947567,0.5099049210548401,0.5342661142349243,-0.02606603503227234,0.5160863399505615,0.595169723033905,-0.038138724863529205,0.524748682975769,0.6091586351394653,-0.04469333961606026,0.5595879554748535,0.5437065958976746,-0.002985780593007803,0.5480812191963196,0.5319816470146179,-0.02966345101594925,0.5485945343971252,0.6018984317779541,-0.029343342408537865,0.5543268918991089,0.6081100106239319,-0.021813156083226204,0.5947986841201782,0.5493192672729492,-0.012484258972108364,0.5861914157867432,0.5491971373558044,-0.03664487972855568,0.5794590711593628,0.6129825711250305,-0.026797711849212646,0.5802474617958069,0.6176953911781311,-0.013818047009408474,0.6315885782241821,0.566126823425293,-0.02542581595480442,0.6183737516403198,0.5743075013160706,-0.0371631495654583,0.6060138940811157,0.6195825934410095,-0.030913401395082474,0.6028132438659668,0.6286661624908447,-0.02289542742073536
YES,0.6039479970932007,0.7432448863983154,-4.942477289660019e-7,0.5506473183631897,0.728975772857666,-0.020155783742666245,0.5010020732879639,0.6637061834335327,-0.027182569727301598,0.5146744251251221,0.609166145324707,-0.03461000695824623,0.5616499781608582,0.6044267416000366,-0.036828991025686264,0.5234144330024719,0.5565024018287659,-0.00011641484888968989,0.5099433064460754,0.5342229008674622,-0.02553373947739601,0.5162113308906555,0.5951990485191345,-0.037691932171583176,0.5244491100311279,0.6086133718490601,-0.04453380033373833,0.5588344931602478,0.5423160791397095,-0.0028777464758604765,0.5481855273246765,0.5327741503715515,-0.029232047498226166,0.548905611038208,0.6019287705421448,-0.02913958951830864,0.5538597106933594,0.6073323488235474,-0.022051166743040085,0.5940749049186707,0.5480062961578369,-0.01242785807698965,0.5864885449409485,0.5500035285949707,-0.0359044149518013,0.5795871019363403,0.6129184365272522,-0.02635044977068901,0.5796123743057251,0.616621196269989,-0.013930294662714005,0.6309210062026978,0.5647303462028503,-0.025502920150756836,0.6179888248443604,0.5757862329483032,-0.03670571371912956,0.6057476997375488,0.6203904747962952,-0.0307575985789299,0.6022301316261292,0.6284276843070984,-0.023222297430038452
YES,0.6040400862693787,0.7430412769317627,-4.944075158164196e-7,0.5506028532981873,0.7287428975105286,-0.020378587767481804,0.5010974407196045,0.6640726923942566,-0.027604710310697556,0.5148161053657532,0.6094152331352234,-0.035248614847660065,0.5617644786834717,0.6045470237731934,-0.037631530314683914,0.5231828689575195,0.5562596321105957,-0.00033485604217275977,0.5100110173225403,0.534167468547821,-0.025794310495257378,0.5162619352340698,0.5950095653533936,-0.038095735013484955,0.5244124531745911,0.6087989211082458,-0.04505880922079086,0.5587394833564758,0.5419688820838928,-0.003001857316121459,0.5484979748725891,0.5330420732498169,-0.029430581256747246,0.5490019917488098,0.601763904094696,-0.029631737619638443,0.553601861000061,0.6073386073112488,-0.022776979953050613,0.5941300988197327,0.5476373434066772,-0.012440687045454979,0.5867463946342468,0.5506623387336731,-0.03589849919080734,0.5796948671340942,0.6126720905303955,-0.026707245036959648,0.5791258215904236,0.6164966821670532,-0.014591502957046032,0.6309226155281067,0.5643345713615417,-0.025422947481274605,0.6181484460830688,0.5763365030288696,-0.03657933324575424,0.605903685092926,0.6203064322471619,-0.0308696161955595,0.6021007895469666,0.628080427646637,-0.02353518083691597
YES,0.611182451248169,0.7396630644798279,-4.692300024089491e-7,0.556340754032135,0.7273994088172913,-0.01374379824846983,0.5033994913101196,0.6660090684890747,-0.019196458160877228,0.5104007720947266,0.5968286395072937,-0.02680697850883007,0.554485559463501,0.5769099593162537,-0.030163655057549477,0.5181276202201843,0.5899226665496826,0.002652854658663273,0.5012027025222778,0.5337550640106201,-0.02244485169649124,0.5114091634750366,0.5890932083129883,-0.033473920077085495,0.5238012075424194,0.6153543591499329,-0.03721730783581734,0.5519091486930847,0.5774165987968445,-0.0006931839743629098,0.537324070930481,0.5291274785995483,-0.0273019727319479,0.5454388856887817,0.5951326489448547,-0.027642281726002693,0.5559594035148621,0.6191242933273315,-0.019150052219629288,0.5846460461616516,0.5729371309280396,-0.009575026109814644,0.5729486346244812,0.5371357202529907,-0.03489702567458153,0.5748834609985352,0.6019519567489624,-0.025136377662420273,0.5816056132316589,0.6283338665962219,-0.009837991558015347,0.6207050085067749,0.575655996799469,-0.020542221143841743,0.6044610738754272,0.545729398727417,-0.03344298526644707,0.5996910333633423,0.5905105471611023,-0.025476686656475067,0.6030791997909546,0.6159148812294006,-0.014842064119875431
YES,0.6117083430290222,0.7413053512573242,-4.856763098359806e-7,0.5558711290359497,0.7275122404098511,-0.012862293981015682,0.5051619410514832,0.667275071144104,-0.019668864086270332,0.5103968381881714,0.599153995513916,-0.029315587133169174,0.5534661412239075,0.5842298865318298,-0.03496324270963669,0.5168362855911255,0.5851079225540161,0.002454527420923114,0.499932199716568,0.5317651629447937,-0.024630965664982796,0.5121592879295349,0.5869535803794861,-0.038260430097579956,0.5258563160896301,0.6175440549850464,-0.04322253167629242,0.5500827431678772,0.5744957327842712,-0.002415760885924101,0.5351184606552124,0.529198169708252,-0.02985423244535923,0.5447002649307251,0.5948384404182434,-0.031780313700437546,0.5561190247535706,0.6214933395385742,-0.02454935573041439,0.5833994150161743,0.5722309350967407,-0.012797003611922264,0.5720556378364563,0.5354228615760803,-0.037803396582603455,0.5750522613525391,0.600283145904541,-0.028662677854299545,0.5823495984077454,0.6305928826332092,-0.013955916278064251,0.619592010974884,0.5773930549621582,-0.025283876806497574,0.6044986844062805,0.5449268817901611,-0.03551821783185005,0.59942227602005,0.5896270871162415,-0.026116332039237022,0.6025218963623047,0.6174244284629822,-0.014967923983931541
YES,0.613199770450592,0.7436084747314453,-4.958062049809087e-7,0.5551097989082336,0.7286921739578247,-0.01058187149465084,0.5021904706954956,0.6688358783721924,-0.015997396782040596,0.5068577527999878,0.5990442633628845,-0.02478516660630703,0.5500456690788269,0.579198956489563,-0.029718942940235138,0.5114231109619141,0.5979095697402954,0.0036650318652391434,0.4922599792480469,0.5403196215629578,-0.022509317845106125,0.5028185844421387,0.5961857438087463,-0.034386929124593735,0.5155388712882996,0.6241610050201416,-0.038407038897275925,0.5431948900222778,0.5843877196311951,-0.0018439367413520813,0.5257834792137146,0.5362461805343628,-0.028871729969978333,0.5364771485328674,0.6016851663589478,-0.029469763860106468,0.549344003200531,0.6246523857116699,-0.021495983004570007,0.5757694244384766,0.577777087688446,-0.012558704242110252,0.5613471269607544,0.5376275777816772,-0.03747676685452461,0.5667160153388977,0.6024885177612305,-0.027094241231679916,0.5760119557380676,0.6317902207374573,-0.011620123870670795,0.6116192936897278,0.5780177712440491,-0.02516724355518818,0.5936746597290039,0.5427446961402893,-0.03604813292622566,0.5910239815711975,0.5877516269683838,-0.026429761201143265,0.5968497395515442,0.6160341501235962,-0.01500898040831089
YES,0.6156388521194458,0.7438192963600159,-4.811911935576063e-7,0.553784191608429,0.7269092798233032,-0.011405508033931255,0.502129077911377,0.6628068089485168,-0.016935961320996284,0.5092546939849854,0.5920437574386597,-0.026341093704104424,0.5514432787895203,0.5789623260498047,-0.03192197158932686,0.5119366645812988,0.5980948805809021,0.007173619233071804,0.49392014741897583,0.5408109426498413,-0.020642541348934174,0.5049563050270081,0.5955972671508789,-0.034897323697805405,0.5175157785415649,0.6261897683143616,-0.03994029015302658,0.5434948801994324,0.5855585336685181,0.001584331737831235,0.52792888879776,0.5363409519195557,-0.027248824015259743,0.537933886051178,0.6017703413963318,-0.030375463888049126,0.5499796271324158,0.6281022429466248,-0.023416172713041306,0.5760005712509155,0.5791070461273193,-0.009716114029288292,0.5641101002693176,0.5364906191825867,-0.035670578479766846,0.5688735842704773,0.6022177934646606,-0.027047108858823776,0.5784355998039246,0.6345056891441345,-0.012002258561551571,0.612021803855896,0.5780498385429382,-0.023180833086371422,0.5962119698524475,0.5406877994537354,-0.033249955624341965,0.5926473140716553,0.5856513977050781,-0.02373555861413479,0.5983107089996338,0.6153460741043091,-0.01222919300198555
YES,0.6161366701126099,0.7452349662780762,-4.634125616576057e-7,0.5535818934440613,0.7260816097259521,-0.01144152507185936,0.5021045207977295,0.6621327996253967,-0.01738572306931019,0.5091679692268372,0.5917661786079407,-0.027334872633218765,0.5510329604148865,0.5768515467643738,-0.03340554237365723,0.5105410814285278,0.598068356513977,0.007638925686478615,0.49335911870002747,0.5424154996871948,-0.020808905363082886,0.5045299530029297,0.5987538695335388,-0.035445958375930786,0.5171043872833252,0.6286449432373047,-0.040740933269262314,0.5419596433639526,0.5849263668060303,0.0017136993119493127,0.5270258784294128,0.5363801121711731,-0.02701447904109955,0.5369821786880493,0.6024805903434753,-0.029813729226589203,0.5491301417350769,0.6264781951904297,-0.022798733785748482,0.575273334980011,0.5786728858947754,-0.010109351016581059,0.5635799169540405,0.5360866785049438,-0.03585067391395569,0.5678879022598267,0.6017333269119263,-0.02686270885169506,0.5772088170051575,0.6322537660598755,-0.011837804690003395,0.6116431951522827,0.5785295963287354,-0.024147771298885345,0.596063494682312,0.541812002658844,-0.03391142934560776,0.5922101736068726,0.5874629020690918,-0.024063458666205406,0.5977240800857544,0.6160277724266052,-0.012453303672373295
YES,0.6164378523826599,0.7458010315895081,-4.5911306756352133e-7,0.5535706877708435,0.7264321446418762,-0.01114574447274208,0.5022369623184204,0.6625576019287109,-0.017132986336946487,0.5090941190719604,0.5923723578453064,-0.027179377153515816,0.5506149530410767,0.5775926113128662,-0.033437229692935944,0.5102927088737488,0.5985132455825806,0.007560162805020809,0.49287480115890503,0.5429514050483704,-0.020752394571900368,0.5043937563896179,0.5989725589752197,-0.03551754355430603,0.5171794891357422,0.6294975280761719,-0.04086208716034889,0.5415979623794556,0.5850426554679871,0.0015443789307028055,0.5267418622970581,0.5363630056381226,-0.02677346207201481,0.5368221402168274,0.6018925309181213,-0.029564127326011658,0.5491194725036621,0.6267085671424866,-0.022646663710474968,0.5749479532241821,0.5787116885185242,-0.01029163133352995,0.5631616711616516,0.5358152985572815,-0.0356866754591465,0.5676320195198059,0.6010559797286987,-0.026858029887080193,0.5772362947463989,0.6326814293861389,-0.012025224976241589,0.6112977266311646,0.5785614252090454,-0.0243210606276989,0.5958232283592224,0.5414289832115173,-0.033927712589502335,0.5918021202087402,0.5870286822319031,-0.02413501776754856,0.5971896052360535,0.6167049407958984,-0.012574901804327965
YES,0.6080981492996216,0.7504822611808777,-4.232955745919753e-7,0.544386625289917,0.7304609417915344,-0.00829604733735323,0.49439650774002075,0.6727755069732666,-0.014243596233427525,0.5013108849525452,0.604962170124054,-0.024485420435667038,0.5413534641265869,0.5790104269981384,-0.03194634988903999,0.4995158612728119,0.6189014911651611,0.004718191456049681,0.47867536544799805,0.5611993670463562,-0.020975390449166298,0.4926804006099701,0.6083846688270569,-0.03547333925962448,0.5078955888748169,0.6395590901374817,-0.04110294580459595,0.5306123495101929,0.602261483669281,-0.0017931669717654586,0.5124605894088745,0.5481218099594116,-0.028843281790614128,0.5254670977592468,0.6060267686843872,-0.03396419435739517,0.5401608347892761,0.6415563225746155,-0.029182417318224907,0.5636942982673645,0.5909621119499207,-0.012768366374075413,0.5487910509109497,0.5448644161224365,-0.03669421374797821,0.5569524765014648,0.6052619814872742,-0.030250687152147293,0.568661093711853,0.6475356817245483,-0.017363622784614563,0.5997962951660156,0.5858484506607056,-0.025384124368429184,0.5812859535217285,0.5473528504371643,-0.03655856475234032,0.5806742906570435,0.5898070335388184,-0.028588933870196342,0.5882121920585632,0.6261693239212036,-0.018194498494267464
YES,0.6103400588035583,0.7488774061203003,-4.2504061070758326e-7,0.544913113117218,0.7282227277755737,-0.008442182093858719,0.4957062900066376,0.6699737310409546,-0.015082146972417831,0.5043581128120422,0.6025987267494202,-0.026260875165462494,0.5449376106262207,0.5793118476867676,-0.034516192972660065,0.5016583204269409,0.617737889289856,0.004704865626990795,0.4813805818557739,0.5629671216011047,-0.021709654480218887,0.4956445097923279,0.6107181310653687,-0.03710739687085152,0.5108842849731445,0.6425154805183411,-0.04302066192030907,0.5323137640953064,0.6024879217147827,-0.001882153912447393,0.5145431160926819,0.5495311617851257,-0.02963276579976082,0.5284263491630554,0.608185350894928,-0.03514738008379936,0.5445176362991333,0.6433393955230713,-0.030081242322921753,0.5649347305297852,0.591977596282959,-0.012997553683817387,0.5503400564193726,0.5438430309295654,-0.036343324929475784,0.5585005283355713,0.6041983366012573,-0.02979886531829834,0.5722708702087402,0.6470486521720886,-0.0163943599909544,0.6005395650863647,0.5871601700782776,-0.02589544840157032,0.581544041633606,0.543990969657898,-0.035080939531326294,0.5798487663269043,0.5843057632446289,-0.02629409357905388,0.5882405042648315,0.6211007833480835,-0.015231640078127384
YES,0.6095878481864929,0.7531703114509583,-4.120398102713807e-7,0.5424378514289856,0.7315734028816223,-0.007576238829642534,0.49182483553886414,0.6756959557533264,-0.012179471552371979,0.4974883496761322,0.6075183153152466,-0.021763721480965614,0.5365375280380249,0.5818055868148804,-0.02851458080112934,0.4999294877052307,0.6311818361282349,0.01056977640837431,0.4757734537124634,0.5753098726272583,-0.015119626186788082,0.4929892122745514,0.6198760271072388,-0.030042145401239395,0.5085611343383789,0.648796796798706,-0.03580747917294502,0.5289126634597778,0.6129598021507263,0.0037778536789119244,0.5074769854545593,0.5612157583236694,-0.023242009803652763,0.5239965319633484,0.6160781383514404,-0.02881023660302162,0.539466917514801,0.648192286491394,-0.024030432105064392,0.560639500617981,0.5998759865760803,-0.008032044395804405,0.5421535968780518,0.5546228885650635,-0.03248954191803932,0.5530602335929871,0.6127487421035767,-0.0267734844237566,0.5664307475090027,0.6537386775016785,-0.013789165765047073,0.5959895253181458,0.5921276807785034,-0.021533764898777008,0.5747460722923279,0.553793728351593,-0.032850898802280426,0.5744404196739197,0.5962382555007935,-0.025295192375779152,0.5826578140258789,0.6338610649108887,-0.014832180924713612
YES,0.6093376874923706,0.749350368976593,-4.251189977821923e-7,0.5442548990249634,0.7312872409820557,-0.009602597914636135,0.4934675991535187,0.6755763292312622,-0.015155120752751827,0.49981316924095154,0.6074148416519165,-0.025296641513705254,0.5401319861412048,0.5817810893058777,-0.03192700445652008,0.498759001493454,0.62869793176651,0.0087452232837677,0.4754997789859772,0.5750277638435364,-0.018258001655340195,0.493664026260376,0.6244259476661682,-0.03290686383843422,0.5086132287979126,0.6519917845726013,-0.038018450140953064,0.5283980965614319,0.610833466053009,0.002635407028719783,0.5073103308677673,0.5593327879905701,-0.025247648358345032,0.5243709683418274,0.6191720962524414,-0.02918340638279915,0.5399256348609924,0.6466452479362488,-0.022651026025414467,0.560448169708252,0.5987583994865417,-0.008875871077179909,0.5435049533843994,0.5528539419174194,-0.03393571451306343,0.5551280975341797,0.6149209141731262,-0.026145849376916885,0.5691335797309875,0.652061402797699,-0.011186700314283371,0.59584641456604,0.5920405983924866,-0.022308075800538063,0.5758532881736755,0.5513662695884705,-0.032318949699401855,0.5765871405601501,0.5938341021537781,-0.022912321612238884,0.5860068202018738,0.6275869607925415,-0.011064217425882816
YES,0.6095908284187317,0.7558804750442505,-4.184106785487529e-7,0.5408903360366821,0.7350116968154907,-0.008027421310544014,0.4895366430282593,0.6794338226318359,-0.012029006145894527,0.4929848909378052,0.6107043027877808,-0.021309450268745422,0.5322673916816711,0.586758017539978,-0.027647314593195915,0.49791592359542847,0.638835072517395,0.014664392918348312,0.475063681602478,0.5859530568122864,-0.010525381192564964,0.49338188767433167,0.6304269433021545,-0.025335287675261497,0.5088393092155457,0.6579204797744751,-0.030800076201558113,0.5264074802398682,0.6200040578842163,0.008269941434264183,0.5063204169273376,0.5707195401191711,-0.01862555742263794,0.5240587592124939,0.6263035535812378,-0.02467239834368229,0.5394578576087952,0.6568344831466675,-0.01978965662419796,0.5574476718902588,0.6055214405059814,-0.0035205865278840065,0.5392569303512573,0.5612649321556091,-0.028180858120322227,0.5509743094444275,0.6197957396507263,-0.02344362810254097,0.5646110773086548,0.6598672866821289,-0.010501128621399403,0.5917448997497559,0.595699667930603,-0.017024924978613853,0.570168137550354,0.5561969876289368,-0.02706526406109333,0.5704578161239624,0.5979187488555908,-0.019207607954740524,0.5789800882339478,0.6350897550582886,-0.00841545406728983
YES,0.6082596182823181,0.7514681220054626,-3.802618095960497e-7,0.5417779684066772,0.734157383441925,-0.009311258792877197,0.49106884002685547,0.6818423271179199,-0.015032635070383549,0.4934505820274353,0.6128637194633484,-0.025321494787931442,0.5341846346855164,0.588996171951294,-0.0325813926756382,0.49712085723876953,0.6365873217582703,0.01050521619617939,0.47521355748176575,0.584165632724762,-0.014287413097918034,0.4934763014316559,0.6269603371620178,-0.02966461330652237,0.5085383653640747,0.6552308797836304,-0.035834722220897675,0.5262758731842041,0.6173809766769409,0.005000194068998098,0.5070297718048096,0.5673587322235107,-0.020577723160386086,0.5244697332382202,0.6200536489486694,-0.02663564868271351,0.5396878123283386,0.65203857421875,-0.02254895307123661,0.5573968291282654,0.6039794683456421,-0.005597172304987907,0.540528416633606,0.5591371059417725,-0.02819019742310047,0.5518749356269836,0.6152880191802979,-0.023398341611027718,0.5656281113624573,0.6569894552230835,-0.011378646828234196,0.5916818976402283,0.5959609150886536,-0.01807762309908867,0.5723491907119751,0.5557435750961304,-0.026924122124910355,0.5726026296615601,0.5937805771827698,-0.01956806890666485,0.5812068581581116,0.6303178071975708,-0.009792046621441841
YES,0.6091834902763367,0.7523431181907654,-3.7572937117147376e-7,0.5416274070739746,0.7333223223686218,-0.008951233699917793,0.49082645773887634,0.6796013712882996,-0.01422550342977047,0.4938358664512634,0.6112421154975891,-0.024196796119213104,0.5342901945114136,0.5895596742630005,-0.031171169131994247,0.497294157743454,0.6362499594688416,0.01201141718775034,0.47571390867233276,0.5851542949676514,-0.012541214935481548,0.49369382858276367,0.6276216506958008,-0.02805563248693943,0.5086547136306763,0.655592143535614,-0.034286703914403915,0.5265334248542786,0.6173968315124512,0.006219209637492895,0.5077811479568481,0.5679225921630859,-0.019183475524187088,0.5245552062988281,0.6207787394523621,-0.02563595212996006,0.5396320223808289,0.652984082698822,-0.02166641317307949,0.5577336549758911,0.6040778160095215,-0.00470888614654541,0.5410065054893494,0.5602421760559082,-0.027138369157910347,0.5516858100891113,0.6157430410385132,-0.02288416028022766,0.5654633641242981,0.6566945910453796,-0.011094152927398682,0.5917778015136719,0.5960264205932617,-0.017491281032562256,0.5722319483757019,0.5552695393562317,-0.02607876993715763,0.5725627541542053,0.5932884812355042,-0.018629953265190125,0.5816380977630615,0.6297810673713684,-0.008682380430400372
YES,0.6087466478347778,0.7519121170043945,-3.8125122614474094e-7,0.5412020087242126,0.7335107326507568,-0.009136082604527473,0.49058797955513,0.679993212223053,-0.01443247590214014,0.4935990571975708,0.6111697554588318,-0.024447331205010414,0.5338711142539978,0.5894967317581177,-0.03143002465367317,0.49729347229003906,0.636137843132019,0.012413671240210533,0.47537973523139954,0.5849605798721313,-0.012176165357232094,0.4939280152320862,0.6281101107597351,-0.027598252519965172,0.5091400146484375,0.656035304069519,-0.03372591733932495,0.5264809727668762,0.6173250079154968,0.006689765490591526,0.5071783661842346,0.5678357481956482,-0.018858013674616814,0.5244314670562744,0.6216633319854736,-0.02522318623960018,0.5396970510482788,0.6537238359451294,-0.021058907732367516,0.5576984882354736,0.6041558980941772,-0.004251366015523672,0.5402612090110779,0.5596166253089905,-0.026949066668748856,0.5512347221374512,0.6155932545661926,-0.0226106159389019,0.5651251077651978,0.6564971208572388,-0.01063237339258194,0.5920649170875549,0.5961058139801025,-0.017052965238690376,0.5717223882675171,0.5557921528816223,-0.025809038430452347,0.5716002583503723,0.5943703651428223,-0.01841466687619686,0.5804815292358398,0.6309662461280823,-0.008407728746533394
YES,0.6049951314926147,0.7526582479476929,-4.131111950300692e-7,0.5393930077552795,0.7374096512794495,-0.008144236169755459,0.4893588423728943,0.6861616969108582,-0.013007057830691338,0.4900098145008087,0.6169158816337585,-0.022851305082440376,0.5292999744415283,0.591648280620575,-0.029872745275497437,0.4968714416027069,0.6415149569511414,0.012081936001777649,0.47248774766921997,0.5915698409080505,-0.012706589885056019,0.49039727449417114,0.6348040103912354,-0.026899702847003937,0.5061675906181335,0.6604923605918884,-0.031944386661052704,0.5245481133460999,0.6224698424339294,0.0058986409567296505,0.5029636025428772,0.5764452219009399,-0.0208112932741642,0.5215656757354736,0.6306077241897583,-0.02631458267569542,0.5382053852081299,0.6600558161735535,-0.02106431871652603,0.5545897483825684,0.6083422899246216,-0.005368870683014393,0.5353987216949463,0.5668555498123169,-0.030268095433712006,0.5481761693954468,0.6238871812820435,-0.02528666891157627,0.5632365345954895,0.6629064679145813,-0.012058215215802193,0.5878651738166809,0.5990562438964844,-0.018201975151896477,0.5652849674224854,0.5605708360671997,-0.028623435646295547,0.5662600994110107,0.6013602614402771,-0.02079547755420208,0.5763068795204163,0.6381781697273254,-0.009891689755022526
YES,0.6042842864990234,0.7511797547340393,-3.7626051607730915e-7,0.5394161343574524,0.7362578511238098,-0.0077435472048819065,0.49029529094696045,0.6861857175827026,-0.013327724300324917,0.49203893542289734,0.6176325082778931,-0.023389305919408798,0.5318798422813416,0.5919304490089417,-0.030896790325641632,0.4978891909122467,0.6391132473945618,0.010262812487781048,0.4741916060447693,0.5917154550552368,-0.013327724300324917,0.49141213297843933,0.6303131580352783,-0.028714202344417572,0.5077946186065674,0.6580140590667725,-0.03498334437608719,0.5259101986885071,0.6202566623687744,0.004430965520441532,0.5040585994720459,0.5745951533317566,-0.0200148057192564,0.5212838053703308,0.6229515075683594,-0.026918597519397736,0.5385619401931763,0.6558331251144409,-0.02368341013789177,0.5555871725082397,0.6067714691162109,-0.005955682136118412,0.5362221598625183,0.5647105574607849,-0.027692563831806183,0.5479140877723694,0.6176166534423828,-0.023729851469397545,0.5632975697517395,0.6592643857002258,-0.012460880912840366,0.5889126658439636,0.5983484387397766,-0.017956051975488663,0.5662059187889099,0.5616792440414429,-0.026887638494372368,0.5675367712974548,0.5990980863571167,-0.019767137244343758,0.5781693458557129,0.6353556513786316,-0.010115758515894413
YES,0.6034327745437622,0.7518905401229858,-3.8954254932832555e-7,0.539339542388916,0.7394589185714722,-0.00955816637724638,0.48761889338493347,0.6912983655929565,-0.014447681605815887,0.4859665632247925,0.6220795512199402,-0.023579346016049385,0.5267419219017029,0.5951306223869324,-0.029702667146921158,0.49708688259124756,0.6436789631843567,0.012787379324436188,0.47364291548728943,0.5999342203140259,-0.011066146194934845,0.49056655168533325,0.6394884586334229,-0.0254681333899498,0.506666362285614,0.6620940566062927,-0.03076891601085663,0.524472177028656,0.6243863701820374,0.00804256834089756,0.5031765699386597,0.5823429822921753,-0.01774543896317482,0.5209641456604004,0.6333041191101074,-0.023625042289495468,0.5379371643066406,0.6613078713417053,-0.01865936815738678,0.5533397793769836,0.6106736063957214,-0.001885928912088275,0.5341482758522034,0.5717120170593262,-0.02606218494474888,0.5467315316200256,0.6252401471138,-0.02181241847574711,0.5623432397842407,0.6621984243392944,-0.009085969999432564,0.586063802242279,0.6015011668205261,-0.01350328978151083,0.563981831073761,0.5647979378700256,-0.023579346016049385,0.5655725598335266,0.6027554273605347,-0.016496403142809868,0.5764162540435791,0.6369816660881042,-0.00613855104893446
YES,0.6032401919364929,0.7489351630210876,-3.3298087487310113e-7,0.5390368700027466,0.7388664484024048,-0.0101896608248353,0.4881361722946167,0.6909544467926025,-0.015277053229510784,0.4888683259487152,0.6218172311782837,-0.02430643141269684,0.529926598072052,0.5951434969902039,-0.03055410645902157,0.4979470372200012,0.6469122767448425,0.01332093682140112,0.4742494225502014,0.6025300621986389,-0.009155819192528725,0.49174314737319946,0.6349710822105408,-0.02455931529402733,0.5088329315185547,0.6576272249221802,-0.03097061812877655,0.5242990255355835,0.6256389617919922,0.009282260201871395,0.5031847357749939,0.5820255279541016,-0.01505392137914896,0.5208843946456909,0.6271114349365234,-0.02274451218545437,0.5385256409645081,0.6583987474441528,-0.019620675593614578,0.5519853234291077,0.6104791164398193,0.00016688357573002577,0.5330016016960144,0.5692914128303528,-0.02185198850929737,0.5453930497169495,0.6197630763053894,-0.019204163923859596,0.561598539352417,0.6600679159164429,-0.008315358310937881,0.5841152667999268,0.6004636287689209,-0.010866492055356503,0.5631626844406128,0.5652530789375305,-0.020528074353933334,0.5650261640548706,0.6008173823356628,-0.015039047226309776,0.5757762789726257,0.6359434723854065,-0.006240237504243851
YES,0.6022086143493652,0.7486073970794678,-3.4292557415938063e-7,0.5387570261955261,0.7392732501029968,-0.010842961259186268,0.4876754879951477,0.691260576248169,-0.01615498960018158,0.48756861686706543,0.6223735213279724,-0.025202952325344086,0.5280068516731262,0.5945314168930054,-0.03137599676847458,0.4983951449394226,0.6465892791748047,0.011930175125598907,0.474753737449646,0.6029042601585388,-0.010755399242043495,0.49189722537994385,0.6372871398925781,-0.02568453550338745,0.507340133190155,0.6594911217689514,-0.03184298798441887,0.5244985818862915,0.6251757144927979,0.008011824451386929,0.5030569434165955,0.5824166536331177,-0.016300924122333527,0.5208275318145752,0.6292245388031006,-0.023174459114670753,0.5375687479972839,0.6589755415916443,-0.019511492922902107,0.5524961948394775,0.6101323962211609,-0.0010197198716923594,0.532355546951294,0.570152223110199,-0.023495513945817947,0.5451692342758179,0.6214987635612488,-0.020226573571562767,0.5610949397087097,0.6610583066940308,-0.008836355991661549,0.5846351981163025,0.6003589630126953,-0.011952065862715244,0.5629425644874573,0.5656104683876038,-0.0222842525690794,0.5646196007728577,0.6018054485321045,-0.016607386991381645,0.5753716826438904,0.6367867588996887,-0.007522942498326302
YES,0.6019238233566284,0.7477657794952393,-3.3891427619892056e-7,0.5388086438179016,0.7391322255134583,-0.011445141397416592,0.48741304874420166,0.6912955641746521,-0.01687869243323803,0.4873485863208771,0.6224236488342285,-0.025838270783424377,0.5273210406303406,0.5941678881645203,-0.031878761947155,0.49765270948410034,0.6453642249107361,0.011163347400724888,0.474751353263855,0.6025517582893372,-0.01184254139661789,0.49188846349716187,0.636844277381897,-0.027023248374462128,0.5072925686836243,0.6590426564216614,-0.03332385793328285,0.52375727891922,0.6236953139305115,0.007593966089189053,0.5034079551696777,0.5820432901382446,-0.016936495900154114,0.5215011239051819,0.6293056607246399,-0.023844042792916298,0.537928581237793,0.6592312455177307,-0.020274663344025612,0.5517436861991882,0.6086245775222778,-0.0011271729599684477,0.5328272581100464,0.5692328810691833,-0.023829590529203415,0.5458406209945679,0.6210898160934448,-0.020419171079993248,0.5617046356201172,0.6610152125358582,-0.008966805413365364,0.5835132598876953,0.5991396307945251,-0.011813638731837273,0.5632858276367188,0.5649389624595642,-0.022557910531759262,0.5651448965072632,0.6011105179786682,-0.017023202031850815,0.5754170417785645,0.6360353827476501,-0.007976915687322617
YES,0.6003108620643616,0.750036895275116,-3.5515307672540075e-7,0.5377739071846008,0.7432659864425659,-0.009814543649554253,0.48642587661743164,0.6956772208213806,-0.014008423313498497,0.48436570167541504,0.6259874105453491,-0.022079121321439743,0.5229073762893677,0.595711886882782,-0.027656547725200653,0.4993641972541809,0.6509522795677185,0.013770625926554203,0.47547703981399536,0.6079840064048767,-0.008265257813036442,0.4913423955440521,0.6421204805374146,-0.022511478513479233,0.5065953731536865,0.6640594005584717,-0.028060082346200943,0.525047779083252,0.6295456886291504,0.009814543649554253,0.5025200843811035,0.5868157148361206,-0.013460769318044186,0.5202111601829529,0.6346805691719055,-0.019629087299108505,0.537473738193512,0.6632128953933716,-0.01547844335436821,0.5525947213172913,0.613930881023407,0.0008187793428078294,0.5314753651618958,0.5738006234169006,-0.02150264009833336,0.5447738766670227,0.6259771585464478,-0.01740964502096176,0.5610617995262146,0.6638255715370178,-0.005328821483999491,0.584220290184021,0.6032194495201111,-0.00988660380244255,0.5615140795707703,0.5685850381851196,-0.020090268924832344,0.5642178654670715,0.6059719324111938,-0.013453562743961811,0.5756851434707642,0.6392708420753479,-0.003566959872841835
YES,0.6006662249565125,0.7481948137283325,-3.421343137688382e-7,0.5381926894187927,0.7428925037384033,-0.011239278130233288,0.4861716032028198,0.6959118247032166,-0.015790022909641266,0.48363327980041504,0.6277453899383545,-0.023833198472857475,0.5224894285202026,0.6005222201347351,-0.02901187352836132,0.4985155761241913,0.6518063545227051,0.012967856600880623,0.47538506984710693,0.6080553531646729,-0.009164986200630665,0.492611289024353,0.6422218680381775,-0.023409873247146606,0.5072692036628723,0.6638630628585815,-0.029040096327662468,0.5236446261405945,0.629548966884613,0.00980702880769968,0.503073513507843,0.5878087282180786,-0.013687508180737495,0.521747350692749,0.634967029094696,-0.019769277423620224,0.5377707481384277,0.6630941033363342,-0.015634804964065552,0.5506350994110107,0.6130666136741638,0.001433131517842412,0.5315718054771423,0.573726236820221,-0.02064414881169796,0.5459311604499817,0.6260180473327637,-0.016283901408314705,0.5615239143371582,0.6645224690437317,-0.004240305628627539,0.5816253423690796,0.6020126342773438,-0.008875714614987373,0.5620641708374023,0.5682550668716431,-0.019134290516376495,0.5653969049453735,0.6050599813461304,-0.012953744269907475,0.575869083404541,0.6386024355888367,-0.0034377516712993383
YES,0.6024794578552246,0.7513171434402466,-2.9100382903379796e-7,0.5376694798469543,0.7443336248397827,-0.010190569795668125,0.486106812953949,0.6974211931228638,-0.014690759591758251,0.4842395782470703,0.6297780275344849,-0.02311364933848381,0.521513044834137,0.5984484553337097,-0.029325177893042564,0.4995536208152771,0.6548697352409363,0.014282291755080223,0.47651025652885437,0.6124547719955444,-0.007303123828023672,0.49216198921203613,0.6384295225143433,-0.022789690643548965,0.508747935295105,0.6586971282958984,-0.029015304520726204,0.5251767039299011,0.6326063275337219,0.010831441730260849,0.5054071545600891,0.5898961424827576,-0.0127047598361969,0.5228523015975952,0.6330740451812744,-0.021507946774363518,0.540986180305481,0.6654108762741089,-0.019141649827361107,0.5514421463012695,0.6164506077766418,0.0025053871795535088,0.5330935120582581,0.5759156942367554,-0.01931067183613777,0.5462121963500977,0.6249145865440369,-0.018183864653110504,0.5638371706008911,0.6670867800712585,-0.008056677877902985,0.5813540816307068,0.6051453351974487,-0.007570741232484579,0.5619068741798401,0.567320704460144,-0.017296504229307175,0.5630970597267151,0.599888026714325,-0.012317420914769173,0.5736942291259766,0.6358763575553894,-0.003609307110309601
YES,0.6030233502388,0.7511280179023743,-3.057279513996036e-7,0.5388556122779846,0.7453868985176086,-0.012072363868355751,0.4864658713340759,0.6983835697174072,-0.017320606857538223,0.4847353994846344,0.6305946707725525,-0.02593166194856167,0.5231596827507019,0.6003240346908569,-0.03174272179603577,0.4970046877861023,0.655056893825531,0.012431157752871513,0.4747113585472107,0.6137293577194214,-0.010580907575786114,0.49195098876953125,0.6435577273368835,-0.026339702308177948,0.5079342722892761,0.6638331413269043,-0.03258694335818291,0.5227394700050354,0.6324478387832642,0.009708544239401817,0.5039021372795105,0.5909098386764526,-0.014998998492956161,0.5229220986366272,0.6365475058555603,-0.022906536236405373,0.5403317213058472,0.6668160557746887,-0.019585933536291122,0.5497773289680481,0.6158223748207092,0.0017798998160287738,0.5321791768074036,0.5763488411903381,-0.02079598419368267,0.5466135740280151,0.6270334720611572,-0.018235178664326668,0.5640432834625244,0.6673431992530823,-0.006926131434738636,0.5806417465209961,0.6044638156890869,-0.008139700628817081,0.561607301235199,0.5682687759399414,-0.018164828419685364,0.5641542673110962,0.602351725101471,-0.012614072300493717,0.5750292539596558,0.6370726227760315,-0.003317086026072502
YES,0.6033952832221985,0.751788854598999,-3.114649871349684e-7,0.5398719906806946,0.7447903156280518,-0.013352960348129272,0.4870038628578186,0.6944502592086792,-0.019930215552449226,0.488119512796402,0.6249051690101624,-0.02937084436416626,0.5298957824707031,0.5967965126037598,-0.03600480034947395,0.4981110692024231,0.6528498530387878,0.006775706075131893,0.4757459759712219,0.6116240620613098,-0.01699596643447876,0.49286022782325745,0.6433569192886353,-0.03271617367863655,0.5096480846405029,0.6643657088279724,-0.03909497708082199,0.5243335366249084,0.6305259466171265,0.004316323436796665,0.5046167969703674,0.5888676047325134,-0.02129102498292923,0.5228340029716492,0.6365966796875,-0.028449460864067078,0.5418398380279541,0.667506754398346,-0.024494605138897896,0.5516806840896606,0.614523708820343,-0.003152191638946533,0.5337162017822266,0.5759727358818054,-0.02578454092144966,0.5464605689048767,0.6277240514755249,-0.022864464670419693,0.5642973780632019,0.6680651903152466,-0.011396794579923153,0.5826418399810791,0.6034586429595947,-0.012736343778669834,0.564116358757019,0.5662423968315125,-0.02255261316895485,0.5651879906654358,0.6012459993362427,-0.016981789842247963,0.5756210088729858,0.6366681456565857,-0.007831752300262451
YES,0.6053374409675598,0.7531999945640564,-3.0226780722841795e-7,0.5403510332107544,0.7465218305587769,-0.012957241386175156,0.48814156651496887,0.6962931752204895,-0.01899826154112816,0.4887655973434448,0.6267320513725281,-0.02824835292994976,0.5289425849914551,0.5982974171638489,-0.034751877188682556,0.4992993175983429,0.6528601050376892,0.00987625028938055,0.47787466645240784,0.6105548739433289,-0.013540709391236305,0.4950447082519531,0.6408736109733582,-0.029827982187271118,0.5120341181755066,0.6630017757415771,-0.03660189360380173,0.5250462889671326,0.6304861903190613,0.007328916806727648,0.5063207745552063,0.5884155035018921,-0.017987867817282677,0.5253077149391174,0.6343812346458435,-0.026540642604231834,0.5439028739929199,0.6672331690788269,-0.023779846727848053,0.5520424842834473,0.6142444014549255,-0.00034109706757590175,0.5349292755126953,0.5735184550285339,-0.022840607911348343,0.5486355423927307,0.6245326995849609,-0.02081981860101223,0.5664278268814087,0.6672108173370361,-0.010103944689035416,0.5825148820877075,0.6034677028656006,-0.010160868056118488,0.5648136138916016,0.5655303001403809,-0.020250581204891205,0.5665308237075806,0.5990673303604126,-0.01535514835268259,0.5768442749977112,0.6349860429763794,-0.006734776776283979
YES,0.6069825887680054,0.7527046203613281,-3.189181541074504e-7,0.5425384044647217,0.7454850673675537,-0.013405374251306057,0.4901086688041687,0.6938397884368896,-0.020125994458794594,0.49191179871559143,0.6235657334327698,-0.029837537556886673,0.5343729257583618,0.5967361927032471,-0.03663705289363861,0.49997827410697937,0.6520937085151672,0.008241184987127781,0.47696417570114136,0.6083294749259949,-0.015765123069286346,0.49399319291114807,0.6398752927780151,-0.03207535296678543,0.5108126997947693,0.6622095704078674,-0.038788795471191406,0.5265406370162964,0.6298956274986267,0.00560888322070241,0.5067575573921204,0.5865798592567444,-0.020929310470819473,0.5250822305679321,0.6345418095588684,-0.02932111918926239,0.5437653660774231,0.6682233214378357,-0.025806602090597153,0.5543242692947388,0.61343914270401,-0.002101538237184286,0.5362834930419922,0.5731338858604431,-0.024859830737113953,0.5489235520362854,0.6243415474891663,-0.022665051743388176,0.566241979598999,0.6661465764045715,-0.0115620456635952,0.5862376093864441,0.6017575860023499,-0.012013912200927734,0.5671602487564087,0.5654405355453491,-0.022091254591941833,0.568599283695221,0.6006032824516296,-0.01707051508128643,0.5790917873382568,0.636883556842804,-0.008205323480069637
YES,0.6077610850334167,0.7532492280006409,-3.1274450407181575e-7,0.5430245399475098,0.7453761696815491,-0.012587707489728928,0.4909505248069763,0.6938031911849976,-0.018877917900681496,0.4921424984931946,0.6231290698051453,-0.02857198193669319,0.5335961580276489,0.5966796278953552,-0.0353359617292881,0.5008508563041687,0.651190996170044,0.009956460446119308,0.4763619899749756,0.607511579990387,-0.013921553269028664,0.4950021803379059,0.6380027532577515,-0.030233820900321007,0.5130947232246399,0.6591929197311401,-0.03705611079931259,0.527033805847168,0.6289103031158447,0.006720246747136116,0.5059769153594971,0.5853458046913147,-0.019752569496631622,0.5251179933547974,0.631656289100647,-0.02833874151110649,0.5443243384361267,0.6641345620155334,-0.02500048466026783,0.5546352863311768,0.6129196882247925,-0.001663662027567625,0.535584568977356,0.5716407299041748,-0.024461114779114723,0.5488373637199402,0.6222110390663147,-0.022172441706061363,0.5665180683135986,0.663109302520752,-0.011027909815311432,0.5865657925605774,0.6017914414405823,-0.012259713374078274,0.5667537450790405,0.5653836727142334,-0.022099552676081657,0.5682097673416138,0.5999693870544434,-0.017026569694280624,0.5789614319801331,0.6350795030593872,-0.008272754959762096
YES,0.6084222793579102,0.7522796988487244,-3.385768536645628e-7,0.5444008111953735,0.7407917976379395,-0.011969978921115398,0.49384525418281555,0.6889642477035522,-0.01831914484500885,0.49718499183654785,0.6194099187850952,-0.02816292643547058,0.5398022532463074,0.5924756526947021,-0.035078588873147964,0.5025109648704529,0.647211492061615,0.007997153326869011,0.4781288206577301,0.6004218459129333,-0.016479874029755592,0.4956820607185364,0.6358259320259094,-0.03228289633989334,0.5124037265777588,0.6600311398506165,-0.03855112940073013,0.529522180557251,0.6266072988510132,0.004403216298669577,0.5082321763038635,0.5793854594230652,-0.02210068516433239,0.5263128876686096,0.6293424963951111,-0.029325345531105995,0.545073390007019,0.6620082259178162,-0.025087663903832436,0.5583179593086243,0.6115928292274475,-0.0042119319550693035,0.5397875905036926,0.5691591501235962,-0.026985792443156242,0.5523989796638489,0.62298184633255,-0.023263107985258102,0.5698404908180237,0.6645160913467407,-0.011087129823863506,0.590874433517456,0.6013681292533875,-0.014993742108345032,0.5717921853065491,0.5619101524353027,-0.024602098390460014,0.5730900168418884,0.5967333912849426,-0.018584001809358597,0.5843183398246765,0.6318321824073792,-0.009115430526435375
YES,0.6091668009757996,0.7519098520278931,-3.5385716046221205e-7,0.5444531440734863,0.7407012581825256,-0.010379747487604618,0.4936676621437073,0.688909649848938,-0.015405572950839996,0.49524322152137756,0.6192736029624939,-0.02447293885052204,0.536335289478302,0.5944477915763855,-0.03057253360748291,0.5036154389381409,0.645973801612854,0.011535538360476494,0.4782744348049164,0.5977299809455872,-0.011707043275237083,0.4961399435997009,0.6337370276451111,-0.026680124923586845,0.5130698084831238,0.6579857468605042,-0.03263058885931969,0.5307930111885071,0.6257856488227844,0.007095064967870712,0.5090101361274719,0.5780398845672607,-0.018567221239209175,0.527622640132904,0.6276803612709045,-0.02556162141263485,0.5456845760345459,0.6606391072273254,-0.02129637822508812,0.5597141981124878,0.6111261248588562,-0.002412247471511364,0.5395099520683289,0.5672642588615417,-0.02457733266055584,0.5523773431777954,0.6198592782020569,-0.02061036229133606,0.5690624117851257,0.6605179905891418,-0.008567765355110168,0.5924540162086487,0.6013298034667969,-0.013981341384351254,0.5713188648223877,0.5635029673576355,-0.023235123604536057,0.5730035305023193,0.5993719696998596,-0.01698639802634716,0.5842177867889404,0.6345266103744507,-0.0075611090287566185
YES,0.6102675199508667,0.7534957528114319,-3.6081095800000185e-7,0.5447273850440979,0.7376941442489624,-0.007872001267969608,0.49666857719421387,0.6872629523277283,-0.013463680632412434,0.5016593933105469,0.6222071051597595,-0.023585902526974678,0.5391084551811218,0.5936500430107117,-0.031036457046866417,0.5023600459098816,0.6419907212257385,0.008903037756681442,0.48021459579467773,0.5916967391967773,-0.014645233750343323,0.4974772334098816,0.6303629875183105,-0.029772121459245682,0.5127306580543518,0.6593919396400452,-0.035732563585042953,0.5305699110031128,0.6225258708000183,0.003012207103893161,0.5118159651756287,0.57464998960495,-0.021824859082698822,0.5304956436157227,0.6246143579483032,-0.028793761506676674,0.5476723909378052,0.6595311164855957,-0.02536199241876602,0.5607649087905884,0.6080442667007446,-0.00727746170014143,0.5438234210014343,0.5656779408454895,-0.02837231568992138,0.5568907856941223,0.618699848651886,-0.024067552760243416,0.5729565024375916,0.6618717908859253,-0.012560583651065826,0.5937343835830688,0.5990065932273865,-0.019311239942908287,0.5751768350601196,0.5592711567878723,-0.027905719354748726,0.576319694519043,0.5936087965965271,-0.02068093791604042,0.5857135653495789,0.6303163766860962,-0.01081459503620863
YES,0.6117191314697266,0.7550984025001526,-3.587019818951376e-7,0.5451011061668396,0.7388173341751099,-0.009372428990900517,0.4960966110229492,0.686174213886261,-0.015195626765489578,0.5023206472396851,0.6170349717140198,-0.025259464979171753,0.5428457856178284,0.58995521068573,-0.03241938352584839,0.5019528865814209,0.6436386704444885,0.009065135382115841,0.48020488023757935,0.5928568840026855,-0.01491906214505434,0.49771353602409363,0.6315029859542847,-0.030606357380747795,0.5137407779693604,0.6594154834747314,-0.03702877461910248,0.5310972332954407,0.6236706376075745,0.0037412887904793024,0.5118446946144104,0.5740686655044556,-0.02212507650256157,0.5299675464630127,0.6247277855873108,-0.02946937456727028,0.548008143901825,0.6600915789604187,-0.0258586835116148,0.5618096590042114,0.6087631583213806,-0.006299501284956932,0.5442067980766296,0.5649783611297607,-0.028424575924873352,0.5564644932746887,0.6182841062545776,-0.0245219599455595,0.5728932619094849,0.6609764099121094,-0.012798742391169071,0.5955693125724792,0.5996774435043335,-0.018253188580274582,0.5751076340675354,0.5603481531143188,-0.027333687990903854,0.5760775804519653,0.5968270301818848,-0.020358145236968994,0.5871214866638184,0.6331916451454163,-0.010532458312809467
YES,0.6072622537612915,0.7505454421043396,-3.7952426623633073e-7,0.5470688343048096,0.7354715466499329,-0.009952097199857235,0.49962300062179565,0.6780502200126648,-0.016607465222477913,0.507308304309845,0.6087683439254761,-0.026977457106113434,0.5475185513496399,0.5806053280830383,-0.0342983640730381,0.5074292421340942,0.6272700428962708,0.0017576749669387937,0.4835301637649536,0.569775402545929,-0.023169968277215958,0.4980202317237854,0.6145012974739075,-0.03714624047279358,0.5127990245819092,0.6461745500564575,-0.04213003069162369,0.5367149114608765,0.6098813414573669,-0.0032019284553825855,0.5164511203765869,0.5570364594459534,-0.0281227994710207,0.5317867994308472,0.6137429475784302,-0.03194576874375343,0.5490646362304688,0.6478065252304077,-0.026544084772467613,0.5685634016990662,0.5997707843780518,-0.012598766013979912,0.5516141057014465,0.5535512566566467,-0.033648304641246796,0.5607038736343384,0.6138537526130676,-0.02626548707485199,0.5759057998657227,0.6570302844047546,-0.013001183979213238,0.6040105223655701,0.5952904224395752,-0.023912891745567322,0.5866082310676575,0.5533283352851868,-0.032843466848134995,0.5839170217514038,0.5909814238548279,-0.024748681113123894,0.5918869972229004,0.627209484577179,-0.014425122179090977
YES,0.609429657459259,0.7539413571357727,-3.987466357102676e-7,0.5463954210281372,0.7358555197715759,-0.009702648967504501,0.4970829486846924,0.6757171750068665,-0.015519489534199238,0.5072007179260254,0.6071202158927917,-0.025166740640997887,0.5492311716079712,0.5834895968437195,-0.03176707401871681,0.5063983798027039,0.6239436268806458,0.00443187914788723,0.4851911962032318,0.5677680969238281,-0.020022595301270485,0.49881306290626526,0.6125130653381348,-0.034378714859485626,0.5133883953094482,0.6448543667793274,-0.03988691046833992,0.537433922290802,0.6080396175384521,-0.0008275149157270789,0.5183387994766235,0.5538778901100159,-0.026638757437467575,0.5317918062210083,0.6101616024971008,-0.03145051375031471,0.5480080246925354,0.6472159624099731,-0.026068944483995438,0.5700286626815796,0.5978978872299194,-0.010604853741824627,0.5542935729026794,0.5506520867347717,-0.03240019828081131,0.5622173547744751,0.6092820167541504,-0.025910664349794388,0.5757539868354797,0.6536152958869934,-0.012804963625967503,0.6059810519218445,0.5936980843544006,-0.0223176758736372,0.5871146321296692,0.5528340339660645,-0.03152965381741524,0.5845689177513123,0.5923662781715393,-0.023457301780581474,0.5916264653205872,0.6296471953392029,-0.01297115907073021
YES,0.6085264682769775,0.7555291652679443,-4.4646287733485224e-7,0.5472314357757568,0.734969437122345,-0.009250419214367867,0.4991207420825958,0.6716095209121704,-0.015186172910034657,0.5104324221611023,0.604062020778656,-0.02498500421643257,0.5508370399475098,0.5829759836196899,-0.031711116433143616,0.5107500553131104,0.6126912832260132,0.0038469487335532904,0.4906676113605499,0.5594445466995239,-0.022210683673620224,0.5023617148399353,0.6124938130378723,-0.03629196807742119,0.5154641270637512,0.6446688771247864,-0.04151801019906998,0.541313648223877,0.5984624028205872,-0.0021170314867049456,0.5226234197616577,0.5487734079360962,-0.02774319425225258,0.5339739918708801,0.6113645434379578,-0.03069494105875492,0.5483682155609131,0.6424012184143066,-0.0245978906750679,0.5742326378822327,0.5912320613861084,-0.01284735556691885,0.557819128036499,0.5461362600326538,-0.035324182361364365,0.5643835067749023,0.6103051900863647,-0.02659797854721546,0.5764915347099304,0.6494609117507935,-0.01243604812771082,0.6103097796440125,0.5906229019165039,-0.02540437877178192,0.59181147813797,0.553303599357605,-0.03464673459529877,0.587956964969635,0.5974514484405518,-0.025114040821790695,0.5941553115844727,0.6309257745742798,-0.013815142214298248
YES,0.6090839505195618,0.7561891078948975,-4.3098967239529884e-7,0.5471992492675781,0.7363591194152832,-0.011014060117304325,0.49825194478034973,0.67107754945755,-0.01704460196197033,0.5088887214660645,0.6018480658531189,-0.026605812832713127,0.5516272187232971,0.5856927633285522,-0.03282303735613823,0.5074740052223206,0.6113844513893127,0.0045817517675459385,0.48932763934135437,0.557083249092102,-0.01983666978776455,0.5010558366775513,0.6081404685974121,-0.03313146159052849,0.5140154361724854,0.639747679233551,-0.03811497613787651,0.5392468571662903,0.596729576587677,-0.00028686673613265157,0.5225450396537781,0.5469119548797607,-0.02548573911190033,0.5345210433006287,0.6083123087882996,-0.028748562559485435,0.5485249161720276,0.6415168642997742,-0.022563807666301727,0.5728259682655334,0.589633584022522,-0.010015733540058136,0.559411883354187,0.54608553647995,-0.03214125335216522,0.5656794309616089,0.6078495979309082,-0.024706557393074036,0.5767731666564941,0.6482203006744385,-0.011225088499486446,0.6097573637962341,0.5892366766929626,-0.021768392994999886,0.5934067964553833,0.5511194467544556,-0.030826378613710403,0.5891921520233154,0.5926319360733032,-0.022352779284119606,0.5943564772605896,0.6269922256469727,-0.011768891476094723
YES,0.6100435256958008,0.7572028636932373,-4.505766355578089e-7,0.5477790832519531,0.7363272905349731,-0.011131173931062222,0.49892380833625793,0.6704720258712769,-0.017439940944314003,0.5104777812957764,0.6009601950645447,-0.027348997071385384,0.5535627007484436,0.5863521695137024,-0.033855948597192764,0.5078076720237732,0.6118754148483276,0.00418864144012332,0.48970621824264526,0.5574078559875488,-0.021684320643544197,0.5014207363128662,0.6101749539375305,-0.03570563718676567,0.5141180753707886,0.642071545124054,-0.04099046811461449,0.5394666194915771,0.5980408787727356,-0.0009924540063366294,0.5225843191146851,0.5480118989944458,-0.02743157558143139,0.5344107151031494,0.6104968786239624,-0.030784135684370995,0.5482712388038635,0.6419731378555298,-0.024541432037949562,0.5732168555259705,0.5909038782119751,-0.011197234503924847,0.5595036745071411,0.5464017391204834,-0.034483518451452255,0.5657400488853455,0.6098309755325317,-0.02657278999686241,0.5769162178039551,0.6491284370422363,-0.012592760846018791,0.6101303696632385,0.5901154279708862,-0.023467950522899628,0.5928548574447632,0.5519973635673523,-0.032848525792360306,0.5891732573509216,0.5954086184501648,-0.02386431209743023,0.5947151780128479,0.6291480660438538,-0.012923061847686768
YES,0.6102480888366699,0.7575019598007202,-4.5439796281243616e-7,0.548071026802063,0.7362239360809326,-0.010957833379507065,0.4987575113773346,0.6700435876846313,-0.017187457531690598,0.5096012949943542,0.6008968353271484,-0.02710840106010437,0.5522340536117554,0.5854532718658447,-0.03361176326870918,0.507577657699585,0.6110561490058899,0.004782127682119608,0.4894631505012512,0.5575671792030334,-0.021484320983290672,0.5012580752372742,0.6112803220748901,-0.035503048449754715,0.5137572288513184,0.6427097916603088,-0.040745556354522705,0.5391886830329895,0.5969216227531433,-0.0006527210352942348,0.5224219560623169,0.5481277704238892,-0.027523158118128777,0.5343989133834839,0.6114081740379333,-0.030824609100818634,0.5480852723121643,0.6418988108634949,-0.024420788511633873,0.5730311274528503,0.5897461771965027,-0.01120668649673462,0.5594462156295776,0.5469951629638672,-0.0348394401371479,0.5659223198890686,0.6106752753257751,-0.026776596903800964,0.576958417892456,0.6485288143157959,-0.01263344381004572,0.6100351810455322,0.5891233682632446,-0.023823540657758713,0.5928930640220642,0.5528064966201782,-0.033163830637931824,0.5893394947052002,0.596436619758606,-0.024088984355330467,0.5950051546096802,0.6291550397872925,-0.013048199936747551
YES,0.6074709892272949,0.7538938522338867,-4.4596848169931036e-7,0.5481777191162109,0.7344484329223633,-0.010650653392076492,0.49967285990715027,0.6685965061187744,-0.01792832277715206,0.5098266005516052,0.6012724041938782,-0.028329741209745407,0.5539720058441162,0.5949413776397705,-0.03535817563533783,0.5121406316757202,0.6017530560493469,0.000785091076977551,0.4958092272281647,0.5474193096160889,-0.024989990517497063,0.5071764588356018,0.6025397777557373,-0.039345938712358475,0.5197729468345642,0.6359310746192932,-0.04532758891582489,0.5440530776977539,0.5904114246368408,-0.004639929626137018,0.5283398032188416,0.5405325889587402,-0.02952607348561287,0.5377253293991089,0.6023242473602295,-0.0318356528878212,0.5503666996955872,0.6338677406311035,-0.02582077495753765,0.5775342583656311,0.5870583057403564,-0.014763036742806435,0.5645288825035095,0.5432805418968201,-0.03545787185430527,0.5683339238166809,0.6050271391868591,-0.026485400274395943,0.5780150294303894,0.6418721079826355,-0.013084852136671543,0.614376962184906,0.5904437899589539,-0.026983872056007385,0.5978173613548279,0.5542484521865845,-0.0344276987016201,0.5929943323135376,0.5962774753570557,-0.025023220106959343,0.5980157852172852,0.6270787119865417,-0.014630109071731567
YES,0.6066772937774658,0.7555220723152161,-4.6423130584116734e-7,0.5497722625732422,0.7366940379142761,-0.010912727564573288,0.5002642869949341,0.6707432270050049,-0.017954524606466293,0.5083410143852234,0.6019158363342285,-0.027738915756344795,0.5544014573097229,0.5935667753219604,-0.0338665172457695,0.5122353434562683,0.6003230214118958,0.0005955672822892666,0.4957239329814911,0.5452284812927246,-0.024148011580109596,0.5069488286972046,0.5998712182044983,-0.03719387203454971,0.5201331377029419,0.6333476305007935,-0.04220137000083923,0.5448266863822937,0.5894352793693542,-0.004083007108420134,0.5283390283584595,0.5401871204376221,-0.029023736715316772,0.5386677980422974,0.6025820374488831,-0.030555637553334236,0.552218496799469,0.6351704001426697,-0.023406771942973137,0.5781717300415039,0.5862642526626587,-0.0133588258177042,0.5646716952323914,0.5461933612823486,-0.03455834463238716,0.5692349672317505,0.607518196105957,-0.02548224851489067,0.5792062282562256,0.6443331241607666,-0.011439832858741283,0.6147582530975342,0.5898760557174683,-0.02462569996714592,0.5967360138893127,0.5540521144866943,-0.032548751682043076,0.5932323932647705,0.5956213474273682,-0.023406771942973137,0.5997751951217651,0.6257831454277039,-0.01284819282591343
YES,0.6056753396987915,0.7540963292121887,-4.721912887362123e-7,0.5505518317222595,0.7334582805633545,-0.011099482886493206,0.5004962682723999,0.6638897061347961,-0.017975343391299248,0.5106478333473206,0.5974403023719788,-0.027420295402407646,0.5584310293197632,0.5963188409805298,-0.03305733948945999,0.5156909227371216,0.5937552452087402,-0.00024903687881305814,0.497483491897583,0.5405303835868835,-0.025690939277410507,0.5096956491470337,0.5968065857887268,-0.038943808525800705,0.5238463282585144,0.6275075078010559,-0.04449770227074623,0.5491436719894409,0.5830010175704956,-0.005375143140554428,0.5319864749908447,0.5360574722290039,-0.03057970106601715,0.541489839553833,0.6003317832946777,-0.03112843818962574,0.5549249649047852,0.6278605461120605,-0.023678898811340332,0.5828391313552856,0.5817652344703674,-0.015372991561889648,0.5689696669578552,0.5423068404197693,-0.0360504575073719,0.5717139840126038,0.6050641536712646,-0.025574540719389915,0.5810101628303528,0.6358329057693481,-0.011265767738223076,0.6193462610244751,0.5876976251602173,-0.02758658118546009,0.6011021733283997,0.5562388300895691,-0.03478669747710228,0.5958409309387207,0.5992679595947266,-0.02522534318268299,0.601469874382019,0.6250268220901489,-0.01497390866279602
YES,0.6059580445289612,0.7577746510505676,-4.862761215917999e-7,0.5506000518798828,0.73487788438797,-0.009925738908350468,0.5000723600387573,0.6635065674781799,-0.01608368195593357,0.5116218328475952,0.5958338379859924,-0.02498033083975315,0.561269223690033,0.5957611203193665,-0.02997639589011669,0.5141559839248657,0.5954115986824036,0.0015270368894562125,0.496468722820282,0.5404828190803528,-0.02290555089712143,0.50821453332901,0.5967755913734436,-0.03498905897140503,0.522162675857544,0.6266312003135681,-0.03996852785348892,0.5478807091712952,0.5835644602775574,-0.003637086134403944,0.5297300219535828,0.5383726954460144,-0.028648536652326584,0.5400183200836182,0.6028226017951965,-0.02893070876598358,0.5534886121749878,0.6298604607582092,-0.021046549081802368,0.5817239880561829,0.581108033657074,-0.013602245599031448,0.5667561292648315,0.5461204051971436,-0.034457918256521225,0.5702892541885376,0.6077653765678406,-0.024913936853408813,0.5793942213058472,0.6374008059501648,-0.010971427895128727,0.6178842782974243,0.5862689018249512,-0.025577865540981293,0.5975096225738525,0.5580658912658691,-0.03322964906692505,0.5928356647491455,0.6017942428588867,-0.024681562557816505,0.5989062190055847,0.6282719969749451,-0.014896907843649387
YES,0.6044072508811951,0.7537780404090881,-4.794966343979468e-7,0.5489484071731567,0.7302188873291016,-0.012902185320854187,0.4995763301849365,0.6590964794158936,-0.01971190795302391,0.5128452777862549,0.5963225364685059,-0.02894342504441738,0.5617446303367615,0.5987073183059692,-0.034124553203582764,0.5197417140007019,0.5809675455093384,0.00006308960291789845,0.5027113556861877,0.5337019562721252,-0.02587187848985195,0.5131106972694397,0.593951940536499,-0.03864748775959015,0.5256497859954834,0.6188012957572937,-0.04468932002782822,0.5542335510253906,0.5722604393959045,-0.004970168694853783,0.5374705791473389,0.532099723815918,-0.03093487024307251,0.5442958474159241,0.598602294921875,-0.03091799095273018,0.55605548620224,0.6172860264778137,-0.02369479276239872,0.5882401466369629,0.5747427940368652,-0.015518063679337502,0.5750585794448853,0.5392231941223145,-0.03834371268749237,0.5742698907852173,0.6049275994300842,-0.027897072955965996,0.5809480547904968,0.6285578012466431,-0.013813524506986141,0.6244252324104309,0.5850778222084045,-0.028454003855586052,0.6073943376541138,0.5585032105445862,-0.03776990622282028,0.5987906455993652,0.604576826095581,-0.0291121918708086,0.6015979647636414,0.6283201575279236,-0.019526265561580658
YES,0.6046463251113892,0.7534769773483276,-4.872892418461561e-7,0.5502147078514099,0.7341387867927551,-0.013926972635090351,0.49877026677131653,0.6629557609558105,-0.020272495225071907,0.5124428272247314,0.6003217697143555,-0.02843458205461502,0.5633301138877869,0.6010209321975708,-0.03205111250281334,0.5182808041572571,0.583187997341156,-0.0027041055727750063,0.5008885860443115,0.5330716967582703,-0.02835163101553917,0.5118581652641296,0.5962294340133667,-0.03901875019073486,0.524275541305542,0.6173846125602722,-0.04389609023928642,0.5532106757164001,0.5731216073036194,-0.007087907753884792,0.5358942747116089,0.5317370295524597,-0.03276446461677551,0.5431617498397827,0.6018877625465393,-0.02991105616092682,0.5545837879180908,0.6150736212730408,-0.02070382609963417,0.5874215364456177,0.5746038556098938,-0.017103880643844604,0.5740700960159302,0.5392493009567261,-0.040312737226486206,0.5739310383796692,0.6076622605323792,-0.027389436960220337,0.5816382765769958,0.6261842846870422,-0.011728850193321705,0.623435378074646,0.5841049551963806,-0.02957926318049431,0.6049035787582397,0.5593559145927429,-0.040014125406742096,0.5980261564254761,0.6066452860832214,-0.0308732520788908,0.6026270389556885,0.6270238161087036,-0.020770184695720673
YES,0.6007557511329651,0.7531640529632568,-5.415424197963148e-7,0.543971598148346,0.7314453721046448,-0.020619260147213936,0.4979911744594574,0.6620842814445496,-0.030160265043377876,0.5152086615562439,0.6120433211326599,-0.04026937857270241,0.5656967759132385,0.6188185214996338,-0.04564977064728737,0.5304763317108154,0.5399178266525269,-0.003832692513242364,0.509633481502533,0.5337192416191101,-0.02872326225042343,0.5152348279953003,0.5987247228622437,-0.040703825652599335,0.5262250900268555,0.607723593711853,-0.048022493720054626,0.5674976706504822,0.5319397449493408,-0.007744755130261183,0.546535074710846,0.5383435487747192,-0.034153781831264496,0.5478470921516418,0.6083195805549622,-0.03465506061911583,0.5584831237792969,0.6093962788581848,-0.028372367843985558,0.6040229201316833,0.5439464449882507,-0.017929065972566605,0.5854230523109436,0.5604455471038818,-0.04200714826583862,0.5786383748054504,0.6246674656867981,-0.032984133809804916,0.5844742655754089,0.6250144839286804,-0.020418748259544373,0.6393947601318359,0.5661842226982117,-0.03156384453177452,0.6165928840637207,0.5816443562507629,-0.04090433567762375,0.6032760739326477,0.6281391978263855,-0.03333503007888794,0.6052805781364441,0.6358199119567871,-0.024662910029292107
YES,0.6033751964569092,0.7506443858146667,-5.131965394866711e-7,0.5460497140884399,0.7325472235679626,-0.019446926191449165,0.4973744750022888,0.6637852787971497,-0.02696264535188675,0.5136746168136597,0.6142948865890503,-0.03479152172803879,0.5626258850097656,0.6179114580154419,-0.037484653294086456,0.5294355750083923,0.5440810918807983,-0.00040783543954603374,0.5091358423233032,0.535192608833313,-0.022828999906778336,0.5146854519844055,0.5976477265357971,-0.03419652581214905,0.5253317356109619,0.6056389212608337,-0.04146172106266022,0.5669525861740112,0.5346026420593262,-0.003452533856034279,0.5488753318786621,0.5401098132133484,-0.02569436840713024,0.549557626247406,0.6088116765022278,-0.024128591641783714,0.558570146560669,0.61152184009552,-0.017317472025752068,0.6027485132217407,0.5457859039306641,-0.012761066667735577,0.5868362188339233,0.5567010641098022,-0.03429047390818596,0.5800707340240479,0.6208992004394531,-0.023330049589276314,0.5847674012184143,0.6254759430885315,-0.01024799793958664,0.6393784284591675,0.5683354139328003,-0.02550647407770157,0.619320809841156,0.574931800365448,-0.036263350397348404,0.6057372093200684,0.6208118796348572,-0.028559736907482147,0.6044695973396301,0.6324821710586548,-0.01949389837682247
YES,0.5965671539306641,0.7504104971885681,-5.612836844193225e-7,0.5448004007339478,0.7290739417076111,-0.019950799643993378,0.49770015478134155,0.6778813600540161,-0.03307468444108963,0.5071921348571777,0.6451603770256042,-0.04585566744208336,0.5514960885047913,0.6472377777099609,-0.054615318775177,0.5363004207611084,0.5286375284194946,-0.010700174607336521,0.5130171179771423,0.5472065210342407,-0.034664515405893326,0.5151112675666809,0.6084213852882385,-0.049908172339200974,0.5241162776947021,0.6241969466209412,-0.05950949713587761,0.5759948492050171,0.5236797332763672,-0.014565642923116684,0.5521597862243652,0.5619493722915649,-0.034664515405893326,0.5483078956604004,0.6266504526138306,-0.03725188598036766,0.5523307919502258,0.6361895203590393,-0.03544384613633156,0.6133652329444885,0.5429337620735168,-0.023255150765180588,0.5903941988945007,0.5838029384613037,-0.04189668223261833,0.5799058079719543,0.6410060524940491,-0.03460216894745827,0.5796030163764954,0.6480650901794434,-0.02584252320230007,0.6471740007400513,0.5746294856071472,-0.03522563353180885,0.6241954565048218,0.6060777902603149,-0.04482695460319519,0.6078910827636719,0.6499287486076355,-0.0382494255900383,0.6032448410987854,0.6620246171951294,-0.03017558716237545
YES,0.5960513949394226,0.7469763159751892,-5.190653382669552e-7,0.5457069277763367,0.7273271083831787,-0.022532807663083076,0.5010399222373962,0.6797768473625183,-0.03684723377227783,0.5096588134765625,0.6471013426780701,-0.050092972815036774,0.5509696006774902,0.6434282660484314,-0.0588231161236763,0.5344179272651672,0.5325580835342407,-0.012643658556044102,0.5140106678009033,0.544581949710846,-0.038201913237571716,0.5158206820487976,0.6050035357475281,-0.05457846075296402,0.5240835547447205,0.6253494620323181,-0.06442245095968246,0.5752099752426147,0.5265130996704102,-0.015142286196351051,0.5540021657943726,0.5615928173065186,-0.03639567643404007,0.5498841404914856,0.6270387172698975,-0.03916523978114128,0.5531810522079468,0.6381308436393738,-0.037359002977609634,0.6123958826065063,0.5446494817733765,-0.022758586332201958,0.5921235084533691,0.5813826322555542,-0.042837921530008316,0.581000566482544,0.6396055221557617,-0.0341980867087841,0.5806254148483276,0.6488631367683411,-0.024323992431163788,0.6464176177978516,0.5753675699234009,-0.033836837857961655,0.624971330165863,0.6049199104309082,-0.04437321797013283,0.6093250513076782,0.6483749747276306,-0.03672682121396065,0.6047598719596863,0.6595120429992676,-0.027665531262755394
YES,0.5949389934539795,0.7455155849456787,-5.129324449626438e-7,0.544518768787384,0.7276724576950073,-0.0230193380266428,0.49955856800079346,0.6798987984657288,-0.03732786700129509,0.5076213479042053,0.6458492875099182,-0.05030639097094536,0.5489912033081055,0.6405308246612549,-0.058695659041404724,0.5338084101676941,0.5317618250846863,-0.012773904949426651,0.5130853056907654,0.5470762252807617,-0.03890633210539818,0.5164881348609924,0.6076274514198303,-0.05591871589422226,0.5255032777786255,0.6276490688323975,-0.06600338220596313,0.5747573375701904,0.5260158777236938,-0.01512699294835329,0.5537596940994263,0.5618938207626343,-0.03659709170460701,0.5499075055122375,0.6281578540802002,-0.03928633779287338,0.553119957447052,0.6402899622917175,-0.03732786700129509,0.6121675372123718,0.5449458360671997,-0.02275625802576542,0.5924650430679321,0.5787025094032288,-0.043554048985242844,0.5808836221694946,0.6385570168495178,-0.03466785326600075,0.5795088410377502,0.6501316428184509,-0.024407804012298584,0.6459858417510986,0.5768569707870483,-0.03382015600800514,0.6255890727043152,0.6046978235244751,-0.04568790644407272,0.6095299124717712,0.649250328540802,-0.0381755605340004,0.6040339469909668,0.6620713472366333,-0.028836289420723915
YES,0.5942317247390747,0.7467421293258667,-5.130166869093955e-7,0.5439709424972534,0.7277554869651794,-0.023258207365870476,0.5001024007797241,0.6788343787193298,-0.037492576986551285,0.5092505216598511,0.6454095244407654,-0.05030060559511185,0.5510035753250122,0.6400839686393738,-0.05842205137014389,0.5348516702651978,0.5297998189926147,-0.012589704245328903,0.5126345157623291,0.5464777946472168,-0.038860708475112915,0.5154649615287781,0.6074889302253723,-0.05594777688384056,0.5243611931800842,0.6262210011482239,-0.06613598018884659,0.5758659243583679,0.5246039032936096,-0.015107646584510803,0.5532174706459045,0.5616514682769775,-0.03682306781411171,0.5488884449005127,0.6281787157058716,-0.03953021764755249,0.5523353219032288,0.6383469104766846,-0.037492576986551285,0.6129591464996338,0.5443989038467407,-0.02293800562620163,0.5914942026138306,0.5801112651824951,-0.043867480009794235,0.5800268054008484,0.6399996280670166,-0.034639883786439896,0.5797940492630005,0.6490600109100342,-0.0240878164768219,0.6462570428848267,0.577136754989624,-0.03426146134734154,0.6247868537902832,0.6070876121520996,-0.04605066776275635,0.6089000701904297,0.6517170667648315,-0.03822030499577522,0.6045407652854919,0.6627545952796936,-0.028570624068379402
YES,0.5921799540519714,0.74590665102005,-5.791911235064617e-7,0.5422049164772034,0.7296106815338135,-0.024447686970233917,0.49995723366737366,0.6842887997627258,-0.03954556956887245,0.49999290704727173,0.6497921943664551,-0.0521295890212059,0.5309191346168518,0.6353898644447327,-0.05983288958668709,0.5345562696456909,0.5247679948806763,-0.018464401364326477,0.5143895149230957,0.573589563369751,-0.04748408496379852,0.5190210938453674,0.6369062662124634,-0.06603669375181198,0.5290210843086243,0.6543905735015869,-0.07626856118440628,0.5782152414321899,0.5245088338851929,-0.020125607028603554,0.5568684935569763,0.5908269882202148,-0.044749706983566284,0.5502824187278748,0.6547937989234924,-0.04933640733361244,0.552434504032135,0.6650635004043579,-0.04827793315052986,0.6162785887718201,0.5485140681266785,-0.02653522603213787,0.5933172702789307,0.6158475279808044,-0.04692544788122177,0.5815490484237671,0.668511152267456,-0.038692913949489594,0.5820302367210388,0.6707085967063904,-0.029607724398374557,0.6485573649406433,0.5830426812171936,-0.03678179159760475,0.627296507358551,0.6397453546524048,-0.04642561450600624,0.6106669902801514,0.6825708150863647,-0.03928095102310181,0.6070558428764343,0.6866836547851562,-0.03063679113984108
YES,0.5928612947463989,0.7456672191619873,-5.931977398176969e-7,0.5412132740020752,0.7279967665672302,-0.022977476939558983,0.4991488456726074,0.681829571723938,-0.03718038275837898,0.4996276795864105,0.6463288068771362,-0.049167338758707047,0.5292955040931702,0.6319847106933594,-0.05663315951824188,0.5361667275428772,0.525940477848053,-0.017236825078725815,0.5151820778846741,0.5722010731697083,-0.04503288120031357,0.5190394520759583,0.634305477142334,-0.06311741471290588,0.5290952920913696,0.6532995700836182,-0.07305201888084412,0.5797892212867737,0.5262714624404907,-0.019155332818627357,0.5583022236824036,0.5909531712532043,-0.042296402156353,0.5512178540229797,0.653808057308197,-0.04654983803629875,0.5533149838447571,0.6657803058624268,-0.04547904431819916,0.617643415927887,0.5502809286117554,-0.025639593601226807,0.5947531461715698,0.6153956055641174,-0.0444677360355854,0.5825214385986328,0.6664100885391235,-0.03646651655435562,0.5830400586128235,0.6696588397026062,-0.027855543419718742,0.6499108672142029,0.5844326615333557,-0.035812146961688995,0.6287090182304382,0.6383696794509888,-0.043932341039180756,0.6114335656166077,0.6803353428840637,-0.036436777561903,0.6077784299850464,0.6853883266448975,-0.027870414778590202
YES,0.5945606827735901,0.7534022331237793,-4.859124942413473e-7,0.548827588558197,0.7376881837844849,-0.02932138182222843,0.5119038224220276,0.7092768549919128,-0.05158910155296326,0.5115116238594055,0.7035080790519714,-0.07071366161108017,0.5381890535354614,0.7025594711303711,-0.08594249188899994,0.542435348033905,0.5404566526412964,-0.02917381376028061,0.5187821388244629,0.5998340249061584,-0.061033330857753754,0.5197882652282715,0.659265398979187,-0.08281408995389938,0.5285075902938843,0.670349657535553,-0.09538672119379044,0.587195873260498,0.5446558594703674,-0.029985425993800163,0.5630785226821899,0.6167332530021667,-0.05433383211493492,0.5550728440284729,0.6747250556945801,-0.06056112051010132,0.557620108127594,0.6787161231040955,-0.061800673604011536,0.6246755123138428,0.5728734731674194,-0.0353863500058651,0.6010708212852478,0.6469119787216187,-0.05533728376030922,0.5890147686004639,0.6913586258888245,-0.04860826954245567,0.5899476408958435,0.6869469285011292,-0.04108239710330963,0.655911386013031,0.6110758781433105,-0.04486008733510971,0.6343955993652344,0.6712064743041992,-0.05333038046956062,0.6172187328338623,0.7114673256874084,-0.04486008733510971,0.6129768490791321,0.7160260677337646,-0.03556342422962189
YES,0.5950004458427429,0.7520096302032471,-4.3386111769905256e-7,0.5486442446708679,0.737809419631958,-0.03047461248934269,0.5105055570602417,0.7084065079689026,-0.05301164835691452,0.5106192231178284,0.7008845806121826,-0.0717216432094574,0.5421057343482971,0.6998026967048645,-0.08566910028457642,0.5362962484359741,0.539472758769989,-0.02905718982219696,0.5149259567260742,0.5993574261665344,-0.0620831660926342,0.5190433263778687,0.6621574759483337,-0.0838547945022583,0.5296632647514343,0.6739042401313782,-0.09644151479005814,0.5826676487922668,0.5439778566360474,-0.02956746146082878,0.5598078370094299,0.6191292405128479,-0.05485429987311363,0.5539950728416443,0.6813961267471313,-0.05958849564194679,0.5591175556182861,0.6841340661048889,-0.05970189347863197,0.6211302280426025,0.5725064873695374,-0.035123761743307114,0.600113570690155,0.6522351503372192,-0.0556764118373394,0.5892215371131897,0.6986738443374634,-0.046689942479133606,0.5922983884811401,0.6923673152923584,-0.03773181885480881,0.6530251502990723,0.6105309128761292,-0.04507407546043396,0.6337369084358215,0.6742466688156128,-0.05408889427781105,0.6194458603858948,0.7158697843551636,-0.045102428644895554,0.6182328462600708,0.7171791791915894,-0.03552064299583435
YES,0.595211386680603,0.7518357634544373,-4.4920130903847166e-7,0.5503026843070984,0.7363816499710083,-0.030297964811325073,0.5132572650909424,0.7091372013092041,-0.05363713949918747,0.5112532377243042,0.7042349576950073,-0.07331077009439468,0.5403969287872314,0.7017923593521118,-0.08866021037101746,0.5403843522071838,0.5391788482666016,-0.030670249834656715,0.5171884894371033,0.6028503179550171,-0.06363146007061005,0.5206583142280579,0.6635321378707886,-0.08579651266336441,0.5301129817962646,0.6748598217964172,-0.0984540730714798,0.5851166844367981,0.5443460941314697,-0.031157080084085464,0.5602831244468689,0.6225829720497131,-0.05621447041630745,0.5545399785041809,0.6818475723266602,-0.061970509588718414,0.55806565284729,0.6848400235176086,-0.06305871903896332,0.6224109530448914,0.573154628276825,-0.036369018256664276,0.599130392074585,0.6551232933998108,-0.056414928287267685,0.5895388126373291,0.6990405321121216,-0.0487402081489563,0.5921926498413086,0.6923245191574097,-0.0408363901078701,0.6532662510871887,0.6111195683479309,-0.04584787040948868,0.633019208908081,0.6761378645896912,-0.05449625104665756,0.6193028688430786,0.7164018154144287,-0.04587651044130325,0.6176333427429199,0.7188211679458618,-0.036540839821100235
YES,0.59554123878479,0.7521422505378723,-4.5065604581395746e-7,0.5501459836959839,0.7374248504638672,-0.029932919889688492,0.5126945972442627,0.7094365358352661,-0.0526033416390419,0.511926531791687,0.7034227252006531,-0.0716567412018776,0.5416167378425598,0.7015115022659302,-0.08623871952295303,0.5386945605278015,0.5396982431411743,-0.02914971113204956,0.5166631937026978,0.6013842225074768,-0.06197340041399002,0.5204105973243713,0.6630340218544006,-0.0837893933057785,0.5299561619758606,0.6744610667228699,-0.0962638184428215,0.5840601921081543,0.5446671843528748,-0.0299044419080019,0.5604521632194519,0.6213905811309814,-0.05488176643848419,0.5546215176582336,0.6818561553955078,-0.060207609087228775,0.5582751035690308,0.6848840117454529,-0.06083417683839798,0.6218439340591431,0.5728642344474792,-0.03554356470704079,0.5996685028076172,0.653702974319458,-0.05585010349750519,0.5897455811500549,0.6991191506385803,-0.04779014736413956,0.5920354723930359,0.6930267214775085,-0.03944538161158562,0.65333092212677,0.6105015873908997,-0.04545475170016289,0.6337217688560486,0.6744920015335083,-0.054226722568273544,0.6199060678482056,0.7159303426742554,-0.045369308441877365,0.6180652976036072,0.7188060879707336,-0.0358283706009388
YES,0.6016062498092651,0.748100757598877,-3.822828205102269e-7,0.5644084215164185,0.7348769903182983,-0.030777713283896446,0.5294969081878662,0.7243186831474304,-0.056016575545072556,0.5275833010673523,0.743866503238678,-0.07800065726041794,0.5511690974235535,0.768967866897583,-0.09587343782186508,0.5345525741577148,0.5613187551498413,-0.03660206496715546,0.5144117474555969,0.642082929611206,-0.0679507926106453,0.518899142742157,0.7028220295906067,-0.08816471695899963,0.5277987122535706,0.7166922688484192,-0.10004184395074844,0.5794259905815125,0.5658106803894043,-0.037001773715019226,0.5552654266357422,0.6689391136169434,-0.05858614295721054,0.5551497936248779,0.7183587551116943,-0.06378237903118134,0.5604758262634277,0.7143065333366394,-0.06658035516738892,0.6190352439880371,0.594648003578186,-0.04137004166841507,0.5942698121070862,0.6983369588851929,-0.05915716290473938,0.5910103917121887,0.7390776872634888,-0.05179106444120407,0.5962021350860596,0.7316170930862427,-0.04511018842458725,0.6501579880714417,0.6324350237846375,-0.0499638207256794,0.6274416446685791,0.7103233337402344,-0.05984237790107727,0.6207282543182373,0.7446229457855225,-0.05250483378767967,0.6235600113868713,0.743066132068634,-0.044282216578722
YES,0.5974180698394775,0.7338023781776428,-3.600062257191894e-7,0.5669463872909546,0.7215725779533386,-0.028238965198397636,0.5333300828933716,0.7143861055374146,-0.05076228454709053,0.5264789462089539,0.7313920259475708,-0.0703103318810463,0.5479030013084412,0.750516951084137,-0.08612623810768127,0.5380259156227112,0.5619431138038635,-0.032936763018369675,0.5154619812965393,0.6376413106918335,-0.06086254119873047,0.51912921667099,0.6953585147857666,-0.07928833365440369,0.5271391868591309,0.7061269879341125,-0.09045863896608353,0.5812627673149109,0.566848874092102,-0.03324994817376137,0.5561520457267761,0.6705213785171509,-0.05261529982089996,0.5556994676589966,0.7129286527633667,-0.058043863624334335,0.5598928928375244,0.7017554044723511,-0.06122792512178421,0.6192978024482727,0.5957212448120117,-0.037164777517318726,0.5936680436134338,0.6980464458465576,-0.05230211094021797,0.5919344425201416,0.7314831018447876,-0.04564690962433815,0.5980483293533325,0.7200807332992554,-0.03993125259876251,0.649605393409729,0.6334378123283386,-0.045124929398298264,0.6269044280052185,0.7125614881515503,-0.05402464047074318,0.6219602227210999,0.7429137229919434,-0.04765652120113373,0.6269596219062805,0.739692747592926,-0.04021834209561348
YES,0.5943245887756348,0.7244558930397034,-3.7183986023592297e-7,0.5628233551979065,0.7112979292869568,-0.024748550727963448,0.5313910841941833,0.7016047239303589,-0.045059915632009506,0.524444043636322,0.7189018130302429,-0.06273745745420456,0.5427815914154053,0.7415536046028137,-0.07716422528028488,0.5397471189498901,0.5600564479827881,-0.030561968684196472,0.5163282155990601,0.6323919296264648,-0.05784943699836731,0.5194259285926819,0.6910225749015808,-0.07631000876426697,0.5276350378990173,0.7076480984687805,-0.08713007718324661,0.5823439955711365,0.5672903060913086,-0.031558554619550705,0.5552101731300354,0.6693933606147766,-0.04968692362308502,0.5545886754989624,0.712476372718811,-0.054907139390707016,0.5599703788757324,0.7055057883262634,-0.058039262890815735,0.6200963854789734,0.5984741449356079,-0.03578217700123787,0.5942581295967102,0.6976678371429443,-0.05006657540798187,0.592022180557251,0.729400634765625,-0.04377859830856323,0.5983554124832153,0.7191778421401978,-0.03836855664849281,0.6508246660232544,0.6370475888252258,-0.04358876869082451,0.6284149289131165,0.7133825421333313,-0.053388528525829315,0.6226731538772583,0.7410858273506165,-0.04781239852309227,0.627651035785675,0.7374664545059204,-0.04071765020489693
YES,0.5946043729782104,0.7130794525146484,-3.8560122561648313e-7,0.5663478970527649,0.6971098184585571,-0.022088689729571342,0.5368229150772095,0.6863254904747009,-0.0407862663269043,0.5265547633171082,0.7032828330993652,-0.057463109493255615,0.537182092666626,0.7281729578971863,-0.07116692513227463,0.5423348546028137,0.5582643151283264,-0.02887091599404812,0.5177682042121887,0.631315290927887,-0.056348226964473724,0.5198571681976318,0.6895559430122375,-0.0745115801692009,0.5272228717803955,0.7083672285079956,-0.08468492329120636,0.5836156010627747,0.5674245953559875,-0.031077461317181587,0.5568535327911377,0.6680532097816467,-0.04951954632997513,0.5549240708351135,0.7102556824684143,-0.054072000086307526,0.5594925880432129,0.7051571607589722,-0.056255318224430084,0.6205588579177856,0.5989077091217041,-0.03637317195534706,0.5953022837638855,0.6962099075317383,-0.051424138247966766,0.5916191339492798,0.7243176698684692,-0.04494386166334152,0.596642255783081,0.7115660905838013,-0.0389745756983757,0.6507084369659424,0.6374308466911316,-0.0448974072933197,0.6289328336715698,0.713740348815918,-0.0553727000951767,0.623038113117218,0.738798975944519,-0.04970535635948181,0.6280890703201294,0.7332265377044678,-0.04241214320063591
YES,0.5986828804016113,0.7188026905059814,-1.0781141668303462e-7,0.5680583715438843,0.7081258893013,-0.027665674686431885,0.5379869937896729,0.703866720199585,-0.051339782774448395,0.5310944318771362,0.7319177985191345,-0.07093057036399841,0.5431841015815735,0.7615922689437866,-0.086805060505867,0.5419310331344604,0.5875979661941528,-0.047577615827322006,0.5104683637619019,0.682073712348938,-0.07235284894704819,0.5194244384765625,0.6972529888153076,-0.08717210590839386,0.5333577394485474,0.6750195622444153,-0.09744924306869507,0.5820815563201904,0.5956328511238098,-0.04794466122984886,0.5483683943748474,0.7257241606712341,-0.06758132576942444,0.560492992401123,0.718940258026123,-0.07221521437168121,0.5731050372123718,0.680948793888092,-0.07524329423904419,0.6203539967536926,0.6247435808181763,-0.04996338114142418,0.5850089192390442,0.745331346988678,-0.06519556045532227,0.5938978791236877,0.7352993488311768,-0.054918430745601654,0.604607105255127,0.7009491920471191,-0.04622415825724602,0.6515212655067444,0.6640070676803589,-0.055927786976099014,0.6214517951011658,0.7523579597473145,-0.07106821238994598,0.6252526044845581,0.7433027625083923,-0.06703076511621475,0.6359273791313171,0.711125373840332,-0.05946055054664612
YES,0.5989932417869568,0.7220427393913269,-1.002212712819528e-7,0.5629203915596008,0.7176452875137329,-0.030380545184016228,0.5275315642356873,0.7246165871620178,-0.05657915025949478,0.5266025066375732,0.7605591416358948,-0.07778403908014297,0.5569291114807129,0.7886701226234436,-0.09431498497724533,0.5328647494316101,0.5909060835838318,-0.051216430962085724,0.5081990361213684,0.7007308006286621,-0.07832521945238113,0.5214553475379944,0.7263944149017334,-0.09382298588752747,0.5345370173454285,0.70378577709198,-0.10440082848072052,0.5762343406677246,0.5964183807373047,-0.050576839596033096,0.5511360168457031,0.7309406995773315,-0.07040414214134216,0.5594620108604431,0.7330734133720398,-0.07232291251420975,0.5667133331298828,0.6940069794654846,-0.07370049506425858,0.6163899898529053,0.6240304112434387,-0.05239721015095711,0.5893154144287109,0.7493337988853455,-0.0661730021238327,0.5918645858764648,0.7458983659744263,-0.05234801396727562,0.5986605286598206,0.711438775062561,-0.04167177528142929,0.6490405797958374,0.661270797252655,-0.05889151617884636,0.6237583160400391,0.7524405121803284,-0.07281490415334702,0.6220387816429138,0.7505313754081726,-0.06755058467388153,0.62850022315979,0.7242820262908936,-0.05953110754489899
YES,0.5989010334014893,0.7252086997032166,-1.0595196187068723e-7,0.5581438541412354,0.7232834100723267,-0.031760383397340775,0.5208911895751953,0.731191098690033,-0.0591590441763401,0.5214081406593323,0.7659454941749573,-0.08161941915750504,0.5563516616821289,0.7897980809211731,-0.09966795146465302,0.532865047454834,0.5914768576622009,-0.05193963646888733,0.5059253573417664,0.6997073292732239,-0.07986470311880112,0.5188601016998291,0.7254874110221863,-0.09610838443040848,0.5320867896080017,0.7011957168579102,-0.10698763281106949,0.5769951939582825,0.5966477990150452,-0.05123774707317352,0.5495729446411133,0.7315793037414551,-0.07164259999990463,0.558902382850647,0.7351796627044678,-0.07465068995952606,0.566168487071991,0.6957206726074219,-0.07690675556659698,0.6176947951316833,0.6249048113822937,-0.053243137896060944,0.5880980491638184,0.7508661150932312,-0.06718061119318008,0.5914946794509888,0.7474703788757324,-0.05524853244423866,0.5979025363922119,0.7125117182731628,-0.04604879766702652,0.6496862769126892,0.6637166738510132,-0.05996119976043701,0.6219376921653748,0.7538775205612183,-0.07244475930929184,0.6211400628089905,0.7515023946762085,-0.06718061119318008,0.6273761987686157,0.7241212725639343,-0.05961025506258011
YES,0.5993144512176514,0.7270925045013428,-1.1502420704800898e-7,0.558914303779602,0.7269758582115173,-0.033336278051137924,0.520988404750824,0.7349981665611267,-0.060917019844055176,0.5221477746963501,0.7681949138641357,-0.08337890356779099,0.5578027963638306,0.7889033555984497,-0.10110392421483994,0.5321447253227234,0.5916334390640259,-0.051596105098724365,0.5058237910270691,0.69757479429245,-0.08011912554502487,0.5182034969329834,0.7240514755249023,-0.09692733734846115,0.5313760042190552,0.6997867226600647,-0.10818373411893845,0.576431155204773,0.5955060124397278,-0.05006808787584305,0.5494189262390137,0.7310007810592651,-0.07146035134792328,0.5580271482467651,0.7357749342918396,-0.07466918975114822,0.5653422474861145,0.6950841546058655,-0.07670654356479645,0.6172515749931335,0.6227949261665344,-0.05167250707745552,0.5885176062583923,0.7494550347328186,-0.06667255610227585,0.5913674831390381,0.7476203441619873,-0.0546521432697773,0.5981180667877197,0.7124882340431213,-0.04500015452504158,0.6492557525634766,0.6604886651039124,-0.058115653693675995,0.62223219871521,0.7519989013671875,-0.07181689143180847,0.6211246252059937,0.752363920211792,-0.06702909618616104,0.6278182864189148,0.7259811162948608,-0.05933807045221329
YES,0.6003245711326599,0.7365458607673645,-7.1425041880957e-8,0.5578333139419556,0.7351441979408264,-0.030604002997279167,0.5210866928100586,0.7481555938720703,-0.05891843140125275,0.518883466720581,0.7844899892807007,-0.0826282650232315,0.5462465882301331,0.8129105567932129,-0.10257301479578018,0.5293582677841187,0.6115067005157471,-0.053881362080574036,0.5018221735954285,0.7223882079124451,-0.08293354511260986,0.5166527628898621,0.7395706176757812,-0.10160630196332932,0.5313063859939575,0.7120394706726074,-0.11407177150249481,0.5727044939994812,0.6174343228340149,-0.05372872203588486,0.5440787076950073,0.7556574940681458,-0.0739278644323349,0.5551651120185852,0.7481288909912109,-0.07804910838603973,0.5642351508140564,0.7085931301116943,-0.08181419223546982,0.6127620935440063,0.6450619101524353,-0.055865660309791565,0.5817727446556091,0.7725497484207153,-0.0687381699681282,0.583925724029541,0.7581709623336792,-0.05698500946164131,0.5888890624046326,0.7186710834503174,-0.048615336418151855,0.6446407437324524,0.6840548515319824,-0.06268350780010223,0.6146687269210815,0.7742632627487183,-0.07433490455150604,0.6128734946250916,0.76031494140625,-0.06889081001281738,0.6173280477523804,0.7243438363075256,-0.06161504238843918
YES,0.5972220301628113,0.740982711315155,-5.8860429419382854e-8,0.5537476539611816,0.7399067282676697,-0.034086987376213074,0.515339732170105,0.751772940158844,-0.06282897293567657,0.5133429765701294,0.7884953022003174,-0.08627638220787048,0.5488864183425903,0.8119229078292847,-0.10558898001909256,0.5306370854377747,0.6094568371772766,-0.05339958518743515,0.5021059513092041,0.7194433212280273,-0.082292839884758,0.5142791867256165,0.740904688835144,-0.0994371846318245,0.5264700651168823,0.7141635417938232,-0.11053058505058289,0.5749796628952026,0.6150228381156921,-0.05163472890853882,0.5426777005195618,0.7561702728271484,-0.07326684892177582,0.5527803301811218,0.7530377507209778,-0.07679656147956848,0.5603508949279785,0.7115683555603027,-0.07896482199430466,0.6151929497718811,0.6445382833480835,-0.05294576659798622,0.5802615284919739,0.7755152583122253,-0.06766972690820694,0.5818155407905579,0.7616696953773499,-0.055920813232660294,0.5860695242881775,0.7205414772033691,-0.046188876032829285,0.6455090045928955,0.6848060488700867,-0.05914798006415367,0.6134287714958191,0.7775466442108154,-0.07165326923131943,0.6106712222099304,0.7644848227500916,-0.06650996953248978,0.6142371892929077,0.7284253835678101,-0.05874458700418472
YES,0.5970412492752075,0.7486046552658081,-3.766063016996668e-8,0.5532830953598022,0.7521392703056335,-0.03421955555677414,0.513481855392456,0.7697186470031738,-0.06411988288164139,0.5157407522201538,0.8063302040100098,-0.08833838254213333,0.5522336959838867,0.8286421298980713,-0.10828908532857895,0.5234346985816956,0.6219356060028076,-0.05614989250898361,0.5001434683799744,0.7355687022209167,-0.08576742559671402,0.5138576030731201,0.7528199553489685,-0.10684934258460999,0.5264455080032349,0.7228716015815735,-0.12227513641119003,0.568705141544342,0.6275103688240051,-0.05455589294433594,0.5440771579742432,0.7673246264457703,-0.07337536662817001,0.5518579483032227,0.7605621814727783,-0.07790026068687439,0.5578193068504333,0.7172631621360779,-0.0834021344780922,0.6102876663208008,0.6565647721290588,-0.05573853850364685,0.5837986469268799,0.78897625207901,-0.06715362519025803,0.5826363563537598,0.7751006484031677,-0.054350219666957855,0.586856484413147,0.7342150807380676,-0.04645735025405884,0.6432586908340454,0.6968604326248169,-0.06216595321893692,0.6158894896507263,0.7896921634674072,-0.07471226155757904,0.6124146580696106,0.7761609554290771,-0.07034162431955338,0.6167887449264526,0.7408875226974487,-0.0644284039735794
YES,0.5979762077331543,0.7466680407524109,-6.039026345661114e-8,0.5547063946723938,0.7496004700660706,-0.03415331616997719,0.5139498114585876,0.7651930451393127,-0.06254520267248154,0.5126696825027466,0.8043493032455444,-0.08569472283124924,0.5485531091690063,0.829301118850708,-0.10458805412054062,0.5269109010696411,0.6201092004776001,-0.051152121275663376,0.5016087889671326,0.7323024868965149,-0.08024472743272781,0.5138316750526428,0.754023551940918,-0.09955328702926636,0.5253679752349854,0.72625333070755,-0.11294471472501755,0.5722593069076538,0.625707745552063,-0.04977664351463318,0.5413808226585388,0.7689429521560669,-0.07017520070075989,0.5495108366012573,0.7657405138015747,-0.07515806704759598,0.5550251007080078,0.7208150625228882,-0.07962186634540558,0.6135417222976685,0.6550028324127197,-0.05169712007045746,0.5800074934959412,0.7898507118225098,-0.06524424999952316,0.5802064538002014,0.7792395353317261,-0.05408473685383797,0.5841078162193298,0.7386661767959595,-0.04583188518881798,0.6450391411781311,0.6947940587997437,-0.0586523562669754,0.613652765750885,0.7907954454421997,-0.07147282361984253,0.610464334487915,0.7803105115890503,-0.06700901687145233,0.6140199899673462,0.745972216129303,-0.060469020158052444
YES,0.5986035466194153,0.7447330355644226,-5.917032908087094e-8,0.555585503578186,0.7491182088851929,-0.03428226336836815,0.5144818425178528,0.766099750995636,-0.06272812932729721,0.5138094425201416,0.8048954010009766,-0.08591597527265549,0.5499318242073059,0.8282546997070312,-0.10463450849056244,0.5263069272041321,0.6212348937988281,-0.05137081444263458,0.5014587044715881,0.7326099872589111,-0.08081570267677307,0.5137920379638672,0.7534671425819397,-0.10037552565336227,0.525402307510376,0.7245968580245972,-0.11388862133026123,0.5716214179992676,0.6263524889945984,-0.04997744411230087,0.5422300100326538,0.7689626216888428,-0.07056257128715515,0.5502081513404846,0.7642573714256287,-0.07524221390485764,0.5557315945625305,0.7182905673980713,-0.07939603924751282,0.6128635406494141,0.6548774838447571,-0.05200177803635597,0.5808565616607666,0.789643406867981,-0.06572519987821579,0.5813590884208679,0.7781622409820557,-0.053947243839502335,0.5856397747993469,0.7367016077041626,-0.04521893709897995,0.6446765065193176,0.6939917206764221,-0.05915267765522003,0.6137074828147888,0.7903980612754822,-0.07240287959575653,0.6107466816902161,0.7791734933853149,-0.06788098812103271,0.614554226398468,0.7440147399902344,-0.061203308403491974
YES,0.5977230072021484,0.7437517642974854,-4.22217993900631e-8,0.5548549890518188,0.7480947375297546,-0.034384835511446,0.5143617391586304,0.7655357122421265,-0.06294706463813782,0.5138818025588989,0.8053637146949768,-0.086185023188591,0.5500445365905762,0.8296899795532227,-0.10512159019708633,0.526431143283844,0.6210700273513794,-0.05164281651377678,0.5016956329345703,0.7336452007293701,-0.08088697493076324,0.5143216252326965,0.7532914280891418,-0.10071529448032379,0.5260834693908691,0.724153995513916,-0.11435382813215256,0.5718103051185608,0.6264633536338806,-0.05004291608929634,0.5419076085090637,0.7689138650894165,-0.06992369890213013,0.5497708320617676,0.7621341943740845,-0.07464472949504852,0.5548089146614075,0.7162810564041138,-0.07894610613584518,0.613103985786438,0.6552403569221497,-0.05174773558974266,0.580448567867279,0.7905373573303223,-0.06457319855690002,0.5806488990783691,0.7767719030380249,-0.05258702486753464,0.5844615697860718,0.7352337837219238,-0.04380066320300102,0.6446725130081177,0.6946862936019897,-0.05864568054676056,0.6133055686950684,0.7910944819450378,-0.07134000957012177,0.610293447971344,0.7782784700393677,-0.06656651943922043,0.6138871908187866,0.7429682016372681,-0.0596947968006134
YES,0.5999809503555298,0.7476622462272644,-4.34905835788868e-8,0.5564427971839905,0.7523029446601868,-0.03613738715648651,0.5160596966743469,0.771998405456543,-0.0659468024969101,0.5170179605484009,0.8170669078826904,-0.08968974649906158,0.5537418723106384,0.8477059602737427,-0.10961499065160751,0.5270277261734009,0.634596049785614,-0.05951424315571785,0.5032986402511597,0.7446605563163757,-0.09068339318037033,0.5142834186553955,0.7601021528244019,-0.11191606521606445,0.5240082144737244,0.730135977268219,-0.12687307596206665,0.5728269815444946,0.6389473080635071,-0.05653330683708191,0.5463481545448303,0.7821936011314392,-0.07734760642051697,0.551754891872406,0.774009644985199,-0.08137448877096176,0.5555026531219482,0.7294978499412537,-0.08576745539903641,0.6147852540016174,0.6685095429420471,-0.05658559873700142,0.5862302184104919,0.8028016090393066,-0.07018288224935532,0.5828070640563965,0.7864553928375244,-0.05669019743800163,0.5855035781860352,0.7445052862167358,-0.04725054278969765,0.6466918587684631,0.7081342339515686,-0.06197221949696541,0.6178733110427856,0.8035062551498413,-0.07724300771951675,0.6124307513237,0.788262128829956,-0.07368679344654083,0.6149256229400635,0.7520250082015991,-0.06751572340726852
YES,0.5987505316734314,0.7467706203460693,-6.394292739742014e-8,0.5551711320877075,0.7509030699729919,-0.034415002912282944,0.5147197842597961,0.7701687812805176,-0.06291083246469498,0.5152117013931274,0.816338300704956,-0.08601131290197372,0.5522604584693909,0.8482367396354675,-0.10523553192615509,0.5285137891769409,0.6339659690856934,-0.05337730422616005,0.5052388906478882,0.7427850961685181,-0.08297315984964371,0.5161140561103821,0.7666323184967041,-0.10146401822566986,0.5260301232337952,0.7387071847915649,-0.11408809572458267,0.5745208263397217,0.6390016674995422,-0.051622506231069565,0.5447237491607666,0.7824195027351379,-0.07343962788581848,0.5505674481391907,0.7828995585441589,-0.0774206593632698,0.5549200177192688,0.7369837760925293,-0.08061597496271133,0.6157676577568054,0.6676613092422485,-0.053115393966436386,0.5833454728126526,0.803792417049408,-0.06715378165245056,0.5806951522827148,0.7941379547119141,-0.05473924055695534,0.5841804146766663,0.7522153854370117,-0.045336659997701645,0.6460596323013306,0.705832302570343,-0.05971553176641464,0.6150615215301514,0.8052116632461548,-0.07265389710664749,0.6089173555374146,0.7958343625068665,-0.06788712739944458,0.611077070236206,0.7624126672744751,-0.06107746437191963
YES,0.6013007760047913,0.7468265295028687,-5.2999290289790224e-8,0.5585379004478455,0.751181423664093,-0.03410447761416435,0.5191628932952881,0.7740720510482788,-0.06401471048593521,0.5190903544425964,0.8219616413116455,-0.08849862217903137,0.553030788898468,0.8559404611587524,-0.10957472771406174,0.5281011462211609,0.6465732455253601,-0.059453461319208145,0.5047646164894104,0.7599494457244873,-0.09164431691169739,0.5171467065811157,0.7744950652122498,-0.11230098456144333,0.5270008444786072,0.7431298494338989,-0.12656143307685852,0.5739369988441467,0.6524068713188171,-0.05793304741382599,0.547431230545044,0.796657919883728,-0.07990042120218277,0.5543825626373291,0.7933382391929626,-0.08320339024066925,0.5586452484130859,0.7480690479278564,-0.0867685005068779,0.6156787276268005,0.6804493069648743,-0.05940103530883789,0.5868428349494934,0.8143001794815063,-0.07392361760139465,0.5848584175109863,0.8017427325248718,-0.059872884303331375,0.5880854725837708,0.7590546607971191,-0.050016406923532486,0.6474694013595581,0.7171499133110046,-0.06584969162940979,0.6192054748535156,0.8143235445022583,-0.0803198516368866,0.6149131059646606,0.8020827770233154,-0.07560131698846817,0.618111252784729,0.7653013467788696,-0.06910023093223572
YES,0.6000237464904785,0.7420271039009094,-4.735230874075569e-8,0.5552032589912415,0.7475153803825378,-0.03348901867866516,0.5160415172576904,0.7733066082000732,-0.06433695554733276,0.5174752473831177,0.824669599533081,-0.08984988182783127,0.5538069605827332,0.864788293838501,-0.11240478605031967,0.5289701819419861,0.6481374502182007,-0.060533780604600906,0.50644451379776,0.7620991468429565,-0.09175146371126175,0.520156741142273,0.7810131311416626,-0.11050321161746979,0.5297742486000061,0.7504428625106812,-0.1234973669052124,0.574792742729187,0.6538382768630981,-0.060005564242601395,0.5466741919517517,0.7973096370697021,-0.08298304677009583,0.5553367137908936,0.7999842166900635,-0.08641646057367325,0.5597720146179199,0.7560666799545288,-0.09021963179111481,0.6156848073005676,0.6812012791633606,-0.06222408264875412,0.5858052968978882,0.815996527671814,-0.07675006985664368,0.5840544104576111,0.8079272508621216,-0.0641256645321846,0.5866552591323853,0.7660313248634338,-0.0558326430618763,0.6461877822875977,0.7163012623786926,-0.06924938410520554,0.6169651746749878,0.8169186115264893,-0.08102864027023315,0.6128960251808167,0.8082060217857361,-0.07558799535036087,0.6154190897941589,0.7729683518409729,-0.06993605941534042
YES,0.5981355905532837,0.7395655512809753,-4.1774210757239416e-8,0.5534635782241821,0.7450544238090515,-0.03358965367078781,0.5152304768562317,0.7724016308784485,-0.06470483541488647,0.5172559022903442,0.8248504400253296,-0.09044988453388214,0.5530014038085938,0.8653371930122375,-0.11350987106561661,0.5295368432998657,0.6473025679588318,-0.06112474575638771,0.5073443055152893,0.7607673406600952,-0.09239787608385086,0.5196223258972168,0.7795509696006775,-0.11129863560199738,0.5281060338020325,0.7490889430046082,-0.12435542792081833,0.5757184624671936,0.6534093618392944,-0.06054561585187912,0.5465214848518372,0.7955186367034912,-0.08350029587745667,0.5540827512741089,0.7985466718673706,-0.08686979860067368,0.5578415393829346,0.7541652321815491,-0.09055518358945847,0.6165156960487366,0.6807687878608704,-0.06259889900684357,0.5851067304611206,0.8151001930236816,-0.07702454924583435,0.582805871963501,0.8076170682907104,-0.06402040272951126,0.585101306438446,0.7655324339866638,-0.055438727140426636,0.6462407112121582,0.7158865332603455,-0.06954848766326904,0.6164173483848572,0.8170834183692932,-0.08113112300634384,0.6119720935821533,0.8086214661598206,-0.07523450255393982,0.614323616027832,0.7735864520072937,-0.06923259794712067
YES,0.5987123847007751,0.740454912185669,-4.737925607400939e-8,0.5556460618972778,0.7459086179733276,-0.034037601202726364,0.5158675312995911,0.7717387676239014,-0.0647212341427803,0.5164772868156433,0.8232942223548889,-0.09019047766923904,0.551823079586029,0.8634223341941833,-0.11246296763420105,0.528803288936615,0.6475418210029602,-0.059690266847610474,0.5064505338668823,0.7606892585754395,-0.09207708388566971,0.5196360945701599,0.7805765867233276,-0.1118340939283371,0.5299616456031799,0.7504445314407349,-0.12545961141586304,0.5749735832214355,0.6529543399810791,-0.05900898948311806,0.5465616583824158,0.7977267503738403,-0.08301087468862534,0.5541681051254272,0.8021574020385742,-0.08667928725481033,0.5589948296546936,0.7576075196266174,-0.09003325551748276,0.6161552667617798,0.6803063750267029,-0.061314843595027924,0.5854380130767822,0.8163169622421265,-0.07693178951740265,0.5830451846122742,0.8094019889831543,-0.06393514573574066,0.5862979292869568,0.7680761814117432,-0.05481652542948723,0.6465847492218018,0.7151983976364136,-0.06859926134347916,0.6167055368423462,0.8160682916641235,-0.08159591257572174,0.611932635307312,0.8087159395217896,-0.0763029232621193,0.6148521304130554,0.7745288014411926,-0.07011903077363968
YES,0.6061996817588806,0.7534598708152771,-6.491318771395527e-8,0.5613343119621277,0.7564085125923157,-0.031767837703228,0.5217738747596741,0.7785621881484985,-0.060480061918497086,0.5214108824729919,0.8326197862625122,-0.08424007892608643,0.5539113283157349,0.8768849968910217,-0.10526058822870255,0.5329478979110718,0.6566607356071472,-0.05531712993979454,0.5070263147354126,0.7759956121444702,-0.08481959998607635,0.5197136998176575,0.7918088436126709,-0.10352205485105515,0.5294667482376099,0.7608091831207275,-0.11632401496171951,0.579106330871582,0.6639294624328613,-0.05500102788209915,0.5483004450798035,0.8124762773513794,-0.07423032075166702,0.5570764541625977,0.807237982749939,-0.07723324745893478,0.5608752965927124,0.762965202331543,-0.08097372949123383,0.6208590269088745,0.6928724646568298,-0.05742444470524788,0.586717426776886,0.829275369644165,-0.0699629932641983,0.5868741869926453,0.8136630058288574,-0.05731908231973648,0.5889207124710083,0.7696113586425781,-0.048705413937568665,0.6522224545478821,0.7307175993919373,-0.06448396295309067,0.6198099255561829,0.8297914862632751,-0.07633763551712036,0.6163986921310425,0.8144131898880005,-0.07075323909521103,0.6184988021850586,0.7759127616882324,-0.06422054767608643
YES,0.6047447323799133,0.7542834281921387,-1.1698501367618519e-7,0.5584022402763367,0.7575531601905823,-0.02948535792529583,0.5181459188461304,0.7806642651557922,-0.05703724920749664,0.5175501108169556,0.8320973515510559,-0.08045367151498795,0.5509603023529053,0.875187873840332,-0.10134585201740265,0.531241238117218,0.6571506261825562,-0.05078033730387688,0.5089291930198669,0.7731049060821533,-0.0786813348531723,0.522258996963501,0.7996734976768494,-0.0955454483628273,0.5322406888008118,0.7718884348869324,-0.10762960463762283,0.5777315497398376,0.6647112369537354,-0.05228414386510849,0.5478233695030212,0.8107938766479492,-0.07347171753644943,0.5571172833442688,0.8230762481689453,-0.07749976217746735,0.5630732774734497,0.781877338886261,-0.08168894797563553,0.6187833547592163,0.6928315162658691,-0.056446466594934464,0.5857961177825928,0.8283246755599976,-0.07008814811706543,0.5862584710121155,0.8283001184463501,-0.06042081490159035,0.5896872878074646,0.7891092300415039,-0.05437873303890228,0.6494460701942444,0.7281469106674194,-0.06487853080034256,0.619050145149231,0.8300936222076416,-0.07400878518819809,0.6164708137512207,0.826610803604126,-0.06831580400466919,0.6194311380386353,0.7947269678115845,-0.06310618668794632
YES,0.6073290705680847,0.7589603066444397,-2.83250560784154e-8,0.5596569180488586,0.7675665616989136,-0.03330598399043083,0.5192912817001343,0.791178286075592,-0.06408307701349258,0.522969126701355,0.8463374972343445,-0.08926434069871902,0.5588787794113159,0.8912975192070007,-0.11191670596599579,0.5329524278640747,0.6706938743591309,-0.06456733494997025,0.5051425695419312,0.7925870418548584,-0.09512919932603836,0.5192117094993591,0.798521101474762,-0.1139613464474678,0.5297269821166992,0.763560950756073,-0.12655197083950043,0.5793278217315674,0.6761952042579651,-0.06365262717008591,0.5491273999214172,0.8271884322166443,-0.08313044160604477,0.5579551458358765,0.8113490343093872,-0.0858207494020462,0.5614016652107239,0.7660211324691772,-0.08996382355690002,0.6222571730613708,0.7040060758590698,-0.06489016860723495,0.5892003774642944,0.8442533016204834,-0.07559758424758911,0.5880279541015625,0.8205521106719971,-0.06160799786448479,0.5888848900794983,0.774255633354187,-0.053025923669338226,0.655278742313385,0.7416351437568665,-0.07113167643547058,0.6224901676177979,0.8419750928878784,-0.0816238671541214,0.6181833744049072,0.8198948502540588,-0.07543616741895676,0.6196086406707764,0.7775354385375977,-0.06914085149765015
YES,0.6050692200660706,0.756546676158905,-3.00919111850817e-8,0.5554197430610657,0.7668836712837219,-0.03314754739403725,0.514338493347168,0.7941930294036865,-0.06251297891139984,0.5176935195922852,0.849148154258728,-0.08612418919801712,0.5564731359481812,0.891115665435791,-0.10746613144874573,0.5306407809257507,0.6734927296638489,-0.0614323765039444,0.5081909894943237,0.7946733832359314,-0.09012243151664734,0.5203604102134705,0.8048726320266724,-0.10730403661727905,0.5286240577697754,0.7711728811264038,-0.11886650323867798,0.5783818960189819,0.6794934868812561,-0.0600275881588459,0.5508050322532654,0.8284248113632202,-0.07915429025888443,0.5586227774620056,0.8188488483428955,-0.081477589905262,0.5618316531181335,0.7736977934837341,-0.08520567417144775,0.6214271783828735,0.7062608003616333,-0.06094609946012497,0.5909977555274963,0.8454968333244324,-0.07213035970926285,0.5873803496360779,0.8260062336921692,-0.059811461716890335,0.5871114730834961,0.7787879705429077,-0.052139174193143845,0.6536404490470886,0.7412593364715576,-0.06661926954984665,0.6229324340820312,0.8446176648139954,-0.07612860202789307,0.6170722842216492,0.8255875110626221,-0.07029332965612411,0.6174944043159485,0.784092128276825,-0.06467419117689133
YES,0.6105469465255737,0.7493485808372498,-3.025592931749088e-8,0.559344470500946,0.7608309388160706,-0.03100961074233055,0.5188431143760681,0.7937732934951782,-0.061798907816410065,0.5220996737480164,0.8547556400299072,-0.0871904268860817,0.5596106648445129,0.9042970538139343,-0.11120498180389404,0.535133421421051,0.6817522644996643,-0.06499350070953369,0.5112626552581787,0.8081250786781311,-0.09280851483345032,0.5210934281349182,0.8136506080627441,-0.10993815213441849,0.5276721119880676,0.7781640887260437,-0.12183527648448944,0.5827910900115967,0.6900410652160645,-0.06515873968601227,0.5533706545829773,0.8406091928482056,-0.08162742853164673,0.5596188902854919,0.827043354511261,-0.0832798108458519,0.5614647269248962,0.7834434509277344,-0.08801662176847458,0.6259459853172302,0.7169094681739807,-0.06675603240728378,0.5927241444587708,0.8579285740852356,-0.07463236898183823,0.5892783403396606,0.8367588520050049,-0.06152350828051567,0.5885898470878601,0.7919957041740417,-0.05494153872132301,0.6583380103111267,0.7513285875320435,-0.07303506880998611,0.6260457038879395,0.855596125125885,-0.07986488938331604,0.6204808950424194,0.8353578448295593,-0.07259443402290344,0.6209414601325989,0.7950936555862427,-0.0671415850520134
YES,0.6077931523323059,0.7274690866470337,1.4380149515602625e-8,0.556719958782196,0.7384083867073059,-0.024017784744501114,0.5194538831710815,0.7787652611732483,-0.051694367080926895,0.5210862159729004,0.8518787622451782,-0.075282521545887,0.5584760308265686,0.908475399017334,-0.09895383566617966,0.5397281646728516,0.685508668422699,-0.06120169907808304,0.5173450112342834,0.8135849237442017,-0.0834316611289978,0.5283152461051941,0.8158662915229797,-0.09546134620904922,0.5366566181182861,0.7801109552383423,-0.1039431095123291,0.5856327414512634,0.6962053775787354,-0.06391807645559311,0.5545098781585693,0.8444979190826416,-0.07494990527629852,0.5638904571533203,0.8281641602516174,-0.07378573715686798,0.5680413246154785,0.7869418263435364,-0.07788802683353424,0.6264249086380005,0.7212519645690918,-0.06691164523363113,0.5922470688819885,0.8617089986801147,-0.0696280226111412,0.5914996266365051,0.8395540714263916,-0.05704397335648537,0.590779185295105,0.7971208095550537,-0.05263678357005119,0.6571957468986511,0.75238436460495,-0.07378573715686798,0.6271800398826599,0.8598543405532837,-0.07500534504652023,0.6247944831848145,0.8395274877548218,-0.0658029094338417,0.625491201877594,0.8003923892974854,-0.06092451885342598
YES,0.6040002107620239,0.7225881218910217,5.344524112160798e-8,0.5480398535728455,0.7433157563209534,-0.026707228273153305,0.5119835734367371,0.7929904460906982,-0.056200604885816574,0.5221880674362183,0.8652291893959045,-0.07955118268728256,0.568902313709259,0.9149452447891235,-0.10274256020784378,0.5418066382408142,0.6975433230400085,-0.07917969673871994,0.5204446315765381,0.8282365798950195,-0.0974356010556221,0.5294345617294312,0.8328027129173279,-0.10099127143621445,0.5344163179397583,0.7995167970657349,-0.10348553955554962,0.587432861328125,0.7048401832580566,-0.07960426062345505,0.561244547367096,0.8537287712097168,-0.08724626898765564,0.5641258955001831,0.8364126086235046,-0.07758761942386627,0.5655007362365723,0.8005311489105225,-0.07657928764820099,0.6270595192909241,0.7283419966697693,-0.07928583770990372,0.5999063849449158,0.8679249286651611,-0.08093100041151047,0.5921361446380615,0.8478613495826721,-0.06304656714200974,0.5872472524642944,0.8104815483093262,-0.05545763298869133,0.65790194272995,0.7584091424942017,-0.08247000724077225,0.6311357617378235,0.8615490198135376,-0.08501735329627991,0.6236361861228943,0.8434685468673706,-0.07355432957410812,0.6221944689750671,0.8104616403579712,-0.0669737160205841
YES,0.610910177230835,0.7267255783081055,8.55933635079964e-8,0.5522065758705139,0.7416332364082336,-0.026349635794758797,0.5174239873886108,0.7904939651489258,-0.05550399050116539,0.5261406898498535,0.86073899269104,-0.07897510379552841,0.5670669078826904,0.9032365083694458,-0.10215096920728683,0.5403007864952087,0.6920343637466431,-0.07946715503931046,0.5177229642868042,0.8244107365608215,-0.09747643023729324,0.5293900370597839,0.8350667953491211,-0.09806689620018005,0.5367321372032166,0.8040445446968079,-0.09841133654117584,0.5851724147796631,0.6985196471214294,-0.07961476594209671,0.5650926828384399,0.8539215922355652,-0.09152254462242126,0.5665656924247742,0.8409101366996765,-0.08089412748813629,0.5672208070755005,0.8051807880401611,-0.07759734243154526,0.6266173720359802,0.7236596941947937,-0.07897510379552841,0.6062447428703308,0.8670057654380798,-0.08424010127782822,0.5962387919425964,0.8509675860404968,-0.06470545381307602,0.5905156135559082,0.8142670392990112,-0.05466749891638756,0.6602820754051208,0.7564259171485901,-0.08138617873191833,0.6362555027008057,0.86246657371521,-0.08773370832204819,0.6241052150726318,0.8489083647727966,-0.07720369100570679,0.6210459470748901,0.8170046210289001,-0.06997045874595642
YES,0.6162577867507935,0.7360149621963501,3.1867305239074994e-8,0.5583999156951904,0.7431871294975281,-0.025875834748148918,0.5206969380378723,0.7905345559120178,-0.05338039994239807,0.5240163803100586,0.8620879650115967,-0.07507932186126709,0.5668178796768188,0.9076460599899292,-0.09593761712312698,0.5473700165748596,0.6927922964096069,-0.07460647076368332,0.519946813583374,0.8204109072685242,-0.08873967081308365,0.5235794186592102,0.8335824608802795,-0.08595506101846695,0.5303294658660889,0.8092865943908691,-0.08359076827764511,0.5920811891555786,0.7041189670562744,-0.07471154630184174,0.5665616393089294,0.8587160706520081,-0.0834856927394867,0.5642539262771606,0.8426811099052429,-0.07150662690401077,0.5647169947624207,0.8077073097229004,-0.06698819994926453,0.6314297914505005,0.731686532497406,-0.07408107817173004,0.6066431999206543,0.8771111965179443,-0.07828425616025925,0.5944401025772095,0.8542000651359558,-0.060105495154857635,0.5883222818374634,0.8150150775909424,-0.050280556082725525,0.6617417335510254,0.7660539150238037,-0.07649790495634079,0.6343798041343689,0.8712587952613831,-0.08332806825637817,0.6219011545181274,0.8513326644897461,-0.07402853667736053,0.6181203722953796,0.815965473651886,-0.06698819994926453
YES,0.6081567406654358,0.7309495210647583,3.359220102083782e-8,0.5512266159057617,0.7479511499404907,-0.027797235175967216,0.516434907913208,0.7955363988876343,-0.05702676996588707,0.5228378176689148,0.864810585975647,-0.07983747869729996,0.5670636892318726,0.9128356575965881,-0.1015341728925705,0.5456122756004333,0.6972297430038452,-0.08095148950815201,0.5221683382987976,0.8205068707466125,-0.09527450054883957,0.5254590511322021,0.8330159783363342,-0.09219770133495331,0.5306960344314575,0.8087539076805115,-0.0901818722486496,0.5911184549331665,0.7056369781494141,-0.08142893016338348,0.5653340220451355,0.8588216304779053,-0.08859042078256607,0.5645096302032471,0.8430079817771912,-0.07442656904459,0.5657811164855957,0.8093023896217346,-0.06901565194129944,0.63090980052948,0.730327844619751,-0.0811106339097023,0.6052983999252319,0.8769751787185669,-0.08349780738353729,0.5951935648918152,0.8548395037651062,-0.062331587076187134,0.5903437733650208,0.8159186244010925,-0.05153628811240196,0.6616597175598145,0.7615323066711426,-0.08445266634225845,0.6350683569908142,0.870994508266449,-0.09103063493967056,0.6256921291351318,0.8505309820175171,-0.08058015257120132,0.6245031952857971,0.814579963684082,-0.07310036569833755
YES,0.6059384346008301,0.7249714136123657,4.209919524100769e-8,0.5490308403968811,0.7425804734230042,-0.028016643598675728,0.5141913890838623,0.7906807661056519,-0.056992944329977036,0.5204986333847046,0.8615503907203674,-0.07954487204551697,0.5645942091941833,0.9124967455863953,-0.1011904627084732,0.5468615889549255,0.6978758573532104,-0.08082441240549088,0.5230950713157654,0.8204497694969177,-0.09452618658542633,0.5250925421714783,0.8325111269950867,-0.09127400815486908,0.5302652716636658,0.8090195655822754,-0.08919475972652435,0.5923150777816772,0.7071981430053711,-0.0811443030834198,0.5650741457939148,0.8588222861289978,-0.08727545291185379,0.5638352036476135,0.8429768681526184,-0.07309385389089584,0.5650982856750488,0.8100312352180481,-0.06797567754983902,0.6315709948539734,0.7313226461410522,-0.08061116188764572,0.6042805314064026,0.8765809535980225,-0.08226390182971954,0.5945817232131958,0.8543092012405396,-0.06141802668571472,0.589973509311676,0.815811812877655,-0.05115503445267677,0.6615504622459412,0.7616007328033447,-0.08381001651287079,0.6345504522323608,0.8705413341522217,-0.08972790092229843,0.6263105869293213,0.8494970798492432,-0.07911836355924606,0.625711977481842,0.8135087490081787,-0.07186762243509293
YES,0.6174644231796265,0.7359240055084229,5.514186085520123e-8,0.5586287975311279,0.7456375360488892,-0.026390748098492622,0.5220729112625122,0.7930783629417419,-0.05507192015647888,0.5263757109642029,0.8639318943023682,-0.07731446623802185,0.5682258605957031,0.908832311630249,-0.09818275272846222,0.546626627445221,0.6942952871322632,-0.08133542537689209,0.5182482004165649,0.819424033164978,-0.09797915816307068,0.5262328386306763,0.8309301733970642,-0.09558693319559097,0.5336239337921143,0.8032628297805786,-0.09365281462669373,0.5909904837608337,0.7052850723266602,-0.08148811757564545,0.5644407272338867,0.8579026460647583,-0.09243124723434448,0.5656089186668396,0.840071439743042,-0.07868871837854385,0.5672622919082642,0.8032464981079102,-0.07258092612028122,0.6311225891113281,0.7335131168365479,-0.08087734133005142,0.6067671775817871,0.8767907023429871,-0.08561088144779205,0.5970122218132019,0.8521350622177124,-0.06423360854387283,0.5920645594596863,0.8110394477844238,-0.05227251723408699,0.6631830930709839,0.7682754397392273,-0.08342225104570389,0.6356880068778992,0.8734570145606995,-0.09095519781112671,0.624578595161438,0.8517777919769287,-0.0806228518486023,0.6223632097244263,0.8153327107429504,-0.07268272340297699
YES,0.618272602558136,0.734970211982727,6.054561652035773e-8,0.5602030754089355,0.745388925075531,-0.025055689737200737,0.5213191509246826,0.7911261320114136,-0.05313330888748169,0.5250592827796936,0.8636214733123779,-0.07520648837089539,0.5681424140930176,0.9106867909431458,-0.09638623148202896,0.5462374687194824,0.6967116594314575,-0.07704591751098633,0.5188130140304565,0.8269485831260681,-0.09680666774511337,0.5319361686706543,0.8302541971206665,-0.09995998442173004,0.5397003293037415,0.795045018196106,-0.10190452635288239,0.5910236239433289,0.7055999040603638,-0.07783424109220505,0.5629503130912781,0.858396053314209,-0.09018471837043762,0.5675279498100281,0.8364205956459045,-0.0804094448685646,0.5692079663276672,0.7973245978355408,-0.07757147401571274,0.6318155527114868,0.7319165468215942,-0.07793936133384705,0.6057511568069458,0.8746300339698792,-0.08277443796396255,0.5985930562019348,0.8498478531837463,-0.06385456025600433,0.59453946352005,0.807752251625061,-0.05402674153447151,0.6652764081954956,0.7647438645362854,-0.08114521950483322,0.6366918683052063,0.872899055480957,-0.08634819090366364,0.6285610795021057,0.8514639139175415,-0.0757320448756218,0.6290069222450256,0.8140851259231567,-0.06842686980962753
YES,0.6208362579345703,0.7403727173805237,4.9773586141554915e-8,0.5613852143287659,0.7499173879623413,-0.023946939036250114,0.5211180448532104,0.7930243015289307,-0.050896961241960526,0.5240129828453064,0.8624836802482605,-0.0725398138165474,0.5656830668449402,0.9074047803878784,-0.0933542400598526,0.5460796356201172,0.6953914165496826,-0.07222915440797806,0.5184260606765747,0.824983537197113,-0.09180092066526413,0.5314817428588867,0.8287210464477539,-0.09558065235614777,0.5398226380348206,0.7942058444023132,-0.09801417589187622,0.5902776718139648,0.7058875560760498,-0.07336825132369995,0.5635038018226624,0.8578721880912781,-0.08683031052350998,0.5678631067276001,0.8357430696487427,-0.0790119618177414,0.569534182548523,0.7962499260902405,-0.07745864242315292,0.6313037872314453,0.732934296131134,-0.07398957014083862,0.605849027633667,0.8746836185455322,-0.08004751056432724,0.5995206236839294,0.8498530387878418,-0.062857486307621,0.5962029099464417,0.8081964254379272,-0.05421069636940956,0.6647566556930542,0.7667999863624573,-0.07751042395830154,0.6358092427253723,0.8736329078674316,-0.08408612012863159,0.6274178624153137,0.8525447249412537,-0.07497334480285645,0.6276434063911438,0.8145560622215271,-0.06870830059051514
YES,0.6314103603363037,0.732168436050415,1.8098704757107953e-8,0.5680042505264282,0.7347204685211182,-0.021587323397397995,0.5240252017974854,0.7741438150405884,-0.04936881363391876,0.5183113217353821,0.848383367061615,-0.07332836836576462,0.5461294651031494,0.9060236215591431,-0.09726157039403915,0.5487675666809082,0.6852478981018066,-0.07048168778419495,0.5143855214118958,0.8184564113616943,-0.08993400633335114,0.5298205614089966,0.8283941149711609,-0.09309698641300201,0.5423570275306702,0.7952239513397217,-0.09546921402215958,0.5922887325286865,0.6962453126907349,-0.07432997971773148,0.55904221534729,0.8501482009887695,-0.08930140733718872,0.5668948292732239,0.8334290385246277,-0.0833444744348526,0.5718362331390381,0.7927680611610413,-0.08329174667596817,0.6332147121429443,0.7219632863998413,-0.07733480632305145,0.6002035737037659,0.8656710386276245,-0.08524225652217865,0.6003133654594421,0.8432637453079224,-0.06953279674053192,0.601389467716217,0.7995561361312866,-0.06262695789337158,0.6679614186286926,0.7530957460403442,-0.08292273432016373,0.6352758407592773,0.8625143766403198,-0.09014487266540527,0.6314559578895569,0.8431128859519958,-0.08113038539886475,0.6347667574882507,0.8029581308364868,-0.07564789056777954
YES,0.6159850358963013,0.6893181800842285,-1.1606829275478958e-7,0.562603771686554,0.7134274840354919,-0.022743582725524902,0.5272446274757385,0.7548821568489075,-0.050649914890527725,0.5224907994270325,0.8248095512390137,-0.07484456896781921,0.5429067611694336,0.8845701217651367,-0.09983348101377487,0.5545374751091003,0.6884095668792725,-0.06506894528865814,0.5256956219673157,0.822096586227417,-0.07997676730155945,0.5337609648704529,0.8283573985099792,-0.08565884828567505,0.5434255003929138,0.7921067476272583,-0.09140201658010483,0.598013162612915,0.6966757774353027,-0.06922359019517899,0.5652502179145813,0.8471204042434692,-0.07515005767345428,0.57337486743927,0.8318138122558594,-0.07148419320583344,0.578118085861206,0.7932248115539551,-0.07673859596252441,0.6352452039718628,0.7148870825767517,-0.0720340833067894,0.6011640429496765,0.8583050966262817,-0.07240066677331924,0.606768786907196,0.842634916305542,-0.05874534696340561,0.6105743050575256,0.8045375347137451,-0.05706516280770302,0.6648850440979004,0.7393346428871155,-0.0782049372792244,0.6368201971054077,0.8523415923118591,-0.07887700945138931,0.6405924558639526,0.8405128121376038,-0.06781834363937378,0.646489143371582,0.808072030544281,-0.06384699791669846
YES,0.6384400129318237,0.7316439151763916,9.512104437447988e-10,0.573078453540802,0.7324438691139221,-0.018265189602971077,0.527675449848175,0.7658607363700867,-0.04423541948199272,0.5200031399726868,0.8328553438186646,-0.06757496297359467,0.5424080491065979,0.8863195776939392,-0.0913633480668068,0.5462112426757812,0.6807782649993896,-0.06483206897974014,0.5122681260108948,0.8150044679641724,-0.08373311161994934,0.5291001200675964,0.830518364906311,-0.08707445114850998,0.5450184941291809,0.8019604086875916,-0.08971761167049408,0.5909432172775269,0.693884015083313,-0.07021811604499817,0.5594901442527771,0.8468139171600342,-0.08542871475219727,0.5668877959251404,0.8326399922370911,-0.08113982528448105,0.5722227096557617,0.7928869128227234,-0.0824364647269249,0.6336174607276917,0.720512330532074,-0.07445713877677917,0.6000090837478638,0.8626052737236023,-0.08253620564937592,0.6012641191482544,0.84183269739151,-0.06747522205114365,0.6035190224647522,0.79920893907547,-0.06124136969447136,0.6694391965866089,0.7525423765182495,-0.0808405950665474,0.6347811818122864,0.8596673011779785,-0.08961786329746246,0.6315264701843262,0.840592622756958,-0.08099021762609482,0.6354830265045166,0.7999711036682129,-0.07550442218780518
YES,0.6468207836151123,0.7529575824737549,-3.4227704759359767e-7,0.5774204134941101,0.7519036531448364,-0.021382691338658333,0.5334821343421936,0.7755360007286072,-0.04787353798747063,0.5128170251846313,0.8350749015808105,-0.07151418924331665,0.5023912191390991,0.889665961265564,-0.09624062478542328,0.5507386326789856,0.6683807373046875,-0.0705270990729332,0.5203064680099487,0.7786501049995422,-0.0997447669506073,0.5145155787467957,0.8486607074737549,-0.11104687303304672,0.5172500610351562,0.8879364132881165,-0.11687065660953522,0.5965538024902344,0.6768069863319397,-0.07620282471179962,0.5678824782371521,0.8147494196891785,-0.10068249702453613,0.5577391982078552,0.8632982969284058,-0.10295279324054718,0.5512408018112183,0.8760937452316284,-0.1070985421538353,0.6403099894523621,0.7050320506095886,-0.08143437653779984,0.6085854768753052,0.837202787399292,-0.1003863736987114,0.5916979312896729,0.8662223815917969,-0.08992328494787216,0.5813630819320679,0.8638414144515991,-0.08424756675958633,0.6752206087112427,0.7403083443641663,-0.0884920135140419,0.6434757113456726,0.8346987366676331,-0.10660500079393387,0.6215792894363403,0.8601316213607788,-0.10087991505861282,0.6095940470695496,0.8605127334594727,-0.09505612403154373
YES,0.6409995555877686,0.7722252607345581,-3.9092978454391414e-7,0.5769262313842773,0.7651657462120056,-0.025401992723345757,0.5324535965919495,0.782709002494812,-0.050891175866127014,0.512589156627655,0.8453724980354309,-0.07306705415248871,0.5075659155845642,0.9085553288459778,-0.094923235476017,0.5525906682014465,0.6741804480552673,-0.06277838349342346,0.516353189945221,0.7957649827003479,-0.09038923680782318,0.5138133764266968,0.8554567098617554,-0.10149171203374863,0.519321858882904,0.8720876574516296,-0.10724639892578125,0.5991595983505249,0.6815304160118103,-0.06632419675588608,0.5644469261169434,0.8234279155731201,-0.08841288834810257,0.5568705201148987,0.8658905625343323,-0.09085426479578018,0.5513533353805542,0.8619339466094971,-0.094748854637146,0.6423817276954651,0.7093809247016907,-0.0705675482749939,0.6054708361625671,0.8422579765319824,-0.08835475146770477,0.5940582752227783,0.8683649897575378,-0.08079809695482254,0.5878897309303284,0.8535977602005005,-0.07655474543571472,0.6750742197036743,0.7444218397140503,-0.07748480141162872,0.6419490575790405,0.8404983282089233,-0.08969169855117798,0.6255373954772949,0.8595961332321167,-0.08294884115457535,0.6179547905921936,0.850044310092926,-0.07725228369235992
YES,0.6286945939064026,0.7647815346717834,-4.017884123186377e-7,0.571368932723999,0.7627173662185669,-0.030179359018802643,0.5262010097503662,0.7845540046691895,-0.05714452639222145,0.5072315335273743,0.8495138883590698,-0.08152908086776733,0.507246196269989,0.9111020565032959,-0.10507918149232864,0.5489265322685242,0.6746158003807068,-0.05454845353960991,0.5137403607368469,0.7933851480484009,-0.08869919180870056,0.5148115754127502,0.8543532490730286,-0.10786068439483643,0.5213929414749146,0.8719549179077148,-0.11799773573875427,0.5969493389129639,0.6816027164459229,-0.05705181136727333,0.5630038976669312,0.8242924809455872,-0.08387790620326996,0.5589880347251892,0.8683927655220032,-0.09036809951066971,0.5562828779220581,0.8565390110015869,-0.09574567526578903,0.6402086615562439,0.7092823386192322,-0.06246029958128929,0.6042420268058777,0.8422040939331055,-0.08400152623653412,0.5956607460975647,0.868815541267395,-0.07961293309926987,0.5917015075683594,0.8482556343078613,-0.07602787762880325,0.6720536351203918,0.741223156452179,-0.07133021950721741,0.6420413851737976,0.8403611779212952,-0.08146727085113525,0.6279788613319397,0.8616976737976074,-0.07417353987693787,0.6217630505561829,0.8494727611541748,-0.06830146908760071
YES,0.6298574209213257,0.7698452472686768,-4.535356197266083e-7,0.5745980739593506,0.765580952167511,-0.030058851465582848,0.5274152159690857,0.7851754426956177,-0.05643833801150322,0.5041693449020386,0.8460181355476379,-0.08030625432729721,0.5064046382904053,0.9041827917098999,-0.10295837372541428,0.5503578782081604,0.6750571131706238,-0.052598994225263596,0.5144596695899963,0.785657525062561,-0.08472149074077606,0.5132942199707031,0.8485680818557739,-0.10219049453735352,0.5187883973121643,0.8720154166221619,-0.11134092509746552,0.5985295176506042,0.6822918653488159,-0.05458265170454979,0.5618529319763184,0.8227711915969849,-0.07953837513923645,0.5574584007263184,0.865233838558197,-0.08516941219568253,0.5574669241905212,0.8555147647857666,-0.0898406133055687,0.6413415670394897,0.7107816934585571,-0.05938183143734932,0.6024371981620789,0.8418107628822327,-0.07915444672107697,0.5936769247055054,0.8678117990493774,-0.07409931719303131,0.5909950733184814,0.8497729301452637,-0.07025996595621109,0.6728833913803101,0.7431883811950684,-0.06782838702201843,0.6407302021980286,0.8434581756591797,-0.07729876041412354,0.6269381642341614,0.8647768497467041,-0.07006800174713135,0.6201199889183044,0.853915810585022,-0.06414901465177536
YES,0.6297183036804199,0.781132161617279,-6.3420327478525e-7,0.5710755586624146,0.7692188024520874,-0.02462463267147541,0.5260129570960999,0.7856047749519348,-0.05160676687955856,0.49948763847351074,0.8387954235076904,-0.078217513859272,0.489023357629776,0.8904673457145691,-0.10741182416677475,0.551514208316803,0.6872957944869995,-0.060003362596035004,0.5211472511291504,0.7586358189582825,-0.09481693804264069,0.5121465921401978,0.8278289437294006,-0.11832740157842636,0.5064406991004944,0.8872110843658447,-0.1306639462709427,0.5990511775016785,0.6933306455612183,-0.06568721681833267,0.5756568312644958,0.7984156608581543,-0.09752968698740005,0.5646162629127502,0.8804317116737366,-0.11077047139406204,0.5566942095756531,0.9399755597114563,-0.11865034699440002,0.6411807537078857,0.7204914689064026,-0.0720815435051918,0.6176514029502869,0.8205263614654541,-0.10069455206394196,0.5985499024391174,0.88578200340271,-0.10521579533815384,0.5851036310195923,0.9361293315887451,-0.10489284992218018,0.672362208366394,0.7560074329376221,-0.08002601563930511,0.6520957946777344,0.8286344408988953,-0.09714215248823166,0.6314815282821655,0.8709461688995361,-0.0930730327963829,0.6137998104095459,0.906509280204773,-0.08803506940603256
YES,0.6298978328704834,0.7821863293647766,-6.288614713412244e-7,0.5733281373977661,0.7696539759635925,-0.02251160517334938,0.5294538736343384,0.7851234078407288,-0.04842058941721916,0.503187894821167,0.8378656506538391,-0.07410731166601181,0.49172070622444153,0.8890937566757202,-0.10249288380146027,0.5530202984809875,0.6866546273231506,-0.0584857203066349,0.5216659307479858,0.7570919394493103,-0.09296752512454987,0.5131127238273621,0.8264436721801758,-0.11614590138196945,0.5078232884407043,0.8862226009368896,-0.12802086770534515,0.599818229675293,0.694640576839447,-0.06493121385574341,0.575421154499054,0.7962753772735596,-0.09595214575529099,0.5650824308395386,0.8775356411933899,-0.10846211761236191,0.5576115250587463,0.9372941255569458,-0.11557438969612122,0.6412898898124695,0.7236887812614441,-0.07201173156499863,0.6171165704727173,0.8205933570861816,-0.10001629590988159,0.5982406735420227,0.8848634362220764,-0.10446146875619888,0.5845732092857361,0.9342536926269531,-0.10414395481348038,0.6717520356178284,0.760331392288208,-0.08033055067062378,0.6508569717407227,0.8314853310585022,-0.09684117883443832,0.6300159096717834,0.8727064728736877,-0.0928405299782753,0.6116452217102051,0.9067325592041016,-0.08788733929395676
YES,0.6363348364830017,0.8060175180435181,-6.950165243324591e-7,0.5831305980682373,0.8129324913024902,-0.02593098022043705,0.5403691530227661,0.8275045156478882,-0.052293118089437485,0.5155196785926819,0.8617676496505737,-0.0785936713218689,0.49889349937438965,0.9007708430290222,-0.10729636996984482,0.5452754497528076,0.7073997855186462,-0.04982936754822731,0.5255990624427795,0.7528963685035706,-0.08949575573205948,0.5189148187637329,0.821128249168396,-0.1197999119758606,0.5141184329986572,0.8798220753669739,-0.1358758807182312,0.5902053117752075,0.6944524049758911,-0.055064838379621506,0.589104413986206,0.7764407396316528,-0.09066604822874069,0.5812024474143982,0.8640768527984619,-0.10520218312740326,0.571820080280304,0.9223445057868958,-0.11111517995595932,0.635055661201477,0.7076564431190491,-0.06285645812749863,0.6357453465461731,0.7784034013748169,-0.09811888635158539,0.6200164556503296,0.8530685901641846,-0.10206089913845062,0.6058439016342163,0.9057406187057495,-0.0984884575009346,0.6729657649993896,0.7333852052688599,-0.07212632149457932,0.664164125919342,0.8012847900390625,-0.09571673721075058,0.6428760290145874,0.8584911227226257,-0.09220589697360992,0.6235992312431335,0.8963444232940674,-0.08487623184919357
YES,0.6371603608131409,0.8175724148750305,-7.055637638586632e-7,0.5796210169792175,0.8224217295646667,-0.025501087307929993,0.5336988568305969,0.8344263434410095,-0.05138830840587616,0.5073156952857971,0.8680837750434875,-0.07703420519828796,0.4918210506439209,0.9072381258010864,-0.10444989055395126,0.5379616022109985,0.7096875309944153,-0.0481383316218853,0.5213775038719177,0.7593992352485657,-0.08720245957374573,0.5144606828689575,0.8262228965759277,-0.11719238013029099,0.5084811449050903,0.8849948644638062,-0.13321703672409058,0.5836979150772095,0.6920997500419617,-0.052900683134794235,0.5866744518280029,0.7787229418754578,-0.08836086094379425,0.580510675907135,0.8643710017204285,-0.10367760807275772,0.5719075202941895,0.9232829809188843,-0.11024192720651627,0.6288259625434875,0.7002872228622437,-0.0601729117333889,0.6330444812774658,0.7794162631034851,-0.09421726316213608,0.6196724772453308,0.8519189953804016,-0.09846476465463638,0.6074284315109253,0.9044461250305176,-0.09505389630794525,0.667901873588562,0.7213175892829895,-0.06911841034889221,0.6620816588401794,0.7879210710525513,-0.08984106034040451,0.645260751247406,0.8430687785148621,-0.08546484261751175,0.6298243999481201,0.8815411329269409,-0.07774211466312408
YES,0.6311588883399963,0.7970206141471863,-5.450465323519893e-7,0.5785127282142639,0.818600058555603,-0.02299443632364273,0.5370678305625916,0.8554985523223877,-0.05405472218990326,0.514681875705719,0.9064841270446777,-0.08519972115755081,0.49979978799819946,0.9551717042922974,-0.11861537396907806,0.5537323355674744,0.738589882850647,-0.05883322283625603,0.5492430925369263,0.7752443552017212,-0.09889132529497147,0.5413006544113159,0.8311938643455505,-0.13237474858760834,0.5333929061889648,0.8793566226959229,-0.15264104306697845,0.6023656129837036,0.730850100517273,-0.06750909239053726,0.604095458984375,0.7900179028511047,-0.09895910322666168,0.5959670543670654,0.846116304397583,-0.11678530275821686,0.5869795083999634,0.8907583951950073,-0.1300024539232254,0.6465411186218262,0.7418603897094727,-0.07713387906551361,0.6445128917694092,0.7974593639373779,-0.10539822280406952,0.6361205577850342,0.8422994613647461,-0.11034617573022842,0.6235231161117554,0.8817359209060669,-0.11237959563732147,0.6814385652542114,0.761480987071991,-0.08858873695135117,0.6805575489997864,0.7982821464538574,-0.10824499279260635,0.6696688532829285,0.8302781581878662,-0.10451708734035492,0.6536090970039368,0.860342800617218,-0.1003824844956398
YES,0.6288827061653137,0.7960810661315918,-5.011416988054407e-7,0.5740521550178528,0.813482940196991,-0.019858451560139656,0.5327836275100708,0.8500539660453796,-0.048951778560876846,0.5115020275115967,0.902533233165741,-0.07839228212833405,0.4978017807006836,0.9500453472137451,-0.11047131568193436,0.5484431982040405,0.7420541048049927,-0.059193454682826996,0.5452075004577637,0.7778683304786682,-0.09859790652990341,0.5419812798500061,0.8322128057479858,-0.13032975792884827,0.5346466302871704,0.8811057209968567,-0.1491466909646988,0.6001220345497131,0.735322892665863,-0.06953929364681244,0.6016443967819214,0.7860905528068542,-0.10123644024133682,0.596229076385498,0.8405624628067017,-0.11873409897089005,0.58771812915802,0.8867650032043457,-0.13157959282398224,0.6467949151992798,0.746338963508606,-0.08033646643161774,0.6438813209533691,0.7937039732933044,-0.11067961901426315,0.6389777660369873,0.8364337682723999,-0.11665104329586029,0.629066526889801,0.874313235282898,-0.11894240230321884,0.6832753419876099,0.7663459181785583,-0.09227930754423141,0.6809970736503601,0.7986838221549988,-0.11422081291675568,0.6704764366149902,0.8293218016624451,-0.1112351045012474,0.6545550227165222,0.8575679659843445,-0.10748559981584549
YES,0.628476083278656,0.7965672016143799,-4.118263916552678e-7,0.5914684534072876,0.8381707072257996,-0.023845894262194633,0.5543367266654968,0.8838913440704346,-0.052207399159669876,0.5242416262626648,0.9291273355484009,-0.07947473973035812,0.5022086501121521,0.9576355814933777,-0.10872199386358261,0.558072030544281,0.7941778302192688,-0.0620722733438015,0.5552080869674683,0.8123443126678467,-0.09712035208940506,0.5626042485237122,0.8438799977302551,-0.12268565595149994,0.5740899443626404,0.8720870614051819,-0.1367187798023224,0.5993643999099731,0.7690591812133789,-0.06637947261333466,0.6152827739715576,0.7968848347663879,-0.09920448064804077,0.6367735266685486,0.8367029428482056,-0.11302919685840607,0.6566071510314941,0.871364176273346,-0.11962893605232239,0.6381385326385498,0.756870687007904,-0.07047826051712036,0.6579102873802185,0.7832275629043579,-0.10309485346078873,0.6805575489997864,0.8195866942405701,-0.10441479831933975,0.6965712308883667,0.8516852855682373,-0.10038548707962036,0.6715784668922424,0.7571893930435181,-0.07558436691761017,0.6974782943725586,0.7817406058311462,-0.10121913254261017,0.7167444229125977,0.815848708152771,-0.09718982875347137,0.7296631336212158,0.8446979522705078,-0.0895480215549469
YES,0.6206950545310974,0.7694659233093262,-4.1975991393883305e-7,0.5826829671859741,0.8123043179512024,-0.020452773198485374,0.556594729423523,0.8669949173927307,-0.04520795866847038,0.5376588106155396,0.9167617559432983,-0.06942534446716309,0.5179235339164734,0.9509563446044922,-0.09543540328741074,0.5676851868629456,0.7893009781837463,-0.05948416143655777,0.5623034834861755,0.8103452324867249,-0.0955657809972763,0.5691379308700562,0.8423388004302979,-0.12027208507061005,0.5796956419944763,0.8739473223686218,-0.13304895162582397,0.6066257357597351,0.7654828429222107,-0.06548146903514862,0.6209108233451843,0.8068190217018127,-0.09791254997253418,0.6376355886459351,0.8444395661354065,-0.1093856692314148,0.6513575315475464,0.8763479590415955,-0.11564372479915619,0.6434482336044312,0.7534695863723755,-0.07177212089300156,0.6662657260894775,0.7975306510925293,-0.1062566414475441,0.6866174340248108,0.8304478526115417,-0.10736483335494995,0.7012650966644287,0.860339879989624,-0.1031276062130928,0.6744111180305481,0.7510226368904114,-0.0786820650100708,0.6973334550857544,0.7847335934638977,-0.10521361976861954,0.7159567475318909,0.8139572739601135,-0.1013675257563591,0.7291337847709656,0.8390616774559021,-0.09439240396022797
YES,0.595472514629364,0.8060292601585388,-5.982723223496578e-7,0.5854042172431946,0.8230121731758118,-0.029607972130179405,0.5777975916862488,0.8517739772796631,-0.052089590579271317,0.5717306733131409,0.8894919157028198,-0.06873566657304764,0.5735897421836853,0.9207611680030823,-0.08637674897909164,0.6168179512023926,0.8153511881828308,-0.08578513562679291,0.657656192779541,0.8437454700469971,-0.11455944180488586,0.6780259609222412,0.8646033406257629,-0.1317702680826187,0.6933432221412659,0.8868275880813599,-0.1416664719581604,0.6304005980491638,0.8140132427215576,-0.08261188119649887,0.6666930913925171,0.8592063188552856,-0.11294593662023544,0.6825839281082153,0.8843435645103455,-0.12940376996994019,0.6960880756378174,0.904486358165741,-0.14446322619915009,0.6322169899940491,0.8203462362289429,-0.07766377925872803,0.6608836054801941,0.8666088581085205,-0.1106870174407959,0.6721079349517822,0.8877395391464233,-0.12865079939365387,0.6841564178466797,0.9054813981056213,-0.14026810228824615,0.629043459892273,0.830807626247406,-0.07271566987037659,0.6318960785865784,0.8674324750900269,-0.09600404649972916,0.6285573244094849,0.8863847851753235,-0.10681458562612534,0.6276644468307495,0.9088420271873474,-0.11692593991756439
